UserID,NumberOfAdults,NumberOfChildren,Pref_Beach,Pref_Historical,Pref_Nature,Pref_Adventure,Pref_City,Group_Size,Avg_Experience,Visit_Count,Avg_Review_Rating,Review_Count,Traveler_Cluster
1,1,0,0,0,1,0,1,1,4.0,2.0,3.0,1.0,0
2,1,0,0,0,1,1,0,1,0.0,0.0,5.0,1.0,3
3,2,0,0,0,1,0,0,2,4.2,5.0,5.0,3.0,2
4,5,0,0,0,0,1,1,5,5.0,2.0,4.2,5.0,1
5,4,1,1,0,1,1,0,5,5.0,3.0,4.0,1.0,1
6,3,2,0,1,1,0,0,5,4.666666666666667,3.0,4.0,1.0,1
7,4,2,0,1,1,0,0,6,3.0,4.0,0.0,0.0,1
8,2,1,0,1,1,0,0,3,4.0,2.0,3.6666666666666665,3.0,2
9,2,0,1,1,1,0,0,2,4.5,4.0,4.0,2.0,2
10,4,2,0,0,1,1,0,6,5.0,2.0,3.6666666666666665,3.0,1
11,3,0,0,1,0,1,0,3,4.333333333333333,3.0,4.0,3.0,0
12,3,0,0,0,1,0,1,3,3.3333333333333335,3.0,3.5,2.0,0
13,3,0,0,0,1,0,1,3,4.25,4.0,5.0,3.0,0
14,1,0,0,0,1,0,0,1,3.5,2.0,3.0,2.0,2
15,3,1,1,1,0,0,0,4,4.5,6.0,4.666666666666667,3.0,2
16,2,3,0,0,1,0,0,5,4.6,5.0,3.6666666666666665,3.0,1
17,4,0,0,0,0,0,1,4,4.142857142857143,7.0,4.0,2.0,0
18,3,1,0,0,0,1,1,4,3.75,4.0,4.75,4.0,0
19,5,2,1,1,0,0,0,7,4.0,3.0,4.0,2.0,1
20,3,2,0,1,0,0,1,5,0.0,0.0,5.0,1.0,3
21,2,2,1,1,1,0,0,4,4.666666666666667,3.0,3.75,4.0,2
22,5,1,0,1,1,0,0,6,4.666666666666667,3.0,5.0,2.0,1
23,2,1,0,0,1,0,1,3,0.0,0.0,4.0,3.0,3
24,1,0,0,0,1,1,0,1,4.0,1.0,5.0,1.0,2
25,3,1,0,0,0,1,0,4,4.5,2.0,4.333333333333333,3.0,1
26,1,1,0,0,1,0,0,2,4.5,2.0,3.6666666666666665,3.0,2
27,2,0,1,0,1,0,0,2,3.5,4.0,4.666666666666667,3.0,2
28,2,0,0,1,0,0,0,2,5.0,1.0,4.5,4.0,0
29,3,1,1,0,1,0,0,4,2.5,2.0,0.0,0.0,2
30,2,0,0,0,0,1,0,2,4.666666666666667,3.0,4.5,2.0,0
31,2,1,1,0,0,0,1,3,4.0,1.0,4.333333333333333,3.0,0
32,5,1,0,1,1,0,0,6,4.5,2.0,4.75,4.0,1
33,3,2,0,1,0,1,1,5,4.25,4.0,3.5,4.0,1
34,1,2,0,1,0,0,1,3,4.0,2.0,3.6666666666666665,3.0,0
35,3,0,1,0,1,1,0,3,4.333333333333333,3.0,4.0,1.0,2
36,3,0,1,0,0,1,0,3,4.5,2.0,3.5,2.0,2
37,2,3,0,1,0,0,1,5,4.333333333333333,3.0,4.5,10.0,1
38,5,2,1,0,0,0,1,7,4.5,6.0,3.6,5.0,1
39,2,3,1,1,1,0,0,5,4.0,1.0,5.0,1.0,1
40,1,2,0,1,1,0,0,3,0.0,0.0,4.0,1.0,3
41,2,0,0,0,0,1,1,2,5.0,2.0,3.5,2.0,0
42,1,0,1,0,0,0,1,1,4.142857142857143,7.0,0.0,0.0,0
43,3,1,1,0,0,0,1,4,4.4,5.0,4.4,5.0,0
44,1,0,0,0,0,1,1,1,4.666666666666667,3.0,4.8,5.0,0
45,4,2,0,1,1,0,0,6,4.5,2.0,4.5,2.0,1
46,4,2,1,0,1,0,0,6,4.4,5.0,3.75,4.0,1
47,4,0,0,1,1,0,0,4,4.2,5.0,5.0,1.0,1
48,4,0,1,0,0,0,1,4,4.0,2.0,4.333333333333333,6.0,0
49,4,2,0,0,0,1,1,6,0.0,0.0,4.5,2.0,3
50,5,0,1,0,0,0,1,5,0.0,0.0,3.3333333333333335,3.0,3
51,1,3,0,1,0,1,0,4,4.5,2.0,4.666666666666667,3.0,1
52,2,2,1,0,1,1,0,4,4.5,2.0,4.5,2.0,2
53,2,1,0,1,0,1,1,3,5.0,1.0,3.5,2.0,0
54,1,1,0,0,0,1,1,2,4.333333333333333,3.0,5.0,2.0,0
55,2,0,0,1,1,0,0,2,4.333333333333333,3.0,4.5,4.0,2
56,5,1,0,0,1,0,0,6,4.666666666666667,3.0,5.0,1.0,1
57,2,0,1,1,1,0,0,2,4.0,2.0,5.0,5.0,2
58,2,0,0,1,0,0,0,2,4.666666666666667,3.0,5.0,2.0,0
59,1,3,1,0,1,1,0,4,3.3333333333333335,3.0,4.0,2.0,2
60,1,3,0,0,0,1,1,4,5.0,2.0,4.2,5.0,0
61,3,0,1,0,0,1,0,3,4.0,1.0,4.25,4.0,2
62,2,3,0,0,1,0,0,5,5.0,1.0,4.0,2.0,1
63,1,0,1,0,1,0,0,1,4.5,2.0,4.666666666666667,3.0,2
64,4,0,1,0,1,1,0,4,4.5,2.0,4.333333333333333,3.0,2
65,4,2,0,1,0,0,0,6,0.0,0.0,4.5,8.0,3
66,1,0,1,0,0,0,1,1,4.333333333333333,3.0,4.333333333333333,6.0,0
67,2,0,0,1,0,0,1,2,4.333333333333333,3.0,3.0,1.0,0
68,2,0,0,1,0,1,0,2,5.0,2.0,0.0,0.0,0
69,2,2,0,1,0,1,1,4,0.0,0.0,3.8,5.0,3
70,2,0,1,0,1,1,0,2,5.0,2.0,5.0,1.0,2
71,5,3,0,1,1,0,0,8,5.0,3.0,0.0,0.0,1
72,3,0,1,1,0,0,0,3,5.0,1.0,4.166666666666667,6.0,2
73,2,0,0,1,0,1,0,2,4.666666666666667,3.0,4.333333333333333,3.0,0
74,3,0,0,0,0,1,0,3,4.666666666666667,3.0,5.0,2.0,0
75,2,0,1,1,0,0,0,2,4.0,1.0,3.75,4.0,2
76,2,0,0,1,0,1,1,2,4.0,4.0,4.6,5.0,0
77,1,0,0,1,1,0,0,1,0.0,0.0,4.333333333333333,3.0,3
78,3,1,0,1,0,0,1,4,4.5,2.0,4.0,2.0,0
79,2,0,0,1,0,1,1,2,5.0,3.0,5.0,5.0,0
80,4,0,1,1,0,0,0,4,4.5,2.0,4.0,2.0,2
81,2,2,0,0,0,0,1,4,4.25,4.0,4.333333333333333,6.0,0
82,4,2,1,0,0,0,1,6,4.0,1.0,4.666666666666667,3.0,1
83,3,0,0,1,0,1,1,3,5.0,1.0,5.0,1.0,0
84,2,2,0,0,0,1,1,4,4.0,3.0,4.0,1.0,0
85,2,0,1,0,0,1,0,2,4.333333333333333,3.0,4.5,4.0,2
86,1,0,0,1,0,0,0,1,3.6666666666666665,3.0,5.0,3.0,0
87,3,0,0,0,0,1,1,3,4.25,4.0,4.0,1.0,0
88,2,0,1,0,0,0,1,2,4.333333333333333,3.0,5.0,1.0,0
89,2,0,0,1,1,0,0,2,5.0,1.0,4.5,4.0,2
90,2,0,1,0,1,0,0,2,4.0,4.0,4.5,2.0,2
91,3,1,0,0,1,1,0,4,3.3333333333333335,3.0,4.0,3.0,1
92,2,0,0,1,0,1,1,2,4.0,2.0,4.0,2.0,0
93,2,0,1,0,1,0,0,2,4.0,3.0,4.0,2.0,2
94,5,0,0,1,1,0,0,5,3.6666666666666665,3.0,3.0,1.0,1
95,2,2,0,0,1,0,1,4,4.6,5.0,0.0,0.0,1
96,3,1,1,0,1,1,0,4,5.0,1.0,5.0,1.0,2
97,2,0,0,1,1,0,0,2,4.25,4.0,5.0,2.0,2
98,1,0,0,0,0,1,0,1,2.0,1.0,4.0,4.0,0
99,3,2,1,0,0,0,1,5,0.0,0.0,3.6666666666666665,3.0,3
100,4,0,0,0,0,1,1,4,4.0,4.0,5.0,2.0,0
101,1,1,0,1,1,0,0,2,4.75,4.0,4.5,2.0,2
102,1,0,0,0,0,1,0,1,4.0,3.0,4.0,2.0,0
103,5,2,0,1,0,0,1,7,4.0,4.0,4.75,4.0,1
104,4,0,0,1,0,1,1,4,4.0,2.0,4.142857142857143,7.0,0
105,4,3,0,0,1,0,0,7,4.5,4.0,5.0,1.0,1
106,2,1,1,0,1,0,0,3,4.5,2.0,4.4,5.0,2
107,2,0,0,1,0,0,1,2,4.25,4.0,0.0,0.0,0
108,1,1,0,1,0,0,0,2,4.333333333333333,3.0,4.333333333333333,6.0,0
109,3,2,1,0,0,1,0,5,3.6,5.0,4.0,1.0,1
110,2,1,0,0,1,0,1,3,4.333333333333333,3.0,4.0,2.0,0
111,3,0,0,1,0,0,0,3,5.0,3.0,5.0,1.0,0
112,5,0,0,0,1,0,0,5,4.0,1.0,4.0,2.0,1
113,4,2,0,0,0,0,1,6,4.0,1.0,4.0,2.0,1
114,2,0,1,0,0,0,1,2,3.0,3.0,4.333333333333333,3.0,0
115,2,0,0,1,0,0,0,2,4.5,2.0,4.0,5.0,0
116,2,0,1,0,0,1,0,2,4.0,3.0,3.6666666666666665,3.0,2
117,5,2,1,0,0,0,0,7,5.0,2.0,5.0,2.0,1
118,5,0,0,0,0,1,1,5,5.0,2.0,4.333333333333333,3.0,1
119,1,2,1,1,0,0,0,3,4.0,2.0,4.0,1.0,2
120,3,1,0,1,0,1,0,4,4.0,1.0,4.0,4.0,1
121,1,0,0,0,0,1,0,1,4.5,2.0,5.0,1.0,0
122,4,1,0,0,1,0,0,5,3.5,2.0,4.0,3.0,1
123,2,0,1,1,0,0,0,2,4.4,5.0,3.8,5.0,2
124,3,2,0,0,0,0,1,5,4.5,2.0,4.333333333333333,3.0,1
125,2,2,1,0,1,1,0,4,4.25,4.0,4.0,3.0,2
126,3,2,0,1,0,0,0,5,4.5,2.0,4.666666666666667,3.0,1
127,5,0,0,1,0,0,0,5,4.25,4.0,4.0,2.0,1
128,4,0,1,0,0,1,0,4,5.0,2.0,3.2,5.0,2
129,5,1,0,1,1,0,0,6,0.0,0.0,4.0,2.0,3
130,2,2,1,0,1,1,0,4,5.0,1.0,5.0,2.0,2
131,2,0,0,0,1,0,1,2,5.0,1.0,4.0,2.0,0
132,1,0,0,1,1,0,0,1,4.0,2.0,5.0,3.0,2
133,1,1,0,1,1,0,0,2,4.0,2.0,4.25,4.0,2
134,5,2,0,1,1,0,0,7,4.333333333333333,3.0,5.0,3.0,1
135,4,1,0,0,0,1,1,5,4.0,1.0,4.0,4.0,1
136,3,0,1,1,0,0,0,3,4.75,4.0,3.8,5.0,2
137,2,0,1,0,1,0,0,2,4.2,5.0,5.0,1.0,2
138,2,0,0,1,0,0,0,2,4.0,3.0,0.0,0.0,0
139,2,1,1,0,1,0,0,3,4.0,3.0,4.2,5.0,2
140,3,0,0,0,1,0,0,3,0.0,0.0,4.6,5.0,3
141,3,0,1,0,0,0,1,3,3.75,4.0,5.0,1.0,0
142,2,0,1,1,1,0,0,2,4.0,1.0,4.0,6.0,2
143,1,0,1,0,1,1,0,1,4.0,2.0,4.0,1.0,2
144,2,2,1,0,0,1,0,4,3.0,1.0,4.0,2.0,2
145,3,2,0,0,0,1,1,5,4.0,3.0,5.0,1.0,1
146,2,0,0,0,1,0,1,2,0.0,0.0,4.0,6.0,3
147,2,0,0,1,0,0,1,2,4.0,3.0,4.333333333333333,9.0,0
148,3,2,1,0,1,1,0,5,4.5,4.0,4.666666666666667,3.0,1
149,4,0,0,0,1,1,0,4,5.0,2.0,5.0,2.0,1
150,1,0,0,1,0,1,0,1,3.75,4.0,4.125,8.0,0
151,3,0,1,0,0,0,0,3,3.0,1.0,4.333333333333333,3.0,2
152,4,0,1,1,1,0,0,4,0.0,0.0,4.4,5.0,3
153,3,0,1,0,0,0,0,3,4.5,2.0,4.0,6.0,2
154,1,0,0,0,0,1,0,1,4.75,4.0,0.0,0.0,0
155,3,1,1,1,1,0,0,4,4.0,2.0,4.333333333333333,3.0,2
156,3,0,0,0,1,1,0,3,5.0,1.0,3.0,1.0,2
157,2,1,0,0,1,0,1,3,4.5,2.0,5.0,1.0,0
158,3,1,1,1,1,0,0,4,5.0,1.0,5.0,2.0,2
159,4,2,1,0,0,0,1,6,5.0,1.0,4.0,1.0,1
160,2,0,0,1,0,1,1,2,4.4,5.0,4.333333333333333,3.0,0
161,2,0,1,0,0,1,0,2,3.75,4.0,4.333333333333333,3.0,2
162,4,0,1,0,1,1,0,4,3.6666666666666665,3.0,4.333333333333333,3.0,2
163,3,0,0,0,1,0,0,3,4.5,4.0,4.0,1.0,2
164,3,1,1,0,1,0,0,4,5.0,4.0,4.5,4.0,2
165,1,0,1,0,1,1,0,1,4.166666666666667,6.0,5.0,3.0,2
166,2,0,1,0,1,0,0,2,4.8,5.0,4.428571428571429,7.0,2
167,4,2,0,0,0,0,1,6,3.6666666666666665,3.0,4.2,5.0,1
168,4,1,0,1,0,0,0,5,4.666666666666667,3.0,4.0,3.0,1
169,5,0,1,0,0,0,0,5,5.0,3.0,5.0,1.0,1
170,2,0,1,0,1,0,0,2,4.6,5.0,4.714285714285714,7.0,2
171,4,0,0,0,1,0,1,4,4.428571428571429,7.0,3.5,2.0,1
172,3,2,0,0,0,1,1,5,4.0,3.0,4.333333333333333,9.0,1
173,3,1,1,0,0,1,0,4,4.666666666666667,3.0,4.0,6.0,2
174,4,0,0,1,0,0,0,4,5.0,2.0,4.0,4.0,1
175,1,0,0,0,0,1,1,1,4.0,2.0,4.0,3.0,0
176,2,0,0,0,0,0,1,2,4.0,2.0,3.3333333333333335,3.0,0
177,3,0,1,0,1,1,0,3,5.0,2.0,4.75,4.0,2
178,3,1,1,0,0,1,0,4,4.714285714285714,7.0,3.8,5.0,2
179,3,0,0,1,0,0,1,3,4.0,2.0,4.5,2.0,0
180,2,2,1,0,1,1,0,4,5.0,2.0,4.142857142857143,7.0,2
181,3,0,0,0,1,1,0,3,4.333333333333333,3.0,4.333333333333333,3.0,2
182,2,1,1,0,1,1,0,3,4.0,3.0,4.5,4.0,2
183,3,0,0,0,0,1,1,3,0.0,0.0,4.0,1.0,3
184,3,0,0,0,0,0,1,3,4.333333333333333,3.0,4.5,4.0,0
185,5,0,1,0,0,1,0,5,5.0,2.0,0.0,0.0,1
186,4,2,1,0,1,0,0,6,4.25,4.0,4.25,4.0,1
187,2,0,0,0,0,1,1,2,4.0,2.0,4.333333333333333,3.0,0
188,2,1,0,0,1,1,0,3,5.0,2.0,5.0,1.0,2
189,2,3,0,0,1,0,1,5,4.0,1.0,4.666666666666667,3.0,1
190,4,1,0,1,0,0,0,5,4.5,2.0,4.375,8.0,1
191,1,0,1,0,0,1,0,1,5.0,1.0,4.166666666666667,6.0,2
192,2,1,0,0,0,0,1,3,4.166666666666667,6.0,5.0,1.0,0
193,4,2,0,1,0,0,1,6,3.0,1.0,4.0,3.0,1
194,2,0,0,0,0,1,1,2,4.5,2.0,3.5,2.0,0
195,1,0,0,1,0,1,0,1,5.0,1.0,4.0,1.0,0
196,1,0,1,1,0,0,0,1,4.333333333333333,3.0,4.0,2.0,2
197,2,0,1,0,1,0,0,2,4.5,2.0,3.0,1.0,2
198,3,0,1,0,1,0,0,3,4.333333333333333,3.0,3.5,2.0,2
199,1,0,0,1,1,0,0,1,5.0,6.0,4.166666666666667,6.0,2
200,1,1,0,0,0,0,1,2,3.5,2.0,3.0,1.0,0
201,3,3,0,0,0,1,0,6,3.0,1.0,3.5,4.0,1
202,3,1,0,0,0,1,1,4,4.0,1.0,4.25,4.0,0
203,4,0,1,1,1,0,0,4,3.75,4.0,4.0,2.0,2
204,3,2,0,0,0,1,1,5,4.0,6.0,4.0,3.0,1
205,5,1,0,0,1,1,0,6,4.0,1.0,4.333333333333333,3.0,1
206,4,0,0,1,1,0,0,4,4.0,1.0,2.5,2.0,1
207,3,2,0,0,1,0,0,5,4.333333333333333,3.0,4.0,3.0,1
208,2,0,0,0,0,1,1,2,4.25,4.0,4.25,4.0,0
209,2,0,1,1,1,0,0,2,0.0,0.0,5.0,2.0,3
210,3,0,0,0,1,0,0,3,4.333333333333333,6.0,5.0,1.0,2
211,3,0,0,0,1,1,0,3,5.0,2.0,4.25,4.0,2
212,1,0,0,1,0,0,0,1,4.25,4.0,4.0,4.0,0
213,2,0,0,0,1,1,0,2,5.0,1.0,4.5,2.0,2
214,3,0,0,1,0,1,1,3,5.0,3.0,5.0,3.0,0
215,2,1,1,1,0,0,0,3,4.2,5.0,4.666666666666667,6.0,2
216,5,0,0,1,0,0,0,5,4.333333333333333,3.0,4.2,5.0,1
217,4,0,0,1,0,0,0,4,4.0,1.0,4.0,1.0,1
218,2,0,1,1,1,0,0,2,3.0,2.0,4.333333333333333,3.0,2
219,4,0,1,0,1,0,0,4,4.333333333333333,6.0,4.5,2.0,2
220,4,1,0,0,0,1,1,5,4.666666666666667,3.0,4.0,2.0,1
221,2,0,0,0,0,1,0,2,0.0,0.0,5.0,2.0,3
222,2,1,0,1,0,0,1,3,4.0,2.0,4.0,1.0,0
223,5,0,0,0,1,0,0,5,4.2,5.0,4.666666666666667,3.0,1
224,5,0,0,1,1,0,0,5,0.0,0.0,5.0,2.0,3
225,1,0,1,1,1,0,0,1,3.75,4.0,4.0,2.0,2
226,2,1,0,1,0,1,1,3,4.0,3.0,4.666666666666667,3.0,0
227,1,2,0,0,1,1,0,3,3.0,1.0,5.0,3.0,2
228,3,0,0,0,1,0,0,3,4.5,2.0,4.0,2.0,2
229,4,1,0,0,0,1,0,5,4.0,4.0,4.0,4.0,1
230,2,0,0,1,1,0,0,2,3.0,1.0,3.75,4.0,2
231,1,0,0,0,0,1,1,1,5.0,1.0,4.4,5.0,0
232,2,0,1,0,1,0,0,2,4.25,4.0,5.0,1.0,2
233,5,2,0,0,1,0,0,7,4.25,4.0,0.0,0.0,1
234,2,2,0,0,0,1,0,4,3.0,1.0,4.75,4.0,1
235,5,0,0,0,0,0,1,5,3.6666666666666665,3.0,5.0,2.0,1
236,3,0,1,0,1,1,0,3,4.0,2.0,4.428571428571429,7.0,2
237,2,0,0,0,0,1,1,2,4.5,2.0,4.333333333333333,3.0,0
238,2,0,0,1,1,0,0,2,4.5,2.0,4.5,4.0,2
239,5,0,1,0,1,0,0,5,4.5,2.0,4.666666666666667,3.0,1
240,3,1,1,0,0,1,0,4,5.0,1.0,4.75,4.0,2
241,2,1,0,0,0,1,0,3,4.0,2.0,3.4,5.0,0
242,2,1,0,1,0,1,0,3,5.0,1.0,4.5,2.0,0
243,3,0,1,1,1,0,0,3,4.0,3.0,4.0,2.0,2
244,2,2,0,0,1,0,0,4,4.0,1.0,5.0,3.0,1
245,2,0,0,1,0,1,1,2,4.0,2.0,4.166666666666667,6.0,0
246,4,0,1,0,0,0,0,4,5.0,2.0,4.5,4.0,2
247,2,1,0,1,0,1,0,3,4.5,2.0,4.6,5.0,0
248,1,0,0,0,1,1,0,1,4.5,2.0,4.75,4.0,2
249,5,0,0,1,1,0,0,5,4.0,1.0,4.25,4.0,1
250,3,0,0,0,1,0,1,3,4.0,3.0,4.75,4.0,0
251,2,2,0,1,0,1,0,4,5.0,2.0,4.0,3.0,1
252,4,0,1,1,1,0,0,4,5.0,1.0,0.0,0.0,2
253,5,1,0,1,0,0,1,6,3.6666666666666665,3.0,4.6,5.0,1
254,3,0,1,0,0,0,1,3,4.5,4.0,3.0,1.0,0
255,3,0,0,0,0,0,1,3,4.333333333333333,3.0,5.0,2.0,0
256,5,0,1,1,0,0,0,5,4.0,1.0,4.142857142857143,7.0,1
257,2,0,0,1,1,0,0,2,5.0,3.0,3.6666666666666665,3.0,2
258,4,0,0,1,1,0,0,4,4.25,4.0,3.0,1.0,1
259,2,1,0,0,1,1,0,3,4.0,1.0,4.0,1.0,2
260,4,0,0,0,0,0,1,4,3.75,4.0,3.0,1.0,0
261,3,1,0,1,0,1,0,4,4.333333333333333,6.0,4.333333333333333,3.0,1
262,3,0,0,1,1,0,0,3,5.0,3.0,4.5,4.0,2
263,3,0,0,1,0,0,1,3,4.0,1.0,4.75,4.0,0
264,2,0,1,1,0,0,0,2,5.0,1.0,0.0,0.0,2
265,3,1,1,1,0,0,0,4,4.0,2.0,4.333333333333333,3.0,2
266,3,2,1,0,0,0,0,5,3.5,2.0,4.0,2.0,1
267,2,3,0,0,0,1,1,5,4.333333333333333,3.0,4.0,2.0,1
268,3,2,0,0,0,1,1,5,4.0,3.0,5.0,2.0,1
269,2,1,0,1,0,0,1,3,5.0,1.0,0.0,0.0,0
270,3,0,0,0,0,0,1,3,3.5,2.0,4.0,1.0,0
271,1,1,0,1,0,1,1,2,4.333333333333333,3.0,4.5,4.0,0
272,1,0,0,1,0,0,0,1,4.0,2.0,2.5,2.0,0
273,1,0,1,0,0,1,0,1,5.0,3.0,4.25,4.0,2
274,2,0,0,0,0,1,0,2,4.0,3.0,4.333333333333333,3.0,0
275,2,1,0,1,0,0,0,3,4.0,3.0,4.333333333333333,3.0,0
276,5,0,1,0,1,0,0,5,4.666666666666667,3.0,4.0,3.0,1
277,3,1,0,1,1,0,0,4,5.0,1.0,4.333333333333333,3.0,1
278,2,2,0,0,0,1,1,4,0.0,0.0,4.4,5.0,3
279,2,0,1,0,1,1,0,2,4.0,3.0,3.75,4.0,2
280,1,0,0,0,1,0,1,1,4.5,2.0,4.0,3.0,0
281,4,1,0,1,1,0,0,5,2.0,1.0,4.666666666666667,3.0,1
282,4,3,0,0,1,0,1,7,4.0,4.0,0.0,0.0,1
283,5,2,0,0,1,1,0,7,5.0,1.0,4.0,2.0,1
284,3,2,0,0,0,1,1,5,4.5,2.0,3.5,2.0,1
285,4,0,1,0,0,0,0,4,4.0,2.0,4.0,1.0,2
286,2,0,0,0,1,1,0,2,5.0,1.0,4.0,3.0,2
287,3,2,1,0,0,1,0,5,3.0,1.0,4.5,4.0,1
288,2,1,0,0,1,1,0,3,4.0,5.0,4.5,2.0,2
289,2,2,1,1,1,0,0,4,4.333333333333333,3.0,3.6666666666666665,3.0,2
290,5,0,1,0,1,0,0,5,4.25,4.0,4.0,1.0,1
291,4,0,1,1,1,0,0,4,5.0,1.0,4.5,4.0,2
292,2,2,0,0,0,0,1,4,4.5,2.0,5.0,2.0,0
293,2,1,0,0,0,1,1,3,3.5,2.0,4.4,5.0,0
294,3,0,0,1,0,1,1,3,4.0,1.0,4.666666666666667,3.0,0
295,3,2,0,0,1,0,1,5,4.666666666666667,3.0,4.5,4.0,1
296,3,0,0,1,0,0,0,3,3.5,2.0,4.25,4.0,0
297,1,2,0,0,1,1,0,3,5.0,2.0,3.8333333333333335,6.0,2
298,3,0,0,0,1,0,1,3,3.3333333333333335,3.0,4.0,3.0,0
299,3,0,1,0,1,1,0,3,4.333333333333333,3.0,0.0,0.0,2
300,2,3,0,0,0,0,1,5,4.0,2.0,5.0,1.0,1
301,3,0,1,0,1,0,0,3,4.0,1.0,4.0,1.0,2
302,1,3,1,0,0,0,1,4,0.0,0.0,4.333333333333333,3.0,3
303,4,0,0,1,1,0,0,4,4.0,3.0,4.5,2.0,1
304,2,1,1,0,0,0,0,3,0.0,0.0,4.2,5.0,3
305,5,3,0,1,0,1,0,8,5.0,1.0,5.0,2.0,1
306,1,0,0,0,0,1,0,1,5.0,2.0,4.75,4.0,0
307,1,0,0,1,1,0,0,1,0.0,0.0,4.0,3.0,3
308,3,2,0,1,0,1,1,5,4.333333333333333,3.0,5.0,2.0,1
309,3,0,0,1,0,0,1,3,5.0,1.0,4.2,5.0,0
310,4,3,0,1,0,1,0,7,4.0,1.0,4.75,4.0,1
311,2,1,0,1,0,0,0,3,4.0,1.0,4.333333333333333,3.0,0
312,4,0,1,0,0,0,0,4,5.0,1.0,4.25,4.0,2
313,4,0,1,0,0,0,0,4,4.5,2.0,4.666666666666667,3.0,2
314,2,1,1,1,0,0,0,3,4.0,2.0,3.5,2.0,2
315,3,0,0,1,0,0,0,3,5.0,3.0,4.0,3.0,0
316,4,2,1,0,1,1,0,6,0.0,0.0,4.25,4.0,3
317,3,0,1,1,1,0,0,3,4.8,5.0,4.0,1.0,2
318,1,0,1,0,0,0,1,1,2.0,1.0,4.5,2.0,0
319,5,1,0,0,0,1,1,6,4.0,3.0,5.0,1.0,1
320,2,2,1,0,1,0,0,4,5.0,1.0,4.2,5.0,2
321,2,2,0,1,0,0,0,4,4.0,2.0,4.2,5.0,1
322,2,0,1,0,1,1,0,2,4.5,2.0,4.333333333333333,3.0,2
323,2,0,0,1,0,1,1,2,4.0,4.0,4.333333333333333,3.0,0
324,5,0,1,0,0,1,0,5,4.75,4.0,5.0,3.0,1
325,4,0,0,1,0,0,0,4,3.0,1.0,4.5,4.0,1
326,3,1,0,0,1,0,1,4,0.0,0.0,4.0,4.0,3
327,3,2,0,1,0,1,1,5,4.0,1.0,5.0,2.0,1
328,3,0,1,1,1,0,0,3,4.5,2.0,4.2,5.0,2
329,5,1,0,0,1,1,0,6,4.333333333333333,3.0,4.5,4.0,1
330,2,1,1,0,1,0,0,3,4.0,4.0,4.5,4.0,2
331,2,1,0,0,0,1,1,3,4.0,2.0,0.0,0.0,0
332,2,2,0,0,0,1,0,4,4.5,2.0,0.0,0.0,1
333,4,1,0,1,0,1,0,5,4.333333333333333,3.0,4.5,6.0,1
334,2,2,0,1,0,1,0,4,3.5,2.0,5.0,2.0,1
335,2,0,0,1,1,0,0,2,4.0,3.0,0.0,0.0,2
336,3,0,0,0,1,0,1,3,4.0,1.0,4.5,4.0,0
337,3,0,1,0,0,1,0,3,5.0,2.0,4.0,2.0,2
338,4,1,0,1,0,1,1,5,5.0,2.0,4.0,3.0,1
339,4,1,1,0,0,0,1,5,3.5,4.0,4.0,1.0,1
340,1,0,1,0,0,0,0,1,0.0,0.0,3.5,2.0,3
341,1,0,1,0,1,1,0,1,5.0,3.0,4.166666666666667,6.0,2
342,1,0,0,0,0,1,1,1,4.666666666666667,3.0,4.5,2.0,0
343,3,1,0,1,1,0,0,4,2.0,1.0,0.0,0.0,3
344,2,2,0,1,1,0,0,4,4.25,4.0,4.0,3.0,1
345,2,0,0,0,0,1,0,2,4.2,5.0,4.333333333333333,3.0,0
346,4,0,0,0,1,0,0,4,0.0,0.0,3.3333333333333335,3.0,3
347,2,1,0,1,1,0,0,3,4.0,3.0,5.0,2.0,2
348,1,0,1,1,1,0,0,1,5.0,1.0,3.0,1.0,2
349,2,0,0,1,0,0,0,2,4.5,2.0,4.0,1.0,0
350,2,2,0,1,0,0,0,4,5.0,3.0,4.25,4.0,1
351,3,0,0,0,0,1,1,3,4.5,2.0,3.0,1.0,0
352,2,0,0,0,1,1,0,2,0.0,0.0,4.0,2.0,3
353,2,2,0,1,1,0,0,4,0.0,0.0,4.5,2.0,3
354,4,0,0,0,1,1,0,4,3.6666666666666665,3.0,3.857142857142857,7.0,1
355,2,0,0,0,1,0,1,2,0.0,0.0,4.0,3.0,3
356,4,1,0,1,0,0,1,5,4.0,1.0,4.0,4.0,1
357,2,0,0,1,0,0,0,2,4.5,4.0,3.6,5.0,0
358,2,3,0,1,0,0,1,5,3.5,2.0,3.6666666666666665,6.0,1
359,3,1,0,1,0,1,0,4,5.0,1.0,5.0,2.0,1
360,1,2,0,1,0,0,0,3,4.4,5.0,4.666666666666667,3.0,0
361,5,2,1,0,0,1,0,7,4.0,1.0,3.6666666666666665,3.0,1
362,2,2,1,0,0,0,1,4,4.0,1.0,4.75,4.0,0
363,3,1,0,0,1,0,1,4,4.333333333333333,3.0,4.0,1.0,1
364,3,0,0,1,0,1,1,3,4.5,4.0,4.0,1.0,0
365,1,0,0,0,0,1,1,1,5.0,1.0,4.5,2.0,0
366,2,2,0,1,1,0,0,4,3.0,2.0,4.25,4.0,1
367,3,0,1,1,0,0,0,3,4.0,3.0,4.5,2.0,2
368,2,0,1,0,1,1,0,2,3.6666666666666665,3.0,4.5,2.0,2
369,2,0,0,0,0,1,1,2,0.0,0.0,5.0,1.0,3
370,3,1,1,0,1,1,0,4,4.4,5.0,4.5,4.0,2
371,2,0,1,0,1,1,0,2,5.0,2.0,4.0,4.0,2
372,2,1,1,0,1,0,0,3,4.0,3.0,4.5,4.0,2
373,4,1,0,0,0,1,1,5,4.5,2.0,5.0,2.0,1
374,3,0,0,1,0,0,1,3,4.666666666666667,3.0,0.0,0.0,0
375,3,1,0,0,0,0,1,4,4.75,4.0,3.6666666666666665,3.0,0
376,2,0,1,1,1,0,0,2,4.0,2.0,5.0,3.0,2
377,2,1,1,1,1,0,0,3,5.0,1.0,4.0,3.0,2
378,2,2,0,0,1,0,1,4,3.5,2.0,4.5,2.0,1
379,3,1,0,1,1,0,0,4,3.5,2.0,3.5714285714285716,7.0,1
380,5,1,0,1,1,0,0,6,5.0,2.0,4.5,2.0,1
381,4,1,1,0,0,0,1,5,5.0,1.0,4.5,2.0,1
382,3,1,0,1,0,0,1,4,0.0,0.0,4.25,4.0,3
383,4,0,0,0,1,1,0,4,4.0,1.0,4.6,5.0,1
384,3,0,1,0,1,0,0,3,4.6,5.0,5.0,3.0,2
385,2,3,1,0,0,0,0,5,3.0,1.0,4.333333333333333,3.0,1
386,5,0,0,0,1,0,1,5,4.6,5.0,4.166666666666667,6.0,1
387,2,1,0,0,1,1,0,3,4.0,2.0,4.5,4.0,2
388,2,1,0,1,1,0,0,3,4.25,4.0,3.8,5.0,2
389,3,0,0,1,1,0,0,3,3.6666666666666665,3.0,4.2,5.0,2
390,1,0,0,0,1,0,1,1,4.333333333333333,3.0,4.0,2.0,0
391,4,0,0,1,0,1,0,4,0.0,0.0,4.6,5.0,3
392,2,0,0,0,1,0,1,2,4.0,1.0,5.0,2.0,0
393,3,0,0,0,0,0,1,3,5.0,2.0,3.75,4.0,0
394,4,0,0,0,0,1,1,4,0.0,0.0,4.0,1.0,3
395,2,0,0,0,1,0,1,2,0.0,0.0,3.75,4.0,3
396,5,0,0,0,1,0,1,5,4.0,3.0,5.0,1.0,1
397,2,0,0,1,0,0,0,2,4.666666666666667,3.0,0.0,0.0,0
398,1,2,1,0,0,0,1,3,4.0,5.0,0.0,0.0,0
399,3,3,0,0,0,1,1,6,5.0,2.0,0.0,0.0,1
400,1,0,1,0,0,0,1,1,0.0,0.0,4.0,3.0,3
401,4,0,0,1,0,0,0,4,3.5,2.0,4.5,2.0,1
402,3,2,1,0,0,0,0,5,5.0,1.0,5.0,1.0,1
403,2,1,1,1,0,0,0,3,4.0,4.0,5.0,1.0,2
404,2,1,0,1,0,0,0,3,5.0,2.0,4.0,3.0,0
405,2,2,0,0,1,0,0,4,5.0,1.0,4.25,4.0,1
406,3,0,0,0,1,1,0,3,5.0,1.0,4.5,2.0,2
407,1,0,0,0,0,1,0,1,4.5,2.0,4.0,1.0,0
408,4,0,1,1,0,0,0,4,0.0,0.0,3.75,4.0,3
409,2,0,0,0,0,0,1,2,5.0,1.0,4.666666666666667,3.0,0
410,3,1,0,0,1,1,0,4,4.5,6.0,4.5,2.0,1
411,4,2,1,0,0,0,1,6,4.0,5.0,4.333333333333333,3.0,1
412,2,1,0,0,0,1,1,3,4.0,4.0,4.25,4.0,0
413,1,2,0,1,0,1,1,3,4.0,4.0,4.0,2.0,0
414,1,1,0,0,1,1,0,2,4.5,4.0,4.5,4.0,2
415,4,0,1,0,1,1,0,4,0.0,0.0,0.0,0.0,3
416,5,1,0,1,0,1,1,6,3.5,2.0,4.0,1.0,1
417,2,0,0,1,0,1,1,2,4.75,4.0,4.666666666666667,3.0,0
418,5,1,0,1,1,0,0,6,5.0,2.0,4.25,4.0,1
419,2,1,0,1,1,0,0,3,3.5,2.0,4.8,5.0,2
420,1,1,1,0,0,0,0,2,4.5,2.0,4.285714285714286,7.0,2
421,3,0,0,0,0,1,1,3,4.2,5.0,4.333333333333333,6.0,0
422,2,0,0,1,0,0,0,2,4.5,2.0,4.333333333333333,3.0,0
423,2,1,1,1,0,0,0,3,4.75,4.0,5.0,1.0,2
424,2,2,0,0,0,1,1,4,4.333333333333333,3.0,4.6,5.0,0
425,1,0,0,0,1,1,0,1,4.25,4.0,4.181818181818182,11.0,2
426,1,2,0,1,1,0,0,3,5.0,1.0,4.333333333333333,3.0,2
427,5,0,1,1,0,0,0,5,5.0,2.0,4.5,2.0,1
428,2,1,1,0,0,1,0,3,4.5,2.0,4.571428571428571,7.0,2
429,1,0,0,1,1,0,0,1,4.0,2.0,3.8,5.0,2
430,1,2,1,1,0,0,0,3,5.0,2.0,4.0,1.0,2
431,2,0,1,1,0,0,0,2,0.0,0.0,4.0,2.0,3
432,4,0,0,0,0,1,0,4,5.0,3.0,4.4,5.0,1
433,2,0,1,0,0,0,0,2,4.0,2.0,4.0,2.0,2
434,2,1,0,1,0,1,1,3,3.5,2.0,0.0,0.0,0
435,2,0,0,0,1,0,0,2,3.5,2.0,4.25,8.0,2
436,4,0,0,0,0,1,0,4,4.25,4.0,4.333333333333333,3.0,1
437,3,1,0,0,0,0,1,4,5.0,2.0,3.0,1.0,0
438,1,0,1,0,0,1,0,1,4.0,4.0,4.5,4.0,2
439,2,1,1,0,1,1,0,3,4.5,2.0,0.0,0.0,2
440,4,1,1,1,1,0,0,5,4.0,4.0,3.5,2.0,1
441,1,1,1,0,1,0,0,2,4.666666666666667,3.0,3.5,2.0,2
442,4,2,0,1,1,0,0,6,4.5,2.0,4.666666666666667,3.0,1
443,2,0,0,0,0,1,0,2,4.0,1.0,5.0,1.0,0
444,2,1,0,1,0,1,0,3,3.0,1.0,3.6666666666666665,3.0,0
445,4,2,0,1,1,0,0,6,0.0,0.0,4.666666666666667,3.0,3
446,2,0,0,1,0,0,0,2,4.0,2.0,4.0,4.0,0
447,2,1,0,0,1,0,0,3,4.0,1.0,4.0,2.0,2
448,3,0,0,1,0,0,1,3,3.6666666666666665,3.0,4.5,4.0,0
449,2,0,1,0,0,1,0,2,4.0,4.0,4.125,8.0,2
450,3,0,0,0,0,0,1,3,5.0,1.0,4.0,2.0,0
451,5,0,0,1,0,0,0,5,4.333333333333333,3.0,3.5,2.0,1
452,1,0,0,1,0,0,1,1,5.0,1.0,3.8,5.0,0
453,3,1,1,0,0,1,0,4,4.0,1.0,2.5,2.0,2
454,4,0,0,1,1,0,0,4,5.0,1.0,5.0,2.0,1
455,2,0,0,0,0,1,1,2,4.0,2.0,4.0,2.0,0
456,3,1,1,0,1,0,0,4,3.8,5.0,3.75,4.0,2
457,1,0,0,1,1,0,0,1,4.75,4.0,4.0,2.0,2
458,3,0,1,0,0,1,0,3,4.5,2.0,4.6,5.0,2
459,1,0,0,0,0,1,1,1,5.0,1.0,3.5,2.0,0
460,3,1,0,0,1,1,0,4,0.0,0.0,5.0,1.0,3
461,2,0,0,0,0,1,0,2,4.333333333333333,6.0,2.6666666666666665,3.0,0
462,3,1,0,0,0,1,0,4,3.0,1.0,5.0,1.0,1
463,2,2,0,0,1,0,1,4,5.0,2.0,4.0,2.0,1
464,4,0,0,1,1,0,0,4,4.6,5.0,5.0,3.0,1
465,4,1,0,1,0,0,1,5,4.0,2.0,4.0,2.0,1
466,1,0,0,0,1,1,0,1,4.25,4.0,4.0,2.0,2
467,2,1,0,1,1,0,0,3,4.5,4.0,4.0,1.0,2
468,4,0,1,0,0,0,1,4,4.0,1.0,4.0,4.0,0
469,2,0,0,0,1,0,0,2,0.0,0.0,5.0,1.0,3
470,2,0,1,0,0,1,0,2,0.0,0.0,4.333333333333333,3.0,3
471,3,0,0,0,1,0,1,3,3.25,4.0,5.0,2.0,0
472,1,0,0,1,1,0,0,1,4.5,2.0,4.0,1.0,2
473,4,3,0,1,0,1,0,7,3.0,2.0,5.0,3.0,1
474,1,0,0,1,1,0,0,1,4.0,4.0,5.0,1.0,2
475,2,1,0,1,1,0,0,3,4.75,4.0,4.666666666666667,3.0,2
476,3,0,1,0,1,1,0,3,4.0,2.0,4.666666666666667,3.0,2
477,2,1,0,0,1,0,0,3,4.666666666666667,3.0,5.0,2.0,2
478,3,1,0,1,1,0,0,4,4.0,2.0,4.2,5.0,1
479,3,1,0,0,1,0,0,4,3.5,2.0,5.0,2.0,1
480,4,2,1,0,1,1,0,6,4.0,2.0,3.3333333333333335,3.0,1
481,2,0,0,0,1,1,0,2,4.0,3.0,4.0,1.0,2
482,4,1,0,1,0,0,1,5,3.3333333333333335,3.0,5.0,3.0,1
483,2,3,1,0,0,0,1,5,5.0,1.0,2.5,2.0,1
484,4,0,0,1,1,0,0,4,5.0,1.0,4.0,6.0,1
485,1,0,1,0,1,0,0,1,4.0,3.0,4.5,4.0,2
486,4,0,1,0,1,1,0,4,4.0,3.0,4.857142857142857,7.0,2
487,4,1,0,1,0,0,0,5,3.6666666666666665,3.0,5.0,1.0,1
488,1,2,0,0,1,1,0,3,5.0,1.0,5.0,2.0,2
489,3,2,1,0,0,0,0,5,3.6,5.0,0.0,0.0,1
490,2,0,1,0,1,0,0,2,4.0,1.0,5.0,1.0,2
491,3,3,0,1,0,1,1,6,4.333333333333333,3.0,3.5,4.0,1
492,3,0,1,0,1,0,0,3,5.0,1.0,5.0,2.0,2
493,1,2,1,0,1,1,0,3,3.5,2.0,4.75,4.0,2
494,2,0,0,1,0,0,1,2,3.8,5.0,4.0,1.0,0
495,4,0,1,0,0,0,0,4,4.333333333333333,3.0,4.75,8.0,2
496,1,0,0,1,0,0,0,1,4.333333333333333,3.0,4.6,5.0,0
497,3,2,0,0,1,1,0,5,4.0,2.0,4.666666666666667,3.0,1
498,3,0,1,1,1,0,0,3,4.0,1.0,4.0,5.0,2
499,3,1,0,1,0,0,0,4,3.0,1.0,4.4,5.0,1
500,2,2,0,0,1,0,1,4,4.2,5.0,4.25,4.0,1
501,2,2,0,0,1,1,0,4,4.0,1.0,4.333333333333333,3.0,1
502,1,2,1,0,0,1,0,3,0.0,0.0,4.333333333333333,3.0,3
503,1,1,1,0,1,0,0,2,4.0,1.0,4.75,4.0,2
504,3,1,0,1,0,0,0,4,3.25,4.0,4.666666666666667,3.0,1
505,4,0,1,1,1,0,0,4,4.333333333333333,3.0,4.0,1.0,2
506,3,1,1,0,1,0,0,4,0.0,0.0,4.333333333333333,6.0,3
507,2,0,0,0,1,0,1,2,5.0,1.0,3.75,4.0,0
508,4,1,1,0,1,1,0,5,3.6666666666666665,6.0,4.25,4.0,1
509,2,1,1,0,0,1,0,3,4.333333333333333,3.0,4.666666666666667,3.0,2
510,3,0,0,0,0,0,1,3,4.0,4.0,4.75,4.0,0
511,3,1,0,1,0,1,1,4,5.0,1.0,4.5,2.0,0
512,1,0,0,0,0,0,1,1,3.5,2.0,3.75,4.0,0
513,2,2,0,1,1,0,0,4,5.0,1.0,4.5,2.0,1
514,4,0,0,0,1,1,0,4,4.333333333333333,3.0,4.5,2.0,1
515,3,2,1,0,0,0,0,5,4.666666666666667,3.0,5.0,2.0,1
516,5,3,1,0,0,0,0,8,4.0,4.0,4.5,4.0,1
517,4,2,1,0,0,1,0,6,4.5,2.0,4.0,7.0,1
518,3,1,1,1,1,0,0,4,5.0,1.0,4.0,2.0,2
519,3,0,0,1,1,0,0,3,4.0,3.0,4.6,5.0,2
520,3,0,0,0,0,1,1,3,0.0,0.0,4.5,2.0,3
521,1,2,0,1,0,1,0,3,4.5,2.0,4.8,5.0,0
522,1,1,1,1,1,0,0,2,4.0,2.0,4.0,2.0,2
523,2,1,0,0,0,0,1,3,5.0,1.0,5.0,3.0,0
524,2,0,0,1,0,1,0,2,4.0,2.0,4.0,4.0,0
525,2,0,1,0,1,0,0,2,4.75,4.0,4.0,3.0,2
526,5,2,0,1,0,1,0,7,4.0,1.0,5.0,2.0,1
527,4,0,1,1,0,0,0,4,3.6666666666666665,3.0,4.666666666666667,3.0,2
528,3,2,1,0,0,1,0,5,4.25,4.0,4.0,3.0,1
529,3,0,1,0,0,1,0,3,4.0,2.0,4.0,1.0,2
530,4,0,0,0,1,0,0,4,5.0,2.0,4.4,5.0,1
531,1,0,0,0,1,1,0,1,4.333333333333333,3.0,4.666666666666667,3.0,2
532,2,1,1,0,0,0,1,3,3.6666666666666665,3.0,4.333333333333333,3.0,0
533,3,1,1,1,1,0,0,4,5.0,1.0,3.25,4.0,2
534,1,2,0,0,0,1,1,3,4.8,5.0,4.25,4.0,0
535,4,0,1,0,0,0,0,4,4.5,2.0,0.0,0.0,2
536,5,0,1,1,1,0,0,5,4.5,2.0,5.0,1.0,1
537,1,1,0,0,0,1,1,2,4.0,1.0,4.0,2.0,0
538,3,2,0,1,1,0,0,5,4.0,2.0,5.0,1.0,1
539,2,1,0,0,0,1,1,3,4.571428571428571,7.0,0.0,0.0,0
540,2,1,0,0,1,1,0,3,4.25,4.0,4.5,4.0,2
541,5,0,0,1,0,1,1,5,4.166666666666667,6.0,5.0,1.0,1
542,2,0,0,1,0,0,1,2,5.0,1.0,4.5,2.0,0
543,4,3,0,1,0,1,1,7,4.0,2.0,4.0,3.0,1
544,4,0,0,0,1,0,0,4,4.666666666666667,3.0,4.25,4.0,1
545,2,0,0,0,0,1,1,2,4.5,4.0,5.0,1.0,0
546,2,1,0,0,0,1,1,3,4.6,5.0,5.0,2.0,0
547,1,1,0,0,0,0,1,2,4.0,1.0,4.5,2.0,0
548,3,3,1,1,1,0,0,6,3.5,2.0,4.25,4.0,1
549,4,0,0,1,0,1,1,4,5.0,3.0,5.0,3.0,0
550,3,2,0,0,0,0,1,5,4.333333333333333,3.0,4.0,3.0,1
551,3,1,0,1,1,0,0,4,4.0,2.0,3.6666666666666665,3.0,1
552,1,0,0,0,0,1,0,1,4.333333333333333,3.0,4.0,1.0,0
553,5,2,1,0,0,0,0,7,4.5,2.0,4.0,3.0,1
554,2,1,1,0,0,0,1,3,3.3333333333333335,3.0,5.0,2.0,0
555,2,3,0,1,0,0,1,5,4.0,2.0,4.0,2.0,1
556,4,0,0,0,0,1,0,4,4.5,4.0,3.8,5.0,1
557,2,0,0,0,0,0,1,2,4.333333333333333,3.0,3.5,2.0,0
558,4,1,0,0,1,0,1,5,3.0,1.0,4.2,5.0,1
559,4,0,0,1,1,0,0,4,4.0,1.0,5.0,4.0,1
560,3,2,0,0,0,1,1,5,4.5,2.0,0.0,0.0,1
561,3,1,0,0,0,0,1,4,4.2,5.0,4.25,4.0,0
562,4,0,1,0,1,1,0,4,3.3333333333333335,3.0,5.0,1.0,2
563,3,0,0,1,1,0,0,3,4.333333333333333,3.0,3.6666666666666665,3.0,2
564,2,0,0,1,0,0,1,2,4.285714285714286,7.0,4.5,2.0,0
565,3,0,0,0,1,0,0,3,5.0,1.0,4.333333333333333,3.0,2
566,1,1,0,0,0,0,1,2,4.333333333333333,3.0,3.6666666666666665,3.0,0
567,2,0,0,0,0,0,1,2,4.75,4.0,4.5,2.0,0
568,3,1,1,0,0,0,0,4,3.0,1.0,4.666666666666667,3.0,2
569,4,2,1,0,0,0,1,6,0.0,0.0,4.333333333333333,6.0,3
570,2,1,0,0,1,0,0,3,5.0,1.0,4.75,4.0,2
571,3,1,1,1,0,0,0,4,4.0,1.0,4.333333333333333,3.0,2
572,3,0,0,0,1,0,0,3,5.0,1.0,3.0,2.0,2
573,2,0,1,0,0,0,1,2,4.666666666666667,3.0,0.0,0.0,0
574,2,3,1,1,1,0,0,5,4.5,2.0,5.0,2.0,1
575,2,2,1,0,1,0,0,4,5.0,4.0,4.2,5.0,2
576,3,1,0,1,0,1,0,4,4.75,4.0,5.0,1.0,1
577,2,1,0,1,0,0,1,3,4.0,3.0,5.0,3.0,0
578,1,0,0,1,0,0,1,1,4.0,1.0,5.0,1.0,0
579,3,0,0,0,1,1,0,3,4.5,2.0,4.5,4.0,2
580,3,0,1,0,1,1,0,3,4.333333333333333,3.0,3.75,4.0,2
581,5,1,0,1,1,0,0,6,4.666666666666667,3.0,4.333333333333333,3.0,1
582,3,0,0,0,0,0,1,3,0.0,0.0,4.75,4.0,3
583,2,2,0,1,0,1,1,4,5.0,2.0,4.0,4.0,0
584,2,0,0,1,0,1,1,2,4.0,3.0,4.0,2.0,0
585,4,3,0,1,0,1,0,7,5.0,1.0,4.0,4.0,1
586,2,0,1,0,0,0,0,2,5.0,4.0,4.0,3.0,2
587,1,0,1,1,0,0,0,1,4.0,3.0,4.166666666666667,6.0,2
588,3,0,0,0,1,0,0,3,4.25,4.0,3.6666666666666665,3.0,2
589,3,0,0,1,0,1,0,3,4.2,5.0,4.25,4.0,0
590,5,1,1,0,0,0,1,6,4.0,5.0,4.0,2.0,1
591,2,2,1,0,0,0,1,4,4.333333333333333,3.0,5.0,1.0,0
592,3,1,1,0,1,0,0,4,4.666666666666667,3.0,4.0,1.0,2
593,3,0,0,0,0,1,0,3,4.0,3.0,5.0,2.0,0
594,2,1,1,0,0,0,1,3,0.0,0.0,4.0,1.0,3
595,2,2,0,0,1,1,0,4,4.0,1.0,4.0,1.0,1
596,3,0,0,1,0,0,0,3,4.5,2.0,5.0,5.0,0
597,4,0,0,0,0,1,1,4,4.333333333333333,3.0,3.6666666666666665,3.0,0
598,2,0,0,1,0,1,0,2,4.444444444444445,9.0,4.625,8.0,0
599,2,0,1,0,0,0,1,2,4.0,3.0,3.75,4.0,0
600,2,0,0,0,1,0,1,2,0.0,0.0,4.5,2.0,3
601,2,3,0,1,1,0,0,5,4.0,3.0,4.0,3.0,1
602,2,2,0,0,0,1,0,4,4.0,2.0,5.0,1.0,1
603,4,0,0,0,1,1,0,4,4.333333333333333,6.0,4.0,3.0,1
604,2,1,1,0,0,0,1,3,4.0,1.0,3.8,5.0,0
605,5,0,0,0,0,1,1,5,4.75,4.0,4.0,1.0,1
606,3,0,0,0,0,1,1,3,3.5,2.0,4.5,2.0,0
607,3,0,0,1,1,0,0,3,4.0,3.0,5.0,2.0,2
608,4,0,0,1,0,1,1,4,5.0,3.0,4.5,2.0,0
609,2,1,0,1,1,0,0,3,4.75,4.0,4.333333333333333,6.0,2
610,2,0,0,0,0,0,1,2,4.75,4.0,3.6,5.0,0
611,2,0,0,1,0,0,1,2,5.0,2.0,4.0,1.0,0
612,4,0,1,0,0,0,0,4,5.0,1.0,4.0,2.0,2
613,2,0,0,1,1,0,0,2,4.25,4.0,4.2,5.0,2
614,3,2,1,1,0,0,0,5,4.25,4.0,4.25,4.0,1
615,2,3,1,0,0,0,1,5,4.0,5.0,3.2,5.0,1
616,3,2,0,1,0,0,0,5,4.333333333333333,3.0,3.0,1.0,1
617,2,0,0,0,0,1,0,2,4.0,2.0,4.0,1.0,0
618,1,2,0,1,1,0,0,3,4.333333333333333,3.0,4.5,2.0,2
619,5,2,1,1,0,0,0,7,4.0,2.0,0.0,0.0,1
620,2,0,0,1,1,0,0,2,5.0,2.0,4.5,2.0,2
621,2,1,0,0,1,0,0,3,4.666666666666667,3.0,3.6666666666666665,3.0,2
622,3,1,0,1,0,0,1,4,4.5,2.0,3.5,2.0,0
623,2,0,1,0,0,0,1,2,4.0,3.0,4.5,4.0,0
624,2,1,1,0,1,1,0,3,3.75,4.0,4.0,2.0,2
625,2,0,1,1,1,0,0,2,4.0,1.0,4.333333333333333,3.0,2
626,2,0,0,0,1,0,1,2,4.5,4.0,4.25,4.0,0
627,3,0,0,0,0,1,1,3,4.666666666666667,3.0,4.0,1.0,0
628,2,0,0,1,0,0,1,2,4.5,4.0,3.75,4.0,0
629,2,3,1,0,0,0,0,5,5.0,3.0,4.571428571428571,7.0,1
630,3,0,0,0,0,1,0,3,4.25,4.0,4.0,3.0,0
631,2,1,0,0,0,0,1,3,4.5,4.0,4.5,2.0,0
632,3,0,1,0,1,0,0,3,5.0,3.0,5.0,2.0,2
633,5,1,0,0,1,0,1,6,0.0,0.0,3.75,4.0,3
634,2,0,0,1,0,0,1,2,3.8333333333333335,6.0,3.4,5.0,0
635,3,0,0,0,0,1,1,3,5.0,1.0,4.25,4.0,0
636,2,1,0,1,0,0,0,3,4.5,2.0,4.5,2.0,0
637,2,0,0,0,0,1,0,2,4.5,2.0,3.0,2.0,0
638,2,0,1,1,1,0,0,2,4.0,1.0,4.25,4.0,2
639,2,0,0,0,0,1,1,2,4.4,5.0,2.5,2.0,0
640,2,0,1,0,0,0,0,2,5.0,2.0,4.333333333333333,3.0,2
641,2,1,1,1,1,0,0,3,4.333333333333333,3.0,4.0,6.0,2
642,2,0,0,0,1,0,0,2,4.0,3.0,3.5,2.0,2
643,2,0,0,1,1,0,0,2,0.0,0.0,4.0,2.0,3
644,3,1,0,0,0,1,0,4,0.0,0.0,4.5,2.0,3
645,3,2,1,1,0,0,0,5,0.0,0.0,4.666666666666667,3.0,3
646,4,0,0,0,1,0,0,4,4.25,4.0,5.0,1.0,1
647,5,3,0,1,1,0,0,8,4.0,3.0,4.0,3.0,1
648,3,0,1,0,0,1,0,3,3.3333333333333335,3.0,5.0,2.0,2
649,1,1,0,0,1,0,0,2,5.0,3.0,5.0,3.0,2
650,3,1,0,1,1,0,0,4,4.0,2.0,4.4,5.0,1
651,3,3,0,0,0,1,1,6,4.5,2.0,4.0,5.0,1
652,3,0,1,0,1,1,0,3,4.0,1.0,4.166666666666667,6.0,2
653,1,0,0,1,0,0,0,1,4.0,3.0,4.5,2.0,0
654,2,0,0,1,1,0,0,2,5.0,2.0,4.333333333333333,3.0,2
655,3,1,0,0,0,0,1,4,4.5,4.0,5.0,3.0,0
656,2,1,0,0,0,1,1,3,4.0,3.0,4.333333333333333,3.0,0
657,5,1,1,0,0,0,0,6,5.0,2.0,4.666666666666667,3.0,1
658,3,0,0,1,0,1,1,3,3.5,2.0,4.0,2.0,0
659,4,0,0,1,0,1,0,4,4.2,5.0,3.3333333333333335,3.0,1
660,2,0,1,0,0,0,0,2,4.0,2.0,4.0,5.0,2
661,1,1,0,0,1,0,1,2,0.0,0.0,4.5,4.0,3
662,2,2,0,1,0,0,1,4,4.833333333333333,6.0,4.75,4.0,0
663,1,0,0,1,0,1,1,1,4.0,1.0,3.6,5.0,0
664,3,0,0,0,0,1,1,3,4.5,2.0,5.0,2.0,0
665,2,0,0,0,0,0,1,2,4.0,3.0,4.166666666666667,6.0,0
666,2,0,0,0,1,0,0,2,4.75,4.0,5.0,3.0,2
667,3,3,0,1,1,0,0,6,5.0,2.0,4.0,1.0,1
668,3,0,0,0,1,0,1,3,5.0,2.0,4.0,1.0,0
669,5,2,0,0,1,0,1,7,4.4,5.0,3.25,4.0,1
670,2,0,0,1,1,0,0,2,4.5,2.0,4.2,5.0,2
671,3,1,0,0,0,0,1,4,4.0,3.0,5.0,2.0,0
672,2,0,0,0,1,1,0,2,4.25,4.0,4.5,2.0,2
673,2,0,1,1,0,0,0,2,4.25,4.0,4.0,4.0,2
674,5,1,1,0,0,0,0,6,5.0,1.0,4.333333333333333,3.0,1
675,2,1,1,1,1,0,0,3,3.3333333333333335,3.0,3.4,5.0,2
676,2,0,0,0,0,0,1,2,4.666666666666667,3.0,4.25,4.0,0
677,2,3,0,0,0,1,1,5,0.0,0.0,4.6,5.0,3
678,5,2,1,0,0,0,0,7,5.0,1.0,4.5,2.0,1
679,3,1,0,0,0,1,1,4,3.5,2.0,4.0,1.0,0
680,2,0,0,1,0,1,1,2,3.6,5.0,5.0,2.0,0
681,1,1,1,0,0,1,0,2,4.333333333333333,3.0,4.8,5.0,2
682,5,3,0,0,0,1,1,8,4.0,1.0,4.333333333333333,6.0,1
683,5,0,1,1,1,0,0,5,0.0,0.0,4.0,4.0,3
684,2,1,0,0,1,0,0,3,4.666666666666667,3.0,4.2,5.0,2
685,2,1,1,0,1,0,0,3,4.0,1.0,5.0,1.0,2
686,3,0,1,0,1,1,0,3,4.5,2.0,4.333333333333333,3.0,2
687,4,0,0,0,0,1,1,4,4.0,1.0,4.0,6.0,0
688,1,0,0,0,0,1,0,1,5.0,1.0,4.0,3.0,0
689,3,3,0,0,1,0,0,6,4.5,2.0,4.25,4.0,1
690,3,2,1,0,1,1,0,5,4.333333333333333,3.0,0.0,0.0,1
691,4,1,1,0,1,1,0,5,5.0,1.0,4.666666666666667,3.0,1
692,4,2,0,0,0,0,1,6,4.2,5.0,4.75,4.0,1
693,3,3,0,0,1,0,1,6,4.0,1.0,4.0,1.0,1
694,2,2,1,0,0,1,0,4,4.333333333333333,3.0,4.333333333333333,3.0,2
695,3,2,1,0,1,1,0,5,4.2,5.0,4.0,1.0,1
696,4,2,1,0,1,0,0,6,4.666666666666667,3.0,4.6,5.0,1
697,1,0,0,1,0,1,0,1,4.0,2.0,4.25,8.0,0
698,3,1,0,1,0,1,0,4,4.25,4.0,4.333333333333333,6.0,1
699,3,0,0,0,0,1,1,3,5.0,1.0,4.333333333333333,3.0,0
700,4,2,1,0,0,0,0,6,3.0,1.0,4.0,4.0,1
701,1,0,0,1,1,0,0,1,4.0,2.0,3.5,2.0,2
702,5,0,1,0,1,0,0,5,3.5,2.0,5.0,1.0,1
703,3,0,1,1,1,0,0,3,4.25,4.0,4.25,4.0,2
704,3,0,0,1,0,0,0,3,3.6666666666666665,3.0,4.0,4.0,0
705,2,0,1,0,0,1,0,2,5.0,3.0,5.0,2.0,2
706,2,2,0,1,0,1,1,4,4.0,2.0,0.0,0.0,0
707,3,1,0,1,1,0,0,4,4.0,2.0,4.571428571428571,7.0,1
708,5,0,0,1,0,1,1,5,4.0,1.0,3.3333333333333335,3.0,1
709,4,0,0,1,0,0,1,4,0.0,0.0,4.0,4.0,3
710,2,0,0,1,0,1,0,2,5.0,1.0,4.0,7.0,0
711,2,1,0,0,0,0,1,3,4.5,4.0,3.6666666666666665,3.0,0
712,3,1,1,0,0,0,1,4,5.0,2.0,4.25,4.0,0
713,4,2,0,0,0,1,0,6,4.333333333333333,3.0,5.0,1.0,1
714,3,0,1,1,0,0,0,3,4.666666666666667,3.0,4.5,4.0,2
715,3,1,0,1,0,1,0,4,4.4,5.0,4.5,4.0,1
716,3,0,0,1,1,0,0,3,4.0,1.0,4.0,3.0,2
717,5,2,0,1,0,1,1,7,0.0,0.0,4.666666666666667,3.0,3
718,3,0,0,0,0,1,0,3,4.666666666666667,3.0,4.0,7.0,0
719,5,0,0,1,0,0,0,5,4.666666666666667,3.0,4.5,2.0,1
720,1,1,1,1,1,0,0,2,3.3333333333333335,3.0,4.285714285714286,7.0,2
721,2,0,1,0,0,0,1,2,4.333333333333333,3.0,4.428571428571429,7.0,0
722,1,2,0,1,1,0,0,3,4.666666666666667,3.0,4.0,2.0,2
723,4,0,0,1,0,0,1,4,4.333333333333333,3.0,4.166666666666667,6.0,0
724,4,1,1,0,1,0,0,5,4.25,4.0,4.0,4.0,1
725,2,2,0,0,0,0,1,4,4.333333333333333,3.0,3.75,4.0,0
726,4,2,0,0,0,1,1,6,3.0,2.0,3.5,2.0,1
727,3,1,0,1,0,0,0,4,3.5,2.0,4.0,4.0,1
728,2,0,0,1,0,0,1,2,4.2,5.0,3.3333333333333335,3.0,0
729,2,0,1,0,0,1,0,2,4.333333333333333,3.0,4.4,5.0,2
730,2,0,1,0,0,0,1,2,3.6666666666666665,3.0,4.5,2.0,0
731,3,0,1,1,1,0,0,3,5.0,1.0,4.666666666666667,3.0,2
732,3,0,0,1,0,0,1,3,0.0,0.0,5.0,1.0,3
733,2,0,0,0,1,1,0,2,5.0,2.0,0.0,0.0,2
734,2,0,0,1,0,0,0,2,5.0,1.0,3.0,1.0,0
735,1,2,0,1,0,1,1,3,4.0,2.0,4.0,1.0,0
736,2,0,0,1,0,0,0,2,3.0,1.0,4.333333333333333,3.0,0
737,2,0,0,1,0,1,0,2,4.0,4.0,4.0,3.0,0
738,4,1,0,1,1,0,0,5,3.0,1.0,4.5,2.0,1
739,3,2,0,1,0,1,0,5,5.0,1.0,5.0,2.0,1
740,2,0,0,0,1,0,1,2,4.0,2.0,4.5,6.0,0
741,4,0,0,1,0,1,1,4,4.333333333333333,3.0,4.75,4.0,0
742,1,1,0,1,0,1,1,2,4.5,2.0,3.6666666666666665,3.0,0
743,5,0,0,1,1,0,0,5,5.0,1.0,3.857142857142857,7.0,1
744,2,0,0,0,1,1,0,2,4.0,1.0,4.0,1.0,2
745,2,1,0,1,0,0,0,3,0.0,0.0,4.0,1.0,3
746,4,1,0,1,1,0,0,5,4.333333333333333,3.0,3.5,2.0,1
747,2,0,1,0,1,1,0,2,4.666666666666667,3.0,4.0,3.0,2
748,3,2,0,0,1,1,0,5,4.428571428571429,7.0,5.0,2.0,1
749,3,0,0,0,1,0,1,3,5.0,3.0,4.0,3.0,0
750,3,0,1,1,1,0,0,3,4.0,2.0,4.0,1.0,2
751,2,2,0,0,1,0,0,4,4.0,2.0,4.0,1.0,1
752,4,1,0,0,0,1,1,5,0.0,0.0,4.5,2.0,3
753,3,0,0,1,0,0,0,3,4.75,4.0,5.0,1.0,0
754,2,0,0,1,0,0,0,2,4.0,2.0,0.0,0.0,0
755,2,1,0,0,0,0,1,3,0.0,0.0,4.666666666666667,3.0,3
756,3,3,0,0,0,1,1,6,0.0,0.0,3.0,1.0,3
757,1,2,0,1,0,0,0,3,4.5,4.0,4.0,4.0,0
758,2,0,1,1,1,0,0,2,4.0,3.0,4.0,2.0,2
759,3,0,0,0,0,0,1,3,3.0,2.0,5.0,2.0,0
760,2,2,1,0,1,1,0,4,4.0,2.0,3.0,1.0,2
761,3,0,0,1,0,1,1,3,4.0,3.0,4.4,5.0,0
762,3,2,0,1,0,0,1,5,4.5,4.0,3.5,4.0,1
763,1,0,1,0,0,0,1,1,4.0,2.0,0.0,0.0,0
764,2,1,0,0,0,1,1,3,5.0,1.0,5.0,3.0,0
765,5,1,0,1,0,1,0,6,4.5,2.0,4.2,5.0,1
766,2,1,0,0,1,0,1,3,4.0,1.0,4.0,3.0,0
767,2,0,1,0,1,0,0,2,4.666666666666667,3.0,4.333333333333333,6.0,2
768,2,1,1,0,0,0,0,3,4.0,4.0,4.166666666666667,6.0,2
769,2,1,1,0,0,0,0,3,3.6666666666666665,3.0,5.0,2.0,2
770,5,2,0,0,1,0,0,7,5.0,2.0,0.0,0.0,1
771,3,0,1,0,0,0,1,3,5.0,1.0,2.0,1.0,0
772,3,3,0,0,0,0,1,6,0.0,0.0,4.0,3.0,3
773,2,1,0,1,0,0,1,3,4.0,1.0,0.0,0.0,0
774,1,1,1,0,0,0,1,2,4.0,2.0,4.25,4.0,0
775,5,0,1,0,1,0,0,5,4.5,2.0,5.0,2.0,1
776,3,0,0,1,1,0,0,3,4.5,4.0,4.2,5.0,2
777,5,1,0,0,1,0,0,6,3.0,1.0,4.333333333333333,3.0,1
778,2,0,1,0,0,0,1,2,4.0,1.0,5.0,1.0,0
779,5,0,0,1,0,0,1,5,4.5,4.0,5.0,1.0,1
780,2,1,1,1,1,0,0,3,4.666666666666667,3.0,5.0,2.0,2
781,3,1,0,1,0,0,1,4,4.5,2.0,4.5,2.0,0
782,2,0,0,0,1,1,0,2,5.0,2.0,5.0,1.0,2
783,2,2,0,0,0,1,0,4,0.0,0.0,5.0,2.0,3
784,3,2,0,0,0,1,0,5,4.333333333333333,3.0,4.333333333333333,3.0,1
785,3,3,0,1,0,0,1,6,4.0,3.0,4.0,1.0,1
786,1,0,0,1,1,0,0,1,4.25,4.0,4.5,4.0,2
787,1,1,0,0,0,1,1,2,5.0,1.0,3.0,2.0,0
788,5,0,1,1,0,0,0,5,0.0,0.0,4.0,4.0,3
789,5,2,0,0,0,1,0,7,0.0,0.0,4.0,6.0,3
790,1,2,0,0,1,1,0,3,4.0,1.0,4.2,5.0,2
791,3,2,0,0,0,1,1,5,4.666666666666667,3.0,4.0,2.0,1
792,1,1,0,0,0,1,0,2,4.5,2.0,0.0,0.0,0
793,2,0,0,1,1,0,0,2,0.0,0.0,5.0,2.0,3
794,2,2,1,0,1,1,0,4,4.0,3.0,4.6,5.0,2
795,1,2,0,1,0,1,1,3,5.0,2.0,4.0,1.0,0
796,2,1,0,1,0,0,1,3,3.0,2.0,3.8,5.0,0
797,1,0,0,0,1,0,1,1,0.0,0.0,4.333333333333333,3.0,3
798,1,0,1,1,0,0,0,1,4.0,3.0,3.0,1.0,2
799,1,0,0,0,0,1,1,1,4.2,5.0,3.0,1.0,0
800,1,0,1,0,1,1,0,1,4.333333333333333,3.0,4.5,4.0,2
801,1,0,0,0,0,1,1,1,0.0,0.0,4.2,5.0,3
802,2,1,1,1,1,0,0,3,0.0,0.0,4.25,4.0,3
803,3,3,1,0,1,0,0,6,0.0,0.0,4.333333333333333,3.0,3
804,2,0,0,0,1,1,0,2,3.6666666666666665,3.0,4.5,4.0,2
805,3,2,0,0,1,1,0,5,4.5,2.0,4.666666666666667,3.0,1
806,4,1,1,0,1,0,0,5,5.0,2.0,4.0,2.0,1
807,4,0,0,1,0,1,0,4,0.0,0.0,4.5,4.0,3
808,1,1,1,0,0,0,0,2,0.0,0.0,4.333333333333333,3.0,3
809,2,0,0,1,0,0,0,2,3.6666666666666665,3.0,4.25,4.0,0
810,1,1,1,0,0,1,0,2,4.0,4.0,4.0,4.0,2
811,2,0,0,1,0,0,0,2,0.0,0.0,4.714285714285714,7.0,3
812,5,2,0,1,1,0,0,7,4.0,1.0,4.0,2.0,1
813,4,0,0,1,0,1,1,4,4.0,3.0,4.666666666666667,3.0,0
814,2,2,0,0,1,0,0,4,4.0,3.0,4.25,4.0,1
815,3,1,0,0,1,1,0,4,4.0,5.0,5.0,1.0,1
816,2,1,0,1,0,0,0,3,5.0,4.0,4.666666666666667,3.0,0
817,3,0,0,1,1,0,0,3,5.0,1.0,4.666666666666667,3.0,2
818,3,3,0,1,0,1,1,6,4.5,4.0,4.0,4.0,1
819,3,2,0,1,0,0,0,5,5.0,2.0,4.5,2.0,1
820,4,1,0,1,1,0,0,5,0.0,0.0,4.0,2.0,3
821,4,1,0,1,0,0,1,5,3.5,2.0,4.4,5.0,1
822,2,1,1,0,1,0,0,3,4.0,2.0,3.75,4.0,2
823,3,0,0,1,0,0,1,3,4.5,2.0,4.25,4.0,0
824,2,1,0,1,0,1,1,3,3.5,2.0,4.666666666666667,3.0,0
825,2,0,0,0,0,0,1,2,4.5,4.0,0.0,0.0,0
826,2,1,0,0,0,0,1,3,0.0,0.0,5.0,2.0,3
827,4,0,0,1,0,0,1,4,5.0,1.0,4.0,3.0,0
828,2,1,1,0,1,0,0,3,4.333333333333333,6.0,4.4,5.0,2
829,5,1,0,1,1,0,0,6,5.0,2.0,3.3333333333333335,3.0,1
830,2,0,1,1,0,0,0,2,4.5,2.0,4.0,2.0,2
831,3,0,0,1,0,1,0,3,3.5,2.0,4.0,3.0,0
832,1,2,0,1,1,0,0,3,5.0,2.0,4.0,3.0,2
833,1,0,0,1,1,0,0,1,4.0,4.0,4.0,2.0,2
834,5,2,0,1,1,0,0,7,0.0,0.0,4.333333333333333,3.0,3
835,3,0,0,0,1,1,0,3,4.0,1.0,0.0,0.0,2
836,1,0,0,1,0,1,0,1,4.0,1.0,4.5,2.0,0
837,4,2,1,0,0,0,0,6,5.0,1.0,3.6666666666666665,3.0,1
838,3,0,0,0,0,0,1,3,4.5,2.0,4.333333333333333,3.0,0
839,3,1,0,1,0,0,0,4,4.0,1.0,4.5,2.0,1
840,3,0,1,1,0,0,0,3,4.0,8.0,4.0,2.0,2
841,3,2,1,0,0,1,0,5,4.0,1.0,4.25,4.0,1
842,3,0,0,1,0,0,0,3,4.2,5.0,5.0,1.0,0
843,3,0,1,0,1,1,0,3,3.0,1.0,4.4,5.0,2
844,2,0,0,0,0,1,1,2,4.5,2.0,3.3333333333333335,3.0,0
845,3,0,0,1,0,0,1,3,3.6666666666666665,3.0,5.0,2.0,0
846,4,1,0,0,1,0,0,5,4.5,2.0,4.5,4.0,1
847,5,1,0,1,0,1,0,6,3.5,2.0,4.5,2.0,1
848,3,1,0,0,1,0,0,4,4.0,2.0,4.4,5.0,1
849,2,2,0,1,1,0,0,4,4.666666666666667,3.0,3.6666666666666665,3.0,1
850,1,0,0,1,0,0,0,1,3.75,4.0,4.666666666666667,3.0,0
851,2,1,0,0,1,0,0,3,4.333333333333333,3.0,4.333333333333333,3.0,2
852,3,0,0,0,0,1,0,3,4.5,2.0,4.333333333333333,6.0,0
853,4,0,0,0,0,1,0,4,4.0,1.0,4.0,2.0,1
854,1,0,0,1,1,0,0,1,4.0,1.0,0.0,0.0,2
855,2,2,1,0,0,0,1,4,3.6666666666666665,3.0,5.0,1.0,0
856,2,1,0,1,0,0,1,3,4.75,4.0,5.0,3.0,0
857,4,0,0,1,0,1,0,4,4.0,3.0,3.0,2.0,1
858,1,1,0,0,0,1,1,2,5.0,1.0,5.0,4.0,0
859,2,0,1,0,1,0,0,2,4.0,1.0,4.5,2.0,2
860,3,1,1,1,1,0,0,4,4.666666666666667,6.0,4.166666666666667,6.0,2
861,5,0,1,0,1,0,0,5,3.75,4.0,5.0,2.0,1
862,4,0,1,0,1,1,0,4,4.666666666666667,3.0,4.0,4.0,2
863,4,0,0,0,1,0,1,4,4.75,4.0,5.0,2.0,1
864,3,2,0,1,0,0,1,5,4.142857142857143,7.0,4.2,5.0,1
865,1,2,0,0,1,1,0,3,3.75,4.0,4.25,4.0,2
866,1,1,1,0,0,0,1,2,0.0,0.0,4.0,5.0,3
867,3,0,1,0,0,1,0,3,5.0,1.0,4.5,4.0,2
868,4,1,0,1,1,0,0,5,4.333333333333333,3.0,5.0,2.0,1
869,2,0,1,1,0,0,0,2,5.0,3.0,4.2,5.0,2
870,4,0,1,0,0,1,0,4,3.5,2.0,3.0,1.0,2
871,5,0,0,1,1,0,0,5,4.333333333333333,3.0,5.0,1.0,1
872,1,0,1,0,1,0,0,1,5.0,1.0,4.0,2.0,2
873,2,0,0,1,0,0,1,2,3.5,2.0,4.666666666666667,3.0,0
874,2,3,0,0,1,0,1,5,0.0,0.0,5.0,2.0,3
875,1,1,0,0,0,1,1,2,4.5,4.0,4.0,4.0,0
876,1,0,0,1,0,0,1,1,3.8,5.0,4.0,3.0,0
877,2,2,1,0,0,1,0,4,4.0,1.0,4.75,4.0,2
878,4,1,0,0,0,1,0,5,0.0,0.0,4.0,1.0,3
879,5,1,1,0,1,1,0,6,4.0,1.0,5.0,1.0,1
880,2,2,0,0,0,1,0,4,4.0,2.0,4.0,1.0,1
881,1,0,0,0,0,1,0,1,5.0,1.0,3.6666666666666665,6.0,0
882,4,1,1,0,1,1,0,5,0.0,0.0,4.333333333333333,3.0,3
883,3,1,0,0,0,1,0,4,4.25,4.0,4.75,4.0,1
884,2,0,0,0,1,0,0,2,4.0,1.0,4.25,4.0,2
885,3,1,0,1,1,0,0,4,4.5,2.0,4.0,5.0,1
886,2,1,0,1,1,0,0,3,4.0,2.0,4.0,4.0,2
887,2,2,0,1,0,1,1,4,4.666666666666667,3.0,4.333333333333333,3.0,0
888,3,0,0,1,0,1,1,3,4.333333333333333,3.0,4.5,2.0,0
889,4,0,0,0,1,1,0,4,4.333333333333333,3.0,4.0,3.0,1
890,2,3,1,0,0,0,0,5,5.0,1.0,4.0,5.0,1
891,3,1,0,0,1,0,1,4,5.0,1.0,3.0,1.0,1
892,3,0,0,1,1,0,0,3,4.0,1.0,4.333333333333333,3.0,2
893,3,1,1,0,0,0,1,4,4.0,3.0,0.0,0.0,0
894,4,0,0,1,0,1,1,4,0.0,0.0,4.5,6.0,3
895,3,0,0,1,0,1,0,3,5.0,2.0,4.0,7.0,0
896,2,0,1,1,1,0,0,2,3.0,2.0,4.5,2.0,2
897,3,0,0,1,0,1,1,3,3.0,1.0,4.0,6.0,0
898,3,0,0,0,0,1,1,3,4.0,2.0,4.5,2.0,0
899,2,1,0,0,1,0,0,3,0.0,0.0,4.666666666666667,3.0,3
900,3,0,0,0,0,0,1,3,4.0,2.0,4.0,2.0,0
901,5,1,1,0,1,1,0,6,4.0,1.0,4.0,3.0,1
902,2,1,0,0,0,1,1,3,4.4,5.0,4.666666666666667,3.0,0
903,2,0,1,0,0,1,0,2,5.0,3.0,4.0,2.0,2
904,1,0,0,0,1,0,1,1,5.0,2.0,3.5,2.0,0
905,5,0,0,0,1,0,0,5,5.0,2.0,4.0,1.0,1
906,3,0,1,1,1,0,0,3,3.6666666666666665,3.0,4.0,2.0,2
907,2,0,0,1,0,1,0,2,4.0,2.0,4.0,1.0,0
908,3,1,0,0,1,0,1,4,4.0,4.0,3.8,5.0,1
909,4,0,1,0,0,0,1,4,4.0,2.0,4.0,3.0,0
910,3,2,1,0,0,0,0,5,0.0,0.0,3.5,2.0,3
911,2,2,1,0,0,0,1,4,5.0,2.0,4.5,2.0,0
912,2,1,0,1,0,1,0,3,3.5,2.0,0.0,0.0,0
913,3,2,0,1,1,0,0,5,4.0,1.0,4.0,3.0,1
914,3,1,1,0,0,0,0,4,4.5,4.0,4.333333333333333,3.0,2
915,1,3,0,1,0,0,0,4,3.8,5.0,5.0,3.0,1
916,4,0,0,1,1,0,0,4,5.0,1.0,4.0,6.0,1
917,4,2,1,0,0,0,1,6,4.333333333333333,3.0,3.6666666666666665,6.0,1
918,3,1,1,0,1,0,0,4,4.5,2.0,4.0,4.0,2
919,3,1,0,1,0,1,0,4,3.5,2.0,4.5,2.0,1
920,2,0,1,1,0,0,0,2,4.0,4.0,4.0,2.0,2
921,5,2,0,0,0,0,1,7,4.0,2.0,3.75,4.0,1
922,4,0,0,1,0,0,0,4,4.5,4.0,4.0,1.0,1
923,2,0,1,0,0,1,0,2,5.0,1.0,0.0,0.0,2
924,3,0,1,1,1,0,0,3,4.666666666666667,3.0,4.4,5.0,2
925,3,1,0,0,1,1,0,4,0.0,0.0,3.75,4.0,3
926,3,0,1,0,1,0,0,3,0.0,0.0,5.0,4.0,3
927,2,0,1,0,0,1,0,2,4.0,3.0,4.5,2.0,2
928,3,0,0,1,1,0,0,3,3.8,5.0,4.666666666666667,3.0,2
929,2,0,0,0,1,0,1,2,4.0,2.0,4.4,5.0,0
930,5,0,0,0,0,1,1,5,4.571428571428571,7.0,4.0,1.0,1
931,1,0,1,0,0,0,1,1,3.0,1.0,5.0,1.0,0
932,5,1,1,0,1,1,0,6,5.0,3.0,4.0,3.0,1
933,2,0,1,0,1,1,0,2,4.25,4.0,4.5,2.0,2
934,2,0,0,1,1,0,0,2,4.5,2.0,4.4,5.0,2
935,1,0,0,0,0,0,1,1,4.0,5.0,4.333333333333333,3.0,0
936,2,2,0,0,0,1,1,4,3.8,5.0,4.0,3.0,0
937,3,0,0,1,1,0,0,3,4.5,4.0,4.0,4.0,2
938,2,0,0,0,0,1,1,2,5.0,1.0,4.166666666666667,6.0,0
939,2,3,0,0,0,1,0,5,4.0,2.0,4.666666666666667,3.0,1
940,2,0,0,0,0,1,1,2,4.0,2.0,4.5,4.0,0
941,4,1,1,0,0,0,1,5,5.0,4.0,4.0,2.0,1
942,5,0,0,1,1,0,0,5,4.0,2.0,4.666666666666667,3.0,1
943,2,2,1,0,1,0,0,4,4.5,2.0,4.0,4.0,2
944,3,0,0,1,0,0,0,3,4.5,2.0,4.5,2.0,0
945,2,1,1,0,1,1,0,3,4.25,4.0,4.4,5.0,2
946,4,1,0,1,1,0,0,5,4.5,2.0,5.0,1.0,1
947,2,1,1,0,0,0,1,3,4.0,1.0,3.5,4.0,0
948,4,0,0,1,1,0,0,4,3.5,2.0,4.333333333333333,3.0,1
949,4,0,0,0,1,0,0,4,4.666666666666667,3.0,4.6,5.0,1
950,2,0,0,0,0,1,1,2,4.75,4.0,4.0,1.0,0
951,4,2,0,0,1,0,0,6,4.0,1.0,4.0,1.0,1
952,3,3,0,1,0,0,1,6,4.666666666666667,3.0,0.0,0.0,1
953,3,0,0,0,0,0,1,3,4.0,4.0,4.4,5.0,0
954,5,1,0,1,1,0,0,6,0.0,0.0,4.666666666666667,3.0,3
955,3,2,0,1,0,1,1,5,4.333333333333333,3.0,3.8,5.0,1
956,3,1,1,0,1,0,0,4,4.5,2.0,4.4,5.0,2
957,1,1,0,0,0,0,1,2,4.0,1.0,4.0,2.0,0
958,2,1,0,0,1,0,0,3,4.333333333333333,3.0,4.5,2.0,2
959,2,0,0,1,0,1,0,2,4.75,4.0,4.75,8.0,0
960,2,0,1,1,0,0,0,2,4.0,1.0,4.0,4.0,2
961,2,1,1,0,1,1,0,3,3.5,4.0,4.0,3.0,2
962,1,0,0,1,0,0,1,1,4.5,2.0,4.5,6.0,0
963,2,2,0,0,0,1,1,4,4.333333333333333,3.0,4.666666666666667,6.0,0
964,2,0,0,0,0,1,1,2,4.0,2.0,4.333333333333333,6.0,0
965,2,0,0,1,0,0,0,2,3.0,1.0,5.0,1.0,0
966,4,1,0,0,1,0,0,5,4.333333333333333,3.0,4.5,4.0,1
967,3,1,1,0,0,0,0,4,4.0,2.0,4.5,2.0,2
968,2,0,0,0,0,0,1,2,4.333333333333333,3.0,4.0,1.0,0
969,3,1,1,0,1,0,0,4,4.0,2.0,4.0,4.0,2
970,2,0,1,0,0,1,0,2,0.0,0.0,4.333333333333333,3.0,3
971,4,1,0,1,0,0,0,5,4.5,2.0,5.0,1.0,1
972,2,1,0,1,1,0,0,3,4.75,4.0,4.25,4.0,2
973,2,2,0,1,1,0,0,4,4.6,5.0,4.0,2.0,1
974,2,0,0,0,1,1,0,2,4.25,4.0,4.333333333333333,3.0,2
975,2,0,0,0,1,1,0,2,4.0,1.0,4.0,2.0,2
976,4,1,1,0,0,0,1,5,0.0,0.0,4.5,4.0,3
977,1,0,1,0,1,1,0,1,4.25,4.0,4.25,4.0,2
978,4,2,1,0,1,1,0,6,5.0,4.0,4.5,4.0,1
979,5,0,1,0,1,0,0,5,3.5,2.0,4.4,5.0,1
980,2,2,0,0,0,1,1,4,3.0,1.0,4.25,4.0,0
981,4,0,1,1,0,0,0,4,4.0,3.0,4.5,2.0,2
982,4,0,0,0,0,1,1,4,4.5,2.0,3.5,2.0,0
983,1,0,0,0,1,0,0,1,3.0,1.0,3.5,2.0,2
984,1,0,1,1,0,0,0,1,4.0,1.0,4.4,5.0,2
985,2,0,1,0,0,0,0,2,5.0,2.0,4.666666666666667,3.0,2
986,2,1,0,1,1,0,0,3,3.0,2.0,5.0,2.0,2
987,5,1,1,1,0,0,0,6,4.0,4.0,4.0,3.0,1
988,4,1,1,1,1,0,0,5,4.333333333333333,3.0,4.6,5.0,1
989,1,0,0,1,1,0,0,1,4.5,2.0,4.4,5.0,2
990,3,0,1,0,0,1,0,3,5.0,2.0,0.0,0.0,2
991,2,1,0,1,0,1,1,3,0.0,0.0,5.0,2.0,3
992,3,0,0,0,0,1,1,3,4.5,4.0,4.4,5.0,0
993,2,0,1,1,0,0,0,2,4.5,4.0,4.25,4.0,2
994,2,0,1,0,1,1,0,2,4.333333333333333,3.0,4.5,4.0,2
995,2,0,0,0,0,0,1,2,4.5,2.0,4.0,3.0,0
996,2,0,0,0,0,1,1,2,4.333333333333333,3.0,3.0,1.0,0
997,2,0,0,0,0,1,0,2,4.0,4.0,4.0,4.0,0
998,3,1,1,0,0,0,0,4,3.5,2.0,3.75,4.0,2
999,1,1,0,0,0,1,1,2,5.0,1.0,4.0,1.0,0
1000,1,0,0,1,0,0,0,1,3.0,1.0,4.333333333333333,3.0,0
1001,2,0,1,0,1,0,0,2,4.0,4.0,4.714285714285714,7.0,2
1002,2,0,0,0,0,1,1,2,4.0,2.0,4.0,1.0,0
1003,2,2,0,1,1,0,0,4,4.0,1.0,4.333333333333333,3.0,1
1004,2,1,0,1,0,0,1,3,3.5,2.0,5.0,2.0,0
1005,4,0,0,0,0,1,0,4,4.333333333333333,3.0,4.333333333333333,3.0,1
1006,4,0,0,1,0,0,0,4,4.333333333333333,3.0,4.5,4.0,1
1007,3,3,1,0,0,0,0,6,4.0,1.0,4.0,4.0,1
1008,3,1,1,1,0,0,0,4,3.5,2.0,3.0,3.0,2
1009,5,1,0,1,0,0,1,6,4.75,4.0,5.0,1.0,1
1010,1,2,0,0,0,0,1,3,4.0,1.0,5.0,1.0,0
1011,4,1,0,0,1,0,1,5,4.5,2.0,4.25,4.0,1
1012,2,2,0,1,0,1,1,4,4.5,6.0,4.0,2.0,0
1013,2,0,0,0,0,0,1,2,5.0,2.0,5.0,1.0,0
1014,4,0,0,1,1,0,0,4,0.0,0.0,4.0,1.0,3
1015,3,0,0,1,1,0,0,3,3.0,1.0,4.0,4.0,2
1016,5,2,1,0,0,0,1,7,4.0,2.0,4.0,2.0,1
1017,2,1,0,1,0,1,1,3,4.0,3.0,4.0,2.0,0
1018,2,0,0,1,0,0,0,2,0.0,0.0,4.0,4.0,3
1019,1,1,0,1,0,1,1,2,3.6666666666666665,3.0,5.0,3.0,0
1020,4,1,0,1,0,0,0,5,4.666666666666667,3.0,4.666666666666667,3.0,1
1021,5,1,1,1,1,0,0,6,4.75,4.0,3.5,2.0,1
1022,5,0,0,1,1,0,0,5,5.0,1.0,4.75,4.0,1
1023,2,2,0,0,0,1,1,4,4.0,1.0,5.0,1.0,0
1024,2,0,0,1,0,1,1,2,4.5,2.0,4.75,4.0,0
1025,3,2,1,0,0,1,0,5,4.0,1.0,4.0,3.0,1
1026,3,0,1,0,0,0,1,3,3.0,2.0,5.0,4.0,0
1027,5,1,0,0,0,1,1,6,5.0,1.0,5.0,3.0,1
1028,3,2,0,0,0,1,0,5,4.571428571428571,7.0,4.8,5.0,1
1029,5,0,1,0,1,0,0,5,5.0,1.0,3.6666666666666665,3.0,1
1030,2,0,1,0,1,0,0,2,4.0,2.0,5.0,1.0,2
1031,1,1,0,0,0,1,1,2,3.6666666666666665,3.0,4.666666666666667,3.0,0
1032,2,1,0,0,1,1,0,3,0.0,0.0,4.666666666666667,3.0,3
1033,3,0,1,0,1,0,0,3,3.8333333333333335,6.0,4.5,4.0,2
1034,1,0,0,1,0,1,1,1,3.0,1.0,4.0,1.0,0
1035,3,0,0,0,1,0,1,3,4.0,3.0,4.0,2.0,0
1036,1,0,1,1,1,0,0,1,4.8,5.0,4.5,2.0,2
1037,3,0,1,0,0,0,1,3,4.666666666666667,3.0,3.75,4.0,0
1038,5,1,0,0,1,1,0,6,4.5,4.0,4.0,2.0,1
1039,4,3,0,1,0,0,1,7,4.25,4.0,4.4,5.0,1
1040,2,0,1,0,0,1,0,2,4.666666666666667,3.0,4.25,4.0,2
1041,4,2,1,1,0,0,0,6,4.25,4.0,4.5,4.0,1
1042,4,1,0,1,0,1,0,5,5.0,2.0,4.5,6.0,1
1043,2,0,1,0,1,0,0,2,4.0,2.0,4.5,2.0,2
1044,5,0,0,0,0,1,1,5,4.666666666666667,3.0,4.75,4.0,1
1045,1,2,0,0,1,1,0,3,4.285714285714286,7.0,4.666666666666667,3.0,2
1046,4,1,0,0,1,0,1,5,5.0,1.0,4.333333333333333,3.0,1
1047,1,1,1,0,1,1,0,2,4.666666666666667,3.0,5.0,2.0,2
1048,1,0,0,1,0,1,1,1,5.0,1.0,5.0,2.0,0
1049,3,0,0,1,0,1,1,3,4.333333333333333,3.0,5.0,2.0,0
1050,4,0,0,0,1,0,1,4,4.0,2.0,4.5,2.0,1
1051,4,1,0,1,1,0,0,5,5.0,2.0,5.0,1.0,1
1052,5,1,0,1,1,0,0,6,5.0,1.0,4.428571428571429,7.0,1
1053,2,0,1,1,1,0,0,2,5.0,1.0,4.2,5.0,2
1054,3,0,0,0,0,1,0,3,4.5,2.0,4.5,4.0,0
1055,2,0,1,0,1,1,0,2,4.75,4.0,4.0,2.0,2
1056,2,1,0,0,1,0,1,3,0.0,0.0,5.0,1.0,3
1057,2,3,1,0,0,1,0,5,4.6,5.0,5.0,1.0,1
1058,1,0,1,1,1,0,0,1,4.25,4.0,2.0,1.0,2
1059,2,0,1,0,0,1,0,2,3.0,2.0,4.5,2.0,2
1060,2,0,0,0,1,0,1,2,3.5,2.0,4.5,6.0,0
1061,4,0,1,0,0,0,0,4,4.0,1.0,4.333333333333333,3.0,2
1062,2,1,0,0,0,1,1,3,3.5,6.0,5.0,1.0,0
1063,2,0,0,0,0,1,1,2,4.666666666666667,3.0,4.5,2.0,0
1064,3,2,0,0,1,1,0,5,4.6,5.0,4.5,6.0,1
1065,4,3,1,0,0,0,1,7,4.0,2.0,5.0,1.0,1
1066,2,0,1,0,1,1,0,2,5.0,1.0,4.428571428571429,7.0,2
1067,2,0,0,1,0,0,0,2,5.0,2.0,4.666666666666667,3.0,0
1068,3,2,0,1,0,1,1,5,4.75,4.0,3.6666666666666665,3.0,1
1069,2,0,0,1,0,0,0,2,4.166666666666667,6.0,4.333333333333333,3.0,0
1070,1,1,1,0,0,0,1,2,5.0,4.0,4.0,5.0,0
1071,2,1,0,1,0,1,1,3,4.333333333333333,3.0,4.0,2.0,0
1072,2,0,0,0,0,1,1,2,4.571428571428571,7.0,4.5,2.0,0
1073,2,1,0,0,0,1,1,3,0.0,0.0,5.0,1.0,3
1074,1,0,1,0,1,0,0,1,3.5,2.0,4.333333333333333,3.0,2
1075,3,1,1,0,0,0,1,4,3.0,1.0,4.5,4.0,0
1076,4,0,1,0,0,0,1,4,5.0,2.0,3.0,1.0,0
1077,3,3,1,1,0,0,0,6,5.0,1.0,4.5,2.0,1
1078,3,2,0,0,0,1,0,5,4.0,3.0,5.0,1.0,1
1079,2,2,0,1,0,1,0,4,4.333333333333333,3.0,3.857142857142857,7.0,1
1080,1,2,1,1,0,0,0,3,5.0,2.0,5.0,2.0,2
1081,2,1,0,1,0,1,0,3,4.0,2.0,4.5,2.0,0
1082,4,2,1,1,0,0,0,6,5.0,1.0,4.0,1.0,1
1083,4,3,1,0,1,1,0,7,5.0,2.0,4.5,4.0,1
1084,1,1,1,0,0,1,0,2,4.5,2.0,3.0,1.0,2
1085,1,1,1,1,1,0,0,2,4.25,4.0,0.0,0.0,2
1086,2,0,1,0,0,0,0,2,4.2,5.0,5.0,2.0,2
1087,2,2,0,0,0,0,1,4,3.0,1.0,4.5,2.0,0
1088,2,0,1,1,1,0,0,2,3.6666666666666665,3.0,4.25,4.0,2
1089,3,2,0,0,0,1,0,5,4.666666666666667,3.0,4.5,4.0,1
1090,1,0,1,0,0,0,1,1,4.0,5.0,0.0,0.0,0
1091,5,2,0,0,0,0,1,7,4.5,2.0,4.5,4.0,1
1092,4,0,0,1,1,0,0,4,3.6666666666666665,3.0,4.5,2.0,1
1093,2,1,0,0,1,0,0,3,3.6666666666666665,3.0,4.0,3.0,2
1094,2,2,0,1,0,1,1,4,4.333333333333333,3.0,4.25,4.0,0
1095,5,1,0,1,1,0,0,6,4.666666666666667,3.0,4.0,2.0,1
1096,1,0,1,0,1,0,0,1,4.75,4.0,5.0,1.0,2
1097,1,0,1,0,0,1,0,1,4.0,4.0,3.0,2.0,2
1098,1,0,1,0,0,1,0,1,4.666666666666667,3.0,5.0,1.0,2
1099,1,1,0,0,0,1,0,2,5.0,1.0,4.6,5.0,0
1100,4,1,0,1,1,0,0,5,5.0,1.0,4.5,2.0,1
1101,3,0,0,1,1,0,0,3,4.8,5.0,4.333333333333333,3.0,2
1102,1,1,1,0,0,1,0,2,3.6666666666666665,3.0,4.6,5.0,2
1103,3,0,1,0,1,0,0,3,0.0,0.0,4.5,4.0,3
1104,2,0,1,0,0,1,0,2,3.8,5.0,4.125,8.0,2
1105,3,0,0,1,0,1,0,3,3.3333333333333335,3.0,5.0,1.0,0
1106,4,0,0,0,0,0,1,4,4.5,6.0,0.0,0.0,0
1107,1,0,1,0,0,0,0,1,3.5,2.0,4.0,1.0,2
1108,2,0,0,1,0,1,0,2,4.5,2.0,4.6,5.0,0
1109,2,1,0,1,0,0,1,3,4.0,1.0,4.0,1.0,0
1110,5,1,0,1,1,0,0,6,4.75,4.0,3.0,1.0,1
1111,2,0,0,1,0,1,0,2,4.333333333333333,3.0,4.666666666666667,3.0,0
1112,3,3,0,0,1,0,1,6,4.0,2.0,4.75,4.0,1
1113,3,1,0,1,1,0,0,4,4.0,4.0,5.0,1.0,1
1114,2,0,0,0,0,1,0,2,4.25,4.0,4.375,8.0,0
1115,4,0,0,1,0,0,0,4,4.0,1.0,0.0,0.0,1
1116,2,1,0,1,1,0,0,3,5.0,2.0,4.6,5.0,2
1117,3,0,0,0,1,0,1,3,0.0,0.0,4.333333333333333,3.0,3
1118,4,0,1,1,0,0,0,4,4.0,1.0,3.0,1.0,2
1119,2,1,0,0,0,1,1,3,4.0,2.0,0.0,0.0,0
1120,2,0,0,1,0,0,0,2,5.0,1.0,3.8333333333333335,6.0,0
1121,2,1,0,1,1,0,0,3,4.0,1.0,4.75,4.0,2
1122,2,0,1,0,0,0,0,2,4.0,1.0,3.6666666666666665,3.0,2
1123,4,0,0,0,0,1,0,4,4.0,1.0,5.0,1.0,1
1124,2,0,1,1,1,0,0,2,4.0,1.0,4.0,5.0,2
1125,1,0,1,0,1,1,0,1,4.5,2.0,4.5,4.0,2
1126,4,1,1,1,0,0,0,5,4.0,1.0,4.0,2.0,1
1127,2,0,1,0,0,0,0,2,3.5,2.0,5.0,1.0,2
1128,5,0,1,0,1,0,0,5,4.25,4.0,4.6,5.0,1
1129,1,0,0,0,0,1,1,1,4.0,3.0,0.0,0.0,0
1130,3,0,0,0,0,1,1,3,3.0,1.0,3.6666666666666665,6.0,0
1131,2,1,0,0,0,1,1,3,4.25,4.0,4.25,4.0,0
1132,3,3,1,0,0,0,0,6,4.0,2.0,4.333333333333333,6.0,1
1133,2,0,0,1,1,0,0,2,4.5,4.0,4.4,5.0,2
1134,3,1,0,1,0,0,1,4,0.0,0.0,4.0,4.0,3
1135,2,3,1,0,0,0,0,5,4.5,2.0,4.0,1.0,1
1136,3,1,0,0,0,0,1,4,3.5,2.0,3.0,1.0,0
1137,2,2,1,0,0,1,0,4,4.5,2.0,4.75,4.0,2
1138,2,1,0,0,1,1,0,3,4.0,3.0,4.0,5.0,2
1139,2,0,1,0,1,0,0,2,3.0,2.0,4.0,1.0,2
1140,2,0,1,1,0,0,0,2,4.5,2.0,0.0,0.0,2
1141,1,1,0,1,0,1,1,2,4.666666666666667,3.0,5.0,2.0,0
1142,4,1,0,0,0,1,0,5,4.0,3.0,4.5,4.0,1
1143,2,1,0,0,0,1,1,3,4.0,3.0,4.666666666666667,6.0,0
1144,4,2,1,0,0,0,0,6,4.0,1.0,3.0,1.0,1
1145,4,0,1,0,0,0,1,4,4.5,2.0,4.666666666666667,3.0,0
1146,5,3,1,0,0,1,0,8,5.0,2.0,3.0,1.0,1
1147,2,1,0,1,0,1,0,3,5.0,3.0,3.5,2.0,0
1148,4,2,0,0,0,1,0,6,5.0,1.0,5.0,1.0,1
1149,4,2,0,0,0,1,1,6,4.8,5.0,4.5,2.0,1
1150,4,3,0,1,0,0,1,7,5.0,2.0,4.0,3.0,1
1151,3,0,0,0,0,1,0,3,4.333333333333333,6.0,4.666666666666667,6.0,0
1152,5,1,0,1,1,0,0,6,4.6,5.0,4.75,4.0,1
1153,3,0,0,0,0,1,1,3,4.666666666666667,3.0,3.6666666666666665,3.0,0
1154,3,0,1,0,1,1,0,3,4.333333333333333,6.0,4.571428571428571,7.0,2
1155,2,0,0,0,1,0,1,2,4.666666666666667,3.0,3.6666666666666665,3.0,0
1156,5,1,1,0,0,1,0,6,5.0,1.0,4.2,5.0,1
1157,3,0,0,1,1,0,0,3,4.0,1.0,3.7142857142857144,7.0,2
1158,3,1,0,0,0,1,1,4,4.0,3.0,4.666666666666667,3.0,0
1159,4,0,0,1,0,1,0,4,4.0,4.0,4.333333333333333,3.0,1
1160,3,2,0,1,1,0,0,5,4.25,4.0,0.0,0.0,1
1161,1,3,0,0,0,0,1,4,4.0,2.0,4.4,5.0,0
1162,3,0,0,0,0,1,0,3,4.0,3.0,5.0,1.0,0
1163,4,1,0,0,1,1,0,5,4.5,2.0,4.75,4.0,1
1164,3,3,0,1,0,1,0,6,5.0,3.0,4.75,4.0,1
1165,5,1,0,1,1,0,0,6,4.2,5.0,4.0,1.0,1
1166,4,1,0,1,0,1,1,5,4.666666666666667,3.0,5.0,1.0,1
1167,4,0,0,0,0,1,0,4,3.0,1.0,4.75,4.0,1
1168,4,2,1,0,1,0,0,6,5.0,1.0,4.2,5.0,1
1169,5,0,1,0,1,0,0,5,4.5,2.0,4.5,2.0,1
1170,5,1,0,1,0,1,1,6,5.0,2.0,0.0,0.0,1
1171,2,1,1,0,0,0,0,3,4.285714285714286,7.0,3.25,4.0,2
1172,3,0,1,0,0,0,0,3,4.0,1.0,4.0,4.0,2
1173,3,1,0,0,0,1,0,4,4.333333333333333,3.0,4.5,2.0,1
1174,3,2,1,0,0,0,1,5,4.6,5.0,4.0,2.0,1
1175,1,0,0,1,1,0,0,1,4.666666666666667,3.0,5.0,6.0,2
1176,4,2,1,0,0,0,0,6,4.0,1.0,4.0,2.0,1
1177,4,1,1,1,1,0,0,5,5.0,2.0,4.666666666666667,3.0,1
1178,3,2,0,1,1,0,0,5,3.5,2.0,4.666666666666667,3.0,1
1179,3,2,0,1,1,0,0,5,4.5,2.0,4.5,2.0,1
1180,2,3,0,0,0,1,1,5,4.666666666666667,3.0,3.0,1.0,1
1181,3,0,0,0,0,0,1,3,4.5,4.0,3.25,4.0,0
1182,3,1,1,0,1,1,0,4,4.666666666666667,3.0,3.6,5.0,2
1183,4,0,0,0,0,1,1,4,4.666666666666667,3.0,3.5,2.0,0
1184,1,1,0,0,0,1,1,2,3.0,2.0,3.0,1.0,0
1185,2,2,0,1,1,0,0,4,5.0,3.0,4.5,2.0,1
1186,3,3,0,1,0,0,1,6,4.5,4.0,4.0,2.0,1
1187,2,0,1,0,1,1,0,2,4.5,2.0,5.0,1.0,2
1188,2,1,0,0,1,0,1,3,4.0,1.0,5.0,4.0,0
1189,5,1,0,1,0,0,1,6,4.75,4.0,4.6,5.0,1
1190,2,0,1,0,0,0,0,2,3.5,2.0,4.428571428571429,7.0,2
1191,1,0,0,1,0,1,1,1,3.6666666666666665,3.0,4.4,5.0,0
1192,2,2,1,0,1,0,0,4,4.0,1.0,4.0,4.0,2
1193,4,0,1,1,1,0,0,4,3.75,4.0,4.6,5.0,2
1194,1,0,0,0,0,1,1,1,4.666666666666667,3.0,4.666666666666667,3.0,0
1195,3,1,0,0,1,0,1,4,4.333333333333333,3.0,4.0,4.0,1
1196,2,0,0,0,0,0,1,2,4.0,3.0,4.0,2.0,0
1197,4,2,0,1,1,0,0,6,4.333333333333333,3.0,0.0,0.0,1
1198,3,0,0,1,0,0,1,3,3.0,1.0,4.5,2.0,0
1199,3,1,0,0,1,0,0,4,4.0,1.0,5.0,1.0,1
1200,1,0,1,0,1,0,0,1,4.0,2.0,0.0,0.0,2
1201,5,1,0,0,0,1,1,6,4.0,2.0,4.333333333333333,3.0,1
1202,5,1,0,1,1,0,0,6,4.5,2.0,5.0,1.0,1
1203,5,0,0,0,0,0,1,5,4.666666666666667,3.0,4.75,4.0,1
1204,2,1,0,1,0,1,0,3,4.666666666666667,3.0,4.0,3.0,0
1205,1,1,1,0,0,0,1,2,5.0,2.0,3.3333333333333335,3.0,0
1206,4,2,0,0,1,1,0,6,4.4,5.0,4.666666666666667,3.0,1
1207,2,0,0,1,0,1,0,2,4.5,2.0,4.666666666666667,3.0,0
1208,2,0,1,0,1,0,0,2,3.3333333333333335,3.0,4.0,2.0,2
1209,4,0,1,1,0,0,0,4,4.25,4.0,4.75,4.0,2
1210,3,0,0,0,1,0,0,3,5.0,1.0,4.5,4.0,2
1211,2,2,0,0,1,0,0,4,5.0,1.0,3.8,5.0,1
1212,2,0,0,0,0,1,1,2,4.5,2.0,0.0,0.0,0
1213,2,1,1,0,0,0,1,3,4.4,5.0,4.0,4.0,0
1214,5,2,0,0,0,0,1,7,4.0,1.0,5.0,2.0,1
1215,2,1,1,1,0,0,0,3,4.4,5.0,4.0,2.0,2
1216,3,0,0,0,1,0,0,3,4.333333333333333,6.0,4.666666666666667,3.0,2
1217,2,1,0,0,1,0,1,3,4.0,4.0,4.5,2.0,0
1218,4,0,0,0,1,0,1,4,4.5,4.0,4.25,4.0,1
1219,3,0,1,0,0,1,0,3,4.25,4.0,3.8,5.0,2
1220,2,1,1,0,0,1,0,3,4.0,3.0,4.0,3.0,2
1221,3,0,0,1,1,0,0,3,5.0,1.0,4.333333333333333,3.0,2
1222,1,0,0,0,1,0,0,1,4.666666666666667,3.0,4.0,2.0,2
1223,4,0,0,0,1,0,1,4,4.5,2.0,3.5,2.0,1
1224,5,0,0,0,0,1,0,5,4.0,3.0,0.0,0.0,1
1225,1,0,0,1,1,0,0,1,5.0,1.0,4.142857142857143,7.0,2
1226,3,0,0,1,0,1,1,3,3.5,2.0,5.0,1.0,0
1227,3,1,1,0,1,0,0,4,4.5,2.0,3.6,5.0,2
1228,5,1,1,0,1,0,0,6,0.0,0.0,4.333333333333333,3.0,3
1229,2,1,0,0,1,1,0,3,4.5,2.0,3.5,2.0,2
1230,3,2,0,1,0,0,0,5,4.0,3.0,4.25,4.0,1
1231,3,1,1,1,0,0,0,4,4.0,1.0,4.0,1.0,2
1232,2,2,0,0,1,1,0,4,5.0,1.0,4.0,3.0,1
1233,4,0,0,1,1,0,0,4,5.0,2.0,4.5,2.0,1
1234,2,0,0,1,1,0,0,2,4.0,3.0,4.666666666666667,3.0,2
1235,2,0,0,0,0,0,1,2,4.0,3.0,5.0,2.0,0
1236,3,0,0,0,1,0,1,3,3.0,1.0,4.0,1.0,0
1237,3,0,1,0,0,0,1,3,5.0,2.0,4.5,4.0,0
1238,2,2,1,0,1,1,0,4,5.0,1.0,3.6666666666666665,3.0,2
1239,5,1,0,1,1,0,0,6,5.0,1.0,0.0,0.0,1
1240,5,1,0,1,1,0,0,6,4.333333333333333,3.0,4.571428571428571,7.0,1
1241,2,0,1,0,1,1,0,2,4.25,4.0,4.333333333333333,3.0,2
1242,2,1,0,0,0,1,1,3,4.5,2.0,0.0,0.0,0
1243,2,2,0,1,1,0,0,4,4.333333333333333,3.0,4.0,5.0,1
1244,2,2,0,1,1,0,0,4,5.0,2.0,4.0,4.0,1
1245,2,2,0,1,0,0,1,4,0.0,0.0,4.666666666666667,3.0,3
1246,2,0,1,0,1,1,0,2,4.0,4.0,4.0,5.0,2
1247,5,1,1,0,0,0,1,6,4.5,2.0,3.5,2.0,1
1248,1,1,0,1,0,0,1,2,3.6666666666666665,3.0,4.5,4.0,0
1249,1,1,0,0,0,1,1,2,4.0,2.0,3.8333333333333335,6.0,0
1250,2,1,1,0,1,0,0,3,4.0,1.0,3.3333333333333335,3.0,2
1251,2,0,1,1,0,0,0,2,5.0,1.0,4.5,2.0,2
1252,2,0,1,0,1,0,0,2,4.0,2.0,4.5,4.0,2
1253,2,2,0,1,0,1,0,4,4.0,3.0,3.5,2.0,1
1254,2,0,0,0,1,0,0,2,4.0,1.0,4.0,1.0,2
1255,2,0,0,0,0,1,1,2,4.333333333333333,3.0,4.333333333333333,3.0,0
1256,1,0,0,0,0,1,1,1,4.0,4.0,4.25,4.0,0
1257,2,0,0,0,1,0,0,2,4.4,5.0,5.0,2.0,2
1258,2,3,0,0,0,1,0,5,4.4,5.0,4.5,4.0,1
1259,3,1,1,0,0,0,0,4,4.0,2.0,5.0,1.0,2
1260,3,0,1,0,0,0,0,3,4.0,2.0,5.0,3.0,2
1261,5,0,1,1,0,0,0,5,4.25,4.0,4.0,7.0,1
1262,2,2,0,0,1,1,0,4,4.5,2.0,4.8,5.0,1
1263,2,0,0,0,1,0,0,2,2.0,1.0,4.2,5.0,2
1264,1,3,1,0,0,0,0,4,3.6666666666666665,3.0,4.5,2.0,2
1265,4,2,0,1,0,0,1,6,3.6666666666666665,3.0,4.4,5.0,1
1266,1,2,0,0,1,0,1,3,4.166666666666667,6.0,4.0,6.0,0
1267,5,0,0,0,0,0,1,5,3.0,1.0,4.25,4.0,1
1268,2,2,0,1,1,0,0,4,0.0,0.0,4.25,4.0,3
1269,4,1,1,1,0,0,0,5,4.0,3.0,4.666666666666667,3.0,1
1270,3,0,0,0,0,0,1,3,3.6666666666666665,3.0,5.0,5.0,0
1271,2,1,0,0,0,1,1,3,4.0,1.0,4.5,4.0,0
1272,4,0,1,0,1,1,0,4,4.5,6.0,3.4,5.0,2
1273,2,0,0,0,0,1,1,2,4.0,1.0,4.2,5.0,0
1274,2,1,1,1,0,0,0,3,4.666666666666667,3.0,4.0,1.0,2
1275,2,2,1,0,0,1,0,4,4.25,4.0,4.333333333333333,3.0,2
1276,5,0,0,0,1,1,0,5,5.0,1.0,4.25,4.0,1
1277,4,3,1,1,0,0,0,7,4.666666666666667,3.0,3.8333333333333335,6.0,1
1278,3,0,0,0,0,1,1,3,4.0,1.0,4.5,2.0,0
1279,4,0,1,1,0,0,0,4,4.333333333333333,3.0,5.0,1.0,2
1280,1,1,0,1,0,0,1,2,3.5,2.0,4.5,2.0,0
1281,3,1,0,0,0,0,1,4,4.0,2.0,4.0,5.0,0
1282,4,0,0,0,0,1,1,4,4.5,2.0,4.0,1.0,0
1283,5,1,1,0,1,1,0,6,4.0,1.0,3.8,5.0,1
1284,2,0,1,1,1,0,0,2,4.666666666666667,3.0,4.0,2.0,2
1285,2,0,0,1,0,1,1,2,4.0,1.0,4.333333333333333,6.0,0
1286,5,2,0,1,0,0,0,7,4.5,2.0,4.5,4.0,1
1287,4,2,1,0,0,0,0,6,3.5,2.0,4.666666666666667,3.0,1
1288,1,0,0,1,0,1,0,1,4.0,3.0,5.0,1.0,0
1289,4,0,0,0,1,0,1,4,4.666666666666667,3.0,4.0,2.0,1
1290,2,2,1,0,0,0,0,4,0.0,0.0,5.0,1.0,3
1291,1,0,1,1,1,0,0,1,0.0,0.0,3.5,2.0,3
1292,2,3,0,1,0,1,0,5,0.0,0.0,4.0,2.0,3
1293,3,2,0,1,0,0,0,5,4.0,3.0,3.0,3.0,1
1294,1,2,1,0,1,1,0,3,0.0,0.0,5.0,1.0,3
1295,2,0,1,1,0,0,0,2,3.6,5.0,4.666666666666667,3.0,2
1296,2,1,1,0,0,0,0,3,4.0,2.0,5.0,1.0,2
1297,1,2,0,1,1,0,0,3,4.5,4.0,0.0,0.0,2
1298,2,1,0,0,1,0,0,3,4.333333333333333,3.0,4.666666666666667,3.0,2
1299,3,2,1,0,0,0,0,5,4.0,2.0,3.8,5.0,1
1300,5,2,0,1,0,1,0,7,4.5,2.0,4.5,2.0,1
1301,4,0,0,0,0,1,1,4,4.333333333333333,3.0,4.666666666666667,3.0,0
1302,3,1,0,1,0,0,0,4,4.5,2.0,4.666666666666667,3.0,1
1303,3,0,0,0,1,0,0,3,4.0,2.0,5.0,1.0,2
1304,2,0,0,1,0,1,1,2,4.0,2.0,5.0,2.0,0
1305,5,0,0,0,0,1,0,5,4.5,2.0,4.6,5.0,1
1306,5,0,0,1,0,1,0,5,4.0,4.0,5.0,2.0,1
1307,2,2,1,1,1,0,0,4,4.666666666666667,3.0,4.6,5.0,2
1308,4,0,1,0,1,0,0,4,0.0,0.0,4.0,5.0,3
1309,3,1,1,0,1,0,0,4,4.0,3.0,3.6666666666666665,3.0,2
1310,2,0,0,0,1,1,0,2,4.142857142857143,7.0,4.2,5.0,2
1311,5,0,1,0,0,1,0,5,4.0,2.0,5.0,1.0,1
1312,2,2,0,0,1,0,1,4,5.0,1.0,4.5,4.0,1
1313,1,0,1,1,0,0,0,1,5.0,2.0,4.25,4.0,2
1314,5,0,0,1,1,0,0,5,4.5,2.0,4.333333333333333,3.0,1
1315,2,2,0,0,1,1,0,4,4.0,1.0,0.0,0.0,1
1316,2,0,0,0,0,0,1,2,5.0,5.0,3.6666666666666665,3.0,0
1317,5,2,1,0,0,0,0,7,3.5,2.0,4.0,1.0,1
1318,1,1,1,1,0,0,0,2,3.75,4.0,5.0,1.0,2
1319,2,1,0,1,0,0,1,3,4.75,4.0,3.8,5.0,0
1320,2,2,0,0,1,0,1,4,4.0,4.0,4.2,5.0,1
1321,5,1,1,0,0,0,1,6,4.0,3.0,4.0,5.0,1
1322,1,0,1,0,1,1,0,1,4.0,3.0,4.5,2.0,2
1323,1,2,1,0,0,1,0,3,4.5,4.0,4.0,4.0,2
1324,2,2,1,0,0,1,0,4,5.0,1.0,4.8,5.0,2
1325,3,1,1,1,0,0,0,4,5.0,1.0,4.333333333333333,3.0,2
1326,3,0,1,0,1,1,0,3,5.0,3.0,4.0,1.0,2
1327,1,1,1,1,0,0,0,2,4.0,2.0,3.8,5.0,2
1328,1,0,1,1,0,0,0,1,4.5,2.0,3.6666666666666665,3.0,2
1329,2,1,1,0,0,1,0,3,0.0,0.0,3.6666666666666665,3.0,3
1330,2,0,1,0,0,0,0,2,4.666666666666667,3.0,4.0,4.0,2
1331,2,0,0,1,0,1,1,2,4.666666666666667,3.0,5.0,2.0,0
1332,3,2,0,0,1,0,0,5,5.0,1.0,4.5,2.0,1
1333,2,2,1,0,0,1,0,4,5.0,1.0,4.0,1.0,2
1334,3,0,0,0,0,0,1,3,4.5,2.0,4.0,5.0,0
1335,4,0,1,0,1,0,0,4,4.333333333333333,3.0,4.0,1.0,2
1336,1,0,0,0,0,1,1,1,4.333333333333333,3.0,4.285714285714286,7.0,0
1337,3,0,1,0,0,1,0,3,5.0,1.0,4.25,4.0,2
1338,3,0,1,0,1,1,0,3,4.0,2.0,4.0,2.0,2
1339,4,0,0,0,1,0,0,4,3.3333333333333335,3.0,4.333333333333333,6.0,1
1340,1,0,0,0,1,0,0,1,4.5,2.0,4.5,2.0,2
1341,1,2,1,1,0,0,0,3,5.0,1.0,5.0,1.0,2
1342,4,2,1,0,0,0,0,6,5.0,2.0,4.666666666666667,3.0,1
1343,3,0,1,0,1,0,0,3,4.0,1.0,4.0,3.0,2
1344,1,0,0,0,0,1,0,1,5.0,1.0,4.666666666666667,3.0,0
1345,1,0,1,0,1,1,0,1,4.0,2.0,4.666666666666667,3.0,2
1346,1,1,0,0,1,0,1,2,4.666666666666667,3.0,4.2,5.0,0
1347,1,2,1,0,0,0,1,3,5.0,1.0,5.0,1.0,0
1348,3,2,1,0,0,0,0,5,5.0,1.0,4.0,4.0,1
1349,4,3,0,0,0,1,1,7,5.0,2.0,4.833333333333333,6.0,1
1350,2,0,0,0,1,0,1,2,5.0,1.0,4.6,5.0,0
1351,3,0,1,0,0,0,1,3,3.8333333333333335,6.0,2.5,2.0,0
1352,1,0,0,0,1,1,0,1,5.0,2.0,4.5,2.0,2
1353,4,1,1,0,0,1,0,5,4.666666666666667,3.0,4.428571428571429,7.0,1
1354,5,0,0,0,0,0,1,5,4.333333333333333,3.0,5.0,1.0,1
1355,4,0,0,0,0,0,1,4,4.0,2.0,4.25,4.0,0
1356,1,0,0,1,0,1,1,1,4.333333333333333,3.0,4.0,1.0,0
1357,1,1,0,1,1,0,0,2,4.2,5.0,4.25,4.0,2
1358,2,0,0,1,0,0,1,2,5.0,1.0,4.5,2.0,0
1359,2,0,0,1,0,0,0,2,0.0,0.0,4.5,4.0,3
1360,3,1,1,0,0,0,0,4,5.0,1.0,0.0,0.0,2
1361,2,0,0,0,1,0,1,2,0.0,0.0,4.666666666666667,3.0,3
1362,2,2,1,1,1,0,0,4,5.0,1.0,4.0,1.0,2
1363,4,1,0,0,1,0,1,5,4.333333333333333,3.0,4.0,4.0,1
1364,2,1,0,0,0,1,1,3,0.0,0.0,5.0,2.0,3
1365,3,2,1,0,1,1,0,5,3.75,4.0,4.0,2.0,1
1366,2,0,0,1,1,0,0,2,4.5,4.0,0.0,0.0,2
1367,4,0,0,1,1,0,0,4,4.0,2.0,4.666666666666667,6.0,1
1368,2,0,0,1,0,1,1,2,5.0,1.0,0.0,0.0,0
1369,3,1,0,0,1,0,1,4,4.5,4.0,4.5,4.0,1
1370,3,3,0,1,0,0,0,6,4.333333333333333,3.0,4.0,4.0,1
1371,2,0,1,1,0,0,0,2,4.0,3.0,3.6666666666666665,3.0,2
1372,3,0,0,0,0,0,1,3,4.25,4.0,4.0,3.0,0
1373,3,1,1,1,0,0,0,4,4.5,2.0,4.666666666666667,3.0,2
1374,3,3,1,0,0,1,0,6,3.6666666666666665,3.0,4.5,2.0,1
1375,5,0,0,1,1,0,0,5,3.8,5.0,4.5,2.0,1
1376,1,1,0,1,1,0,0,2,4.25,4.0,4.5,2.0,2
1377,2,3,0,1,0,1,1,5,4.75,4.0,4.666666666666667,6.0,1
1378,3,1,0,0,0,0,1,4,4.0,1.0,4.0,1.0,0
1379,1,0,1,1,0,0,0,1,5.0,1.0,4.666666666666667,3.0,2
1380,2,2,1,1,0,0,0,4,5.0,3.0,4.166666666666667,6.0,2
1381,5,1,0,0,0,0,1,6,4.666666666666667,3.0,4.5,2.0,1
1382,5,0,0,0,1,0,0,5,3.5,2.0,3.0,2.0,1
1383,5,0,0,0,1,0,0,5,4.0,5.0,5.0,3.0,1
1384,3,0,0,1,0,1,1,3,4.0,5.0,4.333333333333333,3.0,0
1385,2,0,0,0,1,0,0,2,3.0,1.0,3.5,2.0,2
1386,1,1,1,0,0,0,0,2,4.5,6.0,5.0,1.0,2
1387,2,0,0,1,0,0,0,2,4.5,2.0,4.333333333333333,3.0,0
1388,1,0,1,1,0,0,0,1,5.0,2.0,4.5,2.0,2
1389,3,1,0,0,0,1,1,4,5.0,2.0,4.0,2.0,0
1390,4,2,1,1,0,0,0,6,3.6666666666666665,3.0,3.75,4.0,1
1391,3,2,1,0,1,0,0,5,5.0,1.0,4.0,4.0,1
1392,3,1,1,0,1,0,0,4,4.5,2.0,4.666666666666667,3.0,2
1393,5,0,1,1,1,0,0,5,5.0,1.0,4.333333333333333,3.0,1
1394,3,0,1,1,0,0,0,3,0.0,0.0,4.833333333333333,6.0,3
1395,2,0,0,0,0,0,1,2,5.0,2.0,4.25,4.0,0
1396,2,3,1,0,1,0,0,5,4.5,6.0,3.8,5.0,1
1397,3,0,0,1,0,0,0,3,0.0,0.0,4.166666666666667,6.0,3
1398,3,1,0,1,1,0,0,4,3.0,2.0,4.333333333333333,9.0,1
1399,2,0,0,1,0,1,1,2,4.0,6.0,4.0,5.0,0
1400,2,0,0,0,0,1,1,2,0.0,0.0,3.5,2.0,3
1401,1,2,1,0,1,1,0,3,0.0,0.0,4.0,4.0,3
1402,3,2,0,1,1,0,0,5,4.666666666666667,3.0,4.0,7.0,1
1403,3,0,0,1,0,0,1,3,3.6666666666666665,3.0,5.0,1.0,0
1404,2,0,1,0,0,0,1,2,3.5,2.0,4.25,4.0,0
1405,2,1,1,0,1,1,0,3,5.0,1.0,4.333333333333333,6.0,2
1406,2,1,0,1,0,1,1,3,4.0,2.0,4.0,3.0,0
1407,3,0,0,0,1,0,1,3,0.0,0.0,4.0,4.0,3
1408,4,0,0,0,1,0,1,4,0.0,0.0,4.5,2.0,3
1409,1,1,1,0,0,0,1,2,4.0,1.0,5.0,1.0,0
1410,1,0,0,1,1,0,0,1,0.0,0.0,4.5,2.0,3
1411,2,0,1,0,0,0,1,2,4.5,6.0,3.6,5.0,0
1412,3,1,1,0,0,1,0,4,5.0,1.0,4.25,4.0,2
1413,4,1,1,1,0,0,0,5,5.0,2.0,4.0,2.0,1
1414,4,1,0,0,0,1,0,5,4.333333333333333,3.0,4.0,3.0,1
1415,4,0,1,1,1,0,0,4,4.333333333333333,3.0,4.0,4.0,2
1416,2,0,0,0,0,1,1,2,3.8,5.0,5.0,1.0,0
1417,4,0,1,1,0,0,0,4,5.0,1.0,4.0,5.0,2
1418,3,0,0,1,1,0,0,3,0.0,0.0,4.333333333333333,3.0,3
1419,3,2,1,0,1,1,0,5,4.5,4.0,4.5,4.0,1
1420,2,0,0,0,1,1,0,2,4.0,4.0,4.5,2.0,2
1421,2,2,0,0,1,1,0,4,4.333333333333333,3.0,5.0,1.0,1
1422,3,2,0,0,1,0,0,5,4.0,1.0,3.5,2.0,1
1423,2,0,1,0,1,0,0,2,4.25,4.0,4.0,3.0,2
1424,1,2,1,1,0,0,0,3,4.0,1.0,4.0,2.0,2
1425,2,0,1,1,0,0,0,2,4.333333333333333,6.0,5.0,1.0,2
1426,1,0,1,1,1,0,0,1,5.0,1.0,4.5,4.0,2
1427,2,0,0,0,1,0,0,2,5.0,1.0,4.2,5.0,2
1428,5,0,0,1,0,1,1,5,4.0,3.0,4.0,1.0,1
1429,2,0,0,0,0,1,1,2,0.0,0.0,4.5,4.0,3
1430,2,0,1,0,1,1,0,2,0.0,0.0,4.75,4.0,3
1431,3,2,1,0,0,1,0,5,4.0,6.0,5.0,4.0,1
1432,4,0,1,1,1,0,0,4,5.0,3.0,4.8,5.0,2
1433,5,1,0,0,1,1,0,6,3.0,1.0,4.4,5.0,1
1434,2,1,0,0,0,1,1,3,4.0,3.0,5.0,1.0,0
1435,3,1,0,0,1,1,0,4,3.0,1.0,3.5,2.0,1
1436,3,0,1,0,0,0,1,3,4.333333333333333,3.0,5.0,3.0,0
1437,1,0,1,0,0,0,0,1,0.0,0.0,4.0,2.0,3
1438,2,0,0,1,1,0,0,2,4.0,2.0,5.0,1.0,2
1439,4,0,1,1,0,0,0,4,4.0,1.0,4.0,1.0,2
1440,4,0,0,1,0,1,0,4,5.0,1.0,4.25,4.0,1
1441,2,1,0,1,1,0,0,3,3.75,4.0,3.3333333333333335,3.0,2
1442,5,0,0,1,0,0,0,5,3.75,4.0,5.0,2.0,1
1443,2,0,1,1,1,0,0,2,5.0,3.0,4.25,4.0,2
1444,1,1,1,0,1,1,0,2,4.0,1.0,5.0,1.0,2
1445,1,0,1,1,0,0,0,1,4.5,2.0,3.5,2.0,2
1446,5,0,0,0,1,1,0,5,3.0,1.0,3.6666666666666665,3.0,1
1447,2,2,0,1,0,0,0,4,4.666666666666667,3.0,4.2,5.0,1
1448,3,0,0,0,0,1,1,3,4.6,5.0,4.25,4.0,0
1449,2,1,0,1,0,0,0,3,4.0,3.0,4.0,4.0,0
1450,4,2,1,1,0,0,0,6,4.8,5.0,4.6,5.0,1
1451,3,0,1,0,1,0,0,3,4.25,4.0,3.0,1.0,2
1452,2,1,0,0,0,1,1,3,4.0,4.0,0.0,0.0,0
1453,5,2,0,0,0,1,1,7,4.5,4.0,4.666666666666667,3.0,1
1454,1,2,0,1,1,0,0,3,0.0,0.0,4.0,1.0,3
1455,3,1,0,1,0,1,0,4,4.5,4.0,4.333333333333333,3.0,1
1456,3,0,0,0,1,1,0,3,3.8333333333333335,6.0,4.0,1.0,2
1457,5,1,0,1,0,1,1,6,4.0,1.0,3.6666666666666665,6.0,1
1458,3,1,0,0,0,0,1,4,4.0,1.0,4.666666666666667,3.0,0
1459,5,0,0,1,0,1,1,5,5.0,1.0,5.0,1.0,1
1460,3,2,0,0,1,0,1,5,3.6666666666666665,3.0,3.75,4.0,1
1461,3,1,0,1,0,0,1,4,5.0,3.0,4.5,2.0,0
1462,4,0,1,1,1,0,0,4,4.0,5.0,4.0,1.0,2
1463,1,0,0,1,0,1,0,1,5.0,1.0,5.0,1.0,0
1464,1,0,0,1,1,0,0,1,0.0,0.0,5.0,3.0,3
1465,4,0,0,0,0,1,1,4,3.6666666666666665,3.0,5.0,1.0,0
1466,2,0,1,0,0,0,0,2,4.5,2.0,5.0,1.0,2
1467,3,0,0,1,0,1,0,3,5.0,2.0,0.0,0.0,0
1468,3,1,0,1,0,0,0,4,4.4,5.0,4.0,2.0,1
1469,4,2,0,1,1,0,0,6,5.0,1.0,3.75,4.0,1
1470,2,1,0,1,0,1,1,3,0.0,0.0,3.6666666666666665,3.0,3
1471,5,0,0,1,0,1,1,5,4.75,4.0,4.5,4.0,1
1472,3,2,0,0,0,0,1,5,4.0,2.0,4.5,2.0,1
1473,1,2,0,1,1,0,0,3,3.6666666666666665,3.0,5.0,1.0,2
1474,2,0,0,1,0,1,1,2,3.6666666666666665,3.0,4.75,4.0,0
1475,4,0,0,1,0,0,0,4,3.5,2.0,3.0,1.0,1
1476,1,1,1,0,0,0,1,2,4.0,1.0,4.8,5.0,0
1477,4,0,1,1,1,0,0,4,4.0,4.0,5.0,3.0,2
1478,2,0,0,0,1,0,0,2,5.0,1.0,4.25,4.0,2
1479,2,0,0,1,0,0,0,2,4.0,2.0,4.833333333333333,6.0,0
1480,4,1,0,1,0,0,1,5,4.75,4.0,4.333333333333333,3.0,1
1481,3,1,0,1,0,0,0,4,3.0,1.0,4.25,4.0,1
1482,2,1,0,0,0,0,1,3,3.3333333333333335,3.0,4.75,4.0,0
1483,4,0,0,1,0,1,1,4,3.6666666666666665,3.0,4.0,4.0,0
1484,2,0,0,1,1,0,0,2,4.0,1.0,3.5,2.0,2
1485,1,1,1,1,0,0,0,2,5.0,1.0,3.0,2.0,2
1486,3,0,1,0,1,1,0,3,3.5,2.0,4.25,8.0,2
1487,4,1,0,1,1,0,0,5,0.0,0.0,5.0,1.0,3
1488,1,0,0,0,0,1,0,1,4.2,5.0,4.25,4.0,0
1489,2,3,0,0,1,0,0,5,0.0,0.0,4.0,3.0,3
1490,4,2,0,0,0,1,1,6,3.0,1.0,4.0,1.0,1
1491,2,2,1,0,0,0,1,4,4.6,5.0,3.5,2.0,0
1492,2,0,1,0,0,0,1,2,4.5,6.0,4.0,5.0,0
1493,3,0,1,0,0,0,1,3,5.0,1.0,2.5,2.0,0
1494,3,1,0,1,0,1,1,4,3.5,4.0,4.666666666666667,3.0,0
1495,1,1,1,0,1,1,0,2,3.0,2.0,4.333333333333333,3.0,2
1496,3,1,1,1,1,0,0,4,3.6666666666666665,3.0,4.0,3.0,2
1497,2,2,1,0,0,0,0,4,3.75,4.0,5.0,3.0,2
1498,1,0,0,0,1,0,1,1,3.5,4.0,4.666666666666667,3.0,0
1499,2,0,0,0,1,1,0,2,5.0,3.0,4.5,2.0,2
1500,2,2,1,0,0,0,0,4,4.5,2.0,3.6666666666666665,3.0,2
1501,1,2,0,0,1,0,0,3,4.5,6.0,5.0,1.0,2
1502,4,2,1,0,0,0,0,6,4.0,2.0,5.0,1.0,1
1503,2,0,0,1,1,0,0,2,3.0,1.0,4.666666666666667,3.0,2
1504,2,0,0,0,1,0,0,2,4.0,1.0,4.333333333333333,6.0,2
1505,2,3,0,0,0,0,1,5,5.0,1.0,4.0,1.0,1
1506,2,3,1,0,1,0,0,5,4.5,2.0,4.0,2.0,1
1507,3,0,0,1,0,1,1,3,4.0,1.0,4.0,2.0,0
1508,3,0,1,0,0,1,0,3,4.333333333333333,3.0,0.0,0.0,2
1509,4,0,0,0,1,0,1,4,4.5,2.0,4.0,1.0,1
1510,2,0,0,1,0,1,1,2,3.75,4.0,3.0,1.0,0
1511,2,1,1,1,1,0,0,3,4.0,1.0,4.333333333333333,3.0,2
1512,2,0,0,1,0,0,1,2,4.5,2.0,5.0,1.0,0
1513,2,3,0,1,1,0,0,5,4.666666666666667,3.0,5.0,2.0,1
1514,3,1,0,0,0,1,0,4,4.0,1.0,4.0,7.0,1
1515,5,1,0,1,1,0,0,6,5.0,1.0,4.25,4.0,1
1516,2,0,0,1,0,1,1,2,4.5,2.0,3.0,1.0,0
1517,2,0,0,0,0,0,1,2,5.0,2.0,3.8333333333333335,6.0,0
1518,2,0,1,1,0,0,0,2,4.0,5.0,3.75,4.0,2
1519,1,0,1,0,0,1,0,1,4.333333333333333,3.0,4.5,4.0,2
1520,2,1,0,1,1,0,0,3,4.5,2.0,5.0,1.0,2
1521,4,2,1,0,0,0,1,6,5.0,3.0,3.6666666666666665,3.0,1
1522,3,1,1,0,0,0,1,4,4.666666666666667,3.0,4.666666666666667,3.0,0
1523,2,0,1,0,0,0,1,2,5.0,3.0,5.0,1.0,0
1524,2,2,0,1,0,1,1,4,4.0,3.0,4.0,4.0,0
1525,1,2,0,0,1,0,1,3,3.5,2.0,5.0,3.0,0
1526,4,0,0,1,0,1,0,4,4.0,5.0,5.0,1.0,1
1527,3,0,0,1,0,1,0,3,5.0,1.0,4.5,2.0,0
1528,2,1,0,0,0,1,0,3,4.0,1.0,4.5,4.0,0
1529,4,1,0,1,1,0,0,5,4.0,1.0,3.75,4.0,1
1530,4,1,1,0,1,0,0,5,0.0,0.0,4.666666666666667,3.0,3
1531,2,1,0,0,0,1,1,3,5.0,1.0,4.0,3.0,0
1532,2,0,1,0,0,1,0,2,5.0,3.0,4.666666666666667,3.0,2
1533,5,1,1,0,0,0,1,6,3.0,3.0,5.0,3.0,1
1534,3,3,1,0,0,0,1,6,5.0,1.0,4.2,5.0,1
1535,2,2,0,0,0,1,0,4,3.5,2.0,4.8,5.0,1
1536,2,1,1,0,1,1,0,3,4.0,1.0,4.333333333333333,6.0,2
1537,3,0,0,0,1,1,0,3,4.0,1.0,3.75,4.0,2
1538,1,2,1,0,1,1,0,3,5.0,1.0,4.5,4.0,2
1539,5,0,0,0,0,0,1,5,4.0,4.0,5.0,1.0,1
1540,2,0,0,0,0,1,1,2,0.0,0.0,4.0,1.0,3
1541,3,2,0,0,1,0,0,5,4.0,2.0,4.0,3.0,1
1542,2,2,1,0,1,0,0,4,4.0,1.0,4.25,4.0,2
1543,3,0,0,1,0,0,1,3,5.0,1.0,4.6,5.0,0
1544,2,0,1,0,0,1,0,2,3.0,2.0,4.0,5.0,2
1545,1,1,0,0,0,1,1,2,4.0,2.0,4.5,2.0,0
1546,4,0,0,0,1,0,0,4,4.666666666666667,3.0,4.0,1.0,1
1547,2,1,1,0,0,0,1,3,3.0,1.0,4.5,2.0,0
1548,2,1,0,0,1,1,0,3,3.3333333333333335,3.0,4.0,4.0,2
1549,3,1,1,0,0,1,0,4,4.666666666666667,6.0,4.333333333333333,3.0,2
1550,2,0,1,0,0,0,1,2,5.0,1.0,4.5,4.0,0
1551,2,1,0,1,0,0,0,3,3.8,5.0,4.666666666666667,3.0,0
1552,2,0,0,0,0,1,1,2,4.5,2.0,5.0,1.0,0
1553,2,0,0,1,1,0,0,2,3.3333333333333335,3.0,4.285714285714286,7.0,2
1554,2,0,0,1,0,1,1,2,4.428571428571429,7.0,3.6666666666666665,3.0,0
1555,2,0,0,0,0,1,0,2,4.0,2.0,4.2,5.0,0
1556,2,0,1,0,0,0,1,2,4.5,2.0,3.6666666666666665,3.0,0
1557,5,1,0,0,0,0,1,6,4.5,2.0,4.333333333333333,3.0,1
1558,4,0,0,1,0,0,1,4,3.5,2.0,4.75,4.0,0
1559,1,2,1,1,0,0,0,3,3.0,1.0,4.0,2.0,2
1560,1,0,1,0,0,1,0,1,5.0,1.0,5.0,3.0,2
1561,1,1,0,1,1,0,0,2,4.8,5.0,4.0,2.0,2
1562,2,2,0,1,0,0,0,4,3.3333333333333335,3.0,4.6,5.0,1
1563,4,2,1,0,0,0,0,6,3.5,2.0,4.75,4.0,1
1564,2,1,0,1,0,0,1,3,4.4,5.0,4.5,2.0,0
1565,2,0,0,1,1,0,0,2,4.75,4.0,4.2,5.0,2
1566,2,0,0,1,0,0,1,2,5.0,3.0,5.0,3.0,0
1567,3,0,0,1,0,1,0,3,3.0,1.0,4.333333333333333,3.0,0
1568,5,0,0,0,1,1,0,5,5.0,2.0,4.0,1.0,1
1569,2,1,0,1,0,0,0,3,4.5,2.0,0.0,0.0,0
1570,3,1,0,0,0,1,1,4,0.0,0.0,4.666666666666667,3.0,3
1571,2,1,0,1,1,0,0,3,4.0,2.0,3.0,1.0,2
1572,5,0,0,1,0,1,0,5,3.75,4.0,3.75,4.0,1
1573,1,2,0,1,0,0,1,3,4.0,3.0,4.0,3.0,0
1574,4,0,1,0,1,1,0,4,4.0,5.0,4.0,1.0,2
1575,1,1,0,1,0,0,0,2,5.0,1.0,4.0,1.0,0
1576,2,0,1,1,0,0,0,2,5.0,2.0,3.6666666666666665,3.0,2
1577,1,1,0,0,1,1,0,2,3.0,1.0,0.0,0.0,2
1578,1,0,1,1,1,0,0,1,3.6666666666666665,3.0,3.6666666666666665,3.0,2
1579,5,2,1,0,1,1,0,7,5.0,1.0,3.5,2.0,1
1580,2,0,0,1,0,0,1,2,4.0,3.0,4.5,6.0,0
1581,3,0,0,1,0,1,0,3,4.0,2.0,4.5,2.0,0
1582,4,1,0,0,1,0,0,5,4.666666666666667,3.0,4.5,8.0,1
1583,3,0,0,0,1,1,0,3,5.0,1.0,5.0,1.0,2
1584,2,0,0,0,1,1,0,2,4.5,2.0,4.333333333333333,3.0,2
1585,3,0,1,1,0,0,0,3,4.0,2.0,4.333333333333333,3.0,2
1586,3,0,0,0,1,0,1,3,3.25,4.0,0.0,0.0,0
1587,3,0,0,1,0,1,1,3,4.285714285714286,7.0,3.6666666666666665,3.0,0
1588,2,0,0,1,0,1,0,2,4.2,5.0,4.2,5.0,0
1589,2,1,1,0,0,0,0,3,5.0,2.0,4.75,4.0,2
1590,3,1,0,1,0,0,1,4,4.666666666666667,3.0,3.5,2.0,0
1591,3,0,1,1,0,0,0,3,4.5,4.0,4.0,1.0,2
1592,3,3,0,1,1,0,0,6,3.6666666666666665,3.0,4.5,4.0,1
1593,2,0,1,0,1,0,0,2,3.0,2.0,4.333333333333333,3.0,2
1594,2,1,1,0,0,0,0,3,4.5,2.0,3.5,2.0,2
1595,4,3,1,0,1,0,0,7,5.0,1.0,4.2,5.0,1
1596,4,0,1,0,0,0,0,4,4.0,2.0,4.0,1.0,2
1597,1,2,1,0,0,0,0,3,5.0,2.0,4.333333333333333,3.0,2
1598,2,1,0,0,1,0,0,3,4.25,4.0,4.666666666666667,3.0,2
1599,3,1,0,0,0,0,1,4,5.0,2.0,4.0,4.0,0
1600,2,0,0,1,0,1,1,2,3.0,1.0,3.6666666666666665,3.0,0
1601,4,2,1,1,1,0,0,6,0.0,0.0,3.0,1.0,3
1602,5,2,0,1,1,0,0,7,5.0,2.0,4.5,2.0,1
1603,2,0,1,0,0,1,0,2,4.5,2.0,4.5,2.0,2
1604,3,2,0,1,0,0,0,5,0.0,0.0,4.5,6.0,3
1605,1,1,1,1,0,0,0,2,4.0,3.0,3.6666666666666665,3.0,2
1606,3,1,1,0,0,0,1,4,4.0,1.0,4.2,5.0,0
1607,4,2,0,0,1,1,0,6,3.0,1.0,4.333333333333333,6.0,1
1608,4,0,0,1,0,0,0,4,4.5,2.0,4.333333333333333,3.0,1
1609,3,0,0,0,0,1,1,3,4.25,4.0,4.2,5.0,0
1610,3,0,0,1,0,1,0,3,4.0,2.0,4.5,2.0,0
1611,3,0,0,1,0,1,0,3,5.0,1.0,4.5,6.0,0
1612,1,0,0,0,1,1,0,1,5.0,1.0,0.0,0.0,2
1613,2,1,0,1,1,0,0,3,4.333333333333333,3.0,4.666666666666667,3.0,2
1614,2,0,0,0,0,1,1,2,4.8,5.0,3.6666666666666665,3.0,0
1615,1,0,0,1,0,1,1,1,4.333333333333333,6.0,3.6666666666666665,3.0,0
1616,5,1,1,0,1,1,0,6,0.0,0.0,0.0,0.0,3
1617,3,2,1,0,0,0,0,5,4.0,1.0,4.0,3.0,1
1618,5,0,1,1,0,0,0,5,4.0,1.0,4.0,3.0,1
1619,4,1,1,0,1,1,0,5,3.5,2.0,5.0,1.0,1
1620,3,0,0,0,0,0,1,3,4.0,2.0,5.0,2.0,0
1621,2,3,0,0,0,0,1,5,4.5,2.0,4.0,6.0,1
1622,3,0,0,1,0,0,0,3,4.666666666666667,6.0,4.0,3.0,0
1623,5,0,0,1,1,0,0,5,4.0,1.0,5.0,1.0,1
1624,2,0,0,0,0,1,1,2,4.666666666666667,3.0,4.75,4.0,0
1625,4,0,1,0,1,0,0,4,4.75,4.0,4.6,5.0,2
1626,2,0,0,1,0,0,0,2,4.0,1.0,4.666666666666667,3.0,0
1627,3,2,0,1,0,1,1,5,4.6,5.0,4.5,2.0,1
1628,2,0,0,1,0,0,0,2,5.0,1.0,4.0,4.0,0
1629,2,1,0,0,0,1,0,3,4.0,2.0,5.0,3.0,0
1630,2,0,1,1,1,0,0,2,4.0,3.0,5.0,2.0,2
1631,2,0,0,0,0,1,0,2,4.0,4.0,4.0,2.0,0
1632,3,2,0,1,0,1,0,5,4.5,2.0,4.0,4.0,1
1633,2,1,0,0,0,0,1,3,4.5,4.0,4.666666666666667,3.0,0
1634,2,1,0,0,0,1,1,3,5.0,1.0,4.0,2.0,0
1635,5,1,0,1,0,1,0,6,5.0,1.0,0.0,0.0,1
1636,2,0,0,0,0,1,0,2,4.0,1.0,4.5,8.0,0
1637,2,0,0,0,1,0,0,2,3.0,1.0,5.0,1.0,2
1638,1,1,0,1,0,0,0,2,4.25,4.0,5.0,1.0,0
1639,2,0,1,1,0,0,0,2,0.0,0.0,4.2,5.0,3
1640,2,0,1,0,1,1,0,2,4.5,2.0,3.0,1.0,2
1641,5,2,0,1,0,1,1,7,5.0,1.0,4.0,1.0,1
1642,2,0,1,0,1,1,0,2,4.0,2.0,4.0,1.0,2
1643,1,0,0,1,0,0,0,1,4.5,2.0,4.0,2.0,0
1644,3,1,0,0,0,1,1,4,3.5,4.0,4.0,2.0,0
1645,4,0,0,1,0,1,1,4,4.333333333333333,3.0,3.6666666666666665,3.0,0
1646,5,0,0,1,0,1,0,5,4.0,1.0,5.0,2.0,1
1647,2,1,0,1,0,0,0,3,5.0,1.0,4.75,4.0,0
1648,3,0,0,0,0,1,1,3,4.0,9.0,5.0,2.0,0
1649,3,3,0,0,0,1,1,6,4.0,2.0,5.0,1.0,1
1650,3,1,0,1,0,1,1,4,4.0,4.0,5.0,2.0,0
1651,4,2,1,1,1,0,0,6,4.0,2.0,4.8,5.0,1
1652,2,0,0,1,0,0,1,2,4.0,2.0,4.25,4.0,0
1653,2,2,0,1,0,1,1,4,4.25,4.0,4.333333333333333,6.0,0
1654,3,0,0,1,1,0,0,3,5.0,2.0,3.3333333333333335,3.0,2
1655,3,1,1,0,0,0,1,4,4.6,5.0,4.0,3.0,0
1656,4,0,0,0,0,1,1,4,0.0,0.0,4.333333333333333,3.0,3
1657,3,2,1,1,0,0,0,5,4.166666666666667,6.0,4.25,4.0,1
1658,5,1,0,1,0,1,0,6,4.25,4.0,4.333333333333333,3.0,1
1659,4,0,0,0,1,0,1,4,4.5,4.0,3.6666666666666665,3.0,1
1660,1,0,1,0,0,1,0,1,4.0,5.0,2.0,2.0,2
1661,3,1,0,1,0,0,1,4,4.5,2.0,4.0,4.0,0
1662,3,0,1,0,1,0,0,3,0.0,0.0,3.8,5.0,3
1663,2,1,0,0,0,0,1,3,4.5,2.0,3.8333333333333335,6.0,0
1664,2,2,1,0,0,0,0,4,3.0,1.0,5.0,1.0,2
1665,1,3,1,0,0,0,0,4,0.0,0.0,4.666666666666667,3.0,3
1666,1,1,0,1,1,0,0,2,3.5,4.0,3.0,1.0,2
1667,3,0,1,0,0,1,0,3,5.0,1.0,0.0,0.0,2
1668,3,2,0,0,0,0,1,5,4.166666666666667,6.0,4.666666666666667,3.0,1
1669,2,0,1,1,0,0,0,2,4.666666666666667,3.0,3.0,1.0,2
1670,1,0,1,1,0,0,0,1,4.0,1.0,4.6,5.0,2
1671,3,0,1,0,0,0,0,3,5.0,2.0,4.0,3.0,2
1672,5,0,0,1,0,0,1,5,4.0,6.0,4.333333333333333,6.0,1
1673,4,2,0,1,0,0,0,6,5.0,2.0,4.2,5.0,1
1674,3,0,0,0,0,1,1,3,0.0,0.0,4.0,3.0,3
1675,2,0,1,0,0,1,0,2,4.5,2.0,4.25,4.0,2
1676,4,0,1,0,0,0,0,4,3.5,6.0,4.0,6.0,2
1677,5,1,0,1,0,1,0,6,5.0,2.0,4.5,4.0,1
1678,2,1,0,0,0,1,1,3,4.5,4.0,4.0,2.0,0
1679,1,1,1,0,0,1,0,2,4.666666666666667,3.0,2.5,2.0,2
1680,2,0,0,1,0,1,1,2,4.0,1.0,0.0,0.0,0
1681,2,0,0,1,0,0,0,2,0.0,0.0,4.2,5.0,3
1682,2,2,0,1,0,1,0,4,4.75,4.0,4.5,4.0,1
1683,2,2,0,1,0,1,0,4,4.0,1.0,0.0,0.0,1
1684,4,0,0,0,1,0,1,4,3.0,2.0,4.0,1.0,1
1685,2,3,0,1,1,0,0,5,4.0,1.0,4.333333333333333,3.0,1
1686,4,0,1,0,0,1,0,4,4.333333333333333,3.0,4.666666666666667,3.0,2
1687,4,1,0,0,0,1,1,5,0.0,0.0,5.0,1.0,3
1688,2,1,0,1,1,0,0,3,4.5,2.0,4.5,4.0,2
1689,2,0,1,1,1,0,0,2,3.8,5.0,3.75,4.0,2
1690,2,0,0,0,1,0,0,2,4.0,3.0,3.6666666666666665,3.0,2
1691,5,1,0,1,1,0,0,6,5.0,1.0,3.8333333333333335,6.0,1
1692,4,2,0,0,0,1,0,6,4.5,2.0,5.0,1.0,1
1693,2,2,1,0,0,0,0,4,5.0,1.0,4.625,8.0,2
1694,3,2,1,0,1,0,0,5,3.75,4.0,0.0,0.0,1
1695,3,1,0,1,0,1,0,4,4.0,1.0,5.0,1.0,1
1696,4,1,0,1,0,0,0,5,5.0,1.0,4.0,2.0,1
1697,2,2,1,0,0,0,1,4,4.666666666666667,3.0,4.5,2.0,0
1698,2,0,0,0,0,1,0,2,4.0,1.0,3.5,2.0,0
1699,2,1,0,0,1,0,1,3,4.333333333333333,3.0,4.0,2.0,0
1700,3,2,1,0,0,0,1,5,5.0,3.0,4.5,2.0,1
1701,1,1,0,0,0,1,1,2,4.2,5.0,4.5,6.0,0
1702,3,0,0,1,0,1,1,3,4.0,4.0,4.5,2.0,0
1703,3,2,1,0,0,0,0,5,3.8,5.0,4.333333333333333,3.0,1
1704,1,3,1,0,1,0,0,4,4.0,5.0,4.333333333333333,3.0,2
1705,3,0,0,0,1,0,0,3,4.0,3.0,4.0,1.0,2
1706,4,1,0,0,1,1,0,5,5.0,1.0,3.8,5.0,1
1707,5,0,1,1,0,0,0,5,5.0,1.0,4.5,2.0,1
1708,2,3,0,0,0,1,1,5,4.0,2.0,4.666666666666667,3.0,1
1709,3,1,0,1,0,1,0,4,5.0,1.0,4.2,5.0,1
1710,2,0,0,1,0,1,0,2,4.0,2.0,4.5,2.0,0
1711,3,2,1,0,1,1,0,5,5.0,1.0,5.0,1.0,1
1712,3,1,1,0,0,0,0,4,4.166666666666667,6.0,3.75,4.0,2
1713,4,2,0,0,0,1,1,6,4.0,5.0,4.0,1.0,1
1714,2,1,1,0,0,1,0,3,4.5,2.0,4.333333333333333,6.0,2
1715,2,1,1,1,1,0,0,3,4.0,3.0,5.0,1.0,2
1716,1,0,1,0,0,0,0,1,0.0,0.0,3.0,1.0,3
1717,4,2,1,0,1,0,0,6,0.0,0.0,3.0,2.0,3
1718,2,0,0,1,0,1,0,2,4.0,1.0,4.5,2.0,0
1719,5,0,0,0,1,0,1,5,0.0,0.0,4.333333333333333,3.0,3
1720,5,2,0,1,1,0,0,7,4.666666666666667,3.0,4.0,1.0,1
1721,2,2,0,1,0,1,1,4,4.666666666666667,3.0,4.5,4.0,0
1722,4,0,1,0,0,0,1,4,4.0,1.0,4.0,1.0,0
1723,2,3,0,1,0,1,0,5,5.0,1.0,4.5,4.0,1
1724,1,2,0,1,0,1,1,3,5.0,1.0,4.0,1.0,0
1725,3,1,1,0,1,1,0,4,3.8,5.0,4.5,2.0,2
1726,2,0,0,1,0,1,1,2,4.5,2.0,4.0,4.0,0
1727,2,1,1,1,0,0,0,3,3.6,5.0,4.4,5.0,2
1728,2,0,0,1,0,0,1,2,4.0,1.0,4.0,2.0,0
1729,2,0,0,0,0,1,1,2,5.0,2.0,4.0,1.0,0
1730,1,1,0,0,0,0,1,2,4.0,1.0,4.2,5.0,0
1731,3,0,1,0,1,1,0,3,3.75,4.0,5.0,2.0,2
1732,2,0,0,0,1,0,0,2,5.0,3.0,5.0,2.0,2
1733,1,2,1,0,1,0,0,3,0.0,0.0,4.333333333333333,3.0,3
1734,2,0,0,0,0,1,1,2,4.5,2.0,4.4,5.0,0
1735,2,0,0,1,1,0,0,2,4.0,1.0,4.444444444444445,9.0,2
1736,1,1,0,0,0,0,1,2,3.5,4.0,4.142857142857143,7.0,0
1737,1,0,1,1,0,0,0,1,4.0,1.0,4.0,2.0,2
1738,2,1,0,1,0,0,1,3,5.0,2.0,4.333333333333333,3.0,0
1739,2,0,0,0,0,1,1,2,4.0,2.0,3.4,5.0,0
1740,1,1,1,1,0,0,0,2,4.5,2.0,4.0,1.0,2
1741,3,2,0,1,1,0,0,5,3.0,1.0,4.5,6.0,1
1742,5,1,0,1,0,1,0,6,4.0,3.0,4.25,4.0,1
1743,2,0,0,1,0,0,1,2,4.0,1.0,3.0,1.0,0
1744,4,2,0,0,1,1,0,6,4.0,6.0,0.0,0.0,1
1745,3,2,0,1,0,0,1,5,5.0,2.0,4.333333333333333,3.0,1
1746,2,0,1,1,1,0,0,2,0.0,0.0,5.0,2.0,3
1747,2,0,1,0,0,0,0,2,0.0,0.0,4.666666666666667,3.0,3
1748,2,3,1,0,1,1,0,5,4.714285714285714,7.0,4.5,2.0,1
1749,2,1,1,0,0,1,0,3,4.0,1.0,3.6666666666666665,3.0,2
1750,1,3,0,0,1,1,0,4,4.5,2.0,5.0,3.0,1
1751,4,1,0,0,1,1,0,5,0.0,0.0,4.666666666666667,3.0,3
1752,2,0,1,0,0,1,0,2,4.0,1.0,4.2,5.0,2
1753,3,1,0,0,0,1,0,4,5.0,2.0,5.0,1.0,1
1754,5,1,0,1,1,0,0,6,4.0,3.0,4.666666666666667,3.0,1
1755,1,0,0,0,0,1,1,1,4.0,2.0,5.0,2.0,0
1756,4,1,0,1,0,1,1,5,4.6,5.0,0.0,0.0,1
1757,2,2,0,0,1,0,0,4,4.666666666666667,3.0,4.25,4.0,1
1758,3,0,1,0,0,0,0,3,0.0,0.0,4.2,5.0,3
1759,5,0,1,0,1,0,0,5,4.0,5.0,4.0,5.0,1
1760,3,0,1,0,0,0,0,3,3.0,2.0,3.5,4.0,2
1761,5,1,1,0,0,0,0,6,0.0,0.0,4.0,2.0,3
1762,1,0,0,0,0,1,0,1,4.0,2.0,3.3333333333333335,3.0,0
1763,3,0,0,0,1,0,1,3,0.0,0.0,4.25,4.0,3
1764,4,1,0,0,0,0,1,5,3.75,4.0,4.5,2.0,1
1765,5,0,0,1,0,1,0,5,4.333333333333333,3.0,3.6666666666666665,3.0,1
1766,1,0,0,1,1,0,0,1,4.5,2.0,4.166666666666667,6.0,2
1767,3,0,0,1,0,0,1,3,4.0,4.0,5.0,1.0,0
1768,3,0,0,0,1,1,0,3,4.5,2.0,4.0,2.0,2
1769,1,2,0,1,0,1,0,3,2.0,1.0,4.0,1.0,3
1770,4,1,0,1,0,1,1,5,4.666666666666667,3.0,4.333333333333333,3.0,1
1771,3,2,0,1,0,0,1,5,0.0,0.0,4.0,2.0,3
1772,5,0,1,0,0,0,0,5,5.0,2.0,3.75,4.0,1
1773,2,2,0,0,0,1,0,4,3.6666666666666665,3.0,4.0,4.0,1
1774,4,0,1,0,0,0,0,4,3.0,1.0,3.5,2.0,2
1775,3,1,0,1,0,0,0,4,4.0,1.0,4.0,3.0,1
1776,2,0,1,0,0,1,0,2,4.0,2.0,4.25,4.0,2
1777,2,1,0,1,0,0,0,3,4.333333333333333,3.0,4.2,5.0,0
1778,2,2,1,0,0,1,0,4,4.5,4.0,4.666666666666667,3.0,2
1779,2,0,1,1,1,0,0,2,4.5,2.0,4.666666666666667,6.0,2
1780,5,3,0,1,0,0,0,8,4.666666666666667,3.0,3.6666666666666665,3.0,1
1781,4,1,0,1,0,1,0,5,4.333333333333333,3.0,5.0,2.0,1
1782,2,1,1,1,0,0,0,3,3.75,4.0,4.333333333333333,3.0,2
1783,4,0,1,0,0,0,0,4,4.666666666666667,3.0,3.6666666666666665,3.0,2
1784,3,1,0,0,0,1,0,4,4.333333333333333,3.0,4.333333333333333,6.0,1
1785,1,2,0,1,0,0,1,3,4.0,3.0,4.5,2.0,0
1786,2,0,1,0,0,1,0,2,4.0,4.0,3.75,4.0,2
1787,2,1,0,1,0,1,1,3,3.0,1.0,4.333333333333333,3.0,0
1788,2,0,0,1,1,0,0,2,3.6666666666666665,3.0,4.0,3.0,2
1789,5,1,0,0,0,1,0,6,4.5,2.0,3.0,1.0,1
1790,1,0,1,0,1,0,0,1,4.333333333333333,3.0,4.333333333333333,3.0,2
1791,5,0,0,1,0,1,1,5,4.0,1.0,5.0,5.0,1
1792,5,1,1,1,0,0,0,6,4.5,2.0,5.0,2.0,1
1793,2,0,0,0,0,1,1,2,4.666666666666667,3.0,4.666666666666667,3.0,0
1794,4,2,0,1,1,0,0,6,3.6666666666666665,3.0,5.0,4.0,1
1795,5,0,0,1,0,1,1,5,4.166666666666667,6.0,4.714285714285714,7.0,1
1796,2,0,1,1,0,0,0,2,4.666666666666667,3.0,4.666666666666667,3.0,2
1797,1,1,0,0,1,0,0,2,4.0,2.0,4.333333333333333,6.0,2
1798,4,2,0,0,1,1,0,6,5.0,2.0,5.0,3.0,1
1799,2,0,1,0,0,1,0,2,4.0,3.0,5.0,2.0,2
1800,2,0,0,0,0,0,1,2,4.0,4.0,4.0,2.0,0
1801,1,0,0,1,1,0,0,1,5.0,1.0,4.333333333333333,6.0,2
1802,4,2,1,0,1,0,0,6,3.75,4.0,4.5,2.0,1
1803,3,0,0,1,0,0,1,3,4.5,2.0,4.0,1.0,0
1804,1,1,0,1,0,1,0,2,3.5,2.0,3.6666666666666665,3.0,0
1805,1,2,0,0,1,1,0,3,4.5,2.0,4.0,1.0,2
1806,4,0,1,1,0,0,0,4,4.0,3.0,4.5,4.0,2
1807,4,1,1,0,0,1,0,5,4.666666666666667,3.0,4.0,2.0,1
1808,2,1,0,1,0,1,1,3,5.0,1.0,3.5,2.0,0
1809,5,1,1,1,1,0,0,6,4.666666666666667,3.0,5.0,1.0,1
1810,2,2,0,0,1,0,1,4,3.0,2.0,4.0,3.0,1
1811,2,0,1,0,0,1,0,2,0.0,0.0,5.0,1.0,3
1812,1,0,0,1,1,0,0,1,4.333333333333333,6.0,4.5,4.0,2
1813,4,1,0,1,0,0,1,5,4.666666666666667,3.0,4.2,5.0,1
1814,5,1,1,0,1,1,0,6,4.5,2.0,4.6,5.0,1
1815,2,0,0,0,0,1,1,2,5.0,2.0,4.5,2.0,0
1816,2,0,0,0,1,1,0,2,4.25,4.0,5.0,2.0,2
1817,1,1,0,1,0,0,0,2,5.0,1.0,4.0,5.0,0
1818,1,0,1,0,0,0,0,1,3.75,4.0,4.0,3.0,2
1819,1,0,1,0,0,1,0,1,4.0,3.0,4.6,5.0,2
1820,2,3,1,0,0,0,0,5,3.0,2.0,4.0,1.0,1
1821,2,0,1,0,1,1,0,2,5.0,1.0,5.0,3.0,2
1822,3,1,0,1,0,0,1,4,4.25,4.0,4.2,5.0,0
1823,2,3,1,0,0,1,0,5,0.0,0.0,4.0,2.0,3
1824,3,1,1,0,1,1,0,4,4.666666666666667,3.0,4.571428571428571,7.0,2
1825,3,0,0,0,0,1,1,3,0.0,0.0,4.166666666666667,6.0,3
1826,3,2,1,0,0,1,0,5,4.5,2.0,4.5,2.0,1
1827,3,2,0,1,0,1,1,5,3.5,2.0,4.75,4.0,1
1828,4,0,1,0,1,1,0,4,5.0,2.0,0.0,0.0,2
1829,4,1,1,0,1,0,0,5,0.0,0.0,5.0,1.0,3
1830,2,1,1,0,0,0,1,3,5.0,1.0,4.666666666666667,3.0,0
1831,2,0,0,0,0,1,0,2,4.666666666666667,3.0,4.5,2.0,0
1832,2,0,1,0,0,0,1,2,0.0,0.0,5.0,1.0,3
1833,2,0,1,0,1,1,0,2,5.0,2.0,4.0,3.0,2
1834,3,2,1,0,0,0,0,5,4.25,4.0,4.428571428571429,7.0,1
1835,3,1,1,1,0,0,0,4,4.666666666666667,3.0,5.0,1.0,2
1836,2,0,0,1,0,0,0,2,0.0,0.0,4.5,2.0,3
1837,2,1,0,1,0,0,0,3,5.0,1.0,5.0,1.0,0
1838,1,0,1,1,0,0,0,1,4.0,1.0,4.0,1.0,2
1839,3,1,1,1,1,0,0,4,4.8,5.0,4.6,5.0,2
1840,3,1,0,1,1,0,0,4,0.0,0.0,4.5,2.0,3
1841,2,1,0,1,0,0,1,3,3.5,2.0,4.75,4.0,0
1842,1,0,0,0,0,1,1,1,3.8,5.0,4.0,3.0,0
1843,3,0,0,0,0,0,1,3,4.75,4.0,4.0,4.0,0
1844,1,2,0,1,0,0,0,3,5.0,1.0,4.5,2.0,0
1845,3,1,1,1,0,0,0,4,4.0,3.0,4.0,2.0,2
1846,3,0,0,0,0,1,1,3,0.0,0.0,4.5,2.0,3
1847,3,1,0,0,0,1,0,4,4.666666666666667,3.0,5.0,1.0,1
1848,2,0,0,0,1,1,0,2,4.5,2.0,4.333333333333333,3.0,2
1849,2,0,0,0,0,0,1,2,0.0,0.0,4.333333333333333,3.0,3
1850,2,2,0,0,0,1,1,4,5.0,1.0,4.0,2.0,0
1851,1,0,1,0,0,0,1,1,4.5,2.0,4.0,3.0,0
1852,2,0,1,0,0,0,0,2,4.75,4.0,4.5,2.0,2
1853,3,2,0,1,1,0,0,5,4.0,2.0,3.6666666666666665,3.0,1
1854,2,0,0,1,0,1,1,2,4.0,4.0,0.0,0.0,0
1855,5,0,1,0,0,1,0,5,5.0,1.0,4.0,3.0,1
1856,3,0,0,0,0,1,0,3,0.0,0.0,3.5,2.0,3
1857,3,2,1,1,0,0,0,5,4.5,4.0,4.0,3.0,1
1858,1,0,0,1,0,1,1,1,5.0,1.0,4.2,5.0,0
1859,2,0,0,1,0,0,1,2,3.6666666666666665,3.0,4.0,3.0,0
1860,1,1,0,1,0,0,0,2,5.0,1.0,4.0,1.0,0
1861,3,0,1,0,1,0,0,3,4.0,2.0,5.0,2.0,2
1862,1,1,0,1,0,1,1,2,4.0,2.0,4.333333333333333,3.0,0
1863,2,2,1,1,0,0,0,4,4.5,2.0,4.75,4.0,2
1864,3,1,0,1,0,0,1,4,0.0,0.0,4.5,2.0,3
1865,3,2,1,0,0,1,0,5,4.0,2.0,4.5,2.0,1
1866,2,0,1,1,1,0,0,2,4.2,5.0,3.0,1.0,2
1867,2,0,1,0,1,1,0,2,4.142857142857143,7.0,4.0,3.0,2
1868,2,1,1,1,1,0,0,3,4.0,1.0,4.666666666666667,3.0,2
1869,4,0,0,1,0,0,0,4,4.0,1.0,0.0,0.0,1
1870,3,2,0,0,1,0,0,5,4.0,2.0,5.0,1.0,1
1871,2,2,0,1,1,0,0,4,2.0,1.0,4.0,2.0,3
1872,1,2,0,1,1,0,0,3,5.0,1.0,5.0,3.0,2
1873,3,1,1,0,1,0,0,4,0.0,0.0,5.0,3.0,3
1874,2,1,0,1,1,0,0,3,4.666666666666667,3.0,3.0,1.0,2
1875,3,2,1,1,1,0,0,5,4.666666666666667,6.0,0.0,0.0,1
1876,3,0,1,0,1,0,0,3,4.4,5.0,3.6666666666666665,3.0,2
1877,1,0,1,0,1,0,0,1,4.666666666666667,3.0,4.0,3.0,2
1878,1,2,1,1,1,0,0,3,4.0,2.0,4.8,5.0,2
1879,4,1,1,0,0,1,0,5,5.0,1.0,4.0,2.0,1
1880,3,0,0,0,1,0,0,3,4.2,5.0,4.5,2.0,2
1881,2,1,1,0,0,1,0,3,4.333333333333333,3.0,0.0,0.0,2
1882,2,0,0,0,1,1,0,2,4.0,3.0,4.0,1.0,2
1883,3,1,1,0,1,0,0,4,3.6666666666666665,3.0,3.0,2.0,2
1884,2,1,0,0,0,1,0,3,3.0,2.0,5.0,1.0,0
1885,3,0,0,1,0,1,0,3,4.666666666666667,3.0,4.0,2.0,0
1886,2,0,1,0,0,1,0,2,4.4,5.0,4.0,4.0,2
1887,3,0,0,1,0,0,0,3,4.5,2.0,4.2,5.0,0
1888,3,1,0,0,1,1,0,4,4.25,4.0,4.0,2.0,1
1889,3,0,0,0,1,1,0,3,4.0,1.0,5.0,2.0,2
1890,1,1,0,0,0,1,0,2,4.333333333333333,3.0,4.5,2.0,0
1891,2,1,0,1,1,0,0,3,4.5,2.0,0.0,0.0,2
1892,1,1,1,0,1,0,0,2,0.0,0.0,5.0,3.0,3
1893,2,1,0,0,0,1,1,3,4.4,5.0,4.857142857142857,7.0,0
1894,2,1,0,0,0,1,0,3,4.0,4.0,4.75,4.0,0
1895,2,2,0,0,0,1,1,4,5.0,2.0,5.0,3.0,0
1896,3,0,0,1,0,1,1,3,4.0,1.0,4.0,2.0,0
1897,2,0,0,1,0,0,1,2,0.0,0.0,3.8,5.0,3
1898,3,0,0,1,1,0,0,3,4.5,2.0,4.0,2.0,2
1899,3,1,1,0,1,0,0,4,0.0,0.0,5.0,1.0,3
1900,2,0,0,0,0,1,0,2,4.5,2.0,4.5,2.0,0
1901,3,2,1,1,1,0,0,5,4.5,2.0,4.25,4.0,1
1902,2,3,0,0,0,1,1,5,0.0,0.0,5.0,1.0,3
1903,4,0,0,0,0,1,1,4,5.0,1.0,4.0,1.0,0
1904,3,2,1,1,0,0,0,5,4.0,1.0,4.666666666666667,3.0,1
1905,3,2,0,0,0,1,1,5,4.25,4.0,4.0,7.0,1
1906,4,0,0,1,1,0,0,4,4.0,1.0,4.25,4.0,1
1907,1,0,0,0,0,1,1,1,4.0,1.0,4.0,4.0,0
1908,5,2,1,0,1,1,0,7,5.0,2.0,4.5,2.0,1
1909,3,1,1,1,1,0,0,4,4.0,1.0,3.25,4.0,2
1910,3,1,0,0,0,1,0,4,4.0,2.0,0.0,0.0,1
1911,3,0,0,1,1,0,0,3,3.5,2.0,4.0,2.0,2
1912,4,1,0,1,1,0,0,5,4.666666666666667,3.0,4.25,4.0,1
1913,4,0,1,0,0,1,0,4,4.333333333333333,3.0,4.0,3.0,2
1914,2,2,1,1,1,0,0,4,3.6666666666666665,3.0,4.666666666666667,3.0,2
1915,3,1,0,0,1,0,1,4,4.25,4.0,4.0,3.0,1
1916,3,2,1,0,0,0,0,5,4.666666666666667,6.0,4.333333333333333,6.0,1
1917,2,3,1,0,1,1,0,5,4.0,1.0,4.5,2.0,1
1918,2,3,1,0,0,0,1,5,4.5,2.0,4.5,6.0,1
1919,1,0,1,0,0,1,0,1,4.5,2.0,4.5,2.0,2
1920,1,0,1,0,0,0,0,1,4.0,2.0,4.142857142857143,7.0,2
1921,3,0,1,0,0,0,1,3,5.0,1.0,4.333333333333333,3.0,0
1922,1,3,0,0,1,1,0,4,5.0,1.0,4.5,2.0,1
1923,3,1,0,0,1,0,1,4,0.0,0.0,4.5,6.0,3
1924,3,0,0,0,0,1,1,3,5.0,4.0,5.0,1.0,0
1925,5,0,1,0,1,1,0,5,4.5,2.0,3.6,5.0,1
1926,2,0,1,0,1,0,0,2,0.0,0.0,4.0,1.0,3
1927,1,0,0,0,1,0,1,1,4.666666666666667,3.0,4.5,6.0,0
1928,2,0,1,0,0,0,0,2,5.0,2.0,4.333333333333333,3.0,2
1929,4,0,1,0,0,0,0,4,5.0,1.0,3.0,1.0,2
1930,1,1,0,1,0,1,0,2,4.0,1.0,3.857142857142857,7.0,0
1931,1,2,0,0,0,1,1,3,3.5,2.0,4.2,5.0,0
1932,2,0,1,0,0,1,0,2,4.4,5.0,3.5,2.0,2
1933,3,1,0,0,0,1,0,4,4.666666666666667,3.0,4.25,4.0,1
1934,2,0,1,0,0,0,0,2,5.0,1.0,4.5,4.0,2
1935,2,0,0,1,0,0,1,2,5.0,2.0,3.0,1.0,0
1936,3,1,0,0,1,0,1,4,4.25,4.0,4.333333333333333,3.0,1
1937,3,0,0,0,1,0,1,3,3.25,4.0,4.0,2.0,0
1938,2,0,0,0,0,0,1,2,4.333333333333333,3.0,4.0,3.0,0
1939,3,0,0,1,1,0,0,3,4.0,1.0,0.0,0.0,2
1940,2,0,0,1,1,0,0,2,4.0,1.0,4.571428571428571,7.0,2
1941,1,1,1,0,1,1,0,2,4.0,1.0,4.0,2.0,2
1942,3,0,1,1,1,0,0,3,3.4,5.0,0.0,0.0,2
1943,4,1,1,0,0,0,1,5,3.0,1.0,0.0,0.0,1
1944,4,0,0,0,0,1,0,4,4.0,3.0,4.0,2.0,1
1945,2,1,0,1,0,0,0,3,3.0,2.0,4.666666666666667,3.0,0
1946,5,0,0,0,1,1,0,5,5.0,1.0,5.0,2.0,1
1947,3,0,1,0,0,0,0,3,4.0,3.0,4.285714285714286,7.0,2
1948,4,0,0,1,0,1,1,4,4.5,2.0,5.0,4.0,0
1949,4,0,0,0,0,1,0,4,4.0,2.0,5.0,1.0,1
1950,2,0,0,0,1,0,0,2,4.0,2.0,0.0,0.0,2
1951,4,1,1,0,0,1,0,5,3.5,4.0,4.6,5.0,1
1952,1,2,1,0,0,0,0,3,5.0,1.0,4.666666666666667,3.0,2
1953,4,0,0,1,0,0,0,4,4.333333333333333,3.0,4.166666666666667,6.0,1
1954,2,0,1,0,1,0,0,2,5.0,1.0,4.4,5.0,2
1955,3,0,0,0,0,1,1,3,0.0,0.0,4.75,4.0,3
1956,2,3,0,1,1,0,0,5,4.666666666666667,3.0,3.6666666666666665,3.0,1
1957,3,0,0,0,0,0,1,3,4.0,1.0,4.333333333333333,3.0,0
1958,3,0,0,1,0,0,0,3,0.0,0.0,3.75,4.0,3
1959,4,0,0,0,0,1,0,4,4.5,2.0,0.0,0.0,1
1960,3,0,1,0,0,0,0,3,5.0,2.0,5.0,1.0,2
1961,2,0,0,1,0,0,1,2,3.6666666666666665,3.0,4.111111111111111,9.0,0
1962,3,0,1,0,0,1,0,3,4.5,4.0,5.0,1.0,2
1963,5,0,1,0,0,1,0,5,0.0,0.0,4.0,2.0,3
1964,5,0,0,0,1,0,1,5,4.5,2.0,4.0,2.0,1
1965,3,0,0,1,0,1,0,3,4.333333333333333,3.0,4.0,1.0,0
1966,3,1,0,1,0,1,0,4,4.333333333333333,3.0,5.0,2.0,1
1967,2,0,1,0,1,1,0,2,4.0,1.0,5.0,1.0,2
1968,5,3,0,1,1,0,0,8,4.5,4.0,3.3333333333333335,3.0,1
1969,3,2,1,0,1,0,0,5,5.0,1.0,4.0,3.0,1
1970,3,0,1,0,1,0,0,3,3.0,1.0,5.0,1.0,2
1971,2,1,0,1,1,0,0,3,4.333333333333333,6.0,4.0,3.0,2
1972,4,0,0,0,1,0,0,4,4.666666666666667,3.0,3.6666666666666665,3.0,1
1973,2,2,1,0,1,0,0,4,5.0,1.0,3.0,1.0,2
1974,2,1,0,0,1,0,0,3,0.0,0.0,4.5,2.0,3
1975,4,0,0,1,0,1,1,4,4.75,4.0,4.666666666666667,3.0,0
1976,5,2,0,0,0,1,0,7,5.0,1.0,5.0,3.0,1
1977,1,3,0,1,1,0,0,4,4.0,2.0,3.8333333333333335,6.0,1
1978,2,0,0,1,1,0,0,2,0.0,0.0,4.333333333333333,3.0,3
1979,4,2,1,0,0,1,0,6,0.0,0.0,5.0,1.0,3
1980,1,1,1,0,1,1,0,2,4.5,2.0,0.0,0.0,2
1981,4,1,0,1,1,0,0,5,4.0,2.0,4.5,2.0,1
1982,4,1,0,0,1,1,0,5,4.5,6.0,4.333333333333333,3.0,1
1983,3,2,0,1,1,0,0,5,4.0,4.0,4.666666666666667,3.0,1
1984,2,1,1,0,0,1,0,3,5.0,1.0,4.0,4.0,2
1985,5,0,0,0,0,1,1,5,4.0,1.0,4.75,4.0,1
1986,2,0,0,1,0,1,0,2,5.0,1.0,4.428571428571429,7.0,0
1987,2,0,0,1,1,0,0,2,3.5,4.0,4.0,3.0,2
1988,1,2,0,0,0,1,1,3,4.666666666666667,3.0,3.6666666666666665,3.0,0
1989,5,2,0,1,0,0,0,7,4.0,3.0,4.0,1.0,1
1990,2,2,0,0,1,0,0,4,3.5,2.0,5.0,1.0,1
1991,1,2,1,0,0,0,1,3,5.0,1.0,4.666666666666667,3.0,0
1992,3,3,0,0,1,0,1,6,4.25,4.0,3.6666666666666665,3.0,1
1993,2,1,0,0,0,1,1,3,4.5,2.0,4.0,3.0,0
1994,1,1,1,0,0,1,0,2,4.333333333333333,3.0,4.75,4.0,2
1995,3,1,0,0,0,0,1,4,3.0,1.0,3.6666666666666665,3.0,0
1996,3,1,1,1,1,0,0,4,3.75,4.0,4.0,1.0,2
1997,5,0,0,1,0,1,1,5,4.75,4.0,4.5,2.0,1
1998,2,0,0,1,0,1,0,2,5.0,1.0,4.0,2.0,0
1999,2,1,1,0,0,0,1,3,4.333333333333333,3.0,5.0,2.0,0
2000,1,0,1,1,0,0,0,1,3.75,4.0,5.0,2.0,2
2001,4,1,1,1,0,0,0,5,4.6,5.0,0.0,0.0,1
2002,2,1,0,0,0,1,0,3,5.0,2.0,4.666666666666667,3.0,0
2003,2,1,1,1,1,0,0,3,4.333333333333333,3.0,4.0,4.0,2
2004,1,0,0,0,1,0,1,1,4.2,5.0,4.0,1.0,0
2005,2,0,1,0,0,0,1,2,4.333333333333333,3.0,4.375,8.0,0
2006,3,1,0,1,1,0,0,4,4.4,5.0,4.666666666666667,3.0,1
2007,4,2,0,0,1,0,1,6,0.0,0.0,4.666666666666667,3.0,3
2008,3,2,0,1,0,1,0,5,4.25,4.0,5.0,1.0,1
2009,4,0,1,0,1,1,0,4,5.0,1.0,5.0,2.0,2
2010,3,2,1,1,1,0,0,5,4.25,4.0,4.0,1.0,1
2011,3,1,0,1,0,1,0,4,4.333333333333333,3.0,3.0,1.0,1
2012,1,1,1,0,0,0,0,2,4.5,2.0,4.666666666666667,3.0,2
2013,3,0,0,0,0,1,0,3,5.0,1.0,5.0,3.0,0
2014,3,0,1,0,0,0,0,3,4.0,2.0,4.0,3.0,2
2015,1,1,0,1,0,1,1,2,5.0,1.0,4.25,4.0,0
2016,1,2,0,1,0,1,0,3,4.8,5.0,5.0,1.0,0
2017,2,1,0,1,0,1,1,3,3.6666666666666665,3.0,3.857142857142857,7.0,0
2018,2,2,0,1,0,1,0,4,5.0,1.0,4.333333333333333,3.0,1
2019,2,0,0,0,0,1,1,2,4.666666666666667,3.0,4.4,5.0,0
2020,2,0,0,1,0,0,1,2,5.0,2.0,4.666666666666667,6.0,0
2021,2,0,0,1,1,0,0,2,4.0,2.0,4.5,4.0,2
2022,1,0,0,0,0,1,1,1,4.5,2.0,4.333333333333333,3.0,0
2023,4,0,1,0,0,1,0,4,4.0,2.0,4.0,4.0,2
2024,3,1,0,1,0,0,1,4,3.5,4.0,4.5,2.0,0
2025,4,1,0,1,1,0,0,5,0.0,0.0,0.0,0.0,3
2026,1,0,1,0,0,0,1,1,3.75,4.0,4.75,4.0,0
2027,4,0,0,0,1,1,0,4,4.285714285714286,7.0,4.666666666666667,3.0,1
2028,2,0,0,0,1,0,1,2,4.0,3.0,4.0,1.0,0
2029,3,2,0,0,0,1,1,5,4.0,6.0,4.25,4.0,1
2030,3,1,0,0,0,0,1,4,3.6666666666666665,3.0,4.5,2.0,0
2031,3,0,0,0,1,0,0,3,4.5,2.0,4.5,6.0,2
2032,5,0,0,1,0,1,1,5,4.0,3.0,4.5,2.0,1
2033,3,0,1,0,0,0,1,3,4.25,4.0,0.0,0.0,0
2034,2,1,0,0,0,1,1,3,4.75,4.0,4.0,3.0,0
2035,3,1,0,0,1,0,1,4,4.666666666666667,3.0,4.0,1.0,1
2036,3,1,1,0,0,0,1,4,5.0,1.0,4.2,5.0,0
2037,2,0,0,1,0,1,0,2,0.0,0.0,4.5,4.0,3
2038,3,0,1,0,0,0,0,3,3.6666666666666665,3.0,4.5,2.0,2
2039,4,2,0,0,0,1,1,6,5.0,2.0,4.75,4.0,1
2040,2,0,0,0,1,0,0,2,3.5,2.0,5.0,3.0,2
2041,2,0,0,0,0,0,1,2,5.0,2.0,0.0,0.0,0
2042,2,1,0,0,1,0,0,3,4.0,1.0,4.0,1.0,2
2043,2,2,0,0,1,0,1,4,5.0,4.0,5.0,2.0,1
2044,5,0,0,0,1,0,1,5,3.5,2.0,5.0,2.0,1
2045,5,0,0,0,0,0,1,5,3.875,8.0,4.666666666666667,3.0,1
2046,3,0,1,0,0,0,1,3,4.0,1.0,4.4,5.0,0
2047,2,0,0,0,1,0,1,2,4.25,4.0,4.666666666666667,3.0,0
2048,2,1,0,1,1,0,0,3,4.0,2.0,4.0,4.0,2
2049,2,0,0,0,1,0,0,2,3.5,2.0,4.25,4.0,2
2050,4,1,1,0,0,0,1,5,3.0,1.0,5.0,4.0,1
2051,2,1,0,0,0,1,1,3,3.6666666666666665,3.0,3.5,2.0,0
2052,4,1,0,0,0,1,1,5,4.0,3.0,3.0,1.0,1
2053,1,1,1,1,0,0,0,2,4.0,2.0,4.25,4.0,2
2054,2,3,1,0,0,1,0,5,5.0,1.0,4.333333333333333,3.0,1
2055,2,0,0,0,1,0,1,2,5.0,1.0,4.0,1.0,0
2056,5,1,0,0,1,0,0,6,5.0,4.0,3.0,1.0,1
2057,1,0,1,0,1,1,0,1,4.333333333333333,3.0,4.5,4.0,2
2058,2,1,1,0,0,0,1,3,5.0,2.0,4.5,4.0,0
2059,1,1,0,0,1,0,0,2,4.333333333333333,3.0,4.0,4.0,2
2060,4,1,0,0,0,1,1,5,4.428571428571429,7.0,0.0,0.0,1
2061,2,0,1,1,0,0,0,2,4.0,2.0,5.0,1.0,2
2062,2,0,1,0,0,1,0,2,4.0,4.0,0.0,0.0,2
2063,3,1,0,0,1,1,0,4,4.2,5.0,3.5,2.0,1
2064,2,0,0,1,1,0,0,2,4.666666666666667,6.0,3.6666666666666665,3.0,2
2065,4,0,1,0,1,0,0,4,4.0,1.0,3.5,2.0,2
2066,3,1,0,1,1,0,0,4,4.333333333333333,3.0,4.666666666666667,3.0,1
2067,2,3,0,1,0,1,0,5,4.0,1.0,5.0,3.0,1
2068,3,2,0,0,1,0,0,5,4.5,2.0,4.333333333333333,3.0,1
2069,2,0,1,1,0,0,0,2,4.5,2.0,4.5,2.0,2
2070,1,0,1,0,1,0,0,1,4.0,1.0,4.0,3.0,2
2071,3,1,1,0,0,0,0,4,4.5,2.0,4.75,4.0,2
2072,2,0,0,0,1,0,1,2,3.0,1.0,3.6666666666666665,3.0,0
2073,2,1,1,1,1,0,0,3,3.0,1.0,3.0,2.0,2
2074,2,2,0,1,1,0,0,4,0.0,0.0,4.0,3.0,3
2075,3,0,0,0,0,0,1,3,4.666666666666667,3.0,4.5,4.0,0
2076,3,3,0,1,0,0,0,6,4.666666666666667,3.0,0.0,0.0,1
2077,3,2,1,1,0,0,0,5,4.0,3.0,5.0,1.0,1
2078,1,0,0,1,0,1,1,1,4.25,4.0,3.0,1.0,0
2079,3,1,0,0,1,1,0,4,4.5,2.0,4.333333333333333,3.0,1
2080,3,1,1,0,1,0,0,4,3.3333333333333335,3.0,5.0,1.0,2
2081,3,0,1,0,1,1,0,3,4.0,3.0,5.0,1.0,2
2082,3,0,0,1,1,0,0,3,3.5,4.0,4.0,1.0,2
2083,1,0,0,1,0,0,0,1,4.0,2.0,3.6666666666666665,3.0,0
2084,2,1,0,1,0,1,0,3,4.6,5.0,4.666666666666667,3.0,0
2085,2,2,1,0,1,0,0,4,4.5,2.0,5.0,1.0,2
2086,4,2,0,0,0,1,1,6,4.25,4.0,3.0,1.0,1
2087,2,0,0,0,0,1,0,2,4.666666666666667,3.0,4.666666666666667,6.0,0
2088,4,1,0,0,0,1,1,5,4.5,4.0,4.6,5.0,1
2089,5,2,1,0,0,0,1,7,5.0,1.0,5.0,3.0,1
2090,1,1,0,0,0,0,1,2,0.0,0.0,5.0,1.0,3
2091,3,0,0,0,0,1,0,3,0.0,0.0,4.25,4.0,3
2092,3,0,0,0,1,0,1,3,5.0,1.0,4.75,4.0,0
2093,3,1,0,0,0,0,1,4,4.666666666666667,3.0,4.5,2.0,0
2094,4,0,0,0,1,0,1,4,0.0,0.0,4.2,5.0,3
2095,1,2,0,1,1,0,0,3,5.0,1.0,3.8333333333333335,6.0,2
2096,4,0,0,0,0,1,1,4,4.0,1.0,4.5,2.0,0
2097,2,2,0,1,1,0,0,4,4.0,2.0,4.0,2.0,1
2098,4,2,0,1,1,0,0,6,4.333333333333333,3.0,4.75,4.0,1
2099,1,0,0,0,1,0,1,1,4.666666666666667,3.0,4.0,3.0,0
2100,5,0,0,1,0,1,0,5,4.0,6.0,4.5,2.0,1
2101,2,2,0,0,1,1,0,4,4.0,2.0,5.0,1.0,1
2102,2,1,1,0,0,0,1,3,5.0,1.0,4.0,1.0,0
2103,3,0,0,1,0,0,1,3,4.5,2.0,4.0,1.0,0
2104,3,1,1,0,0,1,0,4,4.5,2.0,4.25,4.0,2
2105,1,0,0,1,0,1,0,1,4.4,5.0,3.0,2.0,0
2106,4,0,0,0,0,0,1,4,5.0,4.0,4.5,2.0,0
2107,3,1,0,0,1,0,0,4,4.0,6.0,4.5,6.0,1
2108,1,1,1,1,0,0,0,2,3.0,1.0,4.285714285714286,7.0,2
2109,2,0,0,0,0,0,1,2,4.0,3.0,4.0,1.0,0
2110,5,2,1,0,1,1,0,7,4.666666666666667,3.0,4.5,4.0,1
2111,1,0,1,0,1,1,0,1,4.333333333333333,3.0,4.0,4.0,2
2112,4,0,0,0,0,0,1,4,3.6666666666666665,3.0,4.0,3.0,0
2113,2,0,0,0,0,0,1,2,4.0,3.0,4.0,4.0,0
2114,3,0,1,0,0,1,0,3,5.0,2.0,1.0,1.0,2
2115,1,2,0,0,1,0,0,3,4.333333333333333,3.0,4.5,2.0,2
2116,1,0,0,0,1,0,0,1,3.8,5.0,5.0,1.0,2
2117,5,1,0,0,1,0,0,6,3.0,1.0,4.0,1.0,1
2118,5,2,0,0,1,0,0,7,4.0,1.0,4.333333333333333,3.0,1
2119,1,2,1,0,0,0,0,3,4.666666666666667,3.0,0.0,0.0,2
2120,5,0,0,1,0,0,1,5,5.0,1.0,0.0,0.0,1
2121,4,1,0,0,0,1,1,5,4.5,2.0,4.333333333333333,3.0,1
2122,4,1,0,0,0,1,0,5,4.0,1.0,4.0,2.0,1
2123,5,0,0,1,1,0,0,5,4.666666666666667,3.0,4.0,1.0,1
2124,2,0,0,1,0,0,0,2,4.0,6.0,3.0,1.0,0
2125,2,0,0,0,1,1,0,2,5.0,2.0,4.0,3.0,2
2126,3,1,0,1,0,0,0,4,4.333333333333333,3.0,4.5,4.0,1
2127,2,0,0,1,0,0,1,2,5.0,1.0,4.4,5.0,0
2128,3,1,1,0,0,0,0,4,5.0,1.0,4.714285714285714,7.0,2
2129,3,1,0,1,1,0,0,4,3.0,2.0,4.0,2.0,1
2130,3,0,0,1,1,0,0,3,4.0,4.0,4.4,5.0,2
2131,2,1,0,1,0,1,1,3,4.5,6.0,4.333333333333333,3.0,0
2132,1,2,0,1,1,0,0,3,0.0,0.0,4.0,2.0,3
2133,3,2,1,0,0,0,0,5,3.3333333333333335,3.0,4.666666666666667,3.0,1
2134,3,0,0,0,0,1,1,3,3.5,2.0,3.25,4.0,0
2135,5,1,0,1,1,0,0,6,4.333333333333333,3.0,3.6666666666666665,3.0,1
2136,2,3,0,0,0,1,1,5,4.0,1.0,4.333333333333333,3.0,1
2137,5,2,1,1,0,0,0,7,5.0,3.0,4.0,1.0,1
2138,3,2,0,1,0,1,0,5,3.5,2.0,4.666666666666667,3.0,1
2139,1,1,1,1,1,0,0,2,0.0,0.0,4.75,4.0,3
2140,3,2,0,0,0,1,1,5,4.0,1.0,4.0,5.0,1
2141,4,2,1,0,1,0,0,6,5.0,1.0,4.0,1.0,1
2142,4,1,1,0,1,0,0,5,3.6,5.0,5.0,1.0,1
2143,2,2,0,1,1,0,0,4,3.3333333333333335,3.0,4.0,5.0,1
2144,3,1,1,1,0,0,0,4,0.0,0.0,4.0,3.0,3
2145,3,0,1,0,1,0,0,3,5.0,3.0,4.3,10.0,2
2146,2,0,0,0,1,1,0,2,3.5,4.0,4.5,2.0,2
2147,2,0,0,1,0,0,1,2,4.333333333333333,3.0,4.5,2.0,0
2148,2,0,0,1,0,0,0,2,5.0,1.0,4.666666666666667,6.0,0
2149,4,0,1,0,0,0,1,4,4.333333333333333,3.0,4.8,5.0,0
2150,3,1,0,1,0,0,0,4,4.0,4.0,3.5,2.0,1
2151,4,1,1,1,0,0,0,5,4.4,5.0,4.25,4.0,1
2152,3,1,0,1,1,0,0,4,4.2,5.0,4.5,2.0,1
2153,1,0,1,1,1,0,0,1,4.0,1.0,4.0,6.0,2
2154,3,0,0,1,0,1,0,3,4.0,3.0,4.666666666666667,6.0,0
2155,1,2,0,1,0,0,1,3,0.0,0.0,4.0,1.0,3
2156,1,1,1,1,0,0,0,2,4.75,4.0,3.6666666666666665,3.0,2
2157,3,0,0,0,0,1,0,3,3.5,2.0,4.0,1.0,0
2158,2,1,1,1,1,0,0,3,4.0,1.0,4.0,2.0,2
2159,2,0,0,0,0,1,1,2,4.0,1.0,4.333333333333333,3.0,0
2160,2,0,0,0,1,0,1,2,4.0,1.0,4.666666666666667,3.0,0
2161,3,0,0,0,0,1,1,3,3.0,1.0,4.5,2.0,0
2162,1,0,0,1,1,0,0,1,4.666666666666667,3.0,3.5,2.0,2
2163,5,0,1,0,0,0,1,5,5.0,3.0,4.4,5.0,1
2164,2,0,1,0,1,1,0,2,0.0,0.0,4.75,4.0,3
2165,3,3,0,0,0,0,1,6,4.0,1.0,4.0,2.0,1
2166,1,2,0,1,0,0,0,3,2.5,2.0,4.0,2.0,0
2167,3,0,0,1,0,0,0,3,4.0,1.0,5.0,2.0,0
2168,4,0,1,1,0,0,0,4,4.2,5.0,3.6666666666666665,3.0,2
2169,3,0,0,0,0,1,1,3,4.75,4.0,4.8,5.0,0
2170,5,1,1,1,1,0,0,6,4.0,3.0,4.333333333333333,3.0,1
2171,4,0,0,0,0,0,1,4,4.428571428571429,7.0,4.0,1.0,0
2172,5,1,0,1,0,0,0,6,4.0,2.0,5.0,1.0,1
2173,2,1,1,0,1,1,0,3,5.0,1.0,4.0,3.0,2
2174,5,1,0,1,0,1,0,6,4.5,2.0,3.3333333333333335,3.0,1
2175,5,1,1,0,0,0,1,6,4.0,2.0,0.0,0.0,1
2176,3,1,0,0,0,0,1,4,4.0,2.0,4.333333333333333,3.0,0
2177,5,1,0,0,0,0,1,6,4.75,4.0,3.6666666666666665,3.0,1
2178,2,0,0,0,1,0,1,2,3.5,2.0,3.6666666666666665,3.0,0
2179,2,0,0,1,0,0,0,2,4.0,2.0,4.333333333333333,3.0,0
2180,2,0,1,1,1,0,0,2,4.0,1.0,4.666666666666667,3.0,2
2181,2,1,0,0,0,1,1,3,0.0,0.0,4.5,2.0,3
2182,3,1,1,1,0,0,0,4,4.5,4.0,4.5,4.0,2
2183,4,0,1,1,0,0,0,4,4.333333333333333,3.0,4.0,2.0,2
2184,1,0,0,1,0,1,1,1,3.0,2.0,4.25,8.0,0
2185,2,2,0,0,0,1,1,4,4.25,4.0,3.8,5.0,0
2186,4,1,0,0,0,1,1,5,5.0,2.0,4.0,3.0,1
2187,4,2,0,1,0,1,1,6,4.0,2.0,4.166666666666667,6.0,1
2188,2,0,1,0,1,0,0,2,5.0,1.0,4.75,4.0,2
2189,5,0,0,0,0,1,0,5,4.0,1.0,4.5,2.0,1
2190,2,1,0,0,1,0,1,3,3.75,4.0,4.5,4.0,0
2191,3,0,1,0,1,0,0,3,3.6666666666666665,3.0,4.6,5.0,2
2192,1,0,1,1,1,0,0,1,4.333333333333333,3.0,5.0,1.0,2
2193,3,0,1,0,0,1,0,3,4.0,2.0,4.0,2.0,2
2194,2,0,0,0,0,1,0,2,3.75,4.0,4.6,5.0,0
2195,4,0,0,0,1,1,0,4,4.0,2.0,4.0,4.0,1
2196,4,0,1,0,1,0,0,4,4.0,3.0,0.0,0.0,2
2197,3,3,0,0,1,0,0,6,3.5,2.0,4.4,5.0,1
2198,5,0,0,0,1,1,0,5,4.0,1.0,0.0,0.0,1
2199,2,0,0,0,1,1,0,2,4.333333333333333,3.0,4.333333333333333,3.0,2
2200,3,2,1,1,1,0,0,5,4.0,4.0,4.0,2.0,1
2201,3,2,0,0,1,0,1,5,0.0,0.0,4.0,5.0,3
2202,4,2,0,1,0,1,0,6,4.333333333333333,3.0,4.333333333333333,6.0,1
2203,2,1,0,1,0,1,1,3,3.6666666666666665,3.0,4.75,4.0,0
2204,3,1,0,0,0,1,1,4,3.3333333333333335,3.0,4.0,2.0,0
2205,5,2,0,1,0,1,1,7,5.0,1.0,4.0,1.0,1
2206,5,2,0,0,0,1,1,7,4.666666666666667,3.0,4.0,4.0,1
2207,1,2,1,1,0,0,0,3,4.0,2.0,4.6,5.0,2
2208,1,2,0,1,0,0,1,3,4.0,2.0,3.6666666666666665,3.0,0
2209,2,0,1,1,0,0,0,2,4.0,1.0,0.0,0.0,2
2210,2,2,1,0,1,0,0,4,4.0,2.0,4.25,4.0,2
2211,2,0,1,0,1,1,0,2,4.0,2.0,5.0,2.0,2
2212,2,1,0,1,1,0,0,3,4.0,1.0,4.0,1.0,2
2213,2,3,0,0,0,1,1,5,4.0,2.0,4.25,4.0,1
2214,1,2,1,0,1,0,0,3,5.0,1.0,5.0,1.0,2
2215,1,0,0,1,1,0,0,1,4.0,4.0,4.25,8.0,2
2216,2,1,1,0,0,0,1,3,5.0,1.0,5.0,1.0,0
2217,3,0,0,0,0,1,0,3,4.0,3.0,4.4,5.0,0
2218,2,1,0,0,0,1,0,3,5.0,2.0,4.5,2.0,0
2219,4,2,1,0,0,0,0,6,4.5,2.0,4.75,4.0,1
2220,4,1,0,1,0,0,0,5,4.5,2.0,4.0,2.0,1
2221,2,0,0,1,1,0,0,2,4.25,4.0,4.4,5.0,2
2222,4,1,1,0,0,1,0,5,3.5,2.0,3.8,5.0,1
2223,2,1,0,1,0,1,0,3,0.0,0.0,4.2,5.0,3
2224,3,2,0,1,1,0,0,5,4.333333333333333,3.0,4.0,1.0,1
2225,3,0,0,0,1,0,1,3,5.0,1.0,4.428571428571429,7.0,0
2226,2,1,0,1,0,1,1,3,5.0,2.0,5.0,3.0,0
2227,3,0,0,1,0,0,0,3,3.6666666666666665,3.0,5.0,6.0,0
2228,2,0,0,1,0,1,1,2,0.0,0.0,4.0,1.0,3
2229,2,0,1,0,1,1,0,2,4.0,2.0,4.5,4.0,2
2230,3,1,0,1,0,1,0,4,4.5,2.0,3.6666666666666665,3.0,1
2231,3,1,0,1,0,1,0,4,5.0,1.0,3.0,1.0,1
2232,4,0,1,0,1,0,0,4,5.0,2.0,4.25,4.0,2
2233,2,1,0,0,1,1,0,3,5.0,2.0,4.666666666666667,6.0,2
2234,2,0,0,1,0,1,1,2,4.0,3.0,3.3333333333333335,3.0,0
2235,3,2,0,0,1,0,1,5,4.0,2.0,4.333333333333333,3.0,1
2236,3,2,0,0,1,0,1,5,4.333333333333333,3.0,4.75,4.0,1
2237,5,2,0,0,0,1,1,7,4.714285714285714,7.0,0.0,0.0,1
2238,4,1,0,1,0,1,1,5,4.5,2.0,4.0,1.0,1
2239,2,2,1,0,0,1,0,4,4.666666666666667,3.0,4.25,4.0,2
2240,2,0,1,1,0,0,0,2,4.5,2.0,4.285714285714286,7.0,2
2241,2,1,1,0,1,0,0,3,4.25,4.0,4.0,2.0,2
2242,5,3,1,0,1,0,0,8,4.0,2.0,4.5,2.0,1
2243,3,0,1,0,1,1,0,3,0.0,0.0,3.75,4.0,3
2244,3,0,0,0,1,1,0,3,4.0,1.0,4.0,1.0,2
2245,5,1,0,0,1,0,1,6,4.333333333333333,3.0,0.0,0.0,1
2246,2,1,0,0,1,0,0,3,4.666666666666667,3.0,4.666666666666667,6.0,2
2247,1,2,0,0,0,0,1,3,5.0,4.0,5.0,3.0,0
2248,2,1,1,1,1,0,0,3,4.5,4.0,4.5,2.0,2
2249,3,0,0,0,0,1,1,3,5.0,1.0,4.4,5.0,0
2250,2,2,0,0,0,1,1,4,4.5,2.0,4.0,4.0,0
2251,1,1,1,0,1,1,0,2,3.5,2.0,3.0,4.0,2
2252,2,0,1,0,1,0,0,2,4.0,2.0,4.0,2.0,2
2253,4,0,1,0,0,0,0,4,4.0,5.0,4.75,4.0,2
2254,5,2,1,1,0,0,0,7,4.0,2.0,4.0,1.0,1
2255,3,0,0,0,0,1,0,3,4.5,6.0,4.25,4.0,0
2256,2,1,0,1,0,0,1,3,0.0,0.0,4.5,2.0,3
2257,5,0,0,0,0,0,1,5,4.25,4.0,4.571428571428571,7.0,1
2258,3,0,0,0,1,0,1,3,3.75,4.0,4.666666666666667,3.0,0
2259,5,1,0,0,0,1,1,6,5.0,3.0,4.0,2.0,1
2260,2,1,1,0,1,1,0,3,3.75,4.0,4.5,8.0,2
2261,2,0,0,0,1,0,1,2,4.0,3.0,4.8,5.0,0
2262,1,0,0,0,1,1,0,1,4.0,4.0,4.0,4.0,2
2263,2,0,0,0,1,0,0,2,4.0,1.0,3.5,2.0,2
2264,3,1,0,0,0,0,1,4,4.4,5.0,5.0,1.0,0
2265,4,0,0,1,0,1,1,4,4.25,4.0,4.0,3.0,0
2266,2,0,0,0,0,0,1,2,4.5,2.0,3.6666666666666665,3.0,0
2267,2,1,0,0,1,1,0,3,4.25,4.0,3.3333333333333335,3.0,2
2268,3,0,0,1,1,0,0,3,3.5,2.0,4.75,4.0,2
2269,2,0,0,0,0,0,1,2,3.0,1.0,0.0,0.0,0
2270,3,0,1,0,0,1,0,3,3.5,2.0,5.0,1.0,2
2271,4,2,0,1,0,0,0,6,4.0,3.0,4.666666666666667,3.0,1
2272,2,0,0,1,0,0,1,2,4.0,2.0,3.5,2.0,0
2273,2,0,1,0,0,0,0,2,4.25,4.0,4.333333333333333,3.0,2
2274,2,0,1,0,1,0,0,2,5.0,1.0,4.6,5.0,2
2275,2,1,1,0,0,0,1,3,4.666666666666667,3.0,4.75,4.0,0
2276,2,1,0,1,0,1,1,3,5.0,2.0,4.166666666666667,6.0,0
2277,3,1,0,0,1,1,0,4,4.0,6.0,3.0,1.0,1
2278,3,0,1,0,0,0,0,3,4.333333333333333,3.0,4.5,2.0,2
2279,1,0,0,1,0,0,0,1,4.25,4.0,4.5,2.0,0
2280,1,0,1,0,0,0,0,1,4.666666666666667,3.0,5.0,2.0,2
2281,4,1,0,0,1,0,1,5,4.5,2.0,5.0,3.0,1
2282,2,1,0,1,0,1,1,3,4.666666666666667,3.0,4.333333333333333,3.0,0
2283,4,0,0,1,0,0,1,4,0.0,0.0,4.333333333333333,3.0,3
2284,2,2,0,0,1,1,0,4,4.75,4.0,5.0,1.0,1
2285,3,0,0,1,1,0,0,3,4.0,2.0,4.5,2.0,2
2286,2,1,0,1,0,0,1,3,5.0,2.0,4.0,1.0,0
2287,5,2,0,1,0,1,1,7,0.0,0.0,4.0,3.0,3
2288,3,0,0,0,0,0,1,3,4.0,2.0,4.5,2.0,0
2289,4,0,1,1,1,0,0,4,4.5,2.0,4.5,2.0,2
2290,3,0,0,0,0,0,1,3,4.0,1.0,4.5,2.0,0
2291,1,0,1,1,1,0,0,1,0.0,0.0,4.0,4.0,3
2292,1,2,0,0,0,1,0,3,4.5,2.0,4.25,4.0,0
2293,1,1,1,0,1,1,0,2,4.0,2.0,5.0,3.0,2
2294,4,1,0,1,0,1,1,5,4.0,4.0,4.5,2.0,1
2295,5,1,1,0,0,0,0,6,5.0,4.0,3.0,1.0,1
2296,3,0,0,0,0,1,1,3,4.5,2.0,4.0,2.0,0
2297,2,1,0,0,1,0,0,3,5.0,6.0,4.0,3.0,2
2298,2,0,1,1,1,0,0,2,4.8,5.0,4.666666666666667,3.0,2
2299,3,2,0,1,1,0,0,5,4.333333333333333,3.0,4.0,4.0,1
2300,3,2,1,1,1,0,0,5,0.0,0.0,4.5,2.0,3
2301,1,0,0,1,1,0,0,1,4.666666666666667,3.0,4.0,4.0,2
2302,3,0,0,1,1,0,0,3,4.25,8.0,3.0,1.0,2
2303,3,1,0,0,0,1,1,4,5.0,1.0,4.5,2.0,0
2304,3,2,0,0,0,0,1,5,4.0,3.0,4.0,5.0,1
2305,3,0,0,0,0,0,1,3,4.4,5.0,4.5,2.0,0
2306,5,0,0,1,0,0,1,5,4.666666666666667,3.0,5.0,2.0,1
2307,3,0,0,1,1,0,0,3,4.0,3.0,4.142857142857143,7.0,2
2308,5,0,0,1,0,1,0,5,3.8,5.0,3.25,4.0,1
2309,4,1,1,0,0,0,0,5,0.0,0.0,4.5,2.0,3
2310,2,1,0,0,0,1,0,3,5.0,1.0,4.5,2.0,0
2311,1,1,0,1,1,0,0,2,3.75,4.0,4.2,5.0,2
2312,1,0,0,1,0,0,1,1,4.5,2.0,4.666666666666667,3.0,0
2313,5,1,1,1,1,0,0,6,4.0,3.0,4.5,4.0,1
2314,2,0,1,0,0,0,1,2,5.0,2.0,4.333333333333333,3.0,0
2315,2,0,1,0,0,0,0,2,0.0,0.0,4.25,4.0,3
2316,3,1,0,1,0,1,1,4,4.333333333333333,3.0,5.0,1.0,0
2317,2,0,0,1,0,0,1,2,3.5,4.0,4.0,2.0,0
2318,3,0,0,0,0,1,1,3,4.666666666666667,3.0,0.0,0.0,0
2319,1,0,0,0,1,1,0,1,4.0,2.0,4.0,1.0,2
2320,4,0,1,1,1,0,0,4,5.0,3.0,4.4,5.0,2
2321,3,0,1,0,1,0,0,3,5.0,2.0,3.0,3.0,2
2322,3,1,0,0,1,1,0,4,4.333333333333333,3.0,3.25,4.0,1
2323,1,2,1,0,0,0,1,3,3.5,2.0,4.0,2.0,0
2324,2,0,0,0,1,0,0,2,4.0,2.0,4.5,2.0,2
2325,4,0,0,1,0,1,0,4,4.5,2.0,4.0,2.0,1
2326,4,0,0,1,0,1,1,4,4.0,3.0,4.5,2.0,0
2327,2,0,1,0,1,1,0,2,3.5,2.0,3.0,1.0,2
2328,2,0,0,0,0,1,1,2,4.0,2.0,5.0,2.0,0
2329,3,0,0,1,0,1,0,3,3.75,4.0,4.0,2.0,0
2330,2,0,1,0,1,0,0,2,3.0,1.0,4.333333333333333,3.0,2
2331,1,0,0,1,1,0,0,1,4.0,1.0,4.0,3.0,2
2332,3,0,0,1,1,0,0,3,0.0,0.0,4.5,2.0,3
2333,1,2,1,0,0,0,0,3,5.0,1.0,4.333333333333333,3.0,2
2334,2,0,0,0,0,0,1,2,5.0,2.0,4.5,2.0,0
2335,3,2,0,1,1,0,0,5,5.0,1.0,4.666666666666667,3.0,1
2336,4,1,0,0,1,0,0,5,4.666666666666667,3.0,3.6666666666666665,3.0,1
2337,2,0,0,1,1,0,0,2,3.0,1.0,4.0,6.0,2
2338,3,0,0,0,0,1,1,3,3.5,2.0,4.5,4.0,0
2339,5,2,0,1,1,0,0,7,4.0,2.0,4.75,4.0,1
2340,2,0,0,0,1,0,1,2,5.0,2.0,5.0,1.0,0
2341,3,0,1,0,0,0,1,3,4.0,4.0,4.333333333333333,3.0,0
2342,1,0,0,1,0,0,1,1,4.4,5.0,4.0,2.0,0
2343,3,0,1,0,1,1,0,3,4.0,3.0,0.0,0.0,2
2344,3,1,1,0,0,1,0,4,4.5,2.0,4.0,4.0,2
2345,3,1,1,0,0,1,0,4,4.0,3.0,3.0,1.0,2
2346,4,0,1,1,1,0,0,4,0.0,0.0,4.0,4.0,3
2347,2,3,1,0,0,1,0,5,4.6,5.0,4.0,1.0,1
2348,4,0,1,0,0,0,1,4,3.6666666666666665,3.0,0.0,0.0,0
2349,3,0,0,0,0,0,1,3,5.0,2.0,4.333333333333333,3.0,0
2350,5,0,0,0,1,0,0,5,4.333333333333333,3.0,4.333333333333333,3.0,1
2351,2,1,0,0,1,1,0,3,3.5,2.0,4.571428571428571,7.0,2
2352,3,1,1,0,0,1,0,4,0.0,0.0,4.333333333333333,3.0,3
2353,3,3,1,0,1,0,0,6,4.333333333333333,3.0,3.0,1.0,1
2354,3,3,1,0,1,1,0,6,4.666666666666667,3.0,4.6,5.0,1
2355,5,0,0,0,1,1,0,5,4.0,4.0,0.0,0.0,1
2356,1,0,0,1,0,0,0,1,0.0,0.0,4.0,6.0,3
2357,2,2,1,0,0,0,1,4,4.0,2.0,4.5,2.0,0
2358,2,2,0,0,0,0,1,4,0.0,0.0,3.8,5.0,3
2359,5,1,1,0,0,0,0,6,4.5,2.0,4.5,4.0,1
2360,5,0,0,1,0,1,1,5,4.333333333333333,6.0,5.0,2.0,1
2361,4,0,0,0,1,0,1,4,5.0,2.0,5.0,1.0,1
2362,1,0,1,0,0,0,0,1,4.5,2.0,4.0,2.0,2
2363,1,0,1,0,0,0,0,1,4.0,1.0,3.5,2.0,2
2364,5,0,0,1,1,0,0,5,4.0,2.0,4.5,4.0,1
2365,3,0,0,1,0,0,1,3,3.0,1.0,4.0,4.0,0
2366,2,0,0,0,0,1,1,2,4.333333333333333,6.0,4.0,3.0,0
2367,4,0,1,0,0,1,0,4,3.5,4.0,3.25,4.0,2
2368,3,0,0,1,0,1,0,3,0.0,0.0,3.6666666666666665,3.0,3
2369,5,1,0,0,1,0,0,6,4.333333333333333,3.0,4.5,2.0,1
2370,2,0,1,0,0,0,0,2,4.5,2.0,4.5,2.0,2
2371,1,1,1,1,1,0,0,2,4.2,5.0,2.0,1.0,2
2372,1,1,0,0,0,0,1,2,4.0,4.0,4.0,3.0,0
2373,1,1,0,1,1,0,0,2,4.333333333333333,3.0,4.0,3.0,2
2374,2,0,1,0,0,0,0,2,5.0,2.0,4.2,5.0,2
2375,3,0,0,0,0,0,1,3,4.0,2.0,0.0,0.0,0
2376,4,0,1,1,0,0,0,4,4.0,1.0,3.5,2.0,2
2377,3,0,1,0,0,0,0,3,4.333333333333333,3.0,5.0,1.0,2
2378,3,1,0,1,0,0,0,4,0.0,0.0,4.333333333333333,3.0,3
2379,4,3,1,1,1,0,0,7,4.166666666666667,6.0,4.666666666666667,3.0,1
2380,2,0,0,1,0,0,0,2,4.0,1.0,4.666666666666667,3.0,0
2381,3,0,0,1,0,0,1,3,4.5,2.0,4.333333333333333,6.0,0
2382,3,2,1,0,1,0,0,5,3.5,2.0,4.666666666666667,3.0,1
2383,5,0,0,1,0,1,1,5,4.0,1.0,4.0,1.0,1
2384,3,0,0,1,0,1,0,3,0.0,0.0,4.333333333333333,6.0,3
2385,2,0,1,0,1,0,0,2,4.0,4.0,5.0,3.0,2
2386,4,0,0,0,0,1,1,4,4.0,2.0,4.0,2.0,0
2387,1,1,1,1,0,0,0,2,4.333333333333333,3.0,4.666666666666667,3.0,2
2388,2,0,0,1,0,0,0,2,4.5,2.0,4.166666666666667,6.0,0
2389,4,2,1,0,1,1,0,6,4.0,2.0,5.0,4.0,1
2390,5,2,0,0,0,0,1,7,4.0,1.0,5.0,4.0,1
2391,1,0,0,0,1,0,1,1,5.0,1.0,4.0,6.0,0
2392,4,2,0,1,0,0,1,6,3.0,1.0,4.5,2.0,1
2393,3,2,0,0,0,1,1,5,5.0,1.0,5.0,1.0,1
2394,4,1,0,1,0,0,1,5,4.666666666666667,3.0,4.0,2.0,1
2395,1,0,0,0,0,1,1,1,4.0,2.0,3.75,4.0,0
2396,2,1,1,1,0,0,0,3,5.0,1.0,4.5,2.0,2
2397,2,0,1,1,1,0,0,2,5.0,2.0,4.0,2.0,2
2398,3,0,0,0,1,0,0,3,4.5,4.0,4.0,2.0,2
2399,4,0,1,0,0,0,1,4,4.5,2.0,5.0,2.0,0
2400,2,0,0,0,0,1,1,2,5.0,1.0,4.5,4.0,0
2401,2,0,0,0,1,1,0,2,4.5,2.0,4.166666666666667,6.0,2
2402,4,0,0,1,0,0,1,4,3.0,1.0,0.0,0.0,0
2403,4,0,0,0,1,0,1,4,4.5,2.0,4.333333333333333,9.0,1
2404,1,0,1,1,1,0,0,1,3.5,2.0,4.5,4.0,2
2405,3,1,0,1,1,0,0,4,4.0,2.0,4.4,5.0,1
2406,3,0,1,0,0,0,0,3,3.8,5.0,5.0,1.0,2
2407,2,1,0,0,1,1,0,3,3.0,1.0,4.4,5.0,2
2408,3,1,0,1,1,0,0,4,4.0,5.0,4.25,4.0,1
2409,1,1,0,1,0,1,0,2,4.0,1.0,0.0,0.0,0
2410,5,0,1,0,1,0,0,5,4.0,2.0,5.0,2.0,1
2411,4,1,0,0,0,1,1,5,5.0,3.0,4.5,4.0,1
2412,1,1,0,1,1,0,0,2,4.166666666666667,6.0,4.666666666666667,3.0,2
2413,2,0,0,1,0,0,1,2,4.333333333333333,3.0,4.666666666666667,3.0,0
2414,4,0,0,1,0,1,1,4,4.4,5.0,3.875,8.0,0
2415,2,1,1,0,1,0,0,3,4.666666666666667,3.0,5.0,1.0,2
2416,1,0,1,0,1,1,0,1,0.0,0.0,4.0,1.0,3
2417,3,0,0,0,0,1,1,3,4.5,2.0,4.0,2.0,0
2418,4,0,0,0,1,0,1,4,4.75,4.0,5.0,3.0,1
2419,4,0,1,0,0,1,0,4,4.666666666666667,3.0,4.333333333333333,3.0,2
2420,5,2,0,0,0,1,1,7,5.0,2.0,4.2,5.0,1
2421,3,1,0,1,0,0,1,4,4.0,1.0,5.0,1.0,0
2422,5,0,1,0,1,1,0,5,4.5,2.0,4.0,4.0,1
2423,2,0,0,0,1,1,0,2,4.8,5.0,4.166666666666667,6.0,2
2424,1,1,1,1,0,0,0,2,4.5,4.0,4.333333333333333,3.0,2
2425,2,1,0,1,0,0,0,3,4.5,2.0,4.75,4.0,0
2426,2,2,1,0,0,1,0,4,3.0,1.0,4.666666666666667,3.0,2
2427,2,0,1,1,0,0,0,2,3.0,4.0,3.5,4.0,2
2428,2,0,0,1,1,0,0,2,0.0,0.0,4.0,2.0,3
2429,2,0,0,0,0,1,1,2,4.666666666666667,6.0,5.0,1.0,0
2430,5,1,0,1,1,0,0,6,5.0,1.0,0.0,0.0,1
2431,1,2,1,0,1,0,0,3,4.6,5.0,4.0,5.0,2
2432,1,1,0,0,0,1,1,2,5.0,3.0,4.0,4.0,0
2433,2,2,0,0,1,0,1,4,5.0,1.0,4.333333333333333,3.0,1
2434,5,0,0,0,0,1,1,5,5.0,2.0,4.8,5.0,1
2435,2,2,1,1,1,0,0,4,5.0,1.0,3.5,4.0,2
2436,2,0,0,0,1,0,0,2,4.0,1.0,4.166666666666667,6.0,2
2437,2,1,0,0,0,1,1,3,0.0,0.0,4.5,4.0,3
2438,1,0,1,0,1,1,0,1,0.0,0.0,4.666666666666667,3.0,3
2439,2,1,1,1,0,0,0,3,4.75,4.0,5.0,2.0,2
2440,5,1,0,1,0,0,1,6,5.0,1.0,4.666666666666667,3.0,1
2441,2,0,1,1,0,0,0,2,4.0,2.0,4.0,1.0,2
2442,2,1,1,1,1,0,0,3,4.333333333333333,3.0,4.5,4.0,2
2443,3,0,0,0,0,1,0,3,4.0,4.0,4.75,4.0,0
2444,2,1,0,1,0,1,0,3,4.333333333333333,3.0,4.666666666666667,3.0,0
2445,5,1,1,0,0,0,0,6,4.5,2.0,4.5,2.0,1
2446,5,0,1,0,0,0,1,5,4.5,2.0,3.3333333333333335,3.0,1
2447,1,0,0,0,0,1,0,1,0.0,0.0,5.0,1.0,3
2448,3,0,0,0,1,0,1,3,4.333333333333333,3.0,4.5,2.0,0
2449,2,0,1,0,0,0,1,2,4.666666666666667,3.0,4.0,2.0,0
2450,3,0,0,0,0,1,1,3,4.75,4.0,4.5,4.0,0
2451,2,1,1,0,0,1,0,3,4.333333333333333,3.0,5.0,1.0,2
2452,4,0,0,0,0,1,0,4,4.8,5.0,4.4,5.0,1
2453,3,0,0,0,1,1,0,3,4.0,2.0,5.0,4.0,2
2454,5,0,1,1,0,0,0,5,0.0,0.0,4.5,2.0,3
2455,2,2,0,1,0,0,0,4,3.75,4.0,4.25,4.0,1
2456,1,0,0,1,0,0,1,1,4.0,1.0,4.0,1.0,0
2457,2,1,0,0,0,1,0,3,0.0,0.0,5.0,2.0,3
2458,2,3,1,1,0,0,0,5,0.0,0.0,3.5,2.0,3
2459,2,0,1,0,0,0,0,2,4.5,2.0,4.666666666666667,6.0,2
2460,2,1,0,0,0,0,1,3,3.5,2.0,4.333333333333333,3.0,0
2461,3,2,1,0,0,0,0,5,4.0,3.0,4.0,3.0,1
2462,1,1,0,0,0,1,1,2,4.666666666666667,6.0,4.333333333333333,9.0,0
2463,3,1,1,0,0,0,0,4,5.0,1.0,4.333333333333333,3.0,2
2464,3,0,1,1,0,0,0,3,4.2,5.0,4.666666666666667,6.0,2
2465,2,2,1,0,0,0,0,4,0.0,0.0,3.6666666666666665,3.0,3
2466,1,2,0,0,1,0,0,3,5.0,2.0,4.0,1.0,2
2467,3,1,1,0,1,0,0,4,4.5,2.0,4.0,1.0,2
2468,3,2,1,0,1,1,0,5,4.75,4.0,4.666666666666667,6.0,1
2469,3,0,1,0,1,1,0,3,5.0,2.0,5.0,1.0,2
2470,5,3,0,0,0,1,1,8,4.5,4.0,4.25,4.0,1
2471,2,0,0,0,0,1,1,2,4.0,2.0,4.25,4.0,0
2472,3,0,0,0,0,1,1,3,4.0,2.0,4.0,1.0,0
2473,3,0,1,0,0,0,0,3,4.0,1.0,3.6666666666666665,3.0,2
2474,2,0,0,1,0,1,0,2,3.8333333333333335,6.0,4.25,4.0,0
2475,5,1,1,0,0,0,0,6,4.0,1.0,4.0,1.0,1
2476,1,0,1,0,0,0,1,1,4.0,2.0,5.0,1.0,0
2477,5,2,0,1,0,1,1,7,4.25,4.0,5.0,2.0,1
2478,3,0,0,1,1,0,0,3,4.75,4.0,4.5,2.0,2
2479,1,2,0,1,0,0,0,3,4.5,4.0,4.0,5.0,0
2480,3,0,0,0,0,1,1,3,4.0,1.0,4.5,2.0,0
2481,5,1,0,0,1,1,0,6,5.0,2.0,4.75,4.0,1
2482,2,0,0,0,1,0,0,2,0.0,0.0,4.2,5.0,3
2483,3,0,0,0,1,0,0,3,4.0,2.0,3.0,1.0,2
2484,4,2,0,0,0,1,0,6,0.0,0.0,3.0,1.0,3
2485,5,1,0,1,0,0,0,6,5.0,1.0,4.0,4.0,1
2486,4,1,0,1,1,0,0,5,4.0,3.0,4.0,2.0,1
2487,2,1,0,0,1,1,0,3,4.0,2.0,4.0,2.0,2
2488,5,0,0,0,0,1,1,5,4.5,4.0,3.0,2.0,1
2489,2,0,0,0,1,0,0,2,4.0,2.0,4.75,4.0,2
2490,5,0,0,0,0,1,1,5,3.5,2.0,4.0,3.0,1
2491,5,0,0,0,1,1,0,5,3.5,2.0,4.6,5.0,1
2492,2,2,0,1,1,0,0,4,5.0,1.0,4.75,8.0,1
2493,5,1,0,1,1,0,0,6,4.0,3.0,3.5,2.0,1
2494,5,0,0,0,0,1,0,5,3.5,2.0,4.0,2.0,1
2495,4,0,0,0,0,1,1,4,3.0,1.0,5.0,2.0,0
2496,3,0,0,1,0,1,1,3,0.0,0.0,4.0,3.0,3
2497,4,2,1,0,1,1,0,6,4.5,2.0,0.0,0.0,1
2498,3,2,0,0,0,1,1,5,4.0,3.0,4.5,2.0,1
2499,2,0,1,0,1,1,0,2,4.0,3.0,4.25,4.0,2
2500,2,1,0,0,1,0,1,3,4.75,4.0,5.0,1.0,0
2501,1,0,1,1,1,0,0,1,5.0,1.0,4.25,4.0,2
2502,2,0,0,1,1,0,0,2,4.333333333333333,3.0,4.0,2.0,2
2503,4,2,0,0,0,1,1,6,0.0,0.0,5.0,1.0,3
2504,1,2,0,1,1,0,0,3,5.0,1.0,4.0,3.0,2
2505,2,0,1,0,0,0,0,2,5.0,1.0,4.4,5.0,2
2506,5,2,0,0,0,1,1,7,3.3333333333333335,3.0,3.75,8.0,1
2507,5,0,0,1,1,0,0,5,4.5,2.0,4.166666666666667,6.0,1
2508,5,0,0,1,1,0,0,5,4.0,4.0,4.0,4.0,1
2509,1,0,0,0,0,1,1,1,5.0,1.0,5.0,3.0,0
2510,2,1,1,1,1,0,0,3,4.5,4.0,4.666666666666667,3.0,2
2511,3,0,1,1,0,0,0,3,3.0,1.0,4.0,2.0,2
2512,1,1,0,1,0,1,0,2,5.0,1.0,5.0,3.0,0
2513,3,0,0,0,0,0,1,3,4.666666666666667,3.0,4.666666666666667,3.0,0
2514,2,0,0,1,0,1,0,2,5.0,2.0,5.0,1.0,0
2515,3,0,0,1,1,0,0,3,5.0,2.0,4.0,1.0,2
2516,2,0,0,1,0,1,0,2,5.0,1.0,4.666666666666667,3.0,0
2517,3,0,0,1,0,1,1,3,4.5,4.0,4.6,5.0,0
2518,1,0,1,1,0,0,0,1,3.3333333333333335,3.0,4.0,3.0,2
2519,3,0,1,0,1,0,0,3,5.0,2.0,4.5,4.0,2
2520,2,1,0,0,1,0,0,3,4.5,2.0,4.0,6.0,2
2521,2,0,0,0,0,0,1,2,4.75,4.0,4.0,2.0,0
2522,2,0,0,1,1,0,0,2,3.3333333333333335,3.0,5.0,1.0,2
2523,3,1,0,0,0,0,1,4,5.0,3.0,4.333333333333333,6.0,0
2524,3,0,0,1,0,1,1,3,4.0,3.0,4.25,4.0,0
2525,5,1,1,0,0,1,0,6,4.666666666666667,3.0,4.0,5.0,1
2526,2,1,0,0,0,1,1,3,0.0,0.0,4.833333333333333,6.0,3
2527,3,0,1,0,0,0,1,3,3.5,2.0,0.0,0.0,0
2528,2,1,1,1,0,0,0,3,4.333333333333333,3.0,4.5,2.0,2
2529,2,0,0,0,0,1,0,2,4.333333333333333,3.0,4.4,5.0,0
2530,2,3,1,0,0,0,0,5,4.25,4.0,4.5,2.0,1
2531,2,0,0,0,1,0,1,2,4.666666666666667,3.0,0.0,0.0,0
2532,2,0,1,0,0,0,1,2,4.75,4.0,5.0,1.0,0
2533,3,0,0,0,0,1,1,3,4.2,5.0,4.666666666666667,3.0,0
2534,3,0,0,1,0,1,1,3,5.0,2.0,4.5,6.0,0
2535,3,0,0,1,0,0,0,3,0.0,0.0,4.0,4.0,3
2536,4,2,0,0,0,0,1,6,4.0,1.0,3.6666666666666665,3.0,1
2537,2,0,0,0,1,0,0,2,4.0,1.0,0.0,0.0,2
2538,2,0,0,1,1,0,0,2,4.333333333333333,3.0,4.0,3.0,2
2539,2,1,1,0,1,1,0,3,4.0,2.0,4.0,2.0,2
2540,3,0,0,1,1,0,0,3,4.5,2.0,4.333333333333333,6.0,2
2541,2,1,0,1,1,0,0,3,5.0,1.0,4.333333333333333,6.0,2
2542,3,1,1,0,0,1,0,4,4.5,2.0,4.4,5.0,2
2543,5,3,0,1,1,0,0,8,4.5,4.0,5.0,2.0,1
2544,4,0,1,0,1,0,0,4,5.0,1.0,4.333333333333333,3.0,2
2545,2,2,0,0,1,0,0,4,4.285714285714286,7.0,4.0,4.0,1
2546,2,0,0,0,1,1,0,2,4.5,2.0,4.0,1.0,2
2547,1,0,0,0,1,0,1,1,4.0,3.0,4.5,4.0,0
2548,4,0,1,0,0,1,0,4,3.0,1.0,4.75,4.0,2
2549,2,0,1,0,0,0,0,2,3.3333333333333335,3.0,4.5,2.0,2
2550,3,2,0,1,0,0,1,5,4.5,2.0,4.0,2.0,1
2551,2,0,1,0,0,0,1,2,4.0,1.0,4.0,5.0,0
2552,1,0,1,1,1,0,0,1,0.0,0.0,4.0,6.0,3
2553,2,0,0,0,1,1,0,2,4.5,2.0,4.5,2.0,2
2554,2,0,1,1,0,0,0,2,3.75,4.0,4.5,2.0,2
2555,1,2,1,1,1,0,0,3,3.5,2.0,3.0,2.0,2
2556,5,0,1,0,0,0,0,5,4.0,2.0,4.5,2.0,1
2557,2,3,0,1,0,0,1,5,4.0,2.0,3.75,4.0,1
2558,4,2,0,0,1,0,1,6,5.0,1.0,4.75,4.0,1
2559,2,0,1,0,1,1,0,2,3.6666666666666665,3.0,5.0,3.0,2
2560,5,1,0,0,0,1,1,6,4.5,2.0,4.5,4.0,1
2561,3,0,0,1,0,1,0,3,4.25,4.0,4.0,1.0,0
2562,2,0,1,0,0,1,0,2,4.0,2.0,5.0,1.0,2
2563,2,0,0,0,0,1,1,2,4.75,4.0,5.0,2.0,0
2564,1,0,0,0,1,0,1,1,5.0,1.0,4.0,3.0,0
2565,3,1,0,0,1,0,1,4,5.0,3.0,5.0,4.0,1
2566,5,2,1,0,0,0,1,7,4.5,2.0,5.0,1.0,1
2567,4,2,0,1,0,0,1,6,0.0,0.0,4.25,4.0,3
2568,4,0,0,1,1,0,0,4,4.5,2.0,4.5,2.0,1
2569,4,0,1,0,0,0,1,4,3.75,4.0,4.5,4.0,0
2570,3,2,0,0,1,0,0,5,4.4,5.0,4.0,5.0,1
2571,3,2,1,1,1,0,0,5,4.0,2.0,3.0,1.0,1
2572,2,1,0,1,0,0,1,3,4.5,4.0,5.0,1.0,0
2573,2,1,0,1,1,0,0,3,3.5,2.0,0.0,0.0,2
2574,3,2,1,0,0,1,0,5,3.0,1.0,4.0,1.0,1
2575,3,3,0,0,1,1,0,6,4.8,5.0,4.0,2.0,1
2576,3,1,0,0,1,0,0,4,4.666666666666667,3.0,3.0,1.0,1
2577,1,1,0,1,1,0,0,2,3.5,2.0,3.6666666666666665,3.0,2
2578,3,1,0,1,0,1,1,4,5.0,2.0,3.0,1.0,0
2579,2,0,0,0,0,1,0,2,4.0,3.0,5.0,1.0,0
2580,2,0,1,1,1,0,0,2,4.0,3.0,4.0,1.0,2
2581,3,1,0,1,1,0,0,4,4.5,4.0,4.5,2.0,1
2582,3,1,1,0,0,1,0,4,4.5,4.0,4.333333333333333,3.0,2
2583,2,2,0,1,0,0,0,4,4.0,1.0,4.5,4.0,1
2584,2,2,1,1,0,0,0,4,5.0,1.0,4.666666666666667,3.0,2
2585,2,1,0,0,0,0,1,3,4.5,2.0,4.333333333333333,3.0,0
2586,5,0,1,0,1,1,0,5,4.5,2.0,2.0,1.0,1
2587,2,0,0,1,0,1,0,2,4.2,5.0,5.0,1.0,0
2588,3,0,0,1,1,0,0,3,4.5,2.0,4.0,2.0,2
2589,1,1,0,0,0,1,1,2,0.0,0.0,4.166666666666667,6.0,3
2590,2,2,1,0,1,0,0,4,4.0,1.0,4.4,5.0,2
2591,4,1,0,1,0,1,0,5,3.5,2.0,4.285714285714286,7.0,1
2592,2,2,0,0,0,1,1,4,3.6,5.0,4.4,5.0,0
2593,2,0,1,0,0,0,0,2,4.5,2.0,4.0,1.0,2
2594,3,0,1,0,0,1,0,3,4.666666666666667,3.0,4.0,1.0,2
2595,3,0,1,1,1,0,0,3,5.0,3.0,4.5,2.0,2
2596,4,0,1,0,1,0,0,4,4.5,2.0,4.444444444444445,9.0,2
2597,4,1,1,1,1,0,0,5,3.6666666666666665,3.0,4.285714285714286,7.0,1
2598,1,0,1,0,1,0,0,1,3.5,2.0,4.0,1.0,2
2599,4,1,0,1,1,0,0,5,3.0,1.0,4.0,3.0,1
2600,3,0,0,0,0,1,0,3,3.5,2.0,4.4,5.0,0
2601,5,0,1,0,0,0,0,5,4.5,2.0,4.2,5.0,1
2602,3,0,1,0,0,1,0,3,5.0,1.0,3.75,4.0,2
2603,1,1,1,0,0,1,0,2,4.0,2.0,4.333333333333333,3.0,2
2604,4,0,1,1,1,0,0,4,4.75,4.0,5.0,2.0,2
2605,2,1,1,0,1,0,0,3,4.0,1.0,4.6,5.0,2
2606,3,1,1,0,1,1,0,4,4.0,1.0,4.25,4.0,2
2607,3,0,1,0,1,0,0,3,4.0,2.0,4.0,3.0,2
2608,1,2,1,1,0,0,0,3,3.5,2.0,4.0,2.0,2
2609,2,0,1,1,1,0,0,2,4.5,2.0,3.0,1.0,2
2610,4,2,1,0,0,0,1,6,4.5,4.0,4.0,2.0,1
2611,2,1,0,0,1,0,0,3,4.333333333333333,3.0,4.666666666666667,3.0,2
2612,2,2,1,1,1,0,0,4,3.75,4.0,0.0,0.0,2
2613,3,0,1,0,0,1,0,3,4.5,4.0,4.5,2.0,2
2614,3,2,0,0,0,0,1,5,5.0,2.0,4.666666666666667,3.0,1
2615,2,0,1,0,1,0,0,2,5.0,1.0,5.0,4.0,2
2616,2,0,0,0,0,0,1,2,4.0,4.0,4.666666666666667,3.0,0
2617,5,0,0,0,0,0,1,5,5.0,1.0,4.333333333333333,3.0,1
2618,2,2,0,0,0,0,1,4,0.0,0.0,4.333333333333333,6.0,3
2619,1,0,0,0,0,1,0,1,4.666666666666667,3.0,4.0,2.0,0
2620,1,1,1,1,1,0,0,2,3.75,4.0,4.333333333333333,3.0,2
2621,2,0,0,1,0,0,0,2,5.0,1.0,5.0,3.0,0
2622,4,1,0,0,1,0,0,5,5.0,1.0,4.142857142857143,7.0,1
2623,3,3,0,1,1,0,0,6,4.0,1.0,4.25,4.0,1
2624,2,0,1,0,0,0,0,2,5.0,2.0,4.2,5.0,2
2625,2,1,0,1,0,0,0,3,4.5,6.0,4.666666666666667,6.0,0
2626,3,1,1,0,1,1,0,4,4.0,1.0,4.5,4.0,2
2627,1,0,0,1,0,1,1,1,0.0,0.0,4.666666666666667,3.0,3
2628,1,0,0,1,0,1,1,1,5.0,2.0,4.0,2.0,0
2629,4,0,1,1,0,0,0,4,5.0,1.0,4.4,5.0,2
2630,2,0,1,0,1,1,0,2,4.0,2.0,4.0,3.0,2
2631,2,0,0,1,1,0,0,2,4.0,5.0,4.666666666666667,3.0,2
2632,4,0,0,1,0,1,1,4,4.666666666666667,3.0,4.166666666666667,6.0,0
2633,2,2,1,0,0,0,1,4,4.5,2.0,3.75,4.0,0
2634,1,2,0,1,0,1,0,3,4.0,3.0,5.0,1.0,0
2635,2,1,0,0,1,1,0,3,4.0,2.0,4.666666666666667,3.0,2
2636,2,0,1,1,1,0,0,2,4.0,2.0,4.142857142857143,7.0,2
2637,2,1,0,1,0,1,1,3,3.0,1.0,0.0,0.0,0
2638,3,1,1,1,1,0,0,4,3.0,1.0,5.0,2.0,2
2639,1,3,0,0,1,0,1,4,4.333333333333333,3.0,4.5,2.0,1
2640,2,0,0,0,1,1,0,2,3.6666666666666665,3.0,5.0,3.0,2
2641,2,2,0,0,0,1,1,4,4.5,4.0,3.0,2.0,0
2642,2,0,1,0,0,0,1,2,4.75,4.0,0.0,0.0,0
2643,4,2,0,0,1,1,0,6,4.666666666666667,3.0,4.0,1.0,1
2644,4,0,0,0,1,0,0,4,4.0,2.0,3.8,5.0,1
2645,2,0,0,0,1,1,0,2,4.0,3.0,0.0,0.0,2
2646,2,0,1,0,0,0,0,2,5.0,3.0,4.2,5.0,2
2647,5,0,0,1,1,0,0,5,4.5,2.0,0.0,0.0,1
2648,2,0,1,0,1,1,0,2,5.0,1.0,4.166666666666667,6.0,2
2649,1,0,1,0,1,0,0,1,4.5,2.0,4.5,4.0,2
2650,2,2,1,0,0,0,1,4,4.0,2.0,4.0,1.0,0
2651,2,0,0,0,0,1,1,2,4.2,5.0,5.0,1.0,0
2652,2,0,0,1,0,1,0,2,4.666666666666667,3.0,4.0,1.0,0
2653,2,2,1,0,0,1,0,4,5.0,1.0,4.666666666666667,3.0,2
2654,3,2,1,0,0,0,0,5,4.5,2.0,5.0,3.0,1
2655,2,1,0,1,0,0,0,3,4.0,2.0,0.0,0.0,0
2656,3,0,1,1,1,0,0,3,5.0,1.0,4.0,3.0,2
2657,4,0,0,1,1,0,0,4,4.0,1.0,4.5,4.0,1
2658,2,0,0,1,0,1,0,2,4.0,3.0,3.5,2.0,0
2659,1,0,0,0,0,0,1,1,5.0,1.0,4.166666666666667,6.0,0
2660,2,0,1,0,0,0,1,2,4.25,4.0,3.5,2.0,0
2661,3,1,0,0,0,0,1,4,4.0,3.0,0.0,0.0,0
2662,4,1,0,1,1,0,0,5,0.0,0.0,4.5,2.0,3
2663,2,0,1,0,0,1,0,2,0.0,0.0,5.0,2.0,3
2664,2,2,0,0,0,0,1,4,4.0,1.0,4.5,4.0,0
2665,2,0,1,0,1,1,0,2,0.0,0.0,3.6666666666666665,3.0,3
2666,2,0,1,1,1,0,0,2,4.5,8.0,4.4,5.0,2
2667,2,1,1,1,1,0,0,3,4.666666666666667,3.0,0.0,0.0,2
2668,4,0,0,0,1,0,0,4,4.75,4.0,4.333333333333333,3.0,1
2669,3,2,0,0,1,1,0,5,5.0,2.0,5.0,1.0,1
2670,2,1,1,0,0,0,1,3,3.5,2.0,4.0,3.0,0
2671,5,0,0,1,0,1,1,5,4.0,1.0,3.0,2.0,1
2672,3,0,1,0,0,0,1,3,5.0,1.0,4.75,4.0,0
2673,3,0,0,1,0,1,1,3,4.5,2.0,4.666666666666667,3.0,0
2674,1,2,0,0,1,0,1,3,4.666666666666667,3.0,4.333333333333333,3.0,0
2675,2,1,1,1,1,0,0,3,4.666666666666667,3.0,4.0,1.0,2
2676,2,1,0,0,0,0,1,3,4.0,1.0,4.0,2.0,0
2677,3,2,0,1,0,0,0,5,4.666666666666667,3.0,4.0,2.0,1
2678,3,2,0,0,0,1,1,5,5.0,1.0,3.5,2.0,1
2679,3,1,0,1,0,1,1,4,4.333333333333333,3.0,4.5,2.0,0
2680,3,2,1,1,1,0,0,5,3.5,2.0,4.571428571428571,7.0,1
2681,2,3,0,1,0,1,1,5,4.0,1.0,4.0,2.0,1
2682,4,0,0,0,1,0,0,4,2.5,2.0,3.8,5.0,1
2683,1,1,1,0,0,1,0,2,3.5,2.0,3.5,2.0,2
2684,3,3,0,1,0,1,1,6,4.0,1.0,4.0,2.0,1
2685,4,0,0,1,0,1,1,4,3.6666666666666665,3.0,4.25,4.0,0
2686,3,0,0,1,0,0,0,3,4.333333333333333,3.0,4.0,4.0,0
2687,2,2,0,1,0,1,1,4,4.5,2.0,3.0,1.0,0
2688,1,2,0,1,0,0,0,3,5.0,2.0,4.0,1.0,0
2689,3,0,1,1,0,0,0,3,0.0,0.0,4.25,4.0,3
2690,4,3,1,1,1,0,0,7,4.5,2.0,4.5,6.0,1
2691,2,1,0,0,1,0,1,3,4.0,3.0,4.333333333333333,3.0,0
2692,3,0,1,0,1,0,0,3,3.6666666666666665,3.0,4.666666666666667,3.0,2
2693,2,2,0,1,0,0,0,4,3.0,1.0,4.0,3.0,1
2694,5,0,1,0,0,0,0,5,4.0,1.0,5.0,1.0,1
2695,2,0,1,0,0,0,0,2,0.0,0.0,5.0,5.0,3
2696,5,3,1,1,1,0,0,8,4.571428571428571,7.0,4.0,3.0,1
2697,2,1,0,1,0,0,0,3,0.0,0.0,5.0,3.0,3
2698,2,2,0,1,0,1,1,4,3.5,4.0,4.2,5.0,0
2699,3,1,1,0,0,0,0,4,4.666666666666667,3.0,1.5,2.0,2
2700,4,1,0,1,0,0,0,5,0.0,0.0,5.0,1.0,3
2701,2,0,0,0,1,0,1,2,4.5,4.0,0.0,0.0,0
2702,4,1,0,1,0,0,1,5,4.0,3.0,3.5,2.0,1
2703,4,1,0,1,0,1,0,5,4.666666666666667,3.0,3.0,2.0,1
2704,2,1,1,0,1,0,0,3,4.5,4.0,4.0,6.0,2
2705,2,0,1,0,0,0,1,2,3.0,1.0,3.75,4.0,0
2706,1,1,1,0,0,0,1,2,3.0,1.0,4.666666666666667,3.0,0
2707,2,2,1,1,0,0,0,4,0.0,0.0,4.5,2.0,3
2708,2,1,1,1,0,0,0,3,4.5,2.0,5.0,6.0,2
2709,1,1,0,1,0,1,0,2,4.333333333333333,3.0,5.0,2.0,0
2710,2,0,1,0,1,0,0,2,3.0,1.0,0.0,0.0,2
2711,4,2,1,0,1,0,0,6,4.0,2.0,5.0,1.0,1
2712,4,2,0,1,0,1,1,6,3.5,2.0,4.8,5.0,1
2713,3,3,0,1,0,0,0,6,5.0,1.0,3.6666666666666665,6.0,1
2714,1,0,0,0,0,1,0,1,5.0,2.0,4.5,4.0,0
2715,2,2,1,0,1,0,0,4,4.5,2.0,4.333333333333333,6.0,2
2716,2,2,1,0,0,0,0,4,4.5,6.0,2.5,2.0,2
2717,3,1,0,0,1,0,1,4,4.5,2.0,4.0,3.0,1
2718,1,0,1,0,0,0,1,1,4.2,5.0,4.0,2.0,0
2719,2,0,1,0,1,0,0,2,5.0,3.0,4.4,5.0,2
2720,3,0,0,0,0,1,0,3,4.666666666666667,3.0,5.0,3.0,0
2721,1,1,1,1,1,0,0,2,5.0,2.0,3.75,4.0,2
2722,2,0,1,0,0,0,1,2,4.333333333333333,3.0,3.6666666666666665,3.0,0
2723,2,0,0,0,0,1,1,2,4.5,4.0,4.166666666666667,6.0,0
2724,4,0,1,0,1,0,0,4,4.5,4.0,4.75,4.0,2
2725,2,0,1,0,1,0,0,2,4.5,6.0,3.0,2.0,2
2726,5,0,0,1,1,0,0,5,0.0,0.0,4.666666666666667,3.0,3
2727,3,0,1,0,0,0,0,3,4.666666666666667,3.0,4.25,4.0,2
2728,1,0,0,1,0,1,1,1,4.666666666666667,3.0,4.166666666666667,6.0,0
2729,1,3,0,0,0,1,0,4,4.5,2.0,4.0,5.0,1
2730,2,0,1,0,0,1,0,2,3.0,1.0,4.0,1.0,2
2731,3,0,1,0,1,0,0,3,4.25,4.0,4.0,1.0,2
2732,1,0,1,0,0,0,0,1,4.5,2.0,4.0,2.0,2
2733,1,0,1,0,1,0,0,1,4.666666666666667,3.0,4.0,2.0,2
2734,2,3,0,1,1,0,0,5,4.5,2.0,4.0,1.0,1
2735,1,1,0,1,1,0,0,2,4.0,2.0,3.75,4.0,2
2736,4,0,0,1,0,1,1,4,4.5,2.0,4.0,4.0,0
2737,4,0,0,1,0,0,0,4,4.0,1.0,0.0,0.0,1
2738,2,0,0,1,0,1,0,2,4.333333333333333,3.0,5.0,1.0,0
2739,5,1,1,1,1,0,0,6,4.5,2.0,5.0,1.0,1
2740,2,0,0,0,0,1,1,2,4.0,2.0,4.5,4.0,0
2741,2,0,0,1,0,1,1,2,4.333333333333333,3.0,0.0,0.0,0
2742,2,0,0,0,1,0,0,2,4.0,1.0,4.833333333333333,6.0,2
2743,5,1,1,0,0,0,0,6,4.0,3.0,5.0,1.0,1
2744,2,2,0,0,0,0,1,4,4.333333333333333,3.0,4.166666666666667,6.0,0
2745,2,2,0,0,1,1,0,4,4.0,1.0,5.0,1.0,1
2746,3,1,0,0,1,1,0,4,5.0,3.0,3.75,4.0,1
2747,5,0,1,0,0,1,0,5,3.0,1.0,4.5,2.0,1
2748,2,0,0,0,1,1,0,2,0.0,0.0,4.75,4.0,3
2749,3,0,0,1,1,0,0,3,4.0,2.0,4.666666666666667,3.0,2
2750,2,0,0,0,0,1,1,2,4.0,2.0,4.5,6.0,0
2751,3,0,1,1,0,0,0,3,4.5,2.0,4.0,2.0,2
2752,1,1,1,0,1,0,0,2,4.0,1.0,4.666666666666667,3.0,2
2753,4,0,1,0,1,0,0,4,5.0,2.0,5.0,2.0,2
2754,3,0,0,0,1,0,1,3,0.0,0.0,4.333333333333333,3.0,3
2755,3,0,0,1,0,0,0,3,4.25,4.0,3.6,5.0,0
2756,2,3,0,1,0,0,1,5,4.5,2.0,4.666666666666667,3.0,1
2757,3,1,1,0,1,1,0,4,4.5,2.0,3.5,2.0,2
2758,1,0,0,0,1,0,1,1,0.0,0.0,4.555555555555555,9.0,3
2759,2,0,1,1,1,0,0,2,4.0,1.0,3.8,5.0,2
2760,2,0,0,0,0,1,1,2,4.0,1.0,4.5,4.0,0
2761,2,0,0,1,0,1,0,2,4.0,3.0,5.0,1.0,0
2762,2,1,1,0,1,1,0,3,4.0,3.0,4.2,5.0,2
2763,1,0,0,0,0,1,1,1,5.0,1.0,4.0,1.0,0
2764,3,0,1,1,1,0,0,3,4.0,3.0,4.25,4.0,2
2765,1,2,0,1,1,0,0,3,4.0,1.0,4.333333333333333,3.0,2
2766,2,0,0,1,0,0,1,2,4.5,2.0,4.5,2.0,0
2767,2,3,1,0,0,1,0,5,4.0,3.0,4.0,2.0,1
2768,2,0,0,1,1,0,0,2,4.0,2.0,4.0,3.0,2
2769,1,0,1,0,1,0,0,1,4.5,2.0,5.0,1.0,2
2770,3,2,1,1,0,0,0,5,5.0,2.0,4.2,5.0,1
2771,1,0,0,1,1,0,0,1,4.666666666666667,3.0,4.0,2.0,2
2772,1,0,0,0,1,0,1,1,4.0,6.0,4.4,5.0,0
2773,5,1,0,1,0,1,1,6,0.0,0.0,4.5,6.0,3
2774,3,0,1,0,0,0,1,3,3.3333333333333335,3.0,5.0,1.0,0
2775,5,1,0,0,1,0,1,6,4.5,2.0,4.5,2.0,1
2776,5,0,0,1,1,0,0,5,4.0,3.0,4.0,1.0,1
2777,1,0,1,0,1,0,0,1,0.0,0.0,4.4,5.0,3
2778,2,0,0,0,0,1,0,2,3.0,1.0,5.0,1.0,0
2779,5,1,0,1,1,0,0,6,3.0,1.0,2.0,1.0,1
2780,5,1,1,0,0,0,0,6,4.0,2.0,4.0,2.0,1
2781,2,0,0,0,0,1,1,2,5.0,2.0,4.0,3.0,0
2782,4,0,0,1,0,0,0,4,4.0,2.0,3.3333333333333335,3.0,1
2783,1,0,0,1,1,0,0,1,4.0,2.0,4.2,5.0,2
2784,3,0,0,0,0,0,1,3,4.0,3.0,5.0,2.0,0
2785,2,0,1,0,0,0,1,2,4.666666666666667,3.0,5.0,1.0,0
2786,2,1,0,0,0,1,1,3,0.0,0.0,0.0,0.0,3
2787,4,0,1,0,0,0,1,4,5.0,1.0,5.0,2.0,0
2788,3,1,1,0,1,0,0,4,0.0,0.0,3.0,4.0,3
2789,2,2,0,0,0,1,1,4,4.0,3.0,4.25,4.0,0
2790,3,2,0,1,0,1,1,5,4.666666666666667,3.0,4.25,4.0,1
2791,3,3,0,1,0,1,1,6,4.5,2.0,4.333333333333333,6.0,1
2792,2,0,1,0,1,0,0,2,5.0,1.0,5.0,1.0,2
2793,2,2,0,1,0,0,1,4,5.0,2.0,4.4,5.0,0
2794,1,2,0,0,0,0,1,3,4.0,4.0,4.25,4.0,0
2795,5,0,1,0,0,0,0,5,4.5,2.0,3.5,2.0,1
2796,3,2,1,1,1,0,0,5,0.0,0.0,4.5,2.0,3
2797,2,2,0,0,1,1,0,4,5.0,2.0,3.5,2.0,1
2798,4,1,1,0,1,0,0,5,5.0,2.0,5.0,3.0,1
2799,4,2,1,0,0,0,0,6,4.0,1.0,5.0,3.0,1
2800,3,0,1,0,0,0,1,3,4.0,3.0,3.0,1.0,0
2801,1,0,1,1,0,0,0,1,4.333333333333333,6.0,4.0,2.0,2
2802,1,0,0,1,1,0,0,1,4.0,1.0,3.5,2.0,2
2803,1,0,0,0,0,0,1,1,3.0,1.0,0.0,0.0,0
2804,5,0,0,1,0,0,0,5,4.5,4.0,4.333333333333333,3.0,1
2805,1,0,0,0,0,1,0,1,4.333333333333333,6.0,4.2,5.0,0
2806,3,0,0,0,0,1,0,3,3.8333333333333335,6.0,5.0,1.0,0
2807,4,0,1,1,1,0,0,4,0.0,0.0,5.0,1.0,3
2808,2,3,0,0,0,1,1,5,4.0,4.0,4.8,5.0,1
2809,4,0,0,1,1,0,0,4,5.0,1.0,4.4,5.0,1
2810,1,3,1,0,0,0,0,4,4.0,1.0,4.333333333333333,3.0,2
2811,3,0,1,0,0,0,1,3,3.3333333333333335,3.0,4.333333333333333,3.0,0
2812,3,3,1,0,1,0,0,6,3.0,1.0,5.0,1.0,1
2813,4,2,1,0,1,0,0,6,0.0,0.0,5.0,3.0,3
2814,2,3,1,0,0,1,0,5,4.666666666666667,3.0,4.0,2.0,1
2815,3,1,0,1,1,0,0,4,0.0,0.0,4.25,4.0,3
2816,4,1,0,1,1,0,0,5,4.5,2.0,5.0,1.0,1
2817,4,0,0,0,1,0,0,4,4.333333333333333,3.0,4.666666666666667,3.0,1
2818,5,0,1,0,1,0,0,5,3.5,2.0,4.333333333333333,3.0,1
2819,4,0,1,0,0,0,0,4,4.0,1.0,4.25,4.0,2
2820,1,0,0,1,0,0,1,1,4.666666666666667,6.0,4.0,2.0,0
2821,3,2,0,0,0,1,1,5,4.0,2.0,0.0,0.0,1
2822,2,1,1,1,1,0,0,3,4.666666666666667,3.0,4.0,2.0,2
2823,2,0,0,1,0,0,0,2,0.0,0.0,4.75,4.0,3
2824,1,0,0,0,0,1,0,1,0.0,0.0,4.333333333333333,3.0,3
2825,2,0,0,1,0,0,0,2,4.5,2.0,4.0,5.0,0
2826,4,0,1,0,0,0,1,4,0.0,0.0,4.25,4.0,3
2827,2,2,1,1,0,0,0,4,3.5,2.0,4.75,4.0,2
2828,5,1,0,0,0,1,0,6,4.75,4.0,5.0,1.0,1
2829,5,1,0,1,0,1,0,6,4.5,4.0,0.0,0.0,1
2830,4,1,0,1,1,0,0,5,3.5,2.0,4.2,5.0,1
2831,2,1,0,1,0,1,1,3,5.0,2.0,5.0,3.0,0
2832,3,0,0,1,1,0,0,3,0.0,0.0,4.0,3.0,3
2833,2,2,0,0,0,1,1,4,4.5,4.0,4.5,2.0,0
2834,2,1,1,0,0,1,0,3,4.4,5.0,4.666666666666667,3.0,2
2835,1,2,0,0,0,1,1,3,5.0,1.0,4.0,1.0,0
2836,3,2,0,0,1,0,0,5,4.666666666666667,3.0,4.0,4.0,1
2837,3,2,0,1,1,0,0,5,4.0,1.0,4.75,4.0,1
2838,4,0,0,0,0,0,1,4,5.0,1.0,4.333333333333333,3.0,0
2839,2,0,1,0,1,1,0,2,5.0,2.0,3.6666666666666665,3.0,2
2840,1,0,0,0,1,0,0,1,4.0,4.0,4.5,2.0,2
2841,2,2,0,0,0,1,1,4,5.0,1.0,4.333333333333333,3.0,0
2842,4,0,1,0,0,0,1,4,3.6666666666666665,3.0,4.5,2.0,0
2843,3,0,0,1,1,0,0,3,5.0,2.0,4.5,2.0,2
2844,4,1,0,1,0,0,1,5,4.0,2.0,3.75,4.0,1
2845,2,1,1,0,1,0,0,3,3.0,1.0,4.5,2.0,2
2846,4,0,0,1,1,0,0,4,5.0,2.0,5.0,1.0,1
2847,5,0,1,0,1,0,0,5,4.666666666666667,3.0,4.0,1.0,1
2848,4,0,0,0,1,0,0,4,5.0,1.0,4.0,1.0,1
2849,2,0,0,1,0,0,1,2,3.5,2.0,4.0,2.0,0
2850,2,0,1,0,0,1,0,2,4.666666666666667,3.0,4.2,5.0,2
2851,2,0,0,1,1,0,0,2,5.0,2.0,4.166666666666667,6.0,2
2852,2,0,1,0,0,0,0,2,5.0,1.0,4.0,6.0,2
2853,5,0,0,0,1,0,0,5,4.5,4.0,4.2,5.0,1
2854,1,2,0,1,0,1,0,3,4.0,1.0,5.0,1.0,0
2855,3,0,1,0,1,1,0,3,5.0,1.0,0.0,0.0,2
2856,4,0,0,1,0,0,1,4,4.0,1.0,4.5,2.0,0
2857,4,0,0,1,1,0,0,4,3.0,1.0,4.333333333333333,3.0,1
2858,4,1,0,1,1,0,0,5,4.75,4.0,4.666666666666667,3.0,1
2859,3,1,1,0,0,0,1,4,0.0,0.0,4.333333333333333,3.0,3
2860,4,0,0,0,1,0,0,4,4.5,2.0,3.8,5.0,1
2861,3,1,0,1,1,0,0,4,5.0,2.0,2.0,1.0,1
2862,4,2,0,1,1,0,0,6,5.0,1.0,4.5,4.0,1
2863,3,0,1,0,0,0,1,3,4.5,4.0,3.0,1.0,0
2864,2,3,0,0,1,0,1,5,4.5,2.0,4.5,4.0,1
2865,4,0,0,0,0,1,1,4,0.0,0.0,3.0,2.0,3
2866,2,1,0,1,0,1,0,3,0.0,0.0,4.0,4.0,3
2867,2,2,1,1,1,0,0,4,4.5,2.0,5.0,1.0,2
2868,2,0,0,1,1,0,0,2,5.0,1.0,5.0,5.0,2
2869,3,1,1,1,0,0,0,4,4.0,2.0,4.333333333333333,3.0,2
2870,2,1,1,0,0,0,1,3,4.333333333333333,3.0,4.5,2.0,0
2871,3,3,1,0,1,1,0,6,3.75,4.0,3.0,1.0,1
2872,1,0,1,0,0,0,0,1,4.5,6.0,4.333333333333333,3.0,2
2873,2,1,1,1,0,0,0,3,5.0,2.0,4.5,2.0,2
2874,5,0,0,1,0,1,0,5,4.5,2.0,4.0,1.0,1
2875,2,0,0,0,1,0,1,2,4.0,2.0,4.0,2.0,0
2876,2,2,0,0,0,1,0,4,5.0,1.0,4.0,3.0,1
2877,1,1,0,0,0,1,1,2,0.0,0.0,4.666666666666667,3.0,3
2878,2,1,0,1,0,1,1,3,4.2,5.0,5.0,3.0,0
2879,2,1,1,0,0,0,1,3,4.0,5.0,4.555555555555555,9.0,0
2880,2,0,0,0,0,1,1,2,5.0,3.0,4.333333333333333,3.0,0
2881,3,0,0,1,1,0,0,3,5.0,1.0,4.2,5.0,2
2882,3,0,1,0,0,0,1,3,4.0,3.0,4.4,5.0,0
2883,2,2,0,0,0,0,1,4,4.5,2.0,3.5,2.0,0
2884,3,3,0,1,0,1,1,6,4.333333333333333,3.0,4.0,2.0,1
2885,3,2,0,0,1,0,0,5,4.666666666666667,3.0,4.666666666666667,3.0,1
2886,5,0,0,1,0,1,1,5,3.5,2.0,4.2,5.0,1
2887,2,1,0,1,1,0,0,3,4.4,5.0,5.0,1.0,2
2888,3,2,0,1,0,1,0,5,3.6666666666666665,3.0,4.5,2.0,1
2889,3,1,0,1,1,0,0,4,4.666666666666667,3.0,3.857142857142857,7.0,1
2890,3,0,1,1,0,0,0,3,4.666666666666667,3.0,0.0,0.0,2
2891,4,1,1,0,0,1,0,5,4.75,4.0,4.25,4.0,1
2892,2,0,0,1,1,0,0,2,4.5,2.0,3.6666666666666665,3.0,2
2893,2,1,0,1,1,0,0,3,0.0,0.0,4.333333333333333,3.0,3
2894,4,0,1,1,0,0,0,4,4.0,2.0,4.333333333333333,3.0,2
2895,2,0,0,1,0,1,1,2,4.0,1.0,4.0,3.0,0
2896,1,0,0,1,0,0,0,1,3.5,2.0,4.0,3.0,0
2897,2,0,0,0,0,1,1,2,0.0,0.0,4.2,5.0,3
2898,1,1,1,0,1,1,0,2,2.6666666666666665,3.0,5.0,3.0,2
2899,2,0,1,1,1,0,0,2,4.6,5.0,4.333333333333333,3.0,2
2900,4,1,0,0,1,0,1,5,5.0,3.0,4.666666666666667,3.0,1
2901,1,0,0,0,0,1,0,1,3.6666666666666665,3.0,4.666666666666667,3.0,0
2902,4,0,0,0,0,1,0,4,3.6666666666666665,3.0,3.5,2.0,1
2903,2,0,0,1,0,1,1,2,4.0,3.0,5.0,2.0,0
2904,3,0,0,0,0,1,1,3,4.25,4.0,5.0,1.0,0
2905,3,3,1,0,0,0,1,6,4.5,2.0,4.0,2.0,1
2906,2,2,1,0,0,0,0,4,4.5,2.0,4.0,3.0,2
2907,4,1,0,0,0,1,0,5,5.0,2.0,4.0,3.0,1
2908,2,1,1,0,0,0,1,3,3.3333333333333335,3.0,4.5,10.0,0
2909,4,0,0,0,0,1,0,4,0.0,0.0,0.0,0.0,3
2910,3,0,1,0,1,1,0,3,4.0,1.0,3.8333333333333335,6.0,2
2911,2,0,0,1,1,0,0,2,4.666666666666667,3.0,4.8,5.0,2
2912,2,0,1,0,0,0,1,2,3.0,2.0,3.5,6.0,0
2913,4,0,0,1,0,0,0,4,3.6666666666666665,3.0,3.8,5.0,1
2914,2,1,1,0,0,0,0,3,4.0,2.0,4.0,1.0,2
2915,3,0,0,0,1,0,0,3,4.333333333333333,3.0,4.4,5.0,2
2916,3,0,0,0,0,0,1,3,4.5,2.0,4.25,4.0,0
2917,2,1,1,0,0,0,1,3,4.333333333333333,3.0,4.5,4.0,0
2918,1,1,0,0,0,1,0,2,4.0,6.0,5.0,1.0,0
2919,2,1,1,0,1,0,0,3,3.0,1.0,4.5,2.0,2
2920,3,0,0,0,1,1,0,3,4.5,2.0,5.0,1.0,2
2921,3,0,0,1,0,0,0,3,3.5,2.0,4.5,2.0,0
2922,2,1,0,0,0,1,1,3,4.666666666666667,3.0,4.5,2.0,0
2923,5,0,0,1,0,1,1,5,4.333333333333333,3.0,4.0,2.0,1
2924,2,0,1,1,0,0,0,2,4.5,2.0,4.0,1.0,2
2925,2,2,0,0,1,0,1,4,4.0,4.0,0.0,0.0,1
2926,5,1,0,1,0,0,0,6,4.75,4.0,4.333333333333333,3.0,1
2927,2,2,0,1,0,0,0,4,4.666666666666667,3.0,4.0,5.0,1
2928,2,0,0,1,1,0,0,2,4.333333333333333,3.0,4.0,1.0,2
2929,4,0,1,0,1,1,0,4,4.333333333333333,3.0,4.5,4.0,2
2930,3,2,0,0,0,0,1,5,4.333333333333333,6.0,3.75,4.0,1
2931,2,1,0,1,0,1,1,3,4.0,4.0,2.0,1.0,0
2932,1,2,0,0,0,1,0,3,4.666666666666667,3.0,4.666666666666667,3.0,0
2933,1,0,0,1,0,1,1,1,5.0,1.0,4.5,2.0,0
2934,4,1,0,0,1,0,0,5,4.25,4.0,4.5,2.0,1
2935,4,1,1,0,0,1,0,5,4.25,4.0,4.75,4.0,1
2936,5,1,0,0,0,1,0,6,4.5,2.0,3.5,2.0,1
2937,2,1,1,1,1,0,0,3,5.0,1.0,5.0,1.0,2
2938,2,2,0,1,0,0,0,4,5.0,2.0,0.0,0.0,1
2939,2,1,1,0,1,1,0,3,4.333333333333333,3.0,4.0,2.0,2
2940,5,0,1,1,1,0,0,5,0.0,0.0,4.0,1.0,3
2941,2,1,1,1,0,0,0,3,4.666666666666667,3.0,4.833333333333333,6.0,2
2942,1,0,1,0,1,1,0,1,2.0,1.0,4.666666666666667,3.0,2
2943,3,3,1,0,0,0,1,6,3.0,1.0,4.5,2.0,1
2944,4,2,1,0,0,0,1,6,3.6666666666666665,3.0,4.75,4.0,1
2945,2,2,1,0,1,0,0,4,0.0,0.0,3.8333333333333335,6.0,3
2946,1,2,0,0,1,0,1,3,4.0,4.0,0.0,0.0,0
2947,5,1,1,0,0,0,1,6,3.5,4.0,4.0,3.0,1
2948,4,0,1,0,0,1,0,4,4.2,5.0,4.333333333333333,3.0,2
2949,4,0,0,0,1,1,0,4,4.0,2.0,4.0,4.0,1
2950,2,1,0,1,0,0,0,3,0.0,0.0,3.8,5.0,3
2951,2,2,0,1,1,0,0,4,4.666666666666667,3.0,5.0,1.0,1
2952,3,0,0,0,0,0,1,3,5.0,2.0,0.0,0.0,0
2953,2,0,0,1,0,0,1,2,0.0,0.0,3.6666666666666665,6.0,3
2954,4,0,1,0,1,0,0,4,4.0,5.0,4.333333333333333,3.0,2
2955,2,0,0,0,0,1,1,2,5.0,1.0,2.0,1.0,0
2956,2,2,1,0,0,0,1,4,3.0,3.0,4.25,4.0,0
2957,1,0,0,0,0,1,0,1,3.5,4.0,4.0,3.0,0
2958,2,0,0,0,0,1,1,2,5.0,1.0,4.333333333333333,3.0,0
2959,2,2,0,0,1,0,1,4,0.0,0.0,4.5,2.0,3
2960,2,1,0,0,1,0,1,3,4.0,3.0,4.666666666666667,3.0,0
2961,4,2,0,1,0,1,0,6,4.4,5.0,4.25,4.0,1
2962,3,0,0,0,1,0,0,3,4.2,5.0,3.6666666666666665,6.0,2
2963,4,2,1,1,0,0,0,6,5.0,2.0,4.0,1.0,1
2964,3,3,0,0,0,1,1,6,0.0,0.0,4.0,1.0,3
2965,5,3,0,0,1,0,0,8,5.0,2.0,3.5,2.0,1
2966,4,3,0,1,0,0,0,7,3.5,4.0,4.375,8.0,1
2967,2,2,0,0,0,1,1,4,4.5,2.0,4.333333333333333,3.0,0
2968,3,0,1,0,0,0,1,3,5.0,3.0,4.333333333333333,3.0,0
2969,2,0,1,1,0,0,0,2,5.0,1.0,4.5,2.0,2
2970,2,3,1,0,0,1,0,5,3.5,4.0,4.0,2.0,1
2971,2,1,1,1,1,0,0,3,5.0,2.0,4.666666666666667,3.0,2
2972,2,1,0,1,0,0,0,3,3.3333333333333335,3.0,4.0,3.0,0
2973,3,0,0,0,1,0,1,3,4.0,2.0,4.5,2.0,0
2974,3,0,1,0,0,1,0,3,5.0,2.0,4.5,4.0,2
2975,1,0,1,1,0,0,0,1,4.5,2.0,4.0,3.0,2
2976,3,2,0,0,0,1,1,5,4.666666666666667,3.0,4.166666666666667,6.0,1
2977,2,0,0,1,0,1,1,2,4.5,4.0,4.0,3.0,0
2978,4,0,0,0,0,1,1,4,4.666666666666667,3.0,4.5,4.0,0
2979,2,0,0,1,0,1,0,2,4.0,2.0,4.5,4.0,0
2980,5,1,0,1,0,1,0,6,5.0,2.0,4.25,4.0,1
2981,3,0,0,0,1,0,1,3,3.5,2.0,4.5,2.0,0
2982,3,1,1,0,1,1,0,4,4.333333333333333,6.0,4.666666666666667,3.0,2
2983,3,2,0,0,0,1,1,5,4.5,2.0,4.666666666666667,3.0,1
2984,2,0,0,1,0,0,0,2,4.5,2.0,3.5,4.0,0
2985,5,1,0,0,0,1,1,6,5.0,2.0,4.714285714285714,7.0,1
2986,1,0,0,0,0,1,0,1,5.0,1.0,4.5,6.0,0
2987,1,0,0,1,0,1,0,1,3.0,1.0,4.8,5.0,0
2988,5,0,0,1,0,0,1,5,4.0,4.0,4.666666666666667,3.0,1
2989,1,0,0,1,1,0,0,1,3.0,1.0,4.0,3.0,2
2990,3,0,0,1,0,1,1,3,3.6666666666666665,3.0,3.6666666666666665,3.0,0
2991,2,0,0,1,1,0,0,2,0.0,0.0,4.0,4.0,3
2992,1,1,0,0,0,1,0,2,0.0,0.0,4.75,4.0,3
2993,5,2,0,1,0,1,0,7,5.0,1.0,4.0,2.0,1
2994,4,1,1,0,1,1,0,5,3.0,1.0,4.4,5.0,1
2995,2,1,0,0,1,0,1,3,4.25,4.0,4.0,1.0,0
2996,1,2,1,0,0,1,0,3,5.0,3.0,4.4,5.0,2
2997,3,1,0,0,0,1,1,4,5.0,2.0,4.75,4.0,0
2998,3,0,1,0,1,1,0,3,4.333333333333333,3.0,4.5,2.0,2
2999,1,0,0,0,0,1,0,1,4.5,2.0,5.0,1.0,0
3000,2,0,1,0,1,0,0,2,3.3333333333333335,3.0,4.6,5.0,2
3001,1,0,0,1,0,0,1,1,5.0,1.0,4.0,3.0,0
3002,2,2,0,0,1,0,1,4,5.0,1.0,4.0,1.0,1
3003,3,0,0,1,0,0,0,3,5.0,2.0,4.5,2.0,0
3004,2,0,0,1,0,0,1,2,4.333333333333333,6.0,4.25,4.0,0
3005,2,0,0,1,0,1,0,2,4.25,4.0,4.666666666666667,3.0,0
3006,5,2,1,1,0,0,0,7,4.0,2.0,5.0,1.0,1
3007,5,0,1,1,1,0,0,5,4.0,2.0,4.0,3.0,1
3008,4,2,0,1,0,0,1,6,4.0,1.0,4.0,5.0,1
3009,4,0,1,0,0,1,0,4,5.0,1.0,4.25,4.0,2
3010,3,1,1,1,1,0,0,4,0.0,0.0,4.0,2.0,3
3011,3,0,1,0,1,0,0,3,3.5,2.0,4.0,5.0,2
3012,3,0,0,1,0,1,0,3,4.4,5.0,3.6666666666666665,3.0,0
3013,2,0,0,0,0,1,1,2,4.0,5.0,4.333333333333333,3.0,0
3014,2,0,1,0,0,1,0,2,5.0,2.0,4.5,4.0,2
3015,2,2,0,0,1,0,1,4,4.75,4.0,4.25,4.0,1
3016,2,1,0,1,1,0,0,3,4.0,3.0,4.0,2.0,2
3017,2,1,0,0,0,1,1,3,3.0,1.0,4.0,2.0,0
3018,1,2,1,1,1,0,0,3,4.4,5.0,4.0,2.0,2
3019,1,0,1,0,0,0,0,1,4.0,3.0,4.5,2.0,2
3020,1,1,0,0,0,0,1,2,5.0,1.0,4.166666666666667,6.0,0
3021,4,1,1,0,1,0,0,5,0.0,0.0,4.2,5.0,3
3022,2,0,1,1,0,0,0,2,4.0,1.0,5.0,1.0,2
3023,3,1,0,1,0,0,0,4,5.0,2.0,3.5,2.0,1
3024,1,1,1,0,0,0,0,2,3.6666666666666665,3.0,4.0,1.0,2
3025,5,1,0,0,0,1,1,6,4.0,3.0,3.5,4.0,1
3026,2,1,0,0,1,1,0,3,5.0,5.0,4.75,4.0,2
3027,1,1,0,0,1,0,1,2,5.0,2.0,3.6666666666666665,3.0,0
3028,2,0,1,0,1,1,0,2,4.666666666666667,3.0,4.0,3.0,2
3029,2,0,1,0,0,0,0,2,4.5,4.0,4.2,5.0,2
3030,1,1,1,0,1,1,0,2,4.0,3.0,4.5,4.0,2
3031,4,0,1,0,1,0,0,4,5.0,3.0,5.0,2.0,2
3032,2,0,0,1,0,0,0,2,4.5,2.0,4.0,1.0,0
3033,3,0,0,1,0,0,1,3,4.0,1.0,5.0,1.0,0
3034,3,3,0,0,1,0,1,6,4.5,2.0,4.0,2.0,1
3035,3,1,0,0,1,1,0,4,3.3333333333333335,3.0,4.333333333333333,3.0,1
3036,2,0,0,1,0,0,1,2,4.0,2.0,4.2,5.0,0
3037,3,0,1,0,0,0,1,3,4.333333333333333,3.0,0.0,0.0,0
3038,2,1,0,1,0,1,0,3,4.333333333333333,3.0,4.5,2.0,0
3039,2,1,1,1,1,0,0,3,4.5,2.0,4.0,3.0,2
3040,4,1,0,1,0,1,0,5,4.666666666666667,3.0,4.333333333333333,3.0,1
3041,2,3,1,1,1,0,0,5,4.5,4.0,3.0,2.0,1
3042,3,2,0,0,1,0,1,5,5.0,2.0,4.0,2.0,1
3043,1,0,1,1,0,0,0,1,0.0,0.0,4.5,2.0,3
3044,2,2,0,0,1,0,1,4,4.333333333333333,3.0,4.0,3.0,1
3045,5,0,1,0,0,1,0,5,4.0,3.0,4.0,1.0,1
3046,2,0,0,0,0,1,1,2,5.0,1.0,5.0,1.0,0
3047,2,0,0,1,1,0,0,2,4.5,4.0,4.0,2.0,2
3048,1,0,0,1,0,1,0,1,4.5,2.0,4.75,4.0,0
3049,5,0,1,0,0,0,1,5,0.0,0.0,4.0,1.0,3
3050,2,0,0,0,0,0,1,2,4.5,4.0,4.75,4.0,0
3051,4,0,0,0,0,0,1,4,4.333333333333333,3.0,3.5,2.0,0
3052,4,1,0,1,0,0,1,5,4.666666666666667,3.0,4.333333333333333,3.0,1
3053,3,1,0,1,0,1,0,4,4.0,4.0,0.0,0.0,1
3054,1,2,1,0,1,0,0,3,4.0,1.0,4.333333333333333,3.0,2
3055,5,1,0,1,1,0,0,6,4.5,6.0,4.6,5.0,1
3056,2,0,0,1,0,0,0,2,4.333333333333333,3.0,5.0,3.0,0
3057,3,0,1,0,0,0,0,3,4.5,4.0,0.0,0.0,2
3058,2,0,0,0,1,1,0,2,4.0,2.0,4.25,4.0,2
3059,3,0,0,1,1,0,0,3,4.5,2.0,5.0,1.0,2
3060,2,1,0,0,0,1,1,3,4.0,3.0,4.625,8.0,0
3061,2,0,0,0,1,0,0,2,5.0,1.0,4.75,4.0,2
3062,2,2,0,0,1,0,1,4,4.333333333333333,3.0,5.0,2.0,1
3063,1,1,0,0,1,0,0,2,5.0,4.0,4.0,1.0,2
3064,3,0,1,0,0,1,0,3,4.333333333333333,3.0,4.25,4.0,2
3065,2,3,1,1,1,0,0,5,4.5,2.0,4.0,9.0,1
3066,3,1,0,0,1,0,0,4,3.5,2.0,4.4,5.0,1
3067,4,0,1,0,1,1,0,4,0.0,0.0,4.6,5.0,3
3068,2,1,0,0,0,1,1,3,4.0,3.0,3.875,8.0,0
3069,3,2,1,1,1,0,0,5,3.6666666666666665,3.0,0.0,0.0,1
3070,5,0,0,1,1,0,0,5,4.5,4.0,4.0,1.0,1
3071,3,2,0,0,1,0,0,5,0.0,0.0,4.666666666666667,3.0,3
3072,5,2,0,0,0,0,1,7,4.333333333333333,3.0,4.5,2.0,1
3073,3,0,0,1,0,0,0,3,4.0,2.0,3.6666666666666665,3.0,0
3074,3,1,1,0,0,1,0,4,0.0,0.0,3.8333333333333335,6.0,3
3075,2,0,0,1,1,0,0,2,5.0,1.0,4.0,3.0,2
3076,2,0,0,1,0,1,1,2,5.0,6.0,4.0,2.0,0
3077,4,0,1,0,0,0,0,4,5.0,2.0,4.5,2.0,2
3078,4,1,1,0,0,0,0,5,5.0,2.0,0.0,0.0,1
3079,1,1,1,0,0,0,0,2,4.0,1.0,4.142857142857143,7.0,2
3080,1,0,1,0,0,0,0,1,0.0,0.0,4.666666666666667,3.0,3
3081,2,1,0,0,1,0,0,3,5.0,1.0,4.166666666666667,6.0,2
3082,1,3,0,0,0,1,0,4,5.0,2.0,3.0,2.0,1
3083,2,0,1,1,0,0,0,2,4.0,2.0,4.5,4.0,2
3084,1,0,0,1,1,0,0,1,4.0,2.0,4.0,2.0,2
3085,4,2,0,0,0,1,1,6,4.5,4.0,3.0,1.0,1
3086,1,2,0,0,0,1,0,3,5.0,1.0,4.5,2.0,0
3087,3,0,0,0,1,0,0,3,5.0,4.0,4.6,5.0,2
3088,5,0,0,1,0,0,0,5,5.0,2.0,4.0,1.0,1
3089,3,0,0,0,0,1,1,3,4.0,2.0,4.166666666666667,6.0,0
3090,3,0,1,1,1,0,0,3,5.0,1.0,4.5,8.0,2
3091,3,0,0,1,0,1,1,3,3.0,2.0,0.0,0.0,0
3092,1,0,0,1,0,1,1,1,4.5,2.0,4.5,4.0,0
3093,3,1,0,0,0,1,1,4,5.0,1.0,4.0,4.0,0
3094,4,0,0,0,0,1,1,4,4.0,1.0,3.6666666666666665,3.0,0
3095,2,0,0,0,1,0,1,2,4.0,4.0,5.0,2.0,0
3096,2,1,0,0,1,0,0,3,4.333333333333333,3.0,5.0,2.0,2
3097,5,1,0,1,0,0,1,6,5.0,1.0,4.5,2.0,1
3098,2,0,1,1,0,0,0,2,4.666666666666667,3.0,4.666666666666667,3.0,2
3099,2,0,0,1,0,0,0,2,0.0,0.0,4.666666666666667,3.0,3
3100,3,0,0,1,1,0,0,3,4.333333333333333,3.0,5.0,1.0,2
3101,4,0,0,0,0,0,1,4,4.0,1.0,3.5,2.0,0
3102,1,0,0,0,0,0,1,1,0.0,0.0,5.0,5.0,3
3103,3,1,1,1,0,0,0,4,4.0,1.0,4.0,1.0,2
3104,2,1,0,0,1,0,0,3,4.0,2.0,4.333333333333333,3.0,2
3105,2,1,1,0,0,0,0,3,4.5,2.0,4.0,2.0,2
3106,3,0,0,1,0,0,1,3,4.4,5.0,4.5,2.0,0
3107,2,1,0,1,0,1,1,3,4.6,5.0,4.0,1.0,0
3108,1,1,0,1,0,0,0,2,4.0,2.0,4.333333333333333,3.0,0
3109,4,0,1,1,0,0,0,4,5.0,3.0,0.0,0.0,2
3110,4,1,0,1,0,1,0,5,4.333333333333333,3.0,3.0,3.0,1
3111,5,1,1,0,0,0,1,6,4.5,2.0,4.2,5.0,1
3112,2,0,0,0,1,0,0,2,4.5,4.0,4.2,5.0,2
3113,3,0,0,0,1,1,0,3,4.333333333333333,3.0,4.0,4.0,2
3114,1,1,0,0,0,1,0,2,4.5,2.0,4.166666666666667,6.0,0
3115,4,0,0,1,1,0,0,4,5.0,2.0,4.0,3.0,1
3116,1,0,1,0,0,1,0,1,4.0,3.0,5.0,2.0,2
3117,2,0,0,0,1,0,1,2,3.25,4.0,5.0,1.0,0
3118,4,1,0,1,0,0,1,5,4.0,3.0,5.0,3.0,1
3119,4,2,1,0,1,0,0,6,3.0,1.0,4.333333333333333,3.0,1
3120,4,3,1,0,0,0,0,7,4.0,1.0,0.0,0.0,1
3121,2,0,0,0,0,1,1,2,4.5,4.0,5.0,4.0,0
3122,2,1,0,0,1,0,1,3,4.0,1.0,4.5,4.0,0
3123,3,0,0,0,1,1,0,3,4.0,1.0,4.0,2.0,2
3124,4,2,0,0,1,0,0,6,4.5,2.0,4.0,4.0,1
3125,2,1,1,1,0,0,0,3,4.333333333333333,3.0,4.75,4.0,2
3126,1,2,0,1,0,1,0,3,4.5,2.0,4.5,2.0,0
3127,2,1,0,1,0,0,1,3,4.0,2.0,5.0,1.0,0
3128,2,3,1,0,0,0,1,5,5.0,1.0,5.0,3.0,1
3129,2,0,0,1,1,0,0,2,4.666666666666667,3.0,5.0,2.0,2
3130,2,1,0,1,0,1,0,3,5.0,1.0,0.0,0.0,0
3131,1,0,1,1,1,0,0,1,4.0,3.0,5.0,1.0,2
3132,4,0,1,1,1,0,0,4,4.0,1.0,0.0,0.0,2
3133,2,3,0,0,0,0,1,5,4.25,4.0,5.0,1.0,1
3134,4,3,0,0,1,0,0,7,3.3333333333333335,3.0,5.0,1.0,1
3135,2,1,1,0,1,1,0,3,0.0,0.0,5.0,3.0,3
3136,2,2,0,0,0,1,0,4,4.5,2.0,4.5,2.0,1
3137,5,1,0,0,0,0,1,6,3.5,2.0,4.75,4.0,1
3138,2,1,0,1,0,1,0,3,4.0,2.0,4.5,2.0,0
3139,2,3,0,1,1,0,0,5,1.0,1.0,4.666666666666667,3.0,3
3140,3,2,1,1,1,0,0,5,4.0,4.0,4.8,5.0,1
3141,3,0,1,0,0,0,0,3,4.5,4.0,4.333333333333333,3.0,2
3142,2,0,0,0,0,1,1,2,4.2,5.0,4.0,3.0,0
3143,1,0,1,0,1,0,0,1,4.333333333333333,3.0,3.5,2.0,2
3144,3,0,1,0,1,0,0,3,4.2,5.0,4.5,2.0,2
3145,2,1,1,0,0,0,1,3,3.75,4.0,4.0,3.0,0
3146,2,0,1,0,0,1,0,2,4.0,1.0,4.333333333333333,3.0,2
3147,2,1,1,1,1,0,0,3,4.4,5.0,3.0,3.0,2
3148,2,2,0,0,1,0,0,4,4.0,1.0,4.4,5.0,1
3149,4,0,1,0,1,0,0,4,4.5,4.0,4.0,3.0,2
3150,2,0,0,0,1,0,0,2,4.333333333333333,3.0,5.0,3.0,2
3151,4,2,1,0,0,0,1,6,4.0,2.0,4.6,5.0,1
3152,3,0,1,0,0,0,1,3,4.0,3.0,3.6666666666666665,3.0,0
3153,2,1,0,0,1,0,0,3,4.5,4.0,4.333333333333333,6.0,2
3154,3,0,0,1,0,1,0,3,4.0,3.0,3.8,5.0,0
3155,2,1,1,0,1,1,0,3,4.0,1.0,4.5,2.0,2
3156,4,0,0,0,0,1,1,4,5.0,3.0,4.0,1.0,0
3157,4,0,0,0,1,0,1,4,3.5,2.0,5.0,1.0,1
3158,3,0,1,0,0,0,0,3,3.5,2.0,3.8,5.0,2
3159,4,0,1,0,0,0,0,4,4.0,2.0,4.0,4.0,2
3160,5,1,0,1,0,1,0,6,4.333333333333333,6.0,4.0,2.0,1
3161,5,0,1,0,0,0,1,5,4.666666666666667,3.0,4.5,2.0,1
3162,2,0,1,1,1,0,0,2,4.0,2.0,5.0,1.0,2
3163,2,1,0,0,0,1,1,3,4.6,5.0,4.0,3.0,0
3164,2,0,1,0,0,1,0,2,4.25,4.0,4.0,1.0,2
3165,4,0,0,1,0,0,0,4,4.428571428571429,7.0,4.5,8.0,1
3166,2,0,0,1,0,1,0,2,5.0,1.0,3.5,2.0,0
3167,3,0,0,0,1,1,0,3,4.333333333333333,3.0,4.25,4.0,2
3168,1,0,0,0,0,1,0,1,4.0,3.0,0.0,0.0,0
3169,2,1,1,0,0,0,1,3,4.0,3.0,5.0,4.0,0
3170,2,0,0,1,0,0,1,2,4.0,1.0,5.0,2.0,0
3171,2,0,0,1,1,0,0,2,3.6666666666666665,3.0,4.5,2.0,2
3172,4,1,0,0,0,1,1,5,0.0,0.0,4.0,1.0,3
3173,3,0,0,1,1,0,0,3,4.666666666666667,3.0,3.0,2.0,2
3174,2,0,0,1,1,0,0,2,4.0,1.0,4.6,5.0,2
3175,2,0,0,0,0,1,1,2,4.25,4.0,4.5,4.0,0
3176,1,0,0,0,0,1,0,1,0.0,0.0,3.0,2.0,3
3177,2,0,1,0,1,0,0,2,4.5,4.0,4.5,2.0,2
3178,1,3,0,0,0,1,1,4,4.0,3.0,3.0,2.0,0
3179,2,1,0,0,1,1,0,3,4.333333333333333,3.0,3.0,3.0,2
3180,2,0,1,0,1,0,0,2,4.142857142857143,7.0,5.0,3.0,2
3181,2,0,0,1,1,0,0,2,3.3333333333333335,3.0,4.0,2.0,2
3182,4,0,1,0,0,0,1,4,3.6,5.0,4.666666666666667,6.0,0
3183,2,1,0,1,1,0,0,3,5.0,2.0,3.0,2.0,2
3184,3,0,0,1,1,0,0,3,4.0,1.0,4.5,6.0,2
3185,2,1,0,1,0,1,1,3,4.0,2.0,0.0,0.0,0
3186,3,0,1,1,1,0,0,3,4.166666666666667,6.0,4.5,4.0,2
3187,2,0,0,1,0,1,0,2,4.0,2.0,5.0,1.0,0
3188,4,0,1,0,0,0,1,4,5.0,1.0,4.25,4.0,0
3189,5,0,0,0,1,1,0,5,3.6666666666666665,3.0,4.0,2.0,1
3190,2,1,0,0,1,0,1,3,5.0,1.0,5.0,2.0,0
3191,2,0,1,0,0,0,1,2,4.5,2.0,4.6,5.0,0
3192,4,2,0,0,1,0,0,6,0.0,0.0,4.5,2.0,3
3193,2,2,0,0,0,1,1,4,4.4,5.0,4.333333333333333,3.0,0
3194,2,0,1,0,1,0,0,2,4.5,2.0,4.2,5.0,2
3195,2,2,0,0,1,0,1,4,4.0,1.0,4.166666666666667,6.0,1
3196,3,0,0,0,1,0,0,3,0.0,0.0,5.0,1.0,3
3197,3,0,0,1,0,1,1,3,4.0,3.0,5.0,5.0,0
3198,3,1,0,0,0,1,1,4,4.0,2.0,4.5,2.0,0
3199,1,0,0,1,0,0,0,1,4.0,4.0,5.0,3.0,0
3200,2,2,0,0,0,1,0,4,4.333333333333333,3.0,4.333333333333333,3.0,1
3201,5,2,0,0,1,0,0,7,4.0,1.0,4.0,4.0,1
3202,1,3,0,1,0,1,1,4,4.75,4.0,5.0,2.0,0
3203,2,1,0,1,0,0,0,3,0.0,0.0,4.5,6.0,3
3204,2,2,0,0,0,1,1,4,5.0,3.0,4.0,4.0,0
3205,4,0,0,1,0,1,1,4,5.0,2.0,4.8,5.0,0
3206,3,1,1,0,1,0,0,4,4.5,4.0,4.333333333333333,3.0,2
3207,2,1,1,0,1,1,0,3,4.5,2.0,4.0,3.0,2
3208,1,0,0,0,1,0,1,1,5.0,1.0,3.4,5.0,0
3209,2,1,1,1,0,0,0,3,4.0,4.0,5.0,2.0,2
3210,2,0,0,0,1,1,0,2,3.75,4.0,5.0,2.0,2
3211,4,3,0,0,0,1,0,7,3.6666666666666665,3.0,4.0,5.0,1
3212,4,0,0,1,0,1,1,4,5.0,2.0,4.166666666666667,6.0,0
3213,2,0,0,0,0,1,0,2,4.0,1.0,5.0,1.0,0
3214,3,1,1,1,0,0,0,4,4.5,2.0,4.0,1.0,2
3215,2,1,0,1,1,0,0,3,3.0,1.0,4.2,5.0,2
3216,5,2,0,0,1,1,0,7,4.333333333333333,3.0,4.333333333333333,6.0,1
3217,2,2,1,0,1,0,0,4,3.5,2.0,4.666666666666667,3.0,2
3218,2,0,0,0,1,1,0,2,4.0,4.0,4.25,4.0,2
3219,1,2,0,0,0,1,0,3,5.0,2.0,4.0,2.0,0
3220,4,2,1,0,1,0,0,6,4.0,2.0,4.0,5.0,1
3221,2,2,0,1,0,1,1,4,4.0,4.0,4.0,4.0,0
3222,5,1,1,1,0,0,0,6,4.666666666666667,3.0,4.75,4.0,1
3223,2,1,0,0,0,1,1,3,4.5,2.0,4.111111111111111,9.0,0
3224,5,0,1,0,1,1,0,5,4.5,4.0,4.666666666666667,3.0,1
3225,3,0,0,0,1,0,0,3,4.5,4.0,4.666666666666667,3.0,2
3226,5,0,1,0,1,0,0,5,3.5,2.0,4.0,4.0,1
3227,2,0,1,0,1,0,0,2,3.75,4.0,4.75,4.0,2
3228,1,1,1,0,0,1,0,2,4.0,1.0,5.0,1.0,2
3229,4,0,1,1,1,0,0,4,5.0,2.0,4.5,2.0,2
3230,1,0,0,1,0,0,1,1,5.0,1.0,3.0,1.0,0
3231,3,1,1,0,1,1,0,4,4.0,1.0,0.0,0.0,2
3232,5,1,0,0,0,0,1,6,4.0,3.0,4.0,2.0,1
3233,2,2,0,1,0,1,0,4,4.75,4.0,4.5,2.0,1
3234,4,0,0,1,1,0,0,4,4.0,2.0,4.666666666666667,3.0,1
3235,4,0,1,0,0,0,0,4,4.6,5.0,4.333333333333333,3.0,2
3236,3,0,0,0,0,1,0,3,4.0,2.0,5.0,2.0,0
3237,3,3,1,1,0,0,0,6,5.0,2.0,4.333333333333333,3.0,1
3238,4,0,0,1,0,0,0,4,4.0,1.0,4.0,4.0,1
3239,2,3,0,0,1,1,0,5,3.75,4.0,4.0,1.0,1
3240,2,0,1,1,0,0,0,2,4.25,4.0,0.0,0.0,2
3241,1,0,0,0,0,1,1,1,4.6,5.0,4.25,4.0,0
3242,2,2,1,1,1,0,0,4,4.25,4.0,4.666666666666667,3.0,2
3243,1,0,1,0,1,1,0,1,4.6,5.0,4.333333333333333,3.0,2
3244,2,2,1,0,1,0,0,4,4.0,4.0,5.0,2.0,2
3245,2,1,0,1,0,1,0,3,4.0,3.0,4.6,5.0,0
3246,5,0,0,1,0,1,1,5,4.4,5.0,4.0,3.0,1
3247,5,1,0,0,0,1,0,6,5.0,1.0,4.666666666666667,3.0,1
3248,4,0,1,1,1,0,0,4,5.0,3.0,4.0,7.0,2
3249,1,0,0,0,1,0,1,1,3.5,2.0,4.0,2.0,0
3250,3,2,0,1,1,0,0,5,4.333333333333333,3.0,4.5,4.0,1
3251,3,1,0,1,0,0,1,4,5.0,1.0,4.666666666666667,3.0,0
3252,5,1,0,0,0,1,1,6,4.5,6.0,4.5,4.0,1
3253,3,0,0,1,0,1,1,3,4.666666666666667,3.0,4.25,4.0,0
3254,3,0,1,0,0,0,0,3,4.0,1.0,3.5,2.0,2
3255,3,0,0,0,0,1,0,3,5.0,3.0,4.2,5.0,0
3256,3,0,1,1,0,0,0,3,3.75,4.0,4.666666666666667,3.0,2
3257,4,0,0,0,0,0,1,4,4.0,4.0,5.0,2.0,0
3258,2,0,0,0,1,0,0,2,3.5,2.0,4.333333333333333,3.0,2
3259,2,0,0,1,0,0,1,2,4.5,4.0,4.5,2.0,0
3260,3,1,0,1,0,0,1,4,5.0,4.0,4.5,4.0,0
3261,2,1,0,0,0,0,1,3,4.0,1.0,3.3333333333333335,3.0,0
3262,2,0,1,0,0,0,0,2,5.0,1.0,4.0,5.0,2
3263,3,0,1,1,1,0,0,3,4.0,1.0,4.0,3.0,2
3264,4,0,0,0,0,0,1,4,5.0,2.0,4.0,2.0,0
3265,5,0,0,1,0,1,0,5,3.3333333333333335,3.0,4.333333333333333,3.0,1
3266,4,1,0,1,0,0,0,5,4.0,2.0,3.6666666666666665,3.0,1
3267,1,0,0,1,0,1,1,1,5.0,1.0,4.666666666666667,3.0,0
3268,1,2,0,0,1,0,1,3,5.0,2.0,5.0,2.0,0
3269,2,1,0,0,1,0,1,3,0.0,0.0,0.0,0.0,3
3270,5,0,1,0,0,0,1,5,5.0,2.0,4.0,6.0,1
3271,2,0,1,0,1,1,0,2,4.0,5.0,5.0,3.0,2
3272,1,0,1,1,0,0,0,1,5.0,1.0,4.5,2.0,2
3273,4,0,0,1,0,1,1,4,4.333333333333333,3.0,4.0,3.0,0
3274,4,3,0,0,0,1,1,7,4.5,2.0,5.0,1.0,1
3275,3,2,0,0,1,1,0,5,4.0,1.0,4.333333333333333,3.0,1
3276,3,0,0,0,1,0,0,3,3.0,1.0,5.0,3.0,2
3277,2,0,1,0,1,1,0,2,3.5,2.0,4.5,2.0,2
3278,3,0,0,1,1,0,0,3,4.0,1.0,4.333333333333333,3.0,2
3279,3,0,1,0,0,0,0,3,5.0,1.0,4.0,5.0,2
3280,2,1,0,0,0,1,1,3,0.0,0.0,4.25,4.0,3
3281,3,3,0,1,1,0,0,6,4.0,2.0,0.0,0.0,1
3282,5,1,0,1,0,0,0,6,0.0,0.0,3.6666666666666665,3.0,3
3283,2,0,0,1,0,0,0,2,4.0,2.0,4.0,6.0,0
3284,3,2,1,0,0,1,0,5,4.5,4.0,5.0,1.0,1
3285,1,0,0,0,1,0,0,1,4.0,4.0,3.75,4.0,2
3286,3,2,0,1,0,1,1,5,5.0,2.0,5.0,1.0,1
3287,1,1,0,0,1,0,0,2,4.333333333333333,3.0,0.0,0.0,2
3288,2,1,1,0,1,0,0,3,5.0,1.0,3.0,1.0,2
3289,2,0,0,0,1,0,0,2,4.0,3.0,3.6666666666666665,3.0,2
3290,1,0,0,1,0,1,1,1,3.3333333333333335,3.0,0.0,0.0,0
3291,2,0,0,0,0,1,1,2,5.0,1.0,0.0,0.0,0
3292,1,2,1,0,0,1,0,3,4.333333333333333,3.0,4.6,5.0,2
3293,3,1,0,1,0,1,1,4,0.0,0.0,4.75,4.0,3
3294,3,1,0,0,1,0,0,4,3.75,4.0,0.0,0.0,1
3295,3,0,0,0,0,1,0,3,4.25,4.0,4.0,2.0,0
3296,3,2,0,0,1,0,0,5,4.0,3.0,4.333333333333333,3.0,1
3297,4,1,1,0,1,0,0,5,3.5,2.0,4.333333333333333,3.0,1
3298,2,0,1,0,0,0,0,2,4.5,2.0,4.666666666666667,3.0,2
3299,5,0,0,0,0,1,0,5,5.0,1.0,4.75,4.0,1
3300,5,0,1,0,0,0,0,5,3.0,1.0,5.0,5.0,1
3301,3,0,0,0,0,0,1,3,5.0,1.0,4.5,4.0,0
3302,2,1,1,0,1,0,0,3,0.0,0.0,2.6666666666666665,3.0,3
3303,2,1,0,1,0,1,1,3,5.0,1.0,4.333333333333333,3.0,0
3304,4,2,0,0,1,0,0,6,4.285714285714286,7.0,4.5,4.0,1
3305,1,0,0,1,0,1,0,1,4.0,3.0,3.6666666666666665,3.0,0
3306,3,0,0,1,0,0,1,3,4.666666666666667,3.0,4.25,4.0,0
3307,4,0,1,0,0,1,0,4,4.0,3.0,4.333333333333333,3.0,2
3308,3,2,0,0,0,1,0,5,4.5,6.0,4.75,4.0,1
3309,3,0,0,1,1,0,0,3,4.666666666666667,3.0,0.0,0.0,2
3310,2,1,0,1,0,0,1,3,4.333333333333333,3.0,5.0,2.0,0
3311,3,0,0,0,1,1,0,3,4.0,4.0,3.75,4.0,2
3312,2,1,1,1,0,0,0,3,3.0,1.0,3.75,4.0,2
3313,1,0,1,1,0,0,0,1,4.5,2.0,5.0,2.0,2
3314,5,0,0,1,1,0,0,5,4.0,3.0,4.333333333333333,3.0,1
3315,3,0,0,0,1,0,0,3,4.666666666666667,3.0,3.5,2.0,2
3316,3,0,0,0,0,1,0,3,5.0,3.0,4.333333333333333,3.0,0
3317,5,2,1,0,0,0,1,7,4.333333333333333,3.0,3.75,4.0,1
3318,3,2,0,0,1,0,0,5,4.5,2.0,4.333333333333333,6.0,1
3319,5,2,0,0,0,1,1,7,5.0,3.0,5.0,2.0,1
3320,2,0,0,1,0,1,0,2,4.25,4.0,5.0,2.0,0
3321,3,1,1,0,0,1,0,4,4.5,2.0,5.0,1.0,2
3322,1,0,0,0,1,1,0,1,4.25,4.0,3.5,2.0,2
3323,3,2,0,1,0,1,0,5,3.8,5.0,3.6666666666666665,3.0,1
3324,2,0,1,0,0,1,0,2,4.2,5.0,4.5,4.0,2
3325,5,1,1,1,0,0,0,6,3.3333333333333335,3.0,3.8,5.0,1
3326,3,0,0,0,0,1,0,3,4.0,3.0,4.166666666666667,6.0,0
3327,4,1,1,0,1,0,0,5,4.0,3.0,3.5,2.0,1
3328,1,1,0,0,1,0,0,2,4.0,2.0,4.0,1.0,2
3329,3,2,0,1,0,0,1,5,4.0,2.0,4.333333333333333,3.0,1
3330,2,0,1,0,0,1,0,2,4.0,1.0,5.0,2.0,2
3331,2,0,0,1,0,1,0,2,3.0,1.0,3.5,2.0,0
3332,2,0,0,0,1,0,0,2,4.0,4.0,4.5,4.0,2
3333,3,1,0,0,1,0,1,4,4.666666666666667,3.0,0.0,0.0,1
3334,1,0,1,0,0,0,0,1,4.0,1.0,4.5,4.0,2
3335,2,2,0,1,0,0,1,4,4.5,2.0,4.25,4.0,0
3336,4,1,1,0,0,1,0,5,4.666666666666667,3.0,4.0,1.0,1
3337,2,1,0,1,1,0,0,3,4.0,2.0,4.333333333333333,3.0,2
3338,1,0,1,0,0,0,1,1,4.75,4.0,4.333333333333333,3.0,0
3339,5,0,0,0,0,0,1,5,5.0,2.0,4.0,1.0,1
3340,5,2,1,1,0,0,0,7,4.666666666666667,3.0,4.5,2.0,1
3341,4,3,1,1,1,0,0,7,4.75,4.0,4.0,3.0,1
3342,2,0,1,0,1,0,0,2,4.333333333333333,3.0,4.25,4.0,2
3343,4,0,1,0,0,1,0,4,4.666666666666667,3.0,4.333333333333333,3.0,2
3344,4,0,0,0,0,1,1,4,4.0,2.0,4.333333333333333,3.0,0
3345,3,2,0,0,0,1,1,5,3.8,5.0,4.25,4.0,1
3346,3,1,0,0,1,0,0,4,3.6666666666666665,3.0,4.0,2.0,1
3347,4,0,0,0,1,0,0,4,3.0,1.0,4.0,1.0,1
3348,3,1,1,0,1,1,0,4,4.0,2.0,4.333333333333333,3.0,2
3349,3,0,1,1,0,0,0,3,4.666666666666667,3.0,3.3333333333333335,3.0,2
3350,4,1,0,0,0,1,1,5,4.333333333333333,3.0,4.625,8.0,1
3351,4,0,0,1,0,1,1,4,5.0,2.0,3.0,2.0,0
3352,3,0,0,1,1,0,0,3,5.0,2.0,0.0,0.0,2
3353,5,0,1,0,1,0,0,5,2.0,2.0,4.666666666666667,3.0,1
3354,1,1,0,0,0,1,1,2,4.0,5.0,0.0,0.0,0
3355,2,0,1,0,0,1,0,2,4.75,4.0,4.777777777777778,9.0,2
3356,2,1,1,0,0,1,0,3,4.0,3.0,3.0,1.0,2
3357,1,1,1,0,1,1,0,2,5.0,2.0,4.25,4.0,2
3358,5,1,1,0,0,0,0,6,0.0,0.0,4.5,2.0,3
3359,4,0,0,0,0,1,1,4,5.0,3.0,2.0,1.0,0
3360,1,0,0,0,0,1,1,1,0.0,0.0,4.0,3.0,3
3361,1,0,0,0,0,1,0,1,5.0,2.0,4.75,4.0,0
3362,2,1,0,0,1,1,0,3,4.333333333333333,3.0,4.0,1.0,2
3363,2,2,1,1,1,0,0,4,4.0,6.0,5.0,3.0,2
3364,3,0,0,0,1,1,0,3,5.0,2.0,4.5,4.0,2
3365,3,2,1,0,0,0,0,5,3.6666666666666665,3.0,5.0,1.0,1
3366,1,0,0,0,1,1,0,1,4.666666666666667,3.0,5.0,2.0,2
3367,1,0,0,1,0,0,0,1,3.75,4.0,4.25,4.0,0
3368,3,0,0,0,1,0,1,3,5.0,1.0,3.0,3.0,0
3369,1,1,1,0,1,1,0,2,0.0,0.0,4.75,4.0,3
3370,1,1,0,0,1,0,0,2,4.5,2.0,4.0,1.0,2
3371,1,0,0,0,0,0,1,1,4.5,2.0,4.666666666666667,3.0,0
3372,4,2,0,1,0,1,1,6,3.0,1.0,4.166666666666667,6.0,1
3373,5,2,0,0,1,0,1,7,4.5,2.0,4.5,2.0,1
3374,4,0,1,0,0,1,0,4,3.3333333333333335,3.0,5.0,1.0,2
3375,3,0,1,0,1,1,0,3,4.0,3.0,4.25,4.0,2
3376,3,1,0,1,1,0,0,4,4.0,1.0,4.0,1.0,1
3377,4,0,1,0,1,0,0,4,4.5,2.0,4.0,1.0,2
3378,3,1,1,0,0,0,0,4,4.25,4.0,5.0,2.0,2
3379,3,0,0,0,0,0,1,3,4.25,4.0,4.428571428571429,7.0,0
3380,2,0,0,1,1,0,0,2,5.0,3.0,0.0,0.0,2
3381,3,0,1,1,0,0,0,3,3.5,2.0,4.666666666666667,3.0,2
3382,2,2,0,1,0,1,0,4,4.333333333333333,3.0,4.5,4.0,1
3383,3,2,0,1,1,0,0,5,3.0,1.0,4.25,4.0,1
3384,2,0,0,1,0,1,0,2,3.6666666666666665,3.0,5.0,2.0,0
3385,1,2,1,0,0,0,0,3,4.0,1.0,4.5,2.0,2
3386,5,2,1,1,0,0,0,7,4.5,6.0,4.5,4.0,1
3387,3,0,0,1,0,1,0,3,5.0,2.0,4.5,4.0,0
3388,4,1,1,0,0,0,0,5,4.0,3.0,5.0,2.0,1
3389,1,2,0,0,0,0,1,3,4.0,3.0,4.166666666666667,6.0,0
3390,2,1,0,1,1,0,0,3,4.25,4.0,3.75,4.0,2
3391,2,0,0,0,0,1,1,2,4.4,5.0,3.0,2.0,0
3392,1,2,1,1,0,0,0,3,4.25,4.0,4.25,4.0,2
3393,1,0,1,0,0,0,0,1,4.5,2.0,5.0,2.0,2
3394,5,0,0,0,0,1,1,5,4.25,4.0,4.666666666666667,3.0,1
3395,2,2,1,1,1,0,0,4,0.0,0.0,4.5,4.0,3
3396,5,1,1,0,0,0,1,6,4.5,2.0,4.25,4.0,1
3397,2,2,0,1,0,0,0,4,4.666666666666667,6.0,5.0,3.0,1
3398,1,1,0,0,0,1,0,2,0.0,0.0,4.0,4.0,3
3399,3,2,0,0,0,1,1,5,0.0,0.0,4.5,2.0,3
3400,3,0,1,0,0,1,0,3,4.0,1.0,2.75,4.0,2
3401,3,2,1,0,0,0,1,5,4.25,4.0,4.75,4.0,1
3402,3,0,1,0,0,1,0,3,5.0,2.0,4.333333333333333,3.0,2
3403,3,0,0,0,0,1,1,3,4.0,2.0,4.6,5.0,0
3404,3,0,1,0,0,0,0,3,4.0,1.0,4.5,2.0,2
3405,5,2,0,0,0,1,0,7,0.0,0.0,3.6666666666666665,3.0,3
3406,2,2,1,0,1,1,0,4,3.8,5.0,4.5,2.0,2
3407,2,1,1,0,1,1,0,3,0.0,0.0,4.4,5.0,3
3408,1,0,0,0,0,1,1,1,4.5,2.0,4.0,4.0,0
3409,2,0,0,0,1,1,0,2,0.0,0.0,3.0,1.0,3
3410,5,0,0,1,0,0,0,5,4.5,2.0,5.0,1.0,1
3411,3,0,1,1,0,0,0,3,3.0,1.0,4.5,8.0,2
3412,1,0,1,0,1,0,0,1,0.0,0.0,4.2,5.0,3
3413,1,0,0,1,1,0,0,1,5.0,1.0,4.333333333333333,3.0,2
3414,4,1,1,0,1,1,0,5,4.333333333333333,6.0,4.5,4.0,1
3415,2,2,1,0,1,1,0,4,5.0,3.0,4.6,5.0,2
3416,1,3,0,0,0,1,1,4,4.5,2.0,0.0,0.0,0
3417,3,2,1,0,0,0,1,5,4.5,2.0,4.0,2.0,1
3418,2,1,0,0,0,0,1,3,4.0,1.0,0.0,0.0,0
3419,3,0,0,1,0,0,1,3,4.5,2.0,4.0,3.0,0
3420,1,1,0,1,0,1,0,2,5.0,1.0,3.8,5.0,0
3421,1,1,0,1,0,0,0,2,4.75,4.0,4.0,1.0,0
3422,2,0,0,0,1,0,0,2,4.2,5.0,4.666666666666667,3.0,2
3423,2,0,0,1,0,1,0,2,5.0,1.0,4.0,6.0,0
3424,1,0,0,1,1,0,0,1,4.0,1.0,4.333333333333333,3.0,2
3425,3,0,1,1,0,0,0,3,4.5,2.0,4.0,1.0,2
3426,4,0,0,0,1,0,1,4,4.0,3.0,4.4,5.0,1
3427,2,0,0,0,1,0,0,2,5.0,2.0,4.0,3.0,2
3428,1,2,0,1,0,1,1,3,4.0,4.0,4.5,2.0,0
3429,2,0,0,1,1,0,0,2,4.75,4.0,4.0,2.0,2
3430,2,2,0,1,1,0,0,4,4.333333333333333,3.0,3.5,2.0,1
3431,4,0,0,0,0,1,1,4,5.0,2.0,4.75,4.0,0
3432,2,0,0,0,1,0,1,2,0.0,0.0,4.6,5.0,3
3433,3,0,0,1,1,0,0,3,4.5,2.0,4.4,5.0,2
3434,4,1,1,0,0,0,1,5,5.0,1.0,0.0,0.0,1
3435,2,2,1,0,1,1,0,4,4.0,1.0,4.5,4.0,2
3436,3,0,1,0,1,0,0,3,4.4,5.0,4.111111111111111,9.0,2
3437,2,2,1,0,1,1,0,4,4.4,5.0,4.333333333333333,3.0,2
3438,4,0,0,0,0,0,1,4,5.0,3.0,5.0,1.0,0
3439,4,0,0,0,0,1,0,4,5.0,2.0,4.333333333333333,6.0,1
3440,4,0,0,1,0,1,1,4,5.0,2.0,4.0,1.0,0
3441,2,1,1,0,1,0,0,3,0.0,0.0,3.5,2.0,3
3442,4,1,0,1,1,0,0,5,4.666666666666667,3.0,4.25,4.0,1
3443,2,0,0,0,1,1,0,2,4.0,1.0,0.0,0.0,2
3444,3,1,0,0,0,0,1,4,0.0,0.0,4.666666666666667,3.0,3
3445,3,1,0,0,1,1,0,4,4.666666666666667,3.0,4.142857142857143,7.0,1
3446,3,1,1,0,0,0,1,4,3.6666666666666665,3.0,4.5,2.0,0
3447,3,1,0,0,0,1,1,4,4.0,2.0,5.0,1.0,0
3448,1,0,1,1,1,0,0,1,4.333333333333333,3.0,3.6666666666666665,3.0,2
3449,4,0,0,1,0,0,1,4,3.5,2.0,4.2,5.0,0
3450,2,0,1,0,1,0,0,2,5.0,1.0,5.0,1.0,2
3451,4,0,0,1,1,0,0,4,4.5,2.0,4.0,2.0,1
3452,3,1,0,0,0,0,1,4,5.0,3.0,4.666666666666667,3.0,0
3453,3,0,0,1,0,1,1,3,5.0,2.0,4.5,2.0,0
3454,2,1,1,0,1,1,0,3,5.0,2.0,4.333333333333333,3.0,2
3455,1,0,0,1,1,0,0,1,0.0,0.0,5.0,2.0,3
3456,2,0,0,0,0,1,0,2,4.0,1.0,4.5,2.0,0
3457,2,0,1,1,1,0,0,2,5.0,3.0,4.666666666666667,6.0,2
3458,4,1,1,0,1,0,0,5,4.5,6.0,3.0,1.0,1
3459,2,1,0,0,1,0,0,3,4.0,1.0,4.333333333333333,3.0,2
3460,2,0,1,0,1,1,0,2,4.0,2.0,4.0,1.0,2
3461,2,0,0,0,0,0,1,2,3.3333333333333335,3.0,3.0,2.0,0
3462,3,1,1,0,1,0,0,4,4.5,2.0,4.0,3.0,2
3463,2,0,0,0,0,1,1,2,4.0,2.0,4.4,5.0,0
3464,3,0,0,0,1,1,0,3,4.5,2.0,4.666666666666667,3.0,2
3465,4,2,0,1,1,0,0,6,4.5,4.0,0.0,0.0,1
3466,5,0,1,1,0,0,0,5,0.0,0.0,4.333333333333333,3.0,3
3467,3,0,0,1,1,0,0,3,5.0,1.0,4.0,3.0,2
3468,3,0,1,0,0,0,0,3,4.5,2.0,3.5,2.0,2
3469,2,3,1,0,0,0,0,5,4.0,1.0,3.6666666666666665,3.0,1
3470,2,1,1,1,0,0,0,3,5.0,2.0,4.0,2.0,2
3471,3,2,0,0,1,0,1,5,4.666666666666667,6.0,5.0,3.0,1
3472,5,1,0,0,0,1,1,6,5.0,1.0,4.333333333333333,3.0,1
3473,2,1,0,0,0,1,0,3,0.0,0.0,3.3333333333333335,3.0,3
3474,3,1,0,0,1,1,0,4,4.0,3.0,4.75,4.0,1
3475,3,0,0,1,1,0,0,3,5.0,2.0,4.5,2.0,2
3476,2,1,1,1,1,0,0,3,4.0,3.0,4.5,4.0,2
3477,3,2,0,0,0,0,1,5,4.25,4.0,4.0,2.0,1
3478,2,1,0,1,0,1,1,3,4.5,4.0,4.333333333333333,6.0,0
3479,2,2,1,0,1,0,0,4,4.666666666666667,3.0,3.6666666666666665,3.0,2
3480,3,0,1,1,1,0,0,3,4.333333333333333,3.0,5.0,1.0,2
3481,4,0,0,1,0,1,0,4,4.0,1.0,0.0,0.0,1
3482,4,0,0,1,0,0,0,4,4.2,5.0,3.0,1.0,1
3483,2,0,0,1,1,0,0,2,4.4,5.0,4.0,1.0,2
3484,4,1,1,0,0,1,0,5,5.0,1.0,4.666666666666667,3.0,1
3485,3,0,0,0,0,0,1,3,4.333333333333333,3.0,3.0,1.0,0
3486,2,1,0,0,0,1,0,3,3.3333333333333335,3.0,4.0,2.0,0
3487,4,0,0,0,1,0,0,4,3.5,2.0,4.5,2.0,1
3488,4,0,0,1,0,1,1,4,5.0,1.0,3.6666666666666665,3.0,0
3489,2,0,0,1,1,0,0,2,5.0,1.0,4.0,5.0,2
3490,3,2,0,0,1,0,0,5,4.5,2.0,2.75,4.0,1
3491,3,0,1,0,0,1,0,3,4.0,3.0,4.333333333333333,6.0,2
3492,3,0,0,1,0,0,1,3,4.666666666666667,3.0,3.6666666666666665,6.0,0
3493,5,0,0,0,1,0,0,5,4.4,5.0,4.0,5.0,1
3494,3,0,1,0,1,0,0,3,4.25,4.0,4.666666666666667,3.0,2
3495,4,0,1,0,0,1,0,4,4.25,4.0,3.75,4.0,2
3496,2,2,0,0,1,1,0,4,4.0,2.0,4.75,4.0,1
3497,3,0,1,0,1,1,0,3,3.5,2.0,4.25,4.0,2
3498,1,0,1,1,1,0,0,1,5.0,2.0,4.0,2.0,2
3499,3,0,1,0,1,1,0,3,4.5,6.0,0.0,0.0,2
3500,3,0,0,0,1,0,0,3,4.0,1.0,4.666666666666667,3.0,2
3501,1,1,0,0,1,0,0,2,3.5,2.0,3.5,2.0,2
3502,5,0,1,1,0,0,0,5,3.0,1.0,4.333333333333333,3.0,1
3503,3,2,1,0,1,0,0,5,4.5,2.0,4.333333333333333,3.0,1
3504,2,0,0,1,1,0,0,2,4.0,1.0,4.0,4.0,2
3505,2,1,0,1,1,0,0,3,4.5,4.0,4.333333333333333,6.0,2
3506,2,2,0,1,1,0,0,4,0.0,0.0,3.0,4.0,3
3507,3,2,0,0,1,0,0,5,4.0,4.0,3.6666666666666665,3.0,1
3508,5,0,0,1,0,1,0,5,3.75,4.0,4.5,6.0,1
3509,3,1,0,0,0,1,1,4,5.0,1.0,5.0,1.0,0
3510,1,2,0,1,1,0,0,3,4.5,2.0,4.666666666666667,3.0,2
3511,3,2,1,0,0,0,0,5,4.0,2.0,4.25,4.0,1
3512,2,1,0,1,0,1,0,3,0.0,0.0,4.666666666666667,3.0,3
3513,2,0,0,0,1,0,1,2,5.0,2.0,4.333333333333333,3.0,0
3514,2,1,0,1,0,1,1,3,3.5,2.0,3.5,2.0,0
3515,3,0,1,1,1,0,0,3,3.8333333333333335,6.0,3.25,4.0,2
3516,1,0,0,0,0,1,1,1,4.0,1.0,4.5,2.0,0
3517,4,1,1,0,0,1,0,5,5.0,1.0,4.666666666666667,3.0,1
3518,2,0,1,0,0,0,1,2,5.0,1.0,5.0,4.0,0
3519,1,0,1,0,0,0,1,1,4.0,3.0,4.333333333333333,3.0,0
3520,2,1,1,1,1,0,0,3,5.0,2.0,4.2,5.0,2
3521,2,2,0,1,0,0,0,4,4.0,1.0,4.666666666666667,3.0,1
3522,5,1,0,0,0,0,1,6,4.666666666666667,3.0,3.5,2.0,1
3523,2,0,1,0,1,1,0,2,4.166666666666667,6.0,4.25,4.0,2
3524,2,2,0,0,1,1,0,4,4.0,1.0,5.0,2.0,1
3525,2,1,0,1,0,1,1,3,5.0,2.0,3.875,8.0,0
3526,2,3,1,0,0,0,0,5,0.0,0.0,3.8,5.0,3
3527,2,0,0,1,0,1,1,2,5.0,2.0,4.5,2.0,0
3528,1,0,0,1,0,1,1,1,4.25,4.0,3.875,8.0,0
3529,4,3,0,0,0,0,1,7,5.0,2.0,4.0,3.0,1
3530,2,0,0,0,0,1,1,2,4.0,1.0,5.0,2.0,0
3531,3,0,0,0,1,0,0,3,5.0,2.0,5.0,2.0,2
3532,3,3,1,0,0,1,0,6,4.666666666666667,3.0,4.125,8.0,1
3533,4,3,0,1,0,1,0,7,4.4,5.0,5.0,1.0,1
3534,4,1,0,0,1,0,0,5,0.0,0.0,5.0,1.0,3
3535,3,0,0,0,0,1,1,3,4.0,2.0,4.75,4.0,0
3536,2,0,1,1,1,0,0,2,3.3333333333333335,3.0,4.2,5.0,2
3537,1,2,0,0,0,1,1,3,4.6,5.0,4.25,4.0,0
3538,2,0,0,0,1,0,0,2,5.0,1.0,4.2,5.0,2
3539,3,1,0,0,1,0,1,4,3.0,1.0,5.0,2.0,1
3540,2,0,1,0,0,0,0,2,3.5,2.0,4.25,4.0,2
3541,3,0,0,0,0,1,1,3,5.0,2.0,4.333333333333333,6.0,0
3542,3,1,1,1,0,0,0,4,0.0,0.0,4.333333333333333,3.0,3
3543,4,0,0,0,0,0,1,4,4.333333333333333,3.0,5.0,1.0,0
3544,3,0,0,0,1,1,0,3,3.0,1.0,4.0,5.0,2
3545,3,1,1,0,0,0,1,4,4.25,4.0,4.0,4.0,0
3546,5,0,0,1,0,0,1,5,4.666666666666667,3.0,5.0,3.0,1
3547,4,2,0,0,1,1,0,6,3.8,5.0,4.0,2.0,1
3548,4,0,0,1,0,0,0,4,4.25,4.0,4.666666666666667,3.0,1
3549,2,0,0,1,0,0,0,2,4.0,2.0,4.0,4.0,0
3550,5,2,1,0,0,0,1,7,4.5,2.0,3.5,2.0,1
3551,3,0,0,1,1,0,0,3,4.75,4.0,4.2,5.0,2
3552,5,2,1,0,0,0,1,7,0.0,0.0,4.2,5.0,3
3553,1,2,0,0,0,1,0,3,0.0,0.0,5.0,2.0,3
3554,3,0,0,1,0,0,1,3,5.0,2.0,4.0,1.0,0
3555,4,0,1,0,0,1,0,4,4.0,6.0,3.6666666666666665,3.0,2
3556,3,2,0,1,0,1,1,5,3.3333333333333335,3.0,4.666666666666667,6.0,1
3557,3,1,0,0,0,1,1,4,4.333333333333333,3.0,4.333333333333333,6.0,0
3558,2,3,0,0,1,0,0,5,4.0,2.0,3.5,4.0,1
3559,2,0,1,1,0,0,0,2,4.0,3.0,4.666666666666667,3.0,2
3560,5,1,0,1,1,0,0,6,4.25,4.0,4.6,5.0,1
3561,3,0,0,0,0,0,1,3,4.333333333333333,3.0,4.666666666666667,3.0,0
3562,2,3,0,1,0,1,0,5,3.75,4.0,4.333333333333333,3.0,1
3563,2,2,0,1,1,0,0,4,5.0,2.0,4.5,4.0,1
3564,2,1,1,0,0,0,1,3,4.0,3.0,4.0,1.0,0
3565,3,1,1,0,1,1,0,4,0.0,0.0,3.75,4.0,3
3566,3,1,0,0,0,1,1,4,4.0,1.0,3.5,2.0,0
3567,2,1,1,1,0,0,0,3,4.6,5.0,4.333333333333333,3.0,2
3568,4,1,0,1,0,1,0,5,4.333333333333333,3.0,4.0,4.0,1
3569,1,0,0,1,0,0,1,1,4.5,2.0,3.5,2.0,0
3570,2,2,0,1,1,0,0,4,5.0,1.0,5.0,1.0,1
3571,3,1,1,0,0,0,1,4,5.0,1.0,4.333333333333333,3.0,0
3572,2,1,0,0,0,1,1,3,4.0,1.0,3.6,5.0,0
3573,2,0,0,0,1,0,1,2,4.25,4.0,4.0,2.0,0
3574,5,2,0,0,1,0,0,7,5.0,3.0,3.75,4.0,1
3575,1,1,1,0,0,1,0,2,4.25,4.0,4.666666666666667,3.0,2
3576,5,3,1,0,0,1,0,8,4.0,2.0,4.0,2.0,1
3577,4,0,1,0,1,1,0,4,4.666666666666667,3.0,0.0,0.0,2
3578,4,2,0,1,0,1,0,6,5.0,2.0,4.5,6.0,1
3579,5,0,0,1,1,0,0,5,4.666666666666667,3.0,4.0,4.0,1
3580,2,0,1,0,1,1,0,2,4.0,3.0,4.25,4.0,2
3581,3,1,0,1,0,1,1,4,3.5,2.0,4.666666666666667,3.0,0
3582,4,0,0,1,0,0,1,4,4.25,4.0,0.0,0.0,0
3583,3,0,1,0,1,0,0,3,3.0,1.0,4.333333333333333,3.0,2
3584,1,0,1,0,1,0,0,1,4.0,1.0,0.0,0.0,2
3585,2,0,0,1,1,0,0,2,4.0,2.0,0.0,0.0,2
3586,2,0,0,0,1,1,0,2,5.0,2.0,4.5,4.0,2
3587,1,1,0,1,0,0,0,2,4.666666666666667,3.0,4.666666666666667,3.0,0
3588,3,0,1,1,1,0,0,3,4.0,4.0,5.0,2.0,2
3589,1,1,0,1,0,1,0,2,0.0,0.0,4.75,4.0,3
3590,4,1,0,0,1,0,0,5,4.0,1.0,4.0,2.0,1
3591,5,2,0,1,0,0,1,7,4.0,3.0,4.0,2.0,1
3592,3,0,1,0,0,0,0,3,5.0,3.0,4.5,2.0,2
3593,1,1,0,0,0,1,1,2,4.0,1.0,4.0,4.0,0
3594,5,0,0,0,0,1,0,5,3.6666666666666665,3.0,4.6,5.0,1
3595,3,1,0,0,0,1,1,4,4.25,4.0,4.333333333333333,3.0,0
3596,3,0,1,1,0,0,0,3,4.5,2.0,4.0,2.0,2
3597,2,1,1,1,1,0,0,3,4.75,4.0,5.0,1.0,2
3598,2,0,1,0,0,0,1,2,4.333333333333333,3.0,4.2,5.0,0
3599,3,0,1,0,1,0,0,3,4.5,2.0,3.0,2.0,2
3600,5,2,1,1,0,0,0,7,4.0,5.0,4.2,5.0,1
3601,3,0,0,0,1,1,0,3,4.0,2.0,4.0,1.0,2
3602,2,3,0,1,1,0,0,5,4.0,1.0,4.333333333333333,6.0,1
3603,4,1,1,1,0,0,0,5,5.0,3.0,4.666666666666667,3.0,1
3604,2,0,1,0,0,0,0,2,3.8,5.0,0.0,0.0,2
3605,3,1,0,0,1,0,1,4,4.5,2.0,4.25,4.0,1
3606,4,0,1,0,1,1,0,4,3.75,4.0,4.333333333333333,3.0,2
3607,1,0,0,0,0,1,1,1,4.0,4.0,4.5,2.0,0
3608,4,0,1,0,0,0,1,4,4.0,1.0,5.0,1.0,0
3609,1,0,1,0,0,1,0,1,4.4,5.0,4.666666666666667,3.0,2
3610,2,1,0,0,1,0,1,3,4.666666666666667,3.0,4.75,4.0,0
3611,4,1,1,0,0,0,1,5,3.6666666666666665,3.0,4.5,2.0,1
3612,3,2,1,1,1,0,0,5,4.0,1.0,5.0,1.0,1
3613,3,0,0,1,0,1,1,3,4.5,2.0,0.0,0.0,0
3614,4,0,1,0,0,0,1,4,3.5,2.0,4.0,2.0,0
3615,3,1,1,0,0,0,0,4,5.0,6.0,4.0,1.0,2
3616,5,1,0,1,1,0,0,6,0.0,0.0,4.25,8.0,3
3617,2,0,0,0,1,0,1,2,4.666666666666667,3.0,4.666666666666667,3.0,0
3618,5,0,0,1,1,0,0,5,3.0,2.0,5.0,1.0,1
3619,2,1,1,0,0,0,0,3,4.0,1.0,5.0,2.0,2
3620,2,0,0,1,0,1,1,2,0.0,0.0,3.5,2.0,3
3621,3,1,0,1,0,1,0,4,0.0,0.0,4.0,3.0,3
3622,3,0,0,0,0,1,0,3,3.75,4.0,4.75,4.0,0
3623,3,3,0,0,0,0,1,6,5.0,2.0,4.4,10.0,1
3624,3,0,1,0,1,0,0,3,5.0,5.0,4.0,3.0,2
3625,1,0,0,0,0,1,1,1,4.5,2.0,4.0,3.0,0
3626,2,1,1,0,1,1,0,3,4.666666666666667,3.0,4.166666666666667,6.0,2
3627,3,0,0,0,0,1,1,3,4.5,2.0,3.0,2.0,0
3628,2,0,0,1,0,0,1,2,4.0,1.0,4.5,2.0,0
3629,3,1,0,0,0,1,1,4,3.0,1.0,0.0,0.0,0
3630,2,1,0,1,1,0,0,3,4.2,5.0,4.333333333333333,3.0,2
3631,4,3,0,1,0,0,1,7,4.5,2.0,5.0,1.0,1
3632,1,2,1,1,1,0,0,3,4.5,6.0,4.333333333333333,3.0,2
3633,5,0,1,0,0,0,0,5,3.5,4.0,4.0,2.0,1
3634,2,0,1,1,0,0,0,2,0.0,0.0,4.25,4.0,3
3635,5,2,0,0,0,1,0,7,5.0,1.0,4.0,2.0,1
3636,2,2,0,1,0,1,0,4,5.0,1.0,5.0,1.0,1
3637,2,1,1,0,1,1,0,3,5.0,1.0,4.2,5.0,2
3638,3,0,0,0,0,0,1,3,3.75,4.0,4.0,1.0,0
3639,4,1,1,1,1,0,0,5,5.0,2.0,5.0,3.0,1
3640,2,0,0,1,0,0,1,2,5.0,2.0,4.0,2.0,0
3641,2,0,0,0,0,0,1,2,4.5,2.0,4.0,2.0,0
3642,1,2,0,0,0,1,0,3,4.5,2.0,3.6666666666666665,6.0,0
3643,2,0,0,1,0,0,1,2,4.5,2.0,4.5,2.0,0
3644,4,0,0,1,1,0,0,4,4.0,2.0,5.0,3.0,1
3645,2,1,1,0,1,1,0,3,3.0,1.0,4.6,5.0,2
3646,2,0,0,0,0,1,0,2,4.166666666666667,6.0,4.5,2.0,0
3647,2,0,0,0,0,1,0,2,0.0,0.0,3.0,1.0,3
3648,3,1,0,0,1,0,1,4,5.0,1.0,4.25,8.0,1
3649,3,2,0,1,1,0,0,5,4.0,5.0,4.0,1.0,1
3650,4,0,0,0,1,0,1,4,4.333333333333333,3.0,4.0,3.0,1
3651,1,0,0,0,1,1,0,1,4.666666666666667,3.0,5.0,1.0,2
3652,5,0,0,1,1,0,0,5,4.5,2.0,4.666666666666667,3.0,1
3653,5,0,0,1,1,0,0,5,4.666666666666667,3.0,3.5,4.0,1
3654,2,3,0,0,1,0,1,5,4.0,2.0,4.0,2.0,1
3655,4,0,1,1,1,0,0,4,4.0,2.0,4.2,5.0,2
3656,2,0,0,0,0,1,1,2,5.0,1.0,4.0,5.0,0
3657,3,2,0,0,0,1,0,5,4.5,2.0,4.5,4.0,1
3658,2,2,1,0,0,0,0,4,4.4,5.0,4.666666666666667,3.0,2
3659,2,1,0,0,1,0,0,3,4.75,4.0,4.0,4.0,2
3660,1,0,1,1,0,0,0,1,5.0,2.0,5.0,2.0,2
3661,3,2,0,1,0,1,1,5,4.333333333333333,3.0,4.0,3.0,1
3662,2,0,0,0,0,1,1,2,4.333333333333333,3.0,4.0,2.0,0
3663,4,0,0,0,0,1,1,4,5.0,1.0,4.0,2.0,0
3664,1,0,1,0,1,0,0,1,3.0,2.0,3.6666666666666665,3.0,2
3665,1,0,0,1,0,0,0,1,0.0,0.0,5.0,1.0,3
3666,3,0,1,1,1,0,0,3,5.0,1.0,4.375,8.0,2
3667,2,1,1,0,0,0,0,3,3.0,1.0,4.0,1.0,2
3668,2,1,0,1,0,1,1,3,4.333333333333333,3.0,5.0,2.0,0
3669,4,1,0,0,0,1,1,5,4.0,1.0,4.333333333333333,3.0,1
3670,1,1,0,1,0,0,0,2,4.2,5.0,4.0,1.0,0
3671,3,0,1,0,1,0,0,3,4.5,2.0,4.0,2.0,2
3672,3,3,0,1,1,0,0,6,4.25,4.0,3.0,1.0,1
3673,3,1,0,1,0,1,0,4,0.0,0.0,3.6666666666666665,3.0,3
3674,2,1,0,0,0,0,1,3,5.0,1.0,5.0,3.0,0
3675,4,0,0,0,1,0,1,4,4.5,2.0,4.666666666666667,3.0,1
3676,5,0,0,0,0,0,1,5,5.0,1.0,3.0,1.0,1
3677,3,2,0,1,0,1,1,5,4.333333333333333,3.0,3.3333333333333335,3.0,1
3678,1,0,0,1,0,1,1,1,4.2,5.0,0.0,0.0,0
3679,4,2,0,1,1,0,0,6,4.666666666666667,3.0,4.25,4.0,1
3680,4,2,0,1,0,1,1,6,4.5,2.0,4.0,1.0,1
3681,5,1,1,0,0,0,1,6,5.0,2.0,4.4,5.0,1
3682,3,2,0,1,0,0,1,5,5.0,1.0,4.0,1.0,1
3683,2,3,1,0,0,0,0,5,4.5,2.0,4.0,3.0,1
3684,3,0,1,1,1,0,0,3,5.0,2.0,4.2,5.0,2
3685,4,1,0,0,0,0,1,5,4.333333333333333,3.0,4.0,4.0,1
3686,1,0,0,0,0,1,1,1,0.0,0.0,4.0,4.0,3
3687,5,2,0,1,0,1,0,7,4.0,2.0,4.25,4.0,1
3688,1,0,1,0,0,1,0,1,3.6666666666666665,3.0,5.0,1.0,2
3689,3,3,0,0,1,1,0,6,4.5,2.0,4.4,5.0,1
3690,2,1,0,0,1,0,1,3,4.0,1.0,4.0,3.0,0
3691,2,3,0,1,0,0,1,5,4.0,4.0,4.142857142857143,7.0,1
3692,2,0,0,0,0,0,1,2,5.0,1.0,4.0,3.0,0
3693,2,2,0,0,1,0,1,4,4.0,2.0,4.5,2.0,1
3694,3,0,1,0,0,0,0,3,4.666666666666667,3.0,4.0,2.0,2
3695,3,1,0,0,1,1,0,4,3.0,1.0,4.0,3.0,1
3696,5,1,0,1,0,1,1,6,0.0,0.0,4.5,2.0,3
3697,5,1,0,1,0,1,0,6,4.0,2.0,5.0,1.0,1
3698,4,1,0,1,0,0,1,5,4.2,5.0,4.666666666666667,3.0,1
3699,2,0,0,1,0,1,1,2,5.0,2.0,3.0,3.0,0
3700,3,1,0,0,1,0,1,4,3.0,1.0,4.25,4.0,1
3701,1,0,1,0,0,0,0,1,3.0,1.0,4.666666666666667,3.0,2
3702,4,1,0,1,0,0,0,5,4.0,2.0,4.666666666666667,3.0,1
3703,4,2,1,1,1,0,0,6,5.0,2.0,3.0,1.0,1
3704,2,2,0,0,0,1,1,4,5.0,3.0,4.5,4.0,0
3705,2,1,1,0,0,0,0,3,5.0,2.0,5.0,1.0,2
3706,1,2,0,1,0,0,1,3,0.0,0.0,5.0,3.0,3
3707,2,1,0,1,0,0,1,3,4.666666666666667,3.0,4.75,4.0,0
3708,2,1,1,1,0,0,0,3,4.4,5.0,3.6666666666666665,3.0,2
3709,3,0,0,1,0,0,1,3,3.6666666666666665,3.0,5.0,1.0,0
3710,1,0,0,1,0,1,1,1,4.5,2.0,3.75,4.0,0
3711,3,0,1,0,0,0,0,3,4.5,2.0,4.0,2.0,2
3712,2,0,0,0,1,0,1,2,4.0,2.0,4.166666666666667,6.0,0
3713,1,0,0,0,1,0,0,1,2.0,1.0,4.75,4.0,2
3714,3,0,0,0,1,0,1,3,5.0,2.0,4.0,2.0,0
3715,4,1,1,0,0,0,1,5,3.0,1.0,4.666666666666667,3.0,1
3716,1,0,1,0,0,0,1,1,4.0,4.0,4.666666666666667,3.0,0
3717,3,3,0,1,0,1,1,6,3.0,2.0,0.0,0.0,1
3718,1,0,0,0,0,1,1,1,4.75,4.0,4.5,2.0,0
3719,4,0,1,0,1,1,0,4,3.0,3.0,4.0,4.0,2
3720,1,3,1,0,1,0,0,4,5.0,2.0,4.333333333333333,3.0,2
3721,3,0,0,0,0,1,1,3,4.5,2.0,3.0,1.0,0
3722,2,1,0,1,0,0,0,3,4.333333333333333,3.0,4.25,4.0,0
3723,3,1,1,1,0,0,0,4,0.0,0.0,4.0,2.0,3
3724,4,0,0,0,1,0,0,4,4.0,4.0,4.0,3.0,1
3725,3,2,0,1,0,0,1,5,4.0,1.0,4.333333333333333,3.0,1
3726,2,0,0,1,0,0,0,2,4.5,2.0,4.0,3.0,0
3727,2,0,0,0,0,1,1,2,4.0,1.0,4.0,4.0,0
3728,4,3,0,0,1,1,0,7,4.333333333333333,3.0,3.5,2.0,1
3729,3,0,0,1,1,0,0,3,5.0,1.0,5.0,1.0,2
3730,3,1,0,0,1,0,1,4,3.75,4.0,5.0,1.0,1
3731,2,0,0,0,1,0,1,2,4.0,1.0,5.0,1.0,0
3732,5,0,0,0,1,0,1,5,3.75,4.0,0.0,0.0,1
3733,2,0,1,1,1,0,0,2,3.0,2.0,0.0,0.0,2
3734,3,0,0,0,1,0,1,3,4.5,2.0,3.3333333333333335,3.0,0
3735,3,1,0,1,0,1,0,4,4.666666666666667,3.0,5.0,1.0,1
3736,2,0,0,0,0,0,1,2,3.6666666666666665,3.0,5.0,1.0,0
3737,5,0,0,1,0,1,0,5,4.0,2.0,4.0,1.0,1
3738,4,3,0,0,0,1,0,7,5.0,1.0,4.8,5.0,1
3739,2,0,1,1,0,0,0,2,4.666666666666667,3.0,3.6666666666666665,3.0,2
3740,1,2,0,1,0,0,1,3,4.333333333333333,3.0,5.0,1.0,0
3741,4,1,1,0,0,1,0,5,5.0,2.0,3.5714285714285716,7.0,1
3742,2,2,0,1,1,0,0,4,3.3333333333333335,3.0,5.0,1.0,1
3743,2,0,0,1,1,0,0,2,5.0,1.0,0.0,0.0,2
3744,2,0,1,0,0,0,0,2,5.0,2.0,3.75,4.0,2
3745,2,0,0,0,0,0,1,2,4.75,4.0,0.0,0.0,0
3746,3,0,0,1,1,0,0,3,4.0,2.0,4.8,5.0,2
3747,4,0,0,1,0,0,1,4,4.0,1.0,2.0,1.0,0
3748,3,1,0,0,0,0,1,4,4.0,2.0,4.25,4.0,0
3749,1,0,1,0,0,0,0,1,4.25,4.0,4.5,2.0,2
3750,3,0,1,0,0,0,0,3,4.5,2.0,4.0,4.0,2
3751,3,1,0,0,1,1,0,4,4.2,5.0,3.6666666666666665,3.0,1
3752,3,0,0,1,0,1,1,3,4.5,2.0,4.0,1.0,0
3753,1,0,1,1,0,0,0,1,4.0,4.0,4.333333333333333,6.0,2
3754,2,0,0,0,1,0,1,2,4.0,1.0,3.75,4.0,0
3755,2,0,1,0,1,1,0,2,5.0,2.0,4.4,5.0,2
3756,3,0,1,0,1,1,0,3,4.166666666666667,6.0,4.4,5.0,2
3757,4,0,0,0,1,1,0,4,5.0,2.0,4.0,3.0,1
3758,2,0,0,0,0,1,1,2,3.6,5.0,4.0,2.0,0
3759,3,1,0,1,0,1,1,4,4.5,2.0,4.5,4.0,0
3760,1,2,0,1,0,1,0,3,4.0,3.0,4.75,4.0,0
3761,5,0,0,1,1,0,0,5,4.5,2.0,4.5,2.0,1
3762,3,0,0,1,1,0,0,3,4.25,4.0,3.6666666666666665,3.0,2
3763,3,1,0,0,0,1,1,4,4.5,2.0,5.0,2.0,0
3764,3,0,0,1,0,1,1,3,4.0,1.0,3.3333333333333335,3.0,0
3765,2,0,1,0,0,0,1,2,0.0,0.0,4.666666666666667,3.0,3
3766,2,3,0,0,0,0,1,5,3.0,1.0,4.0,4.0,1
3767,4,0,1,0,0,0,0,4,4.6,5.0,5.0,2.0,2
3768,2,1,0,0,1,1,0,3,4.0,1.0,3.4,5.0,2
3769,5,1,0,1,0,1,1,6,5.0,1.0,3.0,1.0,1
3770,2,0,1,0,1,1,0,2,4.5,2.0,4.5,2.0,2
3771,2,1,0,1,1,0,0,3,5.0,2.0,4.0,2.0,2
3772,5,0,1,0,1,1,0,5,4.0,2.0,4.0,3.0,1
3773,5,2,1,0,0,0,1,7,3.6666666666666665,3.0,4.5,4.0,1
3774,1,0,1,0,1,0,0,1,5.0,2.0,4.5,4.0,2
3775,5,0,1,0,0,0,1,5,5.0,1.0,4.333333333333333,3.0,1
3776,1,1,0,0,0,0,1,2,5.0,1.0,4.5,2.0,0
3777,4,0,1,0,0,0,1,4,4.0,2.0,4.8,5.0,0
3778,3,2,1,0,1,1,0,5,4.666666666666667,3.0,4.5,4.0,1
3779,4,0,1,0,1,1,0,4,4.25,4.0,3.5,2.0,2
3780,1,1,1,0,0,0,0,2,4.0,1.0,4.75,4.0,2
3781,5,0,0,0,1,1,0,5,3.8333333333333335,6.0,5.0,1.0,1
3782,2,0,0,1,1,0,0,2,4.0,3.0,4.5,2.0,2
3783,3,0,0,1,1,0,0,3,5.0,1.0,5.0,1.0,2
3784,5,2,0,0,1,0,0,7,4.5,2.0,4.333333333333333,3.0,1
3785,3,0,0,1,1,0,0,3,4.0,2.0,4.5,6.0,2
3786,4,1,0,1,0,1,1,5,4.5,4.0,4.714285714285714,7.0,1
3787,2,2,0,1,0,1,0,4,3.0,2.0,4.0,4.0,1
3788,2,0,0,0,0,1,0,2,5.0,1.0,4.0,2.0,0
3789,1,0,0,0,1,0,0,1,3.0,2.0,4.0,1.0,2
3790,2,2,1,1,1,0,0,4,4.2,5.0,4.5,4.0,2
3791,5,0,0,0,1,1,0,5,3.0,2.0,5.0,2.0,1
3792,3,0,1,1,0,0,0,3,4.0,1.0,3.75,4.0,2
3793,5,0,0,0,1,1,0,5,4.0,6.0,4.333333333333333,3.0,1
3794,2,0,0,1,1,0,0,2,4.0,1.0,4.25,4.0,2
3795,2,1,0,1,0,0,1,3,4.0,3.0,0.0,0.0,0
3796,4,1,0,1,0,0,1,5,4.333333333333333,3.0,3.5,2.0,1
3797,5,2,0,1,1,0,0,7,4.0,1.0,3.0,1.0,1
3798,2,2,0,0,0,1,0,4,4.0,1.0,5.0,3.0,1
3799,2,0,0,0,0,1,1,2,4.0,1.0,5.0,1.0,0
3800,2,2,1,1,1,0,0,4,0.0,0.0,4.5,2.0,3
3801,2,0,1,1,0,0,0,2,3.0,1.0,4.5,4.0,2
3802,3,1,1,0,1,1,0,4,5.0,1.0,4.0,2.0,2
3803,2,0,0,1,0,0,1,2,4.5,6.0,4.5,4.0,0
3804,1,2,0,0,1,1,0,3,5.0,1.0,5.0,3.0,2
3805,2,1,1,0,1,1,0,3,3.5,2.0,4.333333333333333,3.0,2
3806,2,3,1,0,0,1,0,5,4.5,2.0,3.0,1.0,1
3807,1,3,1,1,1,0,0,4,4.6,5.0,4.666666666666667,6.0,2
3808,5,0,0,0,0,1,1,5,4.5,4.0,5.0,3.0,1
3809,3,0,1,0,0,0,0,3,4.0,1.0,0.0,0.0,2
3810,3,0,0,0,0,1,0,3,0.0,0.0,4.0,2.0,3
3811,3,0,0,1,0,0,0,3,4.666666666666667,3.0,4.0,5.0,0
3812,3,1,0,0,0,0,1,4,0.0,0.0,0.0,0.0,3
3813,5,1,1,0,1,1,0,6,5.0,1.0,4.2,5.0,1
3814,5,1,1,0,0,0,1,6,0.0,0.0,5.0,1.0,3
3815,2,1,1,0,0,0,1,3,3.3333333333333335,3.0,5.0,3.0,0
3816,1,1,0,1,0,0,0,2,4.666666666666667,3.0,4.5,2.0,0
3817,1,1,0,0,0,1,1,2,4.0,2.0,4.333333333333333,3.0,0
3818,1,1,0,1,0,0,1,2,0.0,0.0,3.3333333333333335,3.0,3
3819,1,0,1,1,0,0,0,1,4.333333333333333,3.0,5.0,2.0,2
3820,3,0,0,0,1,0,1,3,5.0,1.0,4.666666666666667,3.0,0
3821,3,0,0,0,0,1,0,3,4.333333333333333,6.0,4.666666666666667,3.0,0
3822,3,0,1,1,1,0,0,3,4.0,2.0,4.0,2.0,2
3823,5,0,0,0,0,1,1,5,4.0,2.0,4.4,5.0,1
3824,3,1,0,1,0,1,1,4,4.5,4.0,4.666666666666667,3.0,0
3825,4,0,1,0,0,1,0,4,4.0,3.0,4.0,5.0,2
3826,2,0,0,0,0,1,1,2,4.5,2.0,4.333333333333333,6.0,0
3827,1,0,0,0,1,0,1,1,4.25,4.0,4.166666666666667,6.0,0
3828,3,0,1,0,1,1,0,3,5.0,3.0,4.0,2.0,2
3829,5,0,0,1,0,1,1,5,4.0,4.0,4.5,6.0,1
3830,3,0,1,0,1,1,0,3,4.5,2.0,5.0,3.0,2
3831,2,0,0,1,0,1,0,2,4.0,2.0,4.666666666666667,3.0,0
3832,1,2,0,0,1,0,1,3,3.0,1.0,4.0,1.0,0
3833,2,0,0,1,0,0,0,2,0.0,0.0,4.166666666666667,6.0,3
3834,5,2,1,0,0,0,1,7,4.0,2.0,4.5,2.0,1
3835,2,1,0,0,1,0,0,3,4.5,2.0,3.75,4.0,2
3836,3,1,0,0,0,1,0,4,4.5,2.0,4.5,6.0,1
3837,2,0,1,0,0,0,0,2,4.0,4.0,5.0,4.0,2
3838,2,0,0,1,1,0,0,2,5.0,1.0,5.0,4.0,2
3839,4,0,1,1,1,0,0,4,3.0,1.0,4.0,5.0,2
3840,2,0,0,1,0,0,1,2,4.5,2.0,5.0,2.0,0
3841,2,1,1,0,0,0,0,3,4.5,2.0,5.0,2.0,2
3842,1,0,0,1,0,1,1,1,5.0,2.0,5.0,2.0,0
3843,1,0,0,1,0,1,1,1,4.333333333333333,3.0,4.0,1.0,0
3844,3,0,1,0,0,0,0,3,4.666666666666667,3.0,4.0,4.0,2
3845,1,0,1,0,0,1,0,1,4.0,3.0,4.0,3.0,2
3846,1,2,0,1,0,0,1,3,5.0,1.0,3.0,1.0,0
3847,3,0,0,1,0,0,1,3,5.0,3.0,3.875,8.0,0
3848,2,0,1,1,0,0,0,2,4.2,5.0,3.0,1.0,2
3849,2,0,0,0,1,1,0,2,4.0,3.0,5.0,2.0,2
3850,1,2,1,1,0,0,0,3,3.5,2.0,4.4,5.0,2
3851,2,1,0,0,0,1,1,3,5.0,1.0,4.0,1.0,0
3852,2,0,0,1,0,0,0,2,4.4,5.0,4.5,4.0,0
3853,2,1,1,0,1,1,0,3,4.5,2.0,4.0,1.0,2
3854,5,1,1,0,0,0,0,6,4.8,5.0,4.0,1.0,1
3855,4,0,0,1,0,0,1,4,5.0,3.0,4.0,2.0,0
3856,3,0,0,1,0,0,1,3,4.0,2.0,4.285714285714286,7.0,0
3857,5,1,0,1,0,0,1,6,4.333333333333333,3.0,3.0,1.0,1
3858,2,0,0,1,1,0,0,2,4.4,5.0,4.666666666666667,3.0,2
3859,2,1,0,1,1,0,0,3,4.333333333333333,3.0,4.5,2.0,2
3860,3,1,0,1,0,1,1,4,4.5,2.0,5.0,3.0,0
3861,5,0,1,1,0,0,0,5,5.0,4.0,4.0,1.0,1
3862,2,1,0,0,1,0,1,3,4.25,4.0,5.0,1.0,0
3863,3,0,0,0,1,1,0,3,4.5,2.0,4.5,4.0,2
3864,2,0,0,0,1,1,0,2,4.0,3.0,4.2,5.0,2
3865,4,0,0,0,0,1,1,4,5.0,2.0,5.0,1.0,0
3866,3,0,0,1,1,0,0,3,4.0,1.0,5.0,1.0,2
3867,5,0,0,0,1,0,1,5,4.5,2.0,5.0,1.0,1
3868,5,2,0,0,0,1,1,7,4.25,4.0,4.2,5.0,1
3869,2,0,0,1,0,1,1,2,4.5,2.0,5.0,3.0,0
3870,3,0,1,0,1,1,0,3,4.0,3.0,4.0,3.0,2
3871,3,0,0,1,1,0,0,3,5.0,2.0,5.0,2.0,2
3872,4,0,1,1,1,0,0,4,4.5,2.0,4.0,1.0,2
3873,2,0,1,0,0,0,0,2,0.0,0.0,4.166666666666667,6.0,3
3874,4,0,1,0,0,1,0,4,5.0,2.0,4.0,2.0,2
3875,2,1,0,0,1,0,0,3,4.25,4.0,4.25,4.0,2
3876,1,2,0,1,0,0,0,3,4.75,4.0,4.5,4.0,0
3877,4,1,1,0,0,0,0,5,4.333333333333333,3.0,0.0,0.0,1
3878,4,1,1,0,0,0,0,5,4.0,2.0,4.0,2.0,1
3879,2,2,0,1,0,1,0,4,4.0,3.0,4.75,4.0,1
3880,4,0,0,0,0,1,0,4,5.0,2.0,5.0,2.0,1
3881,2,1,0,0,0,1,1,3,4.4,5.0,4.0,2.0,0
3882,5,0,0,1,1,0,0,5,3.0,1.0,5.0,3.0,1
3883,2,0,0,1,0,0,1,2,4.5,2.0,4.75,4.0,0
3884,3,1,1,0,0,0,1,4,4.25,4.0,4.666666666666667,3.0,0
3885,1,1,1,1,1,0,0,2,5.0,2.0,3.5,2.0,2
3886,4,1,1,0,1,1,0,5,4.5,2.0,5.0,2.0,1
3887,5,0,1,0,0,1,0,5,4.0,3.0,0.0,0.0,1
3888,2,3,0,1,0,0,0,5,4.0,2.0,4.333333333333333,3.0,1
3889,5,1,0,0,0,1,1,6,3.75,4.0,4.166666666666667,6.0,1
3890,2,0,1,1,0,0,0,2,4.0,4.0,4.5,4.0,2
3891,3,1,1,0,0,0,0,4,4.222222222222222,9.0,4.0,1.0,2
3892,4,1,0,0,1,0,0,5,4.0,1.0,5.0,3.0,1
3893,5,1,1,0,0,1,0,6,4.5,2.0,4.666666666666667,3.0,1
3894,1,2,1,1,0,0,0,3,5.0,2.0,4.0,3.0,2
3895,1,2,0,1,1,0,0,3,4.333333333333333,3.0,0.0,0.0,2
3896,4,0,0,1,1,0,0,4,4.0,4.0,3.8,5.0,1
3897,4,0,0,1,0,1,1,4,3.0,1.0,4.333333333333333,6.0,0
3898,2,1,0,0,1,0,0,3,4.5,2.0,4.25,4.0,2
3899,1,3,0,0,1,0,0,4,4.0,2.0,4.25,4.0,1
3900,2,0,0,0,1,0,1,2,0.0,0.0,4.75,4.0,3
3901,1,0,0,0,0,1,0,1,4.5,4.0,3.8,5.0,0
3902,4,1,1,0,0,0,0,5,5.0,1.0,4.333333333333333,3.0,1
3903,1,0,0,0,0,1,1,1,4.75,4.0,4.0,4.0,0
3904,1,0,0,1,0,0,0,1,5.0,1.0,4.333333333333333,3.0,0
3905,2,1,1,0,0,1,0,3,3.5,2.0,5.0,2.0,2
3906,3,1,0,1,0,1,0,4,4.0,1.0,4.0,2.0,1
3907,3,0,0,1,0,1,1,3,0.0,0.0,4.5,6.0,3
3908,5,2,0,1,0,0,1,7,5.0,2.0,4.0,2.0,1
3909,2,0,0,1,0,0,1,2,3.0,1.0,5.0,1.0,0
3910,5,0,0,0,1,0,0,5,5.0,1.0,5.0,3.0,1
3911,5,0,0,1,1,0,0,5,0.0,0.0,4.333333333333333,3.0,3
3912,2,3,1,1,1,0,0,5,4.5,4.0,5.0,2.0,1
3913,3,1,1,0,0,0,1,4,4.0,4.0,4.5,2.0,0
3914,2,0,0,0,0,0,1,2,4.0,2.0,4.0,4.0,0
3915,1,0,1,1,1,0,0,1,4.0,3.0,5.0,2.0,2
3916,2,1,1,1,0,0,0,3,0.0,0.0,0.0,0.0,3
3917,3,1,0,0,0,1,0,4,5.0,1.0,4.0,2.0,1
3918,3,0,1,0,1,1,0,3,3.75,4.0,4.142857142857143,7.0,2
3919,3,1,0,1,0,0,1,4,3.0,2.0,4.25,4.0,0
3920,4,0,0,0,0,1,1,4,4.0,2.0,4.5,2.0,0
3921,1,0,0,1,0,0,0,1,4.666666666666667,3.0,4.333333333333333,3.0,0
3922,1,2,1,0,0,0,1,3,4.0,3.0,4.5,4.0,0
3923,5,1,0,1,0,1,1,6,4.5,2.0,5.0,1.0,1
3924,3,0,1,0,1,0,0,3,4.5,2.0,5.0,2.0,2
3925,3,0,0,0,0,1,0,3,3.0,1.0,0.0,0.0,0
3926,5,0,1,0,0,0,1,5,4.0,3.0,5.0,1.0,1
3927,3,0,1,1,0,0,0,3,4.666666666666667,3.0,4.0,2.0,2
3928,3,0,0,1,0,1,0,3,4.666666666666667,3.0,4.666666666666667,3.0,0
3929,1,0,0,1,1,0,0,1,4.0,4.0,4.0,4.0,2
3930,3,2,1,1,0,0,0,5,4.0,2.0,4.75,4.0,1
3931,4,1,1,0,1,0,0,5,5.0,2.0,4.0,1.0,1
3932,4,1,0,0,0,1,1,5,0.0,0.0,4.666666666666667,3.0,3
3933,3,1,1,0,0,1,0,4,4.25,4.0,4.333333333333333,3.0,2
3934,5,0,0,1,1,0,0,5,4.0,3.0,4.5,4.0,1
3935,1,0,1,0,1,0,0,1,5.0,1.0,3.8333333333333335,6.0,2
3936,2,1,0,1,1,0,0,3,4.0,1.0,4.0,1.0,2
3937,2,1,0,1,0,0,1,3,4.0,1.0,4.666666666666667,3.0,0
3938,1,1,1,1,1,0,0,2,4.0,3.0,4.333333333333333,3.0,2
3939,2,3,0,1,1,0,0,5,4.333333333333333,3.0,4.5,4.0,1
3940,4,0,0,0,0,1,1,4,5.0,1.0,4.5,2.0,0
3941,2,1,0,1,0,1,0,3,4.6,5.0,4.5,4.0,0
3942,2,1,0,1,0,1,1,3,4.0,1.0,3.8,5.0,0
3943,2,2,0,1,0,0,0,4,5.0,1.0,4.666666666666667,3.0,1
3944,5,1,0,1,0,1,1,6,0.0,0.0,5.0,2.0,3
3945,4,0,0,1,1,0,0,4,4.2,5.0,3.8,5.0,1
3946,5,0,0,0,1,1,0,5,0.0,0.0,3.5,2.0,3
3947,3,1,0,1,0,1,1,4,4.5,4.0,4.25,4.0,0
3948,2,2,1,0,1,0,0,4,5.0,1.0,4.0,3.0,2
3949,1,2,0,0,0,1,1,3,0.0,0.0,5.0,1.0,3
3950,3,1,1,0,0,1,0,4,4.4,5.0,4.0,3.0,2
3951,3,1,1,1,1,0,0,4,3.5,2.0,4.0,2.0,2
3952,2,0,0,1,0,1,1,2,4.25,4.0,4.5,2.0,0
3953,2,0,0,0,0,1,0,2,4.2,5.0,4.666666666666667,3.0,0
3954,3,1,0,1,0,1,0,4,3.6666666666666665,3.0,4.428571428571429,7.0,1
3955,3,2,0,1,0,0,0,5,4.0,3.0,3.75,4.0,1
3956,2,1,0,1,1,0,0,3,4.0,2.0,4.0,2.0,2
3957,2,0,1,1,0,0,0,2,5.0,3.0,4.333333333333333,3.0,2
3958,5,1,0,0,0,0,1,6,4.0,4.0,4.0,3.0,1
3959,2,2,0,1,0,1,1,4,3.0,1.0,4.333333333333333,3.0,0
3960,3,2,0,1,0,1,0,5,3.0,2.0,4.4,5.0,1
3961,3,0,1,0,0,1,0,3,4.333333333333333,3.0,4.5,4.0,2
3962,5,0,0,1,0,0,0,5,5.0,2.0,4.0,2.0,1
3963,3,0,1,1,0,0,0,3,5.0,2.0,4.666666666666667,6.0,2
3964,2,0,0,0,0,0,1,2,4.5,2.0,4.0,2.0,0
3965,5,0,0,1,0,1,0,5,4.5,4.0,4.333333333333333,3.0,1
3966,2,0,1,0,0,0,0,2,0.0,0.0,4.0,7.0,3
3967,2,1,0,1,0,0,0,3,4.0,2.0,3.3333333333333335,3.0,0
3968,1,0,0,0,0,1,0,1,4.0,1.0,4.833333333333333,6.0,0
3969,2,1,0,0,0,1,1,3,4.333333333333333,3.0,4.4,5.0,0
3970,2,0,1,0,1,0,0,2,4.5,2.0,5.0,1.0,2
3971,1,0,0,0,0,1,0,1,4.0,1.0,3.5,2.0,0
3972,1,1,0,1,0,0,1,2,4.25,4.0,4.0,4.0,0
3973,5,0,1,0,0,0,0,5,3.6666666666666665,3.0,4.0,3.0,1
3974,2,0,0,0,0,1,1,2,4.5,4.0,4.0,4.0,0
3975,2,2,1,0,0,0,1,4,5.0,3.0,0.0,0.0,0
3976,3,0,0,0,1,0,0,3,4.5,8.0,4.4,5.0,2
3977,2,2,1,0,1,1,0,4,0.0,0.0,3.6666666666666665,6.0,3
3978,3,0,0,1,0,1,1,3,4.0,3.0,3.5,2.0,0
3979,3,1,0,0,1,0,1,4,3.0,1.0,3.3333333333333335,3.0,1
3980,1,0,0,1,1,0,0,1,4.0,2.0,4.0,4.0,2
3981,2,2,1,0,1,1,0,4,4.5,4.0,4.4,5.0,2
3982,1,0,1,0,1,0,0,1,4.333333333333333,6.0,4.0,1.0,2
3983,3,2,0,1,0,0,0,5,4.75,4.0,4.333333333333333,3.0,1
3984,2,0,1,1,1,0,0,2,0.0,0.0,4.333333333333333,3.0,3
3985,3,0,1,0,1,1,0,3,4.2,5.0,3.6666666666666665,3.0,2
3986,1,0,0,1,0,1,0,1,4.4,5.0,4.0,5.0,0
3987,4,1,1,1,1,0,0,5,3.0,1.0,4.0,3.0,1
3988,4,0,0,1,1,0,0,4,4.4,5.0,4.0,5.0,1
3989,4,2,1,1,1,0,0,6,0.0,0.0,4.0,5.0,3
3990,3,2,0,1,1,0,0,5,4.0,2.0,3.0,1.0,1
3991,1,0,0,1,0,1,1,1,0.0,0.0,4.5,2.0,3
3992,3,0,0,1,0,1,0,3,4.0,2.0,5.0,3.0,0
3993,2,1,0,0,1,0,0,3,0.0,0.0,4.5,2.0,3
3994,3,1,1,0,0,1,0,4,0.0,0.0,5.0,3.0,3
3995,2,2,1,0,0,0,1,4,5.0,1.0,4.0,2.0,0
3996,2,2,0,0,0,1,0,4,0.0,0.0,3.5,2.0,3
3997,3,3,0,0,0,0,1,6,4.0,2.0,3.5,2.0,1
3998,4,0,0,0,0,0,1,4,4.0,1.0,4.0,5.0,0
3999,2,0,1,0,0,0,1,2,5.0,1.0,3.0,3.0,0
4000,2,1,0,0,1,0,0,3,4.0,3.0,4.666666666666667,3.0,2
4001,4,1,0,1,0,0,1,5,5.0,1.0,4.5,6.0,1
4002,1,0,0,0,0,1,1,1,4.0,2.0,4.0,3.0,0
4003,3,0,1,0,0,0,1,3,0.0,0.0,4.0,2.0,3
4004,3,0,1,1,0,0,0,3,5.0,1.0,4.0,1.0,2
4005,1,1,0,0,0,0,1,2,4.333333333333333,3.0,4.75,4.0,0
4006,2,0,0,0,0,1,0,2,4.0,2.0,4.5,2.0,0
4007,2,0,0,0,1,1,0,2,0.0,0.0,4.25,4.0,3
4008,2,0,1,0,1,1,0,2,4.0,4.0,4.0,3.0,2
4009,1,2,0,1,0,1,0,3,4.0,2.0,4.0,4.0,0
4010,2,1,0,0,1,1,0,3,4.0,2.0,4.5,4.0,2
4011,3,1,0,0,0,1,1,4,4.333333333333333,3.0,4.0,3.0,0
4012,5,0,0,1,0,0,1,5,5.0,5.0,4.0,2.0,1
4013,3,1,0,0,0,1,0,4,4.0,4.0,5.0,3.0,1
4014,3,1,0,0,1,0,0,4,4.0,1.0,4.0,4.0,1
4015,2,1,0,0,0,1,1,3,5.0,1.0,4.5,2.0,0
4016,2,0,0,1,0,0,1,2,4.166666666666667,6.0,5.0,2.0,0
4017,5,3,0,0,0,1,1,8,3.6666666666666665,3.0,5.0,3.0,1
4018,4,0,0,1,0,0,0,4,3.5,2.0,4.666666666666667,6.0,1
4019,3,0,1,0,1,0,0,3,4.4,5.0,3.7142857142857144,7.0,2
4020,2,1,0,1,0,0,1,3,5.0,4.0,5.0,3.0,0
4021,1,0,0,0,0,0,1,1,4.8,5.0,4.833333333333333,6.0,0
4022,2,0,0,1,0,1,0,2,5.0,1.0,3.0,3.0,0
4023,3,1,0,1,0,1,0,4,0.0,0.0,4.5,4.0,3
4024,1,0,0,0,1,0,1,1,4.666666666666667,3.0,4.25,4.0,0
4025,5,2,0,1,0,0,1,7,4.5,2.0,4.0,3.0,1
4026,3,2,1,0,0,0,1,5,4.333333333333333,3.0,4.5,4.0,1
4027,2,2,0,1,1,0,0,4,4.0,1.0,4.666666666666667,3.0,1
4028,2,1,0,0,1,1,0,3,4.0,1.0,4.2,5.0,2
4029,3,0,0,0,0,1,1,3,0.0,0.0,4.666666666666667,3.0,3
4030,2,0,0,0,0,1,1,2,4.666666666666667,3.0,4.5,2.0,0
4031,3,0,1,1,1,0,0,3,4.0,2.0,4.2,5.0,2
4032,3,0,1,0,1,1,0,3,4.0,2.0,4.666666666666667,3.0,2
4033,5,0,0,0,1,0,1,5,4.0,2.0,4.0,4.0,1
4034,2,0,0,1,0,0,1,2,4.4,5.0,4.666666666666667,3.0,0
4035,3,2,0,0,0,1,1,5,4.2,5.0,4.0,3.0,1
4036,3,1,0,0,0,0,1,4,4.5,4.0,5.0,1.0,0
4037,2,1,0,1,0,1,0,3,4.666666666666667,3.0,4.0,2.0,0
4038,5,2,1,1,0,0,0,7,4.5,2.0,3.75,4.0,1
4039,2,1,0,1,0,1,0,3,5.0,1.0,4.0,2.0,0
4040,3,0,1,0,0,0,0,3,5.0,1.0,4.666666666666667,3.0,2
4041,2,1,0,0,0,1,0,3,4.5,4.0,4.666666666666667,3.0,0
4042,3,0,0,0,0,1,1,3,5.0,2.0,0.0,0.0,0
4043,3,0,0,1,0,0,0,3,5.0,2.0,4.5,4.0,0
4044,2,0,0,0,1,0,1,2,4.0,1.0,4.0,1.0,0
4045,4,3,0,0,1,1,0,7,4.666666666666667,3.0,0.0,0.0,1
4046,2,2,0,1,1,0,0,4,5.0,1.0,4.6,5.0,1
4047,3,0,1,0,1,0,0,3,3.5,4.0,4.0,3.0,2
4048,3,2,1,1,1,0,0,5,4.2,5.0,4.0,6.0,1
4049,4,0,0,0,0,1,1,4,3.0,1.0,4.666666666666667,3.0,0
4050,4,0,0,1,0,1,0,4,4.333333333333333,3.0,4.5,4.0,1
4051,1,2,0,1,1,0,0,3,5.0,1.0,4.666666666666667,3.0,2
4052,5,0,0,1,0,1,1,5,4.0,2.0,4.666666666666667,3.0,1
4053,2,1,0,0,0,0,1,3,5.0,2.0,4.0,2.0,0
4054,1,0,0,1,0,1,0,1,4.333333333333333,3.0,4.0,2.0,0
4055,4,1,0,1,0,0,0,5,4.0,2.0,4.6,5.0,1
4056,5,1,1,0,0,1,0,6,3.6666666666666665,3.0,0.0,0.0,1
4057,1,2,1,1,1,0,0,3,0.0,0.0,0.0,0.0,3
4058,3,3,0,0,0,0,1,6,5.0,2.0,4.2,5.0,1
4059,3,2,0,0,0,1,0,5,4.0,2.0,4.0,3.0,1
4060,4,0,1,1,1,0,0,4,4.666666666666667,3.0,5.0,2.0,2
4061,2,3,0,1,0,1,0,5,3.8,5.0,4.333333333333333,3.0,1
4062,2,0,0,0,1,1,0,2,4.666666666666667,3.0,4.333333333333333,6.0,2
4063,2,1,0,0,0,1,1,3,0.0,0.0,5.0,1.0,3
4064,3,2,1,1,0,0,0,5,4.0,1.0,5.0,2.0,1
4065,3,1,0,1,1,0,0,4,4.5,2.0,4.75,4.0,1
4066,1,0,0,1,0,0,0,1,5.0,1.0,3.8,5.0,0
4067,2,2,0,0,0,1,1,4,4.5,4.0,4.0,2.0,0
4068,2,0,1,0,0,0,0,2,0.0,0.0,0.0,0.0,3
4069,2,0,0,0,0,1,0,2,3.0,1.0,4.0,1.0,0
4070,3,0,0,1,1,0,0,3,4.5,4.0,4.4,5.0,2
4071,3,0,0,1,1,0,0,3,4.333333333333333,3.0,4.0,4.0,2
4072,2,0,0,1,1,0,0,2,4.5,8.0,3.3333333333333335,3.0,2
4073,1,1,0,0,1,1,0,2,0.0,0.0,4.0,4.0,3
4074,3,1,1,0,1,0,0,4,4.0,3.0,4.5,2.0,2
4075,2,1,0,0,1,0,1,3,4.333333333333333,3.0,3.8,5.0,0
4076,2,0,1,1,0,0,0,2,4.75,4.0,0.0,0.0,2
4077,1,1,0,1,0,0,0,2,3.6666666666666665,3.0,4.0,1.0,0
4078,5,0,0,1,0,0,1,5,4.0,4.0,4.0,4.0,1
4079,5,0,0,1,1,0,0,5,4.5,4.0,4.0,4.0,1
4080,2,1,1,1,0,0,0,3,5.0,1.0,4.5,4.0,2
4081,2,0,0,1,0,0,0,2,3.0,2.0,5.0,2.0,0
4082,3,0,0,0,0,1,1,3,5.0,2.0,4.5,2.0,0
4083,4,1,0,1,0,0,0,5,5.0,1.0,3.75,4.0,1
4084,3,1,1,0,1,0,0,4,5.0,2.0,5.0,1.0,2
4085,1,2,0,1,1,0,0,3,5.0,1.0,3.6666666666666665,3.0,2
4086,2,0,1,0,1,1,0,2,4.0,3.0,3.8,5.0,2
4087,2,2,1,0,0,1,0,4,5.0,2.0,4.5,4.0,2
4088,3,0,0,1,1,0,0,3,4.0,3.0,5.0,1.0,2
4089,1,2,0,1,0,1,1,3,4.0,2.0,2.0,1.0,0
4090,3,1,0,0,0,1,1,4,4.333333333333333,3.0,4.0,2.0,0
4091,1,2,1,0,1,1,0,3,3.6666666666666665,3.0,4.0,2.0,2
4092,1,2,0,0,1,0,0,3,4.0,3.0,4.5,4.0,2
4093,4,1,0,0,1,0,1,5,4.0,1.0,4.444444444444445,9.0,1
4094,3,2,1,0,1,1,0,5,4.333333333333333,3.0,4.5,6.0,1
4095,2,0,0,0,0,1,0,2,5.0,1.0,5.0,1.0,0
4096,4,1,1,0,1,1,0,5,4.4,5.0,0.0,0.0,1
4097,4,1,0,1,1,0,0,5,5.0,2.0,5.0,2.0,1
4098,3,1,0,0,1,1,0,4,4.0,4.0,4.0,5.0,1
4099,2,0,0,1,1,0,0,2,4.0,2.0,4.666666666666667,3.0,2
4100,2,1,0,0,1,1,0,3,3.0,1.0,4.0,3.0,2
4101,2,0,1,0,0,1,0,2,4.5,2.0,4.2,5.0,2
4102,1,2,0,1,0,0,1,3,4.4,5.0,3.0,1.0,0
4103,4,0,1,0,1,0,0,4,5.0,2.0,4.0,5.0,2
4104,1,2,1,0,0,1,0,3,4.6,5.0,4.0,3.0,2
4105,5,0,0,0,1,0,0,5,5.0,1.0,4.2,5.0,1
4106,2,1,0,0,0,1,0,3,3.6666666666666665,3.0,4.0,1.0,0
4107,2,0,1,0,0,0,0,2,3.0,1.0,5.0,3.0,2
4108,5,1,0,1,0,0,1,6,4.0,2.0,0.0,0.0,1
4109,3,2,1,0,0,1,0,5,4.333333333333333,3.0,4.333333333333333,3.0,1
4110,2,1,1,1,0,0,0,3,5.0,1.0,5.0,2.0,2
4111,1,1,0,0,1,0,1,2,4.333333333333333,6.0,4.333333333333333,3.0,0
4112,3,1,1,0,1,0,0,4,4.333333333333333,3.0,4.25,4.0,2
4113,1,0,1,0,0,0,1,1,3.0,1.0,3.8,5.0,0
4114,2,1,1,1,0,0,0,3,4.5,2.0,4.75,4.0,2
4115,2,2,0,0,0,0,1,4,4.5,4.0,4.25,4.0,0
4116,2,0,1,1,0,0,0,2,4.666666666666667,3.0,3.5,2.0,2
4117,3,0,1,1,1,0,0,3,4.0,1.0,4.0,1.0,2
4118,4,3,0,1,0,1,1,7,5.0,1.0,4.285714285714286,7.0,1
4119,3,2,0,0,1,0,0,5,4.0,3.0,3.5,2.0,1
4120,5,1,1,0,0,1,0,6,4.0,1.0,4.0,2.0,1
4121,3,0,0,1,0,0,0,3,4.0,3.0,4.0,5.0,0
4122,2,0,1,0,0,0,1,2,3.5,4.0,4.8,5.0,0
4123,2,2,1,0,1,0,0,4,0.0,0.0,0.0,0.0,3
4124,2,0,1,0,1,0,0,2,4.0,1.0,4.0,4.0,2
4125,2,0,1,0,0,0,1,2,4.5,2.0,0.0,0.0,0
4126,2,0,0,1,0,0,1,2,4.333333333333333,3.0,0.0,0.0,0
4127,1,1,1,0,0,1,0,2,5.0,3.0,5.0,2.0,2
4128,3,0,0,1,0,1,0,3,4.0,2.0,4.333333333333333,3.0,0
4129,2,1,0,0,0,0,1,3,3.0,1.0,5.0,4.0,0
4130,2,2,1,1,0,0,0,4,3.0,2.0,4.75,4.0,2
4131,2,0,0,0,0,1,1,2,5.0,2.0,4.0,4.0,0
4132,5,1,0,1,0,0,1,6,4.0,3.0,4.142857142857143,7.0,1
4133,2,1,0,0,1,0,1,3,4.0,2.0,4.0,2.0,0
4134,4,0,1,0,0,1,0,4,4.0,2.0,4.0,1.0,2
4135,2,0,1,1,0,0,0,2,4.0,1.0,4.5,4.0,2
4136,3,0,0,0,0,1,1,3,3.8,5.0,4.666666666666667,3.0,0
4137,2,0,0,0,0,0,1,2,5.0,2.0,4.0,3.0,0
4138,4,2,0,0,1,0,0,6,4.333333333333333,6.0,4.666666666666667,3.0,1
4139,3,0,0,1,1,0,0,3,5.0,1.0,4.333333333333333,3.0,2
4140,1,0,0,1,0,1,0,1,3.0,1.0,4.5,4.0,0
4141,2,1,0,0,0,1,1,3,5.0,1.0,5.0,1.0,0
4142,2,0,0,1,0,0,0,2,5.0,4.0,4.666666666666667,3.0,0
4143,3,2,0,0,1,0,1,5,4.333333333333333,3.0,4.0,4.0,1
4144,5,1,0,0,1,0,0,6,4.166666666666667,6.0,0.0,0.0,1
4145,2,3,0,1,0,0,0,5,4.0,1.0,4.4,5.0,1
4146,5,1,0,1,0,0,0,6,5.0,2.0,4.4,5.0,1
4147,2,1,0,1,1,0,0,3,4.0,4.0,5.0,3.0,2
4148,2,0,0,0,0,1,1,2,4.0,1.0,4.222222222222222,9.0,0
4149,2,3,1,0,0,0,0,5,5.0,1.0,4.5,2.0,1
4150,2,1,0,0,1,0,0,3,3.8,5.0,0.0,0.0,2
4151,3,2,0,1,0,1,0,5,0.0,0.0,4.0,1.0,3
4152,4,2,0,0,1,1,0,6,4.5,6.0,4.0,5.0,1
4153,5,0,1,0,1,0,0,5,3.0,1.0,4.4,5.0,1
4154,5,2,0,1,0,0,1,7,4.5,2.0,4.6,5.0,1
4155,3,0,0,1,1,0,0,3,4.5,6.0,4.25,4.0,2
4156,2,0,0,1,0,1,0,2,4.6,5.0,4.5,6.0,0
4157,1,1,0,1,0,0,0,2,5.0,2.0,4.5,2.0,0
4158,2,1,0,1,0,1,0,3,4.5,2.0,4.0,2.0,0
4159,2,3,0,1,1,0,0,5,4.0,1.0,4.285714285714286,7.0,1
4160,1,1,0,0,1,0,0,2,4.0,1.0,4.666666666666667,3.0,2
4161,1,0,0,0,0,1,1,1,3.0,2.0,4.333333333333333,3.0,0
4162,2,3,1,1,0,0,0,5,4.0,2.0,4.666666666666667,3.0,1
4163,4,0,0,1,0,0,0,4,0.0,0.0,4.333333333333333,6.0,3
4164,2,0,0,0,1,0,0,2,4.8,5.0,4.4,5.0,2
4165,3,1,0,0,1,0,1,4,5.0,1.0,4.0,2.0,1
4166,4,2,1,1,1,0,0,6,4.5,2.0,3.0,2.0,1
4167,3,0,0,0,0,1,0,3,4.0,3.0,4.25,4.0,0
4168,2,1,0,0,1,0,0,3,4.0,2.0,5.0,4.0,2
4169,5,0,1,0,1,0,0,5,0.0,0.0,4.0,2.0,3
4170,2,0,1,0,0,1,0,2,4.5,2.0,4.333333333333333,3.0,2
4171,5,0,1,0,0,0,0,5,4.333333333333333,3.0,4.5,2.0,1
4172,5,0,0,0,0,1,1,5,4.5,2.0,4.333333333333333,3.0,1
4173,4,2,0,0,1,1,0,6,3.0,2.0,4.0,1.0,1
4174,2,1,0,0,1,0,0,3,4.0,2.0,3.6666666666666665,3.0,2
4175,1,1,0,0,0,1,1,2,4.5,4.0,4.5,2.0,0
4176,4,2,0,0,1,1,0,6,3.5,2.0,4.4,5.0,1
4177,2,0,1,0,0,1,0,2,4.666666666666667,3.0,4.5,2.0,2
4178,4,1,1,0,0,0,0,5,4.666666666666667,3.0,4.25,8.0,1
4179,2,0,0,0,0,1,0,2,4.4,5.0,4.0,3.0,0
4180,2,1,0,0,1,0,1,3,4.0,4.0,4.571428571428571,7.0,0
4181,3,0,0,1,1,0,0,3,0.0,0.0,5.0,1.0,3
4182,2,1,1,0,0,1,0,3,4.75,4.0,4.5,2.0,2
4183,2,0,1,0,0,1,0,2,5.0,2.0,4.571428571428571,7.0,2
4184,5,0,1,1,1,0,0,5,0.0,0.0,4.4,5.0,3
4185,3,0,0,0,0,1,1,3,0.0,0.0,4.0,4.0,3
4186,2,1,1,0,0,0,0,3,0.0,0.0,4.666666666666667,3.0,3
4187,3,2,0,0,0,1,0,5,4.0,4.0,5.0,1.0,1
4188,2,0,1,1,0,0,0,2,5.0,1.0,4.5,6.0,2
4189,3,0,0,0,0,0,1,3,4.5,2.0,4.5,4.0,0
4190,3,1,0,0,1,1,0,4,4.0,3.0,4.4,5.0,1
4191,3,0,1,0,0,1,0,3,3.5,2.0,4.25,4.0,2
4192,2,0,0,1,0,1,1,2,4.0,1.0,4.5,4.0,0
4193,2,2,1,1,0,0,0,4,5.0,2.0,4.75,4.0,2
4194,2,3,1,0,0,0,0,5,4.0,3.0,4.0,5.0,1
4195,3,0,0,1,0,1,1,3,0.0,0.0,4.0,2.0,3
4196,1,1,0,1,0,0,1,2,4.333333333333333,3.0,4.5,4.0,0
4197,2,0,1,0,0,0,0,2,4.0,4.0,4.0,4.0,2
4198,3,3,0,1,1,0,0,6,4.666666666666667,6.0,4.0,1.0,1
4199,2,0,0,1,0,1,0,2,3.0,1.0,5.0,3.0,0
4200,2,1,0,0,1,0,0,3,0.0,0.0,4.0,4.0,3
4201,2,0,0,0,0,0,1,2,4.166666666666667,6.0,4.0,6.0,0
4202,2,0,0,1,0,0,0,2,4.0,3.0,4.333333333333333,3.0,0
4203,3,2,0,1,0,0,0,5,3.5,2.0,3.75,4.0,1
4204,3,1,0,1,0,0,0,4,5.0,1.0,4.0,1.0,1
4205,1,0,0,1,0,1,1,1,5.0,2.0,3.6666666666666665,3.0,0
4206,5,1,0,1,0,0,0,6,5.0,3.0,4.25,4.0,1
4207,3,0,1,1,1,0,0,3,5.0,2.0,4.6,5.0,2
4208,2,0,1,0,0,0,1,2,4.0,4.0,5.0,1.0,0
4209,5,0,0,0,0,1,0,5,4.0,2.0,3.75,4.0,1
4210,4,2,0,1,1,0,0,6,0.0,0.0,3.75,4.0,3
4211,5,2,0,1,1,0,0,7,0.0,0.0,4.5,2.0,3
4212,4,2,0,0,1,1,0,6,5.0,1.0,4.25,4.0,1
4213,2,0,1,1,0,0,0,2,4.5,4.0,4.5,2.0,2
4214,2,0,0,1,1,0,0,2,5.0,1.0,4.0,1.0,2
4215,4,0,1,0,0,0,1,4,5.0,1.0,4.833333333333333,6.0,0
4216,1,0,1,0,0,1,0,1,5.0,4.0,0.0,0.0,2
4217,3,2,0,0,0,0,1,5,4.25,4.0,4.0,3.0,1
4218,5,0,0,1,1,0,0,5,5.0,1.0,4.25,4.0,1
4219,2,0,1,0,1,1,0,2,0.0,0.0,3.6,5.0,3
4220,1,1,0,0,0,0,1,2,4.0,5.0,3.0,1.0,0
4221,2,0,0,0,1,0,0,2,4.0,2.0,5.0,4.0,2
4222,2,0,1,0,0,0,0,2,4.5,4.0,5.0,4.0,2
4223,2,0,0,0,1,0,0,2,4.0,1.0,5.0,2.0,2
4224,2,0,1,0,0,0,0,2,4.0,1.0,4.666666666666667,3.0,2
4225,4,0,0,0,1,1,0,4,4.0,1.0,4.6,5.0,1
4226,1,1,1,0,0,1,0,2,4.0,3.0,4.0,1.0,2
4227,2,0,0,0,0,0,1,2,5.0,2.0,4.5,4.0,0
4228,1,3,1,0,0,1,0,4,0.0,0.0,4.0,2.0,3
4229,1,1,0,0,0,1,1,2,4.5,2.0,4.0,5.0,0
4230,3,1,1,0,1,1,0,4,4.0,2.0,4.5,4.0,2
4231,2,1,0,0,1,1,0,3,3.6666666666666665,3.0,4.5,2.0,2
4232,2,1,0,0,1,0,0,3,5.0,2.0,4.8,5.0,2
4233,3,1,1,1,1,0,0,4,5.0,3.0,4.6,5.0,2
4234,5,2,1,1,1,0,0,7,5.0,1.0,4.2,5.0,1
4235,1,3,1,0,1,1,0,4,4.5,4.0,4.0,2.0,2
4236,2,3,1,0,0,0,1,5,4.333333333333333,3.0,3.0,2.0,1
4237,4,0,1,0,0,1,0,4,4.666666666666667,3.0,3.6666666666666665,3.0,2
4238,2,0,0,0,0,1,1,2,4.75,4.0,4.75,4.0,0
4239,5,2,0,1,0,0,1,7,3.5,4.0,4.2,5.0,1
4240,5,1,0,0,1,0,1,6,4.5,2.0,4.0,3.0,1
4241,1,1,0,1,0,0,1,2,4.5,2.0,5.0,2.0,0
4242,3,1,0,0,0,1,1,4,0.0,0.0,4.2,5.0,3
4243,2,0,1,0,0,1,0,2,4.5,2.0,4.333333333333333,3.0,2
4244,4,0,0,0,1,1,0,4,5.0,1.0,4.5,4.0,1
4245,3,2,0,0,0,0,1,5,4.333333333333333,3.0,5.0,1.0,1
4246,4,2,1,0,1,0,0,6,4.0,1.0,4.6,5.0,1
4247,1,1,0,1,1,0,0,2,4.5,2.0,4.0,4.0,2
4248,4,2,1,0,0,0,0,6,5.0,1.0,4.75,4.0,1
4249,3,1,0,0,1,1,0,4,5.0,4.0,5.0,2.0,1
4250,2,0,0,0,1,0,1,2,4.333333333333333,3.0,4.5,4.0,0
4251,3,2,1,1,0,0,0,5,3.6666666666666665,3.0,3.25,4.0,1
4252,2,0,0,1,0,0,0,2,4.0,1.0,3.5,2.0,0
4253,3,0,0,0,0,1,1,3,0.0,0.0,4.0,3.0,3
4254,3,0,0,0,0,1,1,3,3.0,1.0,0.0,0.0,0
4255,2,0,0,0,1,0,0,2,4.333333333333333,3.0,5.0,1.0,2
4256,1,1,1,0,0,0,0,2,4.25,4.0,4.5,4.0,2
4257,1,3,0,1,1,0,0,4,4.0,1.0,5.0,1.0,1
4258,3,0,0,0,0,0,1,3,4.0,2.0,4.0,1.0,0
4259,1,0,1,0,0,0,0,1,4.0,1.0,5.0,1.0,2
4260,3,0,1,0,0,1,0,3,3.6666666666666665,3.0,3.6666666666666665,3.0,2
4261,1,0,0,0,0,1,0,1,4.5,2.0,0.0,0.0,0
4262,2,2,0,1,1,0,0,4,4.0,2.0,4.8,5.0,1
4263,2,3,0,1,0,1,0,5,4.333333333333333,3.0,4.25,4.0,1
4264,3,1,0,0,1,1,0,4,4.0,1.0,0.0,0.0,1
4265,2,0,0,1,0,0,1,2,3.75,4.0,4.0,2.0,0
4266,2,0,0,0,1,0,1,2,4.0,1.0,4.0,7.0,0
4267,2,3,0,0,1,0,0,5,4.5,2.0,3.0,1.0,1
4268,1,1,0,0,1,0,1,2,4.5,2.0,4.0,1.0,0
4269,5,2,0,1,0,1,1,7,5.0,1.0,4.666666666666667,3.0,1
4270,4,1,1,0,0,0,1,5,4.333333333333333,3.0,4.4,5.0,1
4271,3,1,0,1,0,0,0,4,5.0,3.0,5.0,2.0,1
4272,2,1,1,0,1,0,0,3,5.0,1.0,4.333333333333333,3.0,2
4273,5,1,0,1,0,1,1,6,4.666666666666667,3.0,3.0,1.0,1
4274,2,0,0,1,0,1,1,2,4.5,2.0,4.5,2.0,0
4275,3,0,0,0,1,0,0,3,0.0,0.0,3.6666666666666665,3.0,3
4276,2,1,0,0,0,1,1,3,4.333333333333333,3.0,4.5,2.0,0
4277,1,0,0,0,0,1,0,1,4.333333333333333,3.0,4.2,5.0,0
4278,1,2,1,0,0,1,0,3,4.166666666666667,6.0,2.5,2.0,2
4279,5,0,0,1,0,1,0,5,4.5,2.0,4.555555555555555,9.0,1
4280,5,0,0,1,1,0,0,5,0.0,0.0,0.0,0.0,3
4281,3,1,1,0,0,0,0,4,4.0,3.0,4.5,2.0,2
4282,1,1,0,0,0,0,1,2,4.666666666666667,3.0,4.75,4.0,0
4283,5,1,1,0,0,1,0,6,4.0,1.0,4.25,4.0,1
4284,1,1,1,0,0,0,0,2,3.6666666666666665,3.0,4.0,2.0,2
4285,3,0,0,0,1,0,1,3,4.0,3.0,4.6,5.0,0
4286,3,2,0,0,0,1,1,5,4.4,5.0,3.3333333333333335,3.0,1
4287,5,0,0,1,1,0,0,5,5.0,1.0,4.2,5.0,1
4288,2,0,0,0,0,1,1,2,4.0,4.0,4.5,4.0,0
4289,2,0,0,0,1,0,0,2,4.0,2.0,4.666666666666667,3.0,2
4290,3,0,0,1,1,0,0,3,4.25,4.0,4.333333333333333,3.0,2
4291,1,1,0,0,1,0,0,2,0.0,0.0,3.6666666666666665,3.0,3
4292,5,2,0,0,1,1,0,7,4.0,5.0,4.5,2.0,1
4293,3,0,0,0,0,1,1,3,4.0,2.0,4.4,5.0,0
4294,4,3,0,1,1,0,0,7,3.0,2.0,3.5,2.0,1
4295,4,0,0,1,1,0,0,4,4.25,4.0,4.25,4.0,1
4296,3,3,0,1,0,0,0,6,4.333333333333333,3.0,4.5,2.0,1
4297,2,0,1,1,1,0,0,2,4.333333333333333,3.0,4.0,2.0,2
4298,2,2,0,0,1,0,1,4,3.0,1.0,3.875,8.0,1
4299,1,2,1,0,0,0,0,3,4.5,4.0,4.0,1.0,2
4300,1,2,1,1,1,0,0,3,5.0,1.0,4.666666666666667,3.0,2
4301,3,0,0,1,1,0,0,3,4.0,2.0,4.333333333333333,3.0,2
4302,2,0,1,0,1,1,0,2,4.0,1.0,4.0,1.0,2
4303,3,0,0,1,0,1,1,3,4.6,5.0,4.0,2.0,0
4304,5,0,1,1,1,0,0,5,4.0,2.0,3.6666666666666665,3.0,1
4305,2,2,0,0,0,0,1,4,4.0,1.0,5.0,2.0,0
4306,2,0,0,1,1,0,0,2,4.75,4.0,4.333333333333333,6.0,2
4307,3,0,0,0,1,0,1,3,4.8,5.0,4.0,2.0,0
4308,3,1,1,0,0,0,0,4,0.0,0.0,4.5,2.0,3
4309,5,1,0,0,0,1,1,6,5.0,1.0,4.0,1.0,1
4310,3,0,0,1,1,0,0,3,4.4,5.0,4.0,1.0,2
4311,2,1,1,0,0,1,0,3,4.0,1.0,3.888888888888889,9.0,2
4312,2,0,0,0,0,0,1,2,4.5,4.0,5.0,2.0,0
4313,1,0,1,0,0,1,0,1,3.6666666666666665,3.0,4.5,4.0,2
4314,5,1,1,1,1,0,0,6,4.5,4.0,5.0,2.0,1
4315,2,1,0,0,0,1,1,3,4.0,2.0,3.6666666666666665,3.0,0
4316,1,0,1,1,0,0,0,1,4.5,2.0,0.0,0.0,2
4317,2,1,1,1,0,0,0,3,0.0,0.0,5.0,2.0,3
4318,5,1,0,1,0,0,1,6,4.6,5.0,5.0,1.0,1
4319,4,2,1,0,1,0,0,6,5.0,1.0,4.5,4.0,1
4320,5,0,1,0,1,1,0,5,3.6666666666666665,3.0,5.0,3.0,1
4321,3,1,1,0,0,0,0,4,5.0,2.0,4.5,2.0,2
4322,3,0,0,0,1,1,0,3,4.5,4.0,3.3333333333333335,3.0,2
4323,3,0,0,1,1,0,0,3,5.0,3.0,4.0,3.0,2
4324,5,1,0,1,1,0,0,6,5.0,1.0,4.75,4.0,1
4325,2,2,1,0,1,1,0,4,4.0,1.0,5.0,1.0,2
4326,3,2,0,1,1,0,0,5,4.0,2.0,5.0,2.0,1
4327,4,1,0,0,1,0,0,5,4.0,1.0,4.166666666666667,6.0,1
4328,3,0,1,1,1,0,0,3,4.4,5.0,4.0,4.0,2
4329,5,1,0,0,0,1,0,6,4.5,2.0,5.0,3.0,1
4330,2,2,1,0,0,1,0,4,0.0,0.0,5.0,1.0,3
4331,4,1,0,0,0,1,0,5,3.75,4.0,4.0,1.0,1
4332,2,1,0,1,0,1,0,3,5.0,1.0,5.0,2.0,0
4333,3,0,1,0,0,0,1,3,4.666666666666667,3.0,5.0,4.0,0
4334,3,1,1,0,0,0,1,4,3.6666666666666665,3.0,5.0,4.0,0
4335,2,1,0,0,1,0,1,3,4.0,2.0,5.0,1.0,0
4336,2,0,1,0,1,1,0,2,4.5,4.0,3.6666666666666665,3.0,2
4337,4,0,0,0,1,0,1,4,4.0,1.0,4.5,6.0,1
4338,3,0,0,0,0,1,1,3,3.857142857142857,7.0,4.0,4.0,0
4339,3,0,0,1,1,0,0,3,4.0,3.0,4.0,3.0,2
4340,5,2,0,0,1,1,0,7,0.0,0.0,3.0,1.0,3
4341,1,0,0,0,1,1,0,1,4.166666666666667,6.0,3.75,8.0,2
4342,1,2,1,1,0,0,0,3,4.0,1.0,3.75,4.0,2
4343,3,0,1,1,1,0,0,3,5.0,1.0,4.0,4.0,2
4344,3,3,0,0,1,0,0,6,4.25,4.0,5.0,1.0,1
4345,2,2,0,0,0,1,1,4,5.0,2.0,4.0,1.0,0
4346,4,1,1,0,1,1,0,5,4.75,4.0,4.4,5.0,1
4347,3,0,1,1,0,0,0,3,4.666666666666667,3.0,0.0,0.0,2
4348,2,3,0,1,0,1,0,5,4.0,2.0,4.333333333333333,3.0,1
4349,3,3,0,0,0,1,0,6,5.0,2.0,4.5,4.0,1
4350,2,1,1,0,0,1,0,3,4.0,2.0,4.25,4.0,2
4351,5,2,0,1,0,1,0,7,4.25,4.0,4.4,5.0,1
4352,3,2,0,1,0,0,0,5,4.0,2.0,3.8,5.0,1
4353,1,2,0,0,1,1,0,3,4.0,1.0,5.0,1.0,2
4354,2,1,1,0,1,1,0,3,4.5,2.0,4.5,4.0,2
4355,2,0,1,0,0,1,0,2,4.333333333333333,3.0,4.5,2.0,2
4356,3,0,1,0,1,0,0,3,3.0,1.0,4.0,2.0,2
4357,2,1,0,1,0,0,0,3,5.0,1.0,5.0,1.0,0
4358,2,2,1,0,0,0,0,4,4.0,1.0,4.0,2.0,2
4359,2,1,0,1,0,0,0,3,4.5,2.0,3.5,2.0,0
4360,4,0,0,0,0,0,1,4,4.25,4.0,0.0,0.0,0
4361,2,1,0,1,0,1,0,3,4.0,3.0,4.0,3.0,0
4362,1,0,0,1,1,0,0,1,5.0,2.0,4.5,4.0,2
4363,4,2,0,0,1,0,1,6,4.666666666666667,3.0,4.75,4.0,1
4364,3,1,0,0,0,0,1,4,4.0,4.0,4.0,2.0,0
4365,3,2,1,1,1,0,0,5,0.0,0.0,4.0,2.0,3
4366,1,1,0,1,1,0,0,2,4.0,2.0,4.0,4.0,2
4367,3,2,0,0,0,1,1,5,4.5,2.0,4.333333333333333,3.0,1
4368,5,1,0,0,0,1,1,6,0.0,0.0,4.0,6.0,3
4369,5,0,1,0,1,1,0,5,5.0,2.0,4.75,4.0,1
4370,2,1,0,0,1,0,1,3,4.333333333333333,3.0,4.0,4.0,0
4371,2,2,0,1,1,0,0,4,0.0,0.0,5.0,1.0,3
4372,1,3,0,0,0,1,1,4,4.0,2.0,5.0,1.0,0
4373,3,1,1,0,0,1,0,4,4.4,5.0,4.0,2.0,2
4374,2,2,0,0,0,1,1,4,4.5,4.0,0.0,0.0,0
4375,3,1,0,0,0,1,1,4,4.666666666666667,3.0,5.0,3.0,0
4376,4,1,1,0,1,1,0,5,4.25,4.0,4.142857142857143,7.0,1
4377,3,0,0,1,0,1,0,3,4.5,4.0,4.333333333333333,6.0,0
4378,4,0,1,0,0,1,0,4,5.0,2.0,4.0,1.0,2
4379,2,0,0,0,0,0,1,2,5.0,1.0,5.0,1.0,0
4380,3,0,0,0,0,0,1,3,4.666666666666667,3.0,4.5,2.0,0
4381,3,1,0,0,0,0,1,4,5.0,2.0,2.5,2.0,0
4382,1,2,0,1,0,0,0,3,5.0,1.0,4.5,4.0,0
4383,1,1,0,1,0,1,1,2,4.0,2.0,4.0,1.0,0
4384,2,0,1,0,0,0,1,2,4.0,3.0,4.0,2.0,0
4385,2,0,1,0,1,1,0,2,4.666666666666667,3.0,3.0,1.0,2
4386,1,0,0,0,0,0,1,1,4.625,8.0,4.75,4.0,0
4387,2,2,0,1,0,1,0,4,0.0,0.0,4.2,5.0,3
4388,2,2,0,1,0,1,1,4,4.375,8.0,4.5,2.0,0
4389,3,2,0,0,0,1,1,5,5.0,1.0,4.75,4.0,1
4390,2,1,0,0,1,1,0,3,4.0,2.0,4.0,2.0,2
4391,3,0,0,1,1,0,0,3,4.5,2.0,5.0,2.0,2
4392,3,2,1,0,0,1,0,5,4.333333333333333,3.0,4.5,2.0,1
4393,2,2,0,0,0,1,1,4,4.5,2.0,4.0,2.0,0
4394,4,0,1,0,1,1,0,4,5.0,1.0,4.5,2.0,2
4395,2,2,0,0,0,1,0,4,4.5,2.0,4.666666666666667,3.0,1
4396,2,2,1,0,0,0,1,4,3.6666666666666665,3.0,4.25,4.0,0
4397,2,0,0,1,0,1,0,2,4.666666666666667,3.0,4.2,5.0,0
4398,5,0,0,0,1,0,0,5,5.0,1.0,4.0,2.0,1
4399,3,1,0,0,1,0,0,4,5.0,2.0,5.0,2.0,1
4400,3,1,0,1,0,0,1,4,4.0,1.0,4.5,4.0,0
4401,5,1,0,1,0,0,1,6,3.0,1.0,5.0,1.0,1
4402,2,0,0,1,0,0,0,2,0.0,0.0,4.5,8.0,3
4403,3,0,0,1,0,0,1,3,5.0,1.0,3.5,2.0,0
4404,1,0,1,1,0,0,0,1,3.0,1.0,5.0,1.0,2
4405,4,0,1,0,1,0,0,4,5.0,1.0,5.0,1.0,2
4406,2,1,1,0,1,1,0,3,4.0,1.0,3.6666666666666665,3.0,2
4407,1,2,0,0,0,1,0,3,4.0,4.0,4.75,4.0,0
4408,5,3,0,0,0,0,1,8,4.25,4.0,4.4,5.0,1
4409,2,2,0,0,0,0,1,4,4.0,1.0,3.0,1.0,0
4410,2,2,0,0,1,0,0,4,4.0,1.0,4.25,4.0,1
4411,1,0,0,0,0,0,1,1,4.5,2.0,4.333333333333333,3.0,0
4412,3,0,1,0,0,0,1,3,3.0,2.0,4.4,5.0,0
4413,4,1,1,0,0,1,0,5,4.0,3.0,4.0,2.0,1
4414,2,0,1,0,1,1,0,2,4.0,4.0,4.333333333333333,3.0,2
4415,3,0,1,0,0,0,1,3,4.0,1.0,5.0,3.0,0
4416,2,2,1,0,0,0,0,4,4.0,3.0,4.166666666666667,6.0,2
4417,2,1,0,1,0,1,0,3,3.5,2.0,4.25,4.0,0
4418,4,2,1,0,0,0,0,6,5.0,1.0,0.0,0.0,1
4419,2,3,1,0,0,0,0,5,4.0,2.0,4.333333333333333,3.0,1
4420,3,2,0,1,1,0,0,5,4.0,3.0,4.6,5.0,1
4421,2,0,0,0,0,1,0,2,4.666666666666667,3.0,3.6666666666666665,3.0,0
4422,5,1,1,0,0,0,1,6,3.5,2.0,4.75,4.0,1
4423,4,1,0,1,1,0,0,5,4.25,4.0,4.25,4.0,1
4424,2,0,1,0,0,0,1,2,4.0,2.0,4.0,1.0,0
4425,2,1,0,1,0,0,0,3,3.5,2.0,4.5,2.0,0
4426,3,1,1,0,0,0,0,4,3.5,2.0,4.0,1.0,2
4427,2,0,0,0,1,0,0,2,4.0,5.0,5.0,2.0,2
4428,4,2,0,0,0,1,1,6,3.5,2.0,3.0,1.0,1
4429,3,0,0,1,0,0,1,3,4.714285714285714,7.0,4.5,2.0,0
4430,1,1,0,0,1,0,1,2,4.0,1.0,4.5,4.0,0
4431,2,0,0,1,0,1,0,2,4.0,2.0,4.0,5.0,0
4432,3,3,1,1,1,0,0,6,4.25,4.0,4.5,6.0,1
4433,3,0,0,0,1,0,0,3,0.0,0.0,4.5,2.0,3
4434,2,0,0,0,0,1,1,2,4.0,3.0,4.333333333333333,3.0,0
4435,1,0,0,0,0,1,0,1,5.0,2.0,4.75,4.0,0
4436,4,2,0,1,0,0,0,6,5.0,2.0,5.0,2.0,1
4437,4,0,1,1,0,0,0,4,5.0,2.0,3.5,2.0,2
4438,5,2,0,0,1,0,0,7,4.0,3.0,4.75,4.0,1
4439,5,0,0,0,1,1,0,5,3.0,1.0,4.0,3.0,1
4440,1,1,0,0,1,1,0,2,3.0,1.0,4.666666666666667,3.0,2
4441,2,2,0,1,0,1,1,4,4.0,2.0,4.0,2.0,0
4442,1,0,0,0,1,0,1,1,4.333333333333333,3.0,4.2,5.0,0
4443,2,0,0,1,0,0,1,2,3.3333333333333335,3.0,4.0,3.0,0
4444,5,3,1,0,0,0,0,8,5.0,2.0,3.5,2.0,1
4445,2,0,1,0,0,0,1,2,4.666666666666667,3.0,3.5,2.0,0
4446,3,0,0,0,1,0,1,3,4.333333333333333,3.0,4.666666666666667,6.0,0
4447,1,3,1,0,1,0,0,4,4.0,2.0,3.75,4.0,2
4448,1,0,0,0,1,0,0,1,5.0,1.0,5.0,1.0,2
4449,2,1,0,1,0,0,1,3,3.5,2.0,4.75,4.0,0
4450,4,2,0,1,0,1,1,6,0.0,0.0,4.666666666666667,6.0,3
4451,2,0,0,1,0,1,1,2,5.0,1.0,4.333333333333333,3.0,0
4452,2,0,0,1,0,0,0,2,4.25,4.0,5.0,1.0,0
4453,2,0,1,0,0,0,1,2,4.0,2.0,5.0,2.0,0
4454,1,1,1,0,1,0,0,2,4.6,5.0,4.75,4.0,2
4455,1,0,1,1,1,0,0,1,5.0,2.0,4.25,4.0,2
4456,3,0,1,0,0,0,0,3,4.5,4.0,4.142857142857143,7.0,2
4457,4,1,0,0,0,1,0,5,3.0,1.0,4.666666666666667,3.0,1
4458,1,1,1,1,1,0,0,2,0.0,0.0,4.0,7.0,3
4459,3,0,0,0,1,1,0,3,4.0,1.0,4.0,2.0,2
4460,2,1,1,0,1,0,0,3,0.0,0.0,4.0,3.0,3
4461,4,1,1,0,0,1,0,5,4.0,5.0,4.5,2.0,1
4462,2,1,0,0,0,0,1,3,4.5,2.0,4.5,4.0,0
4463,2,1,0,0,0,1,0,3,5.0,2.0,5.0,1.0,0
4464,2,0,0,0,1,1,0,2,3.5,2.0,4.0,4.0,2
4465,3,0,1,0,0,1,0,3,4.0,2.0,4.5,6.0,2
4466,3,2,1,1,0,0,0,5,0.0,0.0,4.0,2.0,3
4467,4,3,0,1,1,0,0,7,5.0,2.0,2.0,1.0,1
4468,3,2,0,1,0,0,0,5,4.333333333333333,3.0,4.0,3.0,1
4469,4,0,1,0,0,0,0,4,4.333333333333333,3.0,4.75,4.0,2
4470,3,2,0,1,0,0,0,5,4.5,4.0,4.5,2.0,1
4471,3,1,0,1,0,0,1,4,5.0,1.0,4.5,2.0,0
4472,3,0,0,0,1,0,0,3,4.0,2.0,4.666666666666667,3.0,2
4473,2,0,0,1,0,0,1,2,4.666666666666667,6.0,4.5,4.0,0
4474,1,2,0,1,1,0,0,3,4.571428571428571,7.0,4.2,5.0,2
4475,1,1,0,0,0,1,0,2,5.0,1.0,4.6,5.0,0
4476,3,0,1,0,1,0,0,3,4.2,5.0,3.6666666666666665,3.0,2
4477,2,1,1,1,0,0,0,3,4.0,3.0,4.0,2.0,2
4478,4,0,1,0,1,0,0,4,0.0,0.0,4.5,2.0,3
4479,4,2,0,0,1,0,1,6,4.5,4.0,5.0,2.0,1
4480,2,0,1,0,1,1,0,2,3.6666666666666665,3.0,4.5,2.0,2
4481,3,0,0,0,0,0,1,3,5.0,2.0,4.0,1.0,0
4482,2,1,0,0,0,1,0,3,4.0,1.0,3.0,1.0,0
4483,5,1,0,0,0,1,1,6,4.5,2.0,4.6,5.0,1
4484,2,1,0,0,1,0,1,3,4.5,2.0,4.0,3.0,0
4485,3,0,0,0,1,1,0,3,4.5,2.0,4.5,2.0,2
4486,2,0,1,0,1,0,0,2,5.0,1.0,3.857142857142857,7.0,2
4487,2,0,0,1,0,1,1,2,4.333333333333333,3.0,4.0,4.0,0
4488,2,0,0,0,0,1,0,2,4.0,1.0,3.0,1.0,0
4489,2,2,0,0,0,1,1,4,4.333333333333333,3.0,0.0,0.0,0
4490,2,1,1,0,1,1,0,3,5.0,1.0,5.0,1.0,2
4491,3,0,1,0,1,0,0,3,4.5,2.0,4.0,3.0,2
4492,2,3,1,0,1,0,0,5,5.0,1.0,4.0,1.0,1
4493,2,0,0,1,0,0,0,2,4.5,4.0,4.666666666666667,3.0,0
4494,4,1,0,1,0,0,0,5,0.0,0.0,4.0,1.0,3
4495,2,2,0,0,0,1,0,4,3.0,2.0,4.25,4.0,1
4496,2,0,0,0,0,1,1,2,5.0,1.0,5.0,2.0,0
4497,3,0,0,1,0,0,1,3,4.5,2.0,4.25,4.0,0
4498,3,1,0,1,1,0,0,4,5.0,1.0,4.5,2.0,1
4499,2,0,0,1,0,0,0,2,4.333333333333333,3.0,4.666666666666667,3.0,0
4500,3,2,1,0,1,0,0,5,5.0,1.0,4.0,2.0,1
4501,2,1,0,1,0,1,0,3,4.5,2.0,4.333333333333333,6.0,0
4502,1,0,0,0,1,1,0,1,5.0,1.0,4.5,2.0,2
4503,2,1,1,0,0,1,0,3,4.166666666666667,6.0,4.0,5.0,2
4504,3,1,0,1,0,0,1,4,0.0,0.0,3.8,5.0,3
4505,4,2,1,0,0,1,0,6,4.25,4.0,3.75,4.0,1
4506,2,1,1,0,0,1,0,3,4.333333333333333,6.0,4.5,2.0,2
4507,4,0,0,0,0,1,0,4,4.5,4.0,4.5,6.0,1
4508,4,2,0,0,1,0,0,6,4.5,2.0,3.25,4.0,1
4509,2,0,0,1,0,1,0,2,4.0,1.0,3.75,4.0,0
4510,3,0,1,0,0,0,0,3,4.4,5.0,0.0,0.0,2
4511,4,0,0,0,0,1,0,4,5.0,1.0,4.5,4.0,1
4512,5,2,0,0,1,1,0,7,5.0,1.0,4.5,2.0,1
4513,4,0,0,0,1,0,0,4,4.0,2.0,5.0,1.0,1
4514,1,0,0,1,0,1,1,1,4.0,1.0,4.5,2.0,0
4515,5,0,0,1,1,0,0,5,5.0,2.0,5.0,2.0,1
4516,3,2,0,1,0,0,1,5,4.4,5.0,0.0,0.0,1
4517,5,0,0,0,0,0,1,5,0.0,0.0,4.25,4.0,3
4518,2,2,0,0,1,0,0,4,0.0,0.0,4.666666666666667,3.0,3
4519,5,1,0,1,0,0,1,6,0.0,0.0,4.571428571428571,7.0,3
4520,2,0,1,0,1,0,0,2,4.25,4.0,4.0,3.0,2
4521,4,1,0,1,1,0,0,5,4.4,5.0,4.8,5.0,1
4522,2,1,1,0,1,0,0,3,4.0,1.0,4.75,4.0,2
4523,1,0,1,0,1,0,0,1,3.6666666666666665,3.0,4.6,5.0,2
4524,3,0,0,1,0,1,1,3,4.666666666666667,3.0,4.25,4.0,0
4525,4,0,1,0,1,0,0,4,2.0,1.0,4.0,2.0,2
4526,3,1,1,0,1,1,0,4,4.4,5.0,5.0,3.0,2
4527,2,0,1,0,0,0,0,2,4.5,2.0,5.0,2.0,2
4528,2,0,1,0,1,1,0,2,3.0,1.0,4.25,4.0,2
4529,5,1,0,0,1,0,0,6,3.5,2.0,4.5,2.0,1
4530,3,2,1,0,1,0,0,5,5.0,2.0,4.0,2.0,1
4531,1,0,0,0,0,1,1,1,5.0,1.0,5.0,2.0,0
4532,5,3,1,1,1,0,0,8,4.0,1.0,4.5,2.0,1
4533,5,0,1,0,0,0,0,5,5.0,1.0,4.0,3.0,1
4534,5,3,0,1,0,1,0,8,4.0,1.0,3.0,1.0,1
4535,4,0,0,1,0,0,0,4,4.5,2.0,0.0,0.0,1
4536,2,1,0,1,0,1,1,3,4.0,3.0,4.0,6.0,0
4537,4,2,1,1,1,0,0,6,5.0,1.0,5.0,1.0,1
4538,4,2,0,1,0,1,0,6,0.0,0.0,0.0,0.0,3
4539,4,0,0,0,1,1,0,4,0.0,0.0,4.2,5.0,3
4540,4,0,0,1,1,0,0,4,4.666666666666667,3.0,4.75,4.0,1
4541,3,1,0,1,0,0,1,4,5.0,3.0,4.0,1.0,0
4542,4,3,0,0,0,1,0,7,4.25,4.0,5.0,4.0,1
4543,3,0,0,1,1,0,0,3,4.0,1.0,0.0,0.0,2
4544,2,1,1,0,0,0,0,3,4.0,4.0,4.666666666666667,3.0,2
4545,2,3,0,0,0,0,1,5,4.0,3.0,4.8,5.0,1
4546,4,0,0,0,0,1,1,4,4.25,4.0,4.25,4.0,0
4547,4,1,0,0,1,0,1,5,0.0,0.0,5.0,1.0,3
4548,2,1,1,0,0,1,0,3,4.0,2.0,0.0,0.0,2
4549,2,0,1,1,0,0,0,2,0.0,0.0,4.0,3.0,3
4550,3,2,0,1,0,1,1,5,4.666666666666667,3.0,4.0,5.0,1
4551,5,0,0,0,1,0,0,5,5.0,1.0,4.5,6.0,1
4552,2,1,0,1,0,1,0,3,4.0,2.0,4.0,3.0,0
4553,2,2,1,0,0,0,1,4,4.5,2.0,4.8,5.0,0
4554,1,0,1,0,0,1,0,1,4.5,2.0,4.5,2.0,2
4555,3,0,0,0,1,0,0,3,4.0,4.0,4.0,4.0,2
4556,2,1,0,0,0,1,0,3,5.0,1.0,4.25,4.0,0
4557,5,0,1,0,1,1,0,5,4.666666666666667,3.0,4.5,2.0,1
4558,1,0,0,0,0,1,0,1,4.0,2.0,4.333333333333333,6.0,0
4559,2,3,0,0,1,1,0,5,4.0,1.0,4.0,4.0,1
4560,3,0,1,0,1,0,0,3,4.0,1.0,4.2,5.0,2
4561,3,1,0,0,0,1,1,4,4.444444444444445,9.0,4.0,2.0,0
4562,2,0,0,1,0,0,1,2,0.0,0.0,4.5,4.0,3
4563,1,1,1,0,0,1,0,2,0.0,0.0,4.5,6.0,3
4564,2,3,1,1,1,0,0,5,4.0,2.0,4.2,5.0,1
4565,4,0,1,0,0,0,1,4,4.0,1.0,4.0,2.0,0
4566,2,1,0,0,1,0,1,3,0.0,0.0,3.6,5.0,3
4567,3,0,0,0,0,1,1,3,4.333333333333333,3.0,4.5,2.0,0
4568,1,0,0,1,0,0,0,1,5.0,4.0,4.0,1.0,0
4569,2,2,0,0,0,1,0,4,4.0,2.0,4.2,5.0,1
4570,2,2,1,0,1,1,0,4,5.0,2.0,3.5,2.0,2
4571,3,1,1,0,0,0,1,4,4.5,2.0,4.5,4.0,0
4572,1,0,0,0,0,1,1,1,4.0,3.0,4.2,5.0,0
4573,1,0,1,1,0,0,0,1,3.5,2.0,4.333333333333333,3.0,2
4574,2,0,0,1,0,1,0,2,5.0,2.0,4.0,3.0,0
4575,5,0,0,0,1,0,1,5,5.0,1.0,4.0,3.0,1
4576,4,0,0,0,0,1,0,4,4.0,1.0,4.0,2.0,1
4577,3,2,1,1,1,0,0,5,3.75,4.0,4.5,2.0,1
4578,2,0,0,0,0,1,1,2,3.5,2.0,0.0,0.0,0
4579,1,3,1,0,1,1,0,4,4.333333333333333,3.0,5.0,3.0,2
4580,3,0,0,0,1,1,0,3,3.0,1.0,0.0,0.0,2
4581,3,0,0,1,0,1,0,3,3.5,2.0,5.0,3.0,0
4582,3,2,1,0,0,0,1,5,5.0,6.0,0.0,0.0,1
4583,3,0,0,1,1,0,0,3,0.0,0.0,5.0,1.0,3
4584,2,0,0,1,0,1,0,2,5.0,1.0,4.2,5.0,0
4585,2,0,0,0,1,0,1,2,4.6,5.0,0.0,0.0,0
4586,2,0,0,0,1,0,1,2,4.333333333333333,3.0,4.5,2.0,0
4587,2,0,0,0,1,0,1,2,3.6666666666666665,3.0,0.0,0.0,0
4588,2,1,0,1,0,0,1,3,5.0,1.0,4.5,2.0,0
4589,3,1,0,0,0,1,1,4,5.0,2.0,4.75,4.0,0
4590,3,1,0,1,0,0,0,4,3.0,1.0,3.5,2.0,1
4591,5,0,1,1,1,0,0,5,4.0,1.0,4.333333333333333,3.0,1
4592,4,1,0,0,1,1,0,5,3.75,4.0,3.8333333333333335,6.0,1
4593,4,0,0,1,1,0,0,4,5.0,2.0,4.25,4.0,1
4594,3,1,0,1,0,0,0,4,4.0,2.0,4.166666666666667,6.0,1
4595,2,0,0,1,1,0,0,2,4.5,4.0,5.0,1.0,2
4596,1,0,0,0,0,1,1,1,4.5,2.0,4.6,5.0,0
4597,1,2,0,0,1,0,0,3,5.0,2.0,4.333333333333333,3.0,2
4598,2,0,0,0,1,0,1,2,4.0,2.0,3.6,5.0,0
4599,1,2,0,1,0,0,0,3,4.25,4.0,4.4,5.0,0
4600,4,1,0,0,0,1,0,5,3.6666666666666665,3.0,5.0,1.0,1
4601,3,0,1,0,0,0,1,3,5.0,1.0,4.6,5.0,0
4602,1,0,0,1,0,1,1,1,0.0,0.0,4.0,1.0,3
4603,1,2,0,1,1,0,0,3,4.0,3.0,4.0,2.0,2
4604,2,0,0,0,1,0,0,2,4.333333333333333,3.0,5.0,3.0,2
4605,4,0,1,0,1,0,0,4,4.0,2.0,4.25,4.0,2
4606,2,0,0,0,1,1,0,2,3.5,2.0,4.5,2.0,2
4607,4,0,0,0,0,1,1,4,4.0,2.0,4.0,3.0,0
4608,4,1,0,1,0,1,0,5,5.0,3.0,4.0,2.0,1
4609,3,0,1,0,0,0,1,3,5.0,1.0,4.5,2.0,0
4610,2,0,0,0,0,1,0,2,4.0,2.0,4.25,4.0,0
4611,2,3,0,0,0,1,1,5,0.0,0.0,4.0,3.0,3
4612,5,0,0,1,0,0,0,5,3.6666666666666665,3.0,5.0,1.0,1
4613,1,2,0,1,0,1,0,3,0.0,0.0,4.0,1.0,3
4614,3,0,0,1,1,0,0,3,4.0,1.0,4.5,4.0,2
4615,2,1,0,1,0,1,0,3,4.0,1.0,4.333333333333333,3.0,0
4616,3,0,0,0,0,1,1,3,5.0,2.0,4.2,5.0,0
4617,2,0,0,1,0,1,1,2,4.5,2.0,4.333333333333333,6.0,0
4618,2,0,0,0,0,1,1,2,4.0,3.0,4.2,5.0,0
4619,1,0,0,0,0,0,1,1,0.0,0.0,4.0,3.0,3
4620,3,2,0,0,0,0,1,5,3.0,1.0,4.0,4.0,1
4621,2,0,0,1,1,0,0,2,4.5,4.0,5.0,2.0,2
4622,4,0,1,0,0,0,1,4,5.0,2.0,5.0,2.0,0
4623,2,0,0,1,1,0,0,2,5.0,1.0,0.0,0.0,2
4624,2,1,0,0,0,0,1,3,5.0,1.0,4.25,4.0,0
4625,2,0,1,0,0,1,0,2,5.0,2.0,4.333333333333333,3.0,2
4626,1,0,1,1,0,0,0,1,3.5,2.0,4.5,2.0,2
4627,3,1,1,0,0,0,1,4,4.5,2.0,3.0,1.0,0
4628,1,1,1,0,1,1,0,2,5.0,2.0,5.0,1.0,2
4629,5,0,0,0,0,1,1,5,5.0,1.0,3.0,1.0,1
4630,2,0,1,0,0,0,0,2,3.0,1.0,3.5,2.0,2
4631,5,0,1,0,1,1,0,5,5.0,1.0,4.6,5.0,1
4632,3,0,0,0,0,1,1,3,4.25,4.0,4.75,4.0,0
4633,3,0,0,1,0,1,1,3,4.333333333333333,3.0,5.0,2.0,0
4634,3,2,0,0,0,1,1,5,4.0,1.0,3.6666666666666665,3.0,1
4635,4,1,0,0,0,1,0,5,3.5,2.0,4.333333333333333,6.0,1
4636,1,0,0,0,0,0,1,1,5.0,1.0,5.0,3.0,0
4637,2,1,1,0,1,1,0,3,3.6666666666666665,3.0,4.25,4.0,2
4638,3,1,0,0,1,0,0,4,4.8,5.0,4.0,3.0,1
4639,2,0,0,1,0,1,0,2,4.333333333333333,3.0,0.0,0.0,0
4640,2,2,1,0,1,0,0,4,4.333333333333333,3.0,4.166666666666667,6.0,2
4641,2,1,0,1,1,0,0,3,4.0,3.0,4.333333333333333,3.0,2
4642,5,0,0,0,0,0,1,5,4.666666666666667,3.0,5.0,3.0,1
4643,3,0,0,1,1,0,0,3,3.5,2.0,4.5,8.0,2
4644,4,1,1,0,0,1,0,5,4.5,2.0,5.0,1.0,1
4645,4,0,0,1,1,0,0,4,4.5,2.0,4.166666666666667,6.0,1
4646,4,0,0,0,0,1,0,4,4.0,2.0,4.5,2.0,1
4647,2,0,1,0,0,0,0,2,4.0,3.0,3.0,2.0,2
4648,2,1,1,1,0,0,0,3,4.0,1.0,4.5,4.0,2
4649,3,1,0,0,1,0,1,4,4.75,4.0,4.0,3.0,1
4650,2,2,0,0,1,0,1,4,3.6666666666666665,3.0,0.0,0.0,1
4651,5,1,1,0,0,1,0,6,4.0,2.0,4.333333333333333,3.0,1
4652,5,0,0,1,0,0,0,5,4.0,3.0,4.6,5.0,1
4653,1,1,1,1,1,0,0,2,4.5,2.0,4.8,5.0,2
4654,4,2,0,0,0,1,0,6,4.666666666666667,3.0,0.0,0.0,1
4655,2,3,0,0,0,1,1,5,4.8,5.0,4.2,5.0,1
4656,2,2,0,0,0,1,1,4,3.0,2.0,4.0,6.0,0
4657,2,0,0,0,0,1,1,2,4.666666666666667,3.0,4.571428571428571,7.0,0
4658,3,0,1,1,0,0,0,3,0.0,0.0,3.5,2.0,3
4659,1,3,0,1,0,0,0,4,5.0,1.0,4.428571428571429,7.0,1
4660,2,1,1,1,0,0,0,3,4.5,2.0,4.5,2.0,2
4661,3,0,0,1,0,1,0,3,5.0,4.0,4.666666666666667,3.0,0
4662,1,1,0,1,1,0,0,2,4.666666666666667,6.0,4.0,2.0,2
4663,3,0,1,0,1,1,0,3,3.75,4.0,4.333333333333333,3.0,2
4664,5,0,1,0,1,0,0,5,4.666666666666667,3.0,4.0,1.0,1
4665,4,0,1,1,1,0,0,4,4.75,4.0,4.0,4.0,2
4666,2,0,0,0,0,1,0,2,0.0,0.0,4.0,3.0,3
4667,2,2,0,1,1,0,0,4,4.75,4.0,4.5,2.0,1
4668,4,1,0,1,0,0,0,5,4.0,1.0,4.25,4.0,1
4669,2,1,1,1,1,0,0,3,4.333333333333333,3.0,0.0,0.0,2
4670,2,0,0,1,0,0,0,2,4.75,4.0,4.0,3.0,0
4671,3,2,0,1,0,1,1,5,4.0,4.0,4.5,2.0,1
4672,3,2,0,1,1,0,0,5,4.666666666666667,3.0,4.25,4.0,1
4673,5,0,0,0,0,0,1,5,4.0,2.0,3.5,2.0,1
4674,2,0,0,1,0,0,0,2,4.666666666666667,3.0,4.428571428571429,7.0,0
4675,2,2,0,0,0,0,1,4,4.0,1.0,4.0,1.0,0
4676,5,1,0,0,1,0,1,6,4.5,2.0,4.0,5.0,1
4677,2,2,1,0,1,0,0,4,4.25,4.0,4.25,4.0,2
4678,3,0,1,1,0,0,0,3,5.0,1.0,4.0,2.0,2
4679,2,1,1,0,1,0,0,3,3.0,2.0,5.0,2.0,2
4680,3,1,1,1,0,0,0,4,5.0,4.0,3.5,2.0,2
4681,3,0,1,0,0,1,0,3,4.0,3.0,4.6,5.0,2
4682,4,0,0,1,0,0,1,4,4.333333333333333,3.0,4.5,4.0,0
4683,3,1,0,1,0,1,0,4,5.0,3.0,3.0,3.0,1
4684,2,0,1,1,0,0,0,2,5.0,1.0,4.666666666666667,3.0,2
4685,4,0,1,0,1,0,0,4,4.666666666666667,3.0,4.6,5.0,2
4686,3,1,0,1,0,1,1,4,5.0,1.0,4.0,3.0,0
4687,3,1,0,1,0,0,0,4,5.0,2.0,5.0,1.0,1
4688,4,2,0,0,1,0,0,6,3.0,1.0,4.0,8.0,1
4689,5,2,0,1,0,1,0,7,4.666666666666667,3.0,5.0,4.0,1
4690,3,0,0,1,1,0,0,3,4.5,2.0,0.0,0.0,2
4691,1,0,0,0,1,0,1,1,5.0,2.0,4.0,1.0,0
4692,2,0,0,1,1,0,0,2,4.5,8.0,4.666666666666667,3.0,2
4693,3,1,0,0,0,1,1,4,3.75,4.0,4.0,3.0,0
4694,1,1,0,1,0,1,1,2,4.666666666666667,3.0,4.333333333333333,3.0,0
4695,2,1,0,1,1,0,0,3,4.0,3.0,3.0,1.0,2
4696,4,1,0,1,0,0,1,5,3.5,2.0,4.333333333333333,3.0,1
4697,2,1,0,1,1,0,0,3,4.333333333333333,3.0,4.25,8.0,2
4698,4,0,1,0,0,0,0,4,3.5,2.0,4.0,2.0,2
4699,4,1,1,0,0,0,0,5,0.0,0.0,4.0,2.0,3
4700,2,0,0,0,1,1,0,2,4.4,5.0,5.0,1.0,2
4701,4,2,0,1,1,0,0,6,0.0,0.0,4.0,2.0,3
4702,3,0,0,1,0,1,1,3,4.5,2.0,4.8,5.0,0
4703,2,1,0,0,0,1,1,3,0.0,0.0,3.8,5.0,3
4704,3,0,1,1,1,0,0,3,3.0,1.0,4.5,6.0,2
4705,2,1,0,1,0,0,0,3,0.0,0.0,4.25,4.0,3
4706,2,2,0,0,0,1,0,4,4.0,2.0,4.666666666666667,6.0,1
4707,2,0,0,1,1,0,0,2,4.5,2.0,4.166666666666667,6.0,2
4708,4,0,0,0,1,0,1,4,4.5,4.0,4.2,5.0,1
4709,2,1,1,0,0,0,0,3,5.0,1.0,4.0,1.0,2
4710,2,0,0,0,0,1,1,2,4.333333333333333,3.0,4.666666666666667,3.0,0
4711,3,2,1,0,0,1,0,5,4.5,2.0,4.8,5.0,1
4712,5,2,0,1,0,0,1,7,0.0,0.0,4.75,4.0,3
4713,2,0,0,0,1,0,1,2,3.5,2.0,4.0,6.0,0
4714,3,1,1,0,0,1,0,4,4.0,3.0,3.75,4.0,2
4715,3,2,0,1,0,0,1,5,4.0,1.0,4.0,2.0,1
4716,3,3,1,0,1,1,0,6,3.75,4.0,5.0,1.0,1
4717,3,0,1,0,1,1,0,3,5.0,1.0,4.5,2.0,2
4718,2,2,0,1,1,0,0,4,4.5,4.0,4.5,4.0,1
4719,3,2,0,0,1,0,0,5,5.0,2.0,4.666666666666667,3.0,1
4720,4,1,0,1,0,0,1,5,5.0,2.0,4.5,2.0,1
4721,5,0,1,0,0,1,0,5,4.5,2.0,4.333333333333333,3.0,1
4722,1,0,0,1,0,0,1,1,0.0,0.0,4.5,2.0,3
4723,3,0,1,0,0,0,1,3,4.666666666666667,3.0,4.0,1.0,0
4724,4,1,1,0,0,1,0,5,5.0,2.0,3.8,5.0,1
4725,3,0,0,1,1,0,0,3,3.5,4.0,3.6666666666666665,3.0,2
4726,1,0,1,1,0,0,0,1,5.0,1.0,3.75,4.0,2
4727,2,0,0,1,0,0,1,2,5.0,1.0,4.0,1.0,0
4728,2,0,0,0,0,1,1,2,5.0,1.0,4.333333333333333,3.0,0
4729,1,1,0,1,1,0,0,2,4.0,4.0,4.6,5.0,2
4730,1,2,1,0,0,0,1,3,0.0,0.0,4.333333333333333,3.0,3
4731,2,1,1,1,0,0,0,3,4.666666666666667,3.0,4.0,2.0,2
4732,2,1,0,0,0,1,1,3,4.0,4.0,4.666666666666667,3.0,0
4733,1,0,0,1,0,0,0,1,4.0,2.0,3.0,1.0,0
4734,5,0,0,1,1,0,0,5,4.0,3.0,0.0,0.0,1
4735,4,0,1,0,1,0,0,4,0.0,0.0,3.5555555555555554,9.0,3
4736,3,2,0,1,1,0,0,5,4.75,4.0,4.0,2.0,1
4737,4,0,1,0,0,1,0,4,4.25,4.0,5.0,3.0,2
4738,4,1,0,0,0,1,0,5,4.166666666666667,6.0,4.666666666666667,3.0,1
4739,2,1,0,1,0,0,0,3,4.6,5.0,4.4,5.0,0
4740,2,0,0,0,1,1,0,2,0.0,0.0,3.6666666666666665,3.0,3
4741,3,2,1,0,1,1,0,5,4.166666666666667,6.0,4.0,4.0,1
4742,4,0,0,1,1,0,0,4,5.0,2.0,4.666666666666667,3.0,1
4743,1,0,0,1,0,1,0,1,4.333333333333333,6.0,4.0,2.0,0
4744,2,0,1,0,0,1,0,2,4.25,4.0,4.2,5.0,2
4745,2,1,1,0,0,0,1,3,5.0,2.0,4.5,4.0,0
4746,2,1,0,1,1,0,0,3,5.0,3.0,4.8,5.0,2
4747,5,0,0,0,0,0,1,5,4.333333333333333,3.0,4.333333333333333,3.0,1
4748,4,0,1,0,0,1,0,4,4.666666666666667,3.0,3.0,2.0,2
4749,3,0,0,0,1,0,0,3,5.0,3.0,4.25,4.0,2
4750,2,1,0,1,0,1,0,3,5.0,2.0,5.0,1.0,0
4751,1,0,0,1,0,0,0,1,4.0,3.0,4.25,4.0,0
4752,3,3,1,0,0,0,0,6,4.0,1.0,4.666666666666667,3.0,1
4753,3,1,0,1,0,1,0,4,5.0,2.0,4.5,4.0,1
4754,5,1,1,0,0,1,0,6,4.8,5.0,4.428571428571429,7.0,1
4755,3,0,1,0,0,0,0,3,4.0,1.0,4.166666666666667,6.0,2
4756,1,2,0,0,1,0,0,3,4.0,3.0,4.2,5.0,2
4757,3,0,0,0,0,1,1,3,5.0,2.0,4.75,4.0,0
4758,3,0,0,1,0,0,1,3,5.0,2.0,4.666666666666667,3.0,0
4759,2,1,0,1,0,1,0,3,4.25,4.0,4.75,4.0,0
4760,2,0,0,0,1,0,1,2,4.0,3.0,4.2,5.0,0
4761,1,1,0,1,1,0,0,2,4.0,1.0,4.5,2.0,2
4762,2,1,0,0,0,1,0,3,0.0,0.0,4.666666666666667,3.0,3
4763,4,0,0,0,0,1,1,4,4.333333333333333,3.0,5.0,1.0,0
4764,2,0,1,0,1,1,0,2,5.0,1.0,4.4,5.0,2
4765,1,2,1,1,1,0,0,3,5.0,2.0,3.8,5.0,2
4766,2,2,0,0,1,1,0,4,5.0,2.0,4.0,2.0,1
4767,1,3,1,0,1,1,0,4,5.0,1.0,4.333333333333333,3.0,2
4768,2,0,0,0,1,0,0,2,5.0,3.0,4.571428571428571,7.0,2
4769,2,1,0,1,0,1,1,3,4.5,2.0,4.5,2.0,0
4770,2,0,0,0,0,0,1,2,3.6666666666666665,3.0,5.0,2.0,0
4771,2,1,0,1,1,0,0,3,4.0,4.0,5.0,2.0,2
4772,2,2,0,1,1,0,0,4,4.0,5.0,3.75,4.0,1
4773,5,1,0,1,1,0,0,6,4.0,5.0,4.5,2.0,1
4774,2,2,1,0,0,0,1,4,4.2,5.0,4.4,5.0,0
4775,5,0,0,0,0,1,1,5,4.333333333333333,3.0,4.0,4.0,1
4776,2,1,1,0,0,0,0,3,4.4,5.0,4.333333333333333,3.0,2
4777,5,0,0,0,0,1,0,5,5.0,1.0,4.6,5.0,1
4778,5,1,0,0,1,0,1,6,5.0,1.0,5.0,3.0,1
4779,3,0,0,0,1,0,0,3,3.0,2.0,4.5,2.0,2
4780,2,1,1,1,1,0,0,3,5.0,3.0,4.0,2.0,2
4781,3,0,1,0,1,0,0,3,4.0,2.0,4.0,4.0,2
4782,5,1,1,0,0,1,0,6,4.0,2.0,4.25,4.0,1
4783,4,0,0,1,0,0,1,4,5.0,1.0,3.6666666666666665,3.0,0
4784,2,0,0,0,0,0,1,2,4.166666666666667,6.0,4.4,5.0,0
4785,1,0,0,0,0,1,1,1,3.75,4.0,4.0,1.0,0
4786,2,0,0,1,0,1,1,2,4.666666666666667,3.0,4.0,2.0,0
4787,2,0,1,0,1,1,0,2,3.5,4.0,4.5,2.0,2
4788,1,1,1,1,0,0,0,2,4.5,6.0,4.75,4.0,2
4789,3,1,1,1,0,0,0,4,4.5,2.0,5.0,1.0,2
4790,4,2,1,0,0,0,0,6,4.8,5.0,4.0,2.0,1
4791,4,1,1,0,0,0,1,5,5.0,1.0,3.5,2.0,1
4792,3,0,0,1,0,1,0,3,4.0,2.0,4.333333333333333,6.0,0
4793,1,0,1,1,1,0,0,1,4.666666666666667,3.0,4.125,8.0,2
4794,3,1,0,0,1,1,0,4,3.0,1.0,4.666666666666667,6.0,1
4795,3,1,1,0,0,1,0,4,4.0,1.0,4.5,2.0,2
4796,3,0,1,0,0,0,0,3,4.0,3.0,5.0,3.0,2
4797,1,1,1,1,1,0,0,2,0.0,0.0,4.8,5.0,3
4798,3,0,0,0,0,1,1,3,4.5,4.0,4.5,2.0,0
4799,3,1,0,0,1,0,0,4,5.0,1.0,0.0,0.0,1
4800,1,1,0,0,0,1,0,2,3.0,1.0,4.0,2.0,0
4801,5,0,1,0,1,0,0,5,2.0,1.0,4.0,2.0,1
4802,2,0,1,0,1,1,0,2,5.0,2.0,4.0,3.0,2
4803,2,1,0,1,1,0,0,3,4.0,1.0,3.5,2.0,2
4804,2,2,0,1,1,0,0,4,4.5,2.0,5.0,3.0,1
4805,1,1,0,0,0,1,1,2,5.0,3.0,4.0,3.0,0
4806,1,0,0,1,0,1,0,1,0.0,0.0,3.6666666666666665,3.0,3
4807,1,2,0,0,0,1,0,3,3.5,2.0,4.0,3.0,0
4808,3,1,0,0,0,1,0,4,4.5,4.0,4.5,4.0,1
4809,3,2,1,0,0,0,0,5,5.0,1.0,3.6666666666666665,3.0,1
4810,2,0,1,1,0,0,0,2,0.0,0.0,4.5,2.0,3
4811,2,0,0,0,0,1,1,2,4.5,4.0,4.2,5.0,0
4812,1,0,0,0,0,1,1,1,4.5,2.0,4.5,4.0,0
4813,1,2,1,0,0,0,0,3,4.666666666666667,3.0,4.5,2.0,2
4814,2,0,0,1,1,0,0,2,4.75,4.0,3.75,4.0,2
4815,1,0,0,1,0,0,1,1,0.0,0.0,4.333333333333333,3.0,3
4816,5,1,0,1,0,1,1,6,4.5,2.0,4.333333333333333,3.0,1
4817,3,1,0,0,1,1,0,4,3.0,1.0,5.0,1.0,1
4818,5,1,0,0,1,0,1,6,0.0,0.0,5.0,1.0,3
4819,2,2,0,1,0,1,0,4,0.0,0.0,4.75,4.0,3
4820,1,1,0,1,0,1,1,2,4.0,2.0,0.0,0.0,0
4821,4,0,0,1,0,1,1,4,5.0,2.0,4.333333333333333,3.0,0
4822,1,0,0,1,0,0,0,1,5.0,1.0,4.333333333333333,3.0,0
4823,2,2,0,0,1,0,1,4,4.666666666666667,3.0,5.0,1.0,1
4824,3,0,0,0,0,1,1,3,5.0,1.0,5.0,2.0,0
4825,2,0,0,1,0,1,1,2,5.0,1.0,3.0,2.0,0
4826,3,2,0,1,1,0,0,5,4.5,4.0,4.4,5.0,1
4827,5,0,0,1,1,0,0,5,4.0,1.0,4.0,1.0,1
4828,3,2,0,0,1,0,0,5,4.0,2.0,4.0,2.0,1
4829,3,0,1,0,0,0,1,3,5.0,3.0,4.5,4.0,0
4830,3,1,0,0,0,1,1,4,5.0,3.0,4.333333333333333,3.0,0
4831,4,0,1,0,0,0,0,4,4.5,4.0,4.0,1.0,2
4832,5,1,0,1,1,0,0,6,4.333333333333333,3.0,4.0,4.0,1
4833,4,0,0,0,1,0,1,4,4.333333333333333,3.0,4.0,5.0,1
4834,4,3,1,0,0,1,0,7,3.6666666666666665,3.0,4.5,2.0,1
4835,2,2,0,0,0,0,1,4,4.5,6.0,3.0,1.0,0
4836,2,2,1,0,0,0,1,4,4.75,4.0,5.0,2.0,0
4837,1,0,0,0,0,1,1,1,4.0,3.0,5.0,1.0,0
4838,3,0,0,1,0,1,0,3,4.0,1.0,4.333333333333333,3.0,0
4839,4,0,0,1,1,0,0,4,0.0,0.0,4.75,4.0,3
4840,1,2,1,0,1,1,0,3,4.75,4.0,4.0,2.0,2
4841,2,1,1,0,0,0,0,3,4.0,1.0,4.333333333333333,3.0,2
4842,2,2,1,0,0,1,0,4,4.0,3.0,4.333333333333333,3.0,2
4843,2,0,1,0,1,0,0,2,4.0,2.0,3.5,2.0,2
4844,2,0,0,1,0,0,1,2,5.0,1.0,4.0,1.0,0
4845,2,0,0,1,0,0,0,2,5.0,1.0,5.0,1.0,0
4846,2,3,0,1,0,0,1,5,0.0,0.0,3.857142857142857,7.0,3
4847,2,0,0,1,1,0,0,2,3.75,4.0,4.0,1.0,2
4848,2,1,1,1,0,0,0,3,4.75,4.0,4.5,2.0,2
4849,3,2,0,0,1,0,0,5,4.0,2.0,4.5,2.0,1
4850,3,1,0,0,0,0,1,4,4.8,5.0,4.0,2.0,0
4851,2,0,0,1,0,0,1,2,4.0,2.0,3.5,4.0,0
4852,1,3,0,1,0,1,0,4,4.0,2.0,4.333333333333333,3.0,1
4853,5,0,0,0,1,1,0,5,5.0,2.0,3.75,4.0,1
4854,1,2,0,0,1,0,1,3,4.4,5.0,4.0,5.0,0
4855,3,1,1,0,0,0,1,4,3.5,2.0,4.0,1.0,0
4856,4,1,1,0,1,1,0,5,0.0,0.0,3.25,4.0,3
4857,5,1,0,1,1,0,0,6,3.6666666666666665,3.0,4.0,4.0,1
4858,2,1,0,0,0,1,1,3,4.5,2.0,4.0,2.0,0
4859,3,0,0,0,1,0,0,3,5.0,4.0,4.25,4.0,2
4860,4,0,1,0,1,1,0,4,3.6666666666666665,6.0,4.5,2.0,2
4861,2,0,1,0,1,1,0,2,0.0,0.0,5.0,1.0,3
4862,4,1,0,0,0,1,0,5,3.5,4.0,4.2,5.0,1
4863,3,0,0,0,0,1,0,3,5.0,1.0,4.0,1.0,0
4864,2,1,1,1,1,0,0,3,5.0,2.0,4.333333333333333,6.0,2
4865,3,2,0,1,0,1,0,5,4.5,4.0,4.666666666666667,3.0,1
4866,5,0,1,0,1,1,0,5,5.0,1.0,4.5,2.0,1
4867,2,2,0,1,1,0,0,4,0.0,0.0,4.6,5.0,3
4868,1,1,0,1,1,0,0,2,4.0,3.0,4.625,8.0,2
4869,4,0,1,0,0,0,0,4,3.8,5.0,4.285714285714286,7.0,2
4870,3,0,1,0,0,0,1,3,5.0,1.0,4.0,2.0,0
4871,2,2,0,0,0,1,1,4,4.75,4.0,0.0,0.0,0
4872,1,0,0,1,0,1,1,1,5.0,1.0,4.0,3.0,0
4873,3,1,0,0,0,1,0,4,4.0,2.0,4.0,2.0,1
4874,5,2,0,1,1,0,0,7,3.8333333333333335,6.0,4.5,6.0,1
4875,1,1,0,1,0,1,1,2,0.0,0.0,5.0,3.0,3
4876,5,1,0,1,0,1,1,6,4.333333333333333,3.0,4.0,1.0,1
4877,2,0,1,0,0,1,0,2,4.6,5.0,5.0,1.0,2
4878,3,0,0,0,1,1,0,3,4.0,2.0,4.285714285714286,7.0,2
4879,2,1,1,0,0,0,1,3,3.6666666666666665,3.0,4.0,3.0,0
4880,4,0,0,1,0,1,0,4,4.0,2.0,5.0,1.0,1
4881,2,0,1,0,1,1,0,2,0.0,0.0,4.666666666666667,3.0,3
4882,3,1,0,1,1,0,0,4,4.0,5.0,4.75,4.0,1
4883,2,0,0,0,0,1,1,2,5.0,2.0,4.5,4.0,0
4884,3,0,1,0,1,1,0,3,5.0,1.0,3.8,5.0,2
4885,4,0,0,0,0,1,1,4,4.75,4.0,0.0,0.0,0
4886,2,2,1,0,1,1,0,4,3.0,3.0,5.0,1.0,2
4887,4,0,0,0,1,1,0,4,0.0,0.0,3.875,8.0,3
4888,3,1,0,0,1,0,0,4,4.0,2.0,3.0,1.0,1
4889,3,1,0,0,0,1,0,4,4.0,3.0,4.0,3.0,1
4890,3,1,0,0,1,0,0,4,4.0,2.0,5.0,1.0,1
4891,4,0,0,1,0,0,0,4,0.0,0.0,4.25,4.0,3
4892,3,0,0,1,1,0,0,3,3.5,2.0,3.5,2.0,2
4893,2,1,1,0,0,0,1,3,4.0,2.0,0.0,0.0,0
4894,3,0,1,0,1,1,0,3,4.0,1.0,4.0,4.0,2
4895,2,1,1,0,0,1,0,3,4.0,1.0,3.4,5.0,2
4896,3,0,0,1,1,0,0,3,3.6666666666666665,3.0,5.0,1.0,2
4897,2,2,1,0,0,0,1,4,5.0,2.0,3.8,5.0,0
4898,3,0,1,0,1,0,0,3,5.0,2.0,5.0,3.0,2
4899,5,2,0,1,1,0,0,7,4.0,1.0,4.0,3.0,1
4900,3,2,0,0,0,1,1,5,4.5,4.0,4.333333333333333,3.0,1
4901,1,1,0,1,0,1,1,2,5.0,5.0,4.0,1.0,0
4902,3,1,0,1,1,0,0,4,5.0,1.0,4.0,1.0,1
4903,2,1,0,1,0,0,0,3,4.0,2.0,4.2,5.0,0
4904,3,2,1,0,1,1,0,5,5.0,1.0,4.142857142857143,7.0,1
4905,2,1,0,0,0,1,1,3,3.0,2.0,0.0,0.0,0
4906,4,0,1,0,0,0,1,4,4.5,2.0,4.5,6.0,0
4907,4,0,0,0,0,1,1,4,5.0,1.0,5.0,1.0,0
4908,3,0,0,0,0,1,1,3,4.571428571428571,7.0,4.333333333333333,6.0,0
4909,3,1,0,1,0,0,1,4,0.0,0.0,4.5,2.0,3
4910,5,1,1,0,0,0,0,6,4.0,4.0,4.666666666666667,3.0,1
4911,3,2,0,1,0,1,0,5,4.333333333333333,3.0,3.6666666666666665,3.0,1
4912,2,1,0,1,0,0,1,3,4.333333333333333,9.0,4.0,3.0,0
4913,2,0,0,0,1,1,0,2,4.666666666666667,6.0,4.666666666666667,3.0,2
4914,1,1,0,1,0,1,1,2,4.0,2.0,5.0,3.0,0
4915,2,0,0,1,0,1,0,2,4.666666666666667,3.0,0.0,0.0,0
4916,2,2,1,1,1,0,0,4,3.5,4.0,0.0,0.0,2
4917,3,1,0,0,1,0,0,4,4.0,1.0,4.25,4.0,1
4918,3,0,0,0,0,1,1,3,4.4,5.0,5.0,1.0,0
4919,2,2,0,0,1,1,0,4,3.5,2.0,4.5,2.0,1
4920,4,0,0,1,0,1,0,4,5.0,1.0,5.0,3.0,1
4921,3,0,0,0,1,0,1,3,4.333333333333333,3.0,4.4,5.0,0
4922,1,0,0,1,0,0,1,1,4.25,4.0,0.0,0.0,0
4923,3,2,0,0,0,1,1,5,4.0,3.0,4.333333333333333,3.0,1
4924,3,1,0,1,0,1,1,4,4.666666666666667,3.0,3.6666666666666665,3.0,0
4925,2,0,0,1,0,0,1,2,5.0,1.0,5.0,2.0,0
4926,2,1,1,0,0,0,1,3,4.0,3.0,5.0,1.0,0
4927,2,0,0,1,0,0,1,2,0.0,0.0,4.0,6.0,3
4928,4,0,0,1,0,1,1,4,4.0,1.0,4.4,5.0,0
4929,4,2,0,1,0,0,1,6,5.0,1.0,4.2,5.0,1
4930,2,2,0,0,0,1,1,4,4.0,1.0,3.0,1.0,0
4931,2,0,1,1,0,0,0,2,3.857142857142857,7.0,0.0,0.0,2
4932,3,0,1,0,0,0,0,3,5.0,3.0,4.4,5.0,2
4933,4,2,1,1,0,0,0,6,4.5,2.0,4.0,1.0,1
4934,1,1,0,0,0,1,0,2,4.4,5.0,5.0,1.0,0
4935,5,0,0,1,1,0,0,5,3.0,1.0,4.0,1.0,1
4936,1,1,0,0,1,0,0,2,5.0,3.0,4.285714285714286,7.0,2
4937,4,2,1,1,0,0,0,6,4.0,3.0,0.0,0.0,1
4938,1,0,0,0,0,1,1,1,4.0,1.0,4.25,4.0,0
4939,2,2,0,0,0,0,1,4,4.333333333333333,3.0,4.666666666666667,3.0,0
4940,2,1,1,0,0,0,0,3,0.0,0.0,4.4,5.0,3
4941,2,0,0,1,0,0,1,2,5.0,1.0,4.4,5.0,0
4942,2,1,1,1,0,0,0,3,5.0,2.0,4.0,3.0,2
4943,4,0,1,0,0,0,1,4,4.5,2.0,4.5,2.0,0
4944,3,1,1,0,0,1,0,4,4.5,4.0,4.5,2.0,2
4945,3,0,1,0,1,0,0,3,3.0,1.0,4.75,4.0,2
4946,3,0,0,0,0,0,1,3,5.0,2.0,3.3333333333333335,3.0,0
4947,2,1,0,1,1,0,0,3,4.0,2.0,5.0,1.0,2
4948,3,2,0,0,0,0,1,5,4.25,8.0,4.25,4.0,1
4949,2,0,0,1,0,1,1,2,4.5,4.0,4.75,4.0,0
4950,2,2,0,0,1,0,0,4,0.0,0.0,4.8,5.0,3
4951,4,1,1,0,0,0,0,5,5.0,1.0,4.666666666666667,3.0,1
4952,2,2,0,0,0,1,1,4,4.75,4.0,4.6,5.0,0
4953,2,2,0,1,0,1,0,4,5.0,3.0,5.0,1.0,1
4954,4,0,1,1,1,0,0,4,5.0,1.0,4.0,4.0,2
4955,2,0,0,1,0,0,1,2,4.5,4.0,5.0,1.0,0
4956,3,3,1,0,0,1,0,6,4.0,2.0,0.0,0.0,1
4957,4,0,1,0,1,0,0,4,5.0,2.0,3.6,5.0,2
4958,4,1,1,0,1,0,0,5,4.0,1.0,4.0,3.0,1
4959,1,1,0,0,1,1,0,2,4.25,4.0,5.0,2.0,2
4960,2,1,1,0,1,0,0,3,5.0,1.0,4.0,3.0,2
4961,2,2,0,0,1,0,0,4,5.0,1.0,3.75,4.0,1
4962,5,0,0,0,0,0,1,5,4.0,1.0,4.75,4.0,1
4963,3,0,0,1,0,1,1,3,3.6666666666666665,3.0,0.0,0.0,0
4964,2,0,1,0,0,1,0,2,4.333333333333333,3.0,4.0,1.0,2
4965,2,0,1,0,0,1,0,2,5.0,2.0,4.0,5.0,2
4966,4,1,1,0,0,0,1,5,4.666666666666667,3.0,0.0,0.0,1
4967,2,0,0,0,0,0,1,2,3.0,2.0,4.2,5.0,0
4968,2,2,0,1,0,1,1,4,5.0,2.0,4.25,4.0,0
4969,1,0,0,0,1,1,0,1,4.6,5.0,4.5,2.0,2
4970,1,0,0,1,1,0,0,1,3.75,4.0,4.0,3.0,2
4971,1,2,0,1,0,1,1,3,4.666666666666667,3.0,5.0,2.0,0
4972,2,2,0,1,0,1,0,4,4.25,4.0,4.5,2.0,1
4973,4,1,0,1,1,0,0,5,0.0,0.0,4.166666666666667,6.0,3
4974,2,1,1,0,0,0,1,3,4.0,1.0,4.0,7.0,0
4975,1,0,0,0,0,0,1,1,4.5,2.0,4.4,5.0,0
4976,4,0,1,0,0,0,1,4,4.5,2.0,4.166666666666667,6.0,0
4977,4,1,0,0,1,1,0,5,4.666666666666667,3.0,4.75,8.0,1
4978,1,0,0,1,0,1,1,1,4.333333333333333,3.0,4.0,3.0,0
4979,3,1,0,0,1,1,0,4,4.0,2.0,5.0,1.0,1
4980,2,0,0,0,1,0,0,2,4.333333333333333,3.0,4.333333333333333,6.0,2
4981,4,2,0,1,0,1,1,6,5.0,4.0,3.6666666666666665,3.0,1
4982,4,0,0,1,0,1,1,4,3.3333333333333335,3.0,4.666666666666667,3.0,0
4983,3,1,1,0,0,1,0,4,5.0,2.0,5.0,1.0,2
4984,3,1,1,0,0,1,0,4,5.0,2.0,4.2,5.0,2
4985,2,0,0,0,1,0,1,2,4.333333333333333,3.0,4.0,2.0,0
4986,1,0,1,1,1,0,0,1,4.333333333333333,3.0,4.5,2.0,2
4987,2,0,0,0,1,1,0,2,5.0,1.0,4.25,4.0,2
4988,3,1,1,1,1,0,0,4,3.75,4.0,0.0,0.0,2
4989,2,0,0,1,0,1,0,2,4.2,5.0,5.0,4.0,0
4990,1,0,1,0,0,1,0,1,4.5,6.0,5.0,1.0,2
4991,2,2,1,0,0,0,1,4,4.0,1.0,5.0,1.0,0
4992,5,0,0,1,0,0,1,5,4.0,2.0,4.0,3.0,1
4993,3,0,1,0,1,0,0,3,4.5,2.0,4.6,5.0,2
4994,3,2,0,1,1,0,0,5,4.0,2.0,4.333333333333333,3.0,1
4995,2,2,0,0,0,1,1,4,4.333333333333333,6.0,4.25,4.0,0
4996,5,1,0,0,0,0,1,6,4.333333333333333,3.0,4.5,4.0,1
4997,4,1,0,0,0,1,0,5,4.0,2.0,4.666666666666667,3.0,1
4998,2,3,0,1,1,0,0,5,4.5,2.0,5.0,1.0,1
4999,5,1,1,1,1,0,0,6,4.666666666666667,3.0,4.25,4.0,1
5000,2,1,0,0,1,0,1,3,4.666666666666667,3.0,5.0,2.0,0
