UserID,Name,Email,Preferences,Gender,NumberOfAdults,NumberOfChildren,Age,City,Preferences_Clean,Pref_Beach,Pref_Historical,Pref_Nature,Pref_Adventure,Pref_City
1,Ayaan,ayaan26@outlook.com,"City, Nature",Male,1,0,65,Ahmedabad,"City, Nature",0,0,1,0,1
2,Sai,sai605@hotmail.com,"Nature, Adventure",Male,1,0,56,Mumbai,"Nature, Adventure",0,0,1,1,0
3,Mohan,mohan204@rediffmail.com,Nature,Male,2,0,18,Bangalore,Nature,0,0,1,0,0
4,Lakshmi,lakshmi349@outlook.com,"Adventure, City",Male,5,0,23,Kolkata,"Adventure, City",0,0,0,1,1
5,Reyansh,reyansh368@outlook.com,"Nature, Adventure, Beach",Female,4,1,52,Delhi,"Nature, Adventure, Beach",1,0,1,1,0
6,Vikram,vikram81@rediffmail.com,"Nature, Historical",Other,3,2,54,Chennai,"Nature, Historical",0,1,1,0,0
7,Arjun,arjun47@yahoo.com,"Nature, Historical",Male,4,2,42,Hyderabad,"Nature, Historical",0,1,1,0,0
8,Divya,divya651@outlook.com,"Historical, Nature",Female,2,1,62,Delhi,"Historical, Nature",0,1,1,0,0
9,Rekha,rekha651@yahoo.com,"Beach, Historical, Nature",Other,2,0,35,Ahmedabad,"Beach, Historical, Nature",1,1,1,0,0
10,Kiara,kiara702@outlook.com,"Nature, Adventure",Male,4,2,43,Hyderabad,"Nature, Adventure",0,0,1,1,0
11,Arjun,arjun217@rediffmail.com,"Adventure, Historical",Male,3,0,59,Jaipur,"Adventure, Historical",0,1,0,1,0
12,Ishaan,ishaan272@yahoo.com,"City, Nature",Other,3,0,55,Kolkata,"City, Nature",0,0,1,0,1
13,Geeta,geeta409@outlook.com,"City, Nature",Male,3,0,21,Delhi,"City, Nature",0,0,1,0,1
14,Ishaan,ishaan643@yahoo.com,Nature,Other,1,0,47,Ahmedabad,Nature,0,0,1,0,0
15,Priya,priya995@rediffmail.com,"Beach, Historical",Other,3,1,52,Hyderabad,"Beach, Historical",1,1,0,0,0
16,Rohit,rohit115@outlook.com,Nature,Male,2,3,64,Hyderabad,Nature,0,0,1,0,0
17,Neha,neha781@yahoo.com,City,Male,4,0,58,Ahmedabad,City,0,0,0,0,1
18,Rekha,rekha204@yahoo.com,"City, Adventure",Male,3,1,51,Mumbai,"City, Adventure",0,0,0,1,1
19,Rekha,rekha332@hotmail.com,"Beach, Historical",Male,5,2,37,Chennai,"Beach, Historical",1,1,0,0,0
20,Vihaan,vihaan247@rediffmail.com,"City, Historical",Male,3,2,52,Bangalore,"City, Historical",0,1,0,0,1
21,Krishna,krishna676@hotmail.com,"Beach, Historical, Nature",Male,2,2,45,Chennai,"Beach, Historical, Nature",1,1,1,0,0
22,Ritika,ritika774@yahoo.com,"Nature, Historical",Female,5,1,46,Ahmedabad,"Nature, Historical",0,1,1,0,0
23,Pooja,pooja124@yahoo.com,"City, Nature",Male,2,1,32,Surat,"City, Nature",0,0,1,0,1
24,Kiara,kiara8@gmail.com,"Nature, Adventure",Male,1,0,39,Delhi,"Nature, Adventure",0,0,1,1,0
25,Neha,neha244@outlook.com,Adventure,Male,3,1,54,Surat,Adventure,0,0,0,1,0
26,Tanvi,tanvi249@hotmail.com,Nature,Male,1,1,40,Kolkata,Nature,0,0,1,0,0
27,Deepa,deepa479@gmail.com,"Beach, Nature",Male,2,0,24,Chennai,"Beach, Nature",1,0,1,0,0
28,Diya,diya195@rediffmail.com,Historical,Male,2,0,33,Delhi,Historical,0,1,0,0,0
29,Pooja,pooja828@rediffmail.com,"Beach, Nature",Male,3,1,18,Delhi,"Beach, Nature",1,0,1,0,0
30,Riya,riya171@hotmail.com,Adventure,Female,2,0,21,Bangalore,Adventure,0,0,0,1,0
31,Vikram,vikram3@hotmail.com,"Beach, City",Female,2,1,64,Ahmedabad,"Beach, City",1,0,0,0,1
32,Shruti,shruti159@yahoo.com,"Nature, Historical",Male,5,1,52,Mumbai,"Nature, Historical",0,1,1,0,0
33,Rahul,rahul59@gmail.com,"City, Historical, Adventure",Female,3,2,28,Mumbai,"City, Historical, Adventure",0,1,0,1,1
34,Neha,neha83@yahoo.com,"City, Historical",Other,1,2,43,Delhi,"City, Historical",0,1,0,0,1
35,Sunita,sunita253@rediffmail.com,"Nature, Adventure, Beach",Male,3,0,55,Surat,"Nature, Adventure, Beach",1,0,1,1,0
36,Anjali,anjali324@outlook.com,"Beach, Adventure",Other,3,0,43,Bangalore,"Beach, Adventure",1,0,0,1,0
37,Nisha,nisha469@outlook.com,"City, Historical",Male,2,3,24,Delhi,"City, Historical",0,1,0,0,1
38,Ritika,ritika219@rediffmail.com,"Beach, City",Male,5,2,33,Pune,"Beach, City",1,0,0,0,1
39,Meera,meera162@hotmail.com,"Beach, Historical, Nature",Other,2,3,59,Ahmedabad,"Beach, Historical, Nature",1,1,1,0,0
40,Aarav,aarav684@rediffmail.com,"Nature, Historical",Other,1,2,34,Delhi,"Nature, Historical",0,1,1,0,0
41,Reyansh,reyansh761@rediffmail.com,"Adventure, City",Female,2,0,39,Chennai,"Adventure, City",0,0,0,1,1
42,Priya,priya518@hotmail.com,"Beach, City",Male,1,0,35,Mumbai,"Beach, City",1,0,0,0,1
43,Aarav,aarav342@yahoo.com,"Beach, City",Male,3,1,45,Ahmedabad,"Beach, City",1,0,0,0,1
44,Aarav,aarav115@gmail.com,"Adventure, City",Other,1,0,53,Bangalore,"Adventure, City",0,0,0,1,1
45,Lakshmi,lakshmi131@gmail.com,"Nature, Historical",Female,4,2,20,Pune,"Nature, Historical",0,1,1,0,0
46,Aadhya,aadhya699@yahoo.com,"Beach, Nature",Female,4,2,44,Surat,"Beach, Nature",1,0,1,0,0
47,Ishaan,ishaan948@yahoo.com,"Historical, Nature",Male,4,0,65,Pune,"Historical, Nature",0,1,1,0,0
48,Deepa,deepa822@yahoo.com,"Beach, City",Male,4,0,20,Jaipur,"Beach, City",1,0,0,0,1
49,Kiara,kiara205@hotmail.com,"City, Adventure",Female,4,2,32,Mumbai,"City, Adventure",0,0,0,1,1
50,Diya,diya409@outlook.com,"Beach, City",Male,5,0,59,Ahmedabad,"Beach, City",1,0,0,0,1
51,Kiran,kiran696@rediffmail.com,"Adventure, Historical",Male,1,3,29,Surat,"Adventure, Historical",0,1,0,1,0
52,Priya,priya40@gmail.com,"Nature, Adventure, Beach",Female,2,2,45,Surat,"Nature, Adventure, Beach",1,0,1,1,0
53,Neha,neha119@hotmail.com,"City, Historical, Adventure",Male,2,1,18,Ahmedabad,"City, Historical, Adventure",0,1,0,1,1
54,Ritika,ritika704@yahoo.com,"City, Adventure",Female,1,1,39,Surat,"City, Adventure",0,0,0,1,1
55,Rahul,rahul680@gmail.com,"Nature, Historical",Other,2,0,43,Hyderabad,"Nature, Historical",0,1,1,0,0
56,Mohan,mohan131@yahoo.com,Nature,Other,5,1,29,Surat,Nature,0,0,1,0,0
57,Sunita,sunita309@hotmail.com,"Beach, Historical, Nature",Male,2,0,55,Surat,"Beach, Historical, Nature",1,1,1,0,0
58,Rahul,rahul477@hotmail.com,Historical,Other,2,0,65,Bangalore,Historical,0,1,0,0,0
59,Sai,sai291@rediffmail.com,"Nature, Adventure, Beach",Female,1,3,33,Hyderabad,"Nature, Adventure, Beach",1,0,1,1,0
60,Kiara,kiara826@yahoo.com,"Adventure, City",Male,1,3,57,Delhi,"Adventure, City",0,0,0,1,1
61,Divya,divya425@rediffmail.com,"Beach, Adventure",Other,3,0,33,Bangalore,"Beach, Adventure",1,0,0,1,0
62,Aarav,aarav915@gmail.com,Nature,Male,2,3,51,Jaipur,Nature,0,0,1,0,0
63,Vihaan,vihaan571@yahoo.com,"Beach, Nature",Female,1,0,51,Ahmedabad,"Beach, Nature",1,0,1,0,0
64,Rekha,rekha325@hotmail.com,"Nature, Adventure, Beach",Other,4,0,53,Jaipur,"Nature, Adventure, Beach",1,0,1,1,0
65,Kavya,kavya762@hotmail.com,Historical,Female,4,2,35,Ahmedabad,Historical,0,1,0,0,0
66,Shruti,shruti642@yahoo.com,"Beach, City",Female,1,0,35,Pune,"Beach, City",1,0,0,0,1
67,Rahul,rahul915@rediffmail.com,"City, Historical",Male,2,0,27,Chennai,"City, Historical",0,1,0,0,1
68,Arjun,arjun425@hotmail.com,"Adventure, Historical",Other,2,0,44,Kolkata,"Adventure, Historical",0,1,0,1,0
69,Geeta,geeta969@gmail.com,"City, Historical, Adventure",Female,2,2,37,Kolkata,"City, Historical, Adventure",0,1,0,1,1
70,Deepa,deepa552@rediffmail.com,"Nature, Adventure, Beach",Male,2,0,49,Mumbai,"Nature, Adventure, Beach",1,0,1,1,0
71,Vikram,vikram345@hotmail.com,"Historical, Nature",Female,5,3,52,Mumbai,"Historical, Nature",0,1,1,0,0
72,Kiran,kiran607@rediffmail.com,"Beach, Historical",Male,3,0,47,Bangalore,"Beach, Historical",1,1,0,0,0
73,Vihaan,vihaan267@hotmail.com,"Adventure, Historical",Male,2,0,42,Hyderabad,"Adventure, Historical",0,1,0,1,0
74,Deepa,deepa259@gmail.com,Adventure,Male,3,0,40,Chennai,Adventure,0,0,0,1,0
75,Arjun,arjun800@gmail.com,"Beach, Historical",Male,2,0,27,Chennai,"Beach, Historical",1,1,0,0,0
76,Krishna,krishna485@gmail.com,"City, Historical, Adventure",Male,2,0,41,Bangalore,"City, Historical, Adventure",0,1,0,1,1
77,Rekha,rekha622@gmail.com,"Historical, Nature",Female,1,0,37,Surat,"Historical, Nature",0,1,1,0,0
78,Vikram,vikram407@yahoo.com,"City, Historical",Other,3,1,24,Hyderabad,"City, Historical",0,1,0,0,1
79,Rekha,rekha825@gmail.com,"City, Historical, Adventure",Male,2,0,41,Delhi,"City, Historical, Adventure",0,1,0,1,1
80,Neha,neha664@outlook.com,"Beach, Historical",Female,4,0,41,Jaipur,"Beach, Historical",1,1,0,0,0
81,Ishaan,ishaan446@yahoo.com,City,Other,2,2,52,Jaipur,City,0,0,0,0,1
82,Divya,divya447@rediffmail.com,"Beach, City",Female,4,2,23,Hyderabad,"Beach, City",1,0,0,0,1
83,Pooja,pooja250@hotmail.com,"City, Historical, Adventure",Other,3,0,49,Pune,"City, Historical, Adventure",0,1,0,1,1
84,Ananya,ananya500@yahoo.com,"City, Adventure",Female,2,2,62,Hyderabad,"City, Adventure",0,0,0,1,1
85,Mohan,mohan11@rediffmail.com,"Beach, Adventure",Male,2,0,53,Chennai,"Beach, Adventure",1,0,0,1,0
86,Tanvi,tanvi662@hotmail.com,Historical,Male,1,0,62,Chennai,Historical,0,1,0,0,0
87,Nisha,nisha680@rediffmail.com,"City, Adventure",Female,3,0,65,Ahmedabad,"City, Adventure",0,0,0,1,1
88,Rohit,rohit361@hotmail.com,"Beach, City",Female,2,0,30,Pune,"Beach, City",1,0,0,0,1
89,Ayaan,ayaan761@rediffmail.com,"Historical, Nature",Male,2,0,64,Surat,"Historical, Nature",0,1,1,0,0
90,Anjali,anjali612@outlook.com,"Beach, Nature",Male,2,0,37,Mumbai,"Beach, Nature",1,0,1,0,0
91,Ritika,ritika130@outlook.com,"Nature, Adventure",Male,3,1,26,Jaipur,"Nature, Adventure",0,0,1,1,0
92,Reyansh,reyansh894@gmail.com,"City, Historical, Adventure",Female,2,0,29,Mumbai,"City, Historical, Adventure",0,1,0,1,1
93,Priya,priya964@hotmail.com,"Beach, Nature",Male,2,0,58,Mumbai,"Beach, Nature",1,0,1,0,0
94,Ishaan,ishaan153@rediffmail.com,"Nature, Historical",Male,5,0,44,Surat,"Nature, Historical",0,1,1,0,0
95,Rekha,rekha810@rediffmail.com,"City, Nature",Other,2,2,37,Surat,"City, Nature",0,0,1,0,1
96,Lakshmi,lakshmi313@rediffmail.com,"Nature, Adventure, Beach",Male,3,1,31,Chennai,"Nature, Adventure, Beach",1,0,1,1,0
97,Priya,priya677@gmail.com,"Historical, Nature",Male,2,0,18,Kolkata,"Historical, Nature",0,1,1,0,0
98,Pooja,pooja706@rediffmail.com,Adventure,Female,1,0,36,Jaipur,Adventure,0,0,0,1,0
99,Arjun,arjun704@yahoo.com,"Beach, City",Other,3,2,30,Kolkata,"Beach, City",1,0,0,0,1
100,Ayaan,ayaan558@yahoo.com,"Adventure, City",Female,4,0,28,Hyderabad,"Adventure, City",0,0,0,1,1
101,Rekha,rekha767@rediffmail.com,"Nature, Historical",Female,1,1,62,Kolkata,"Nature, Historical",0,1,1,0,0
102,Sneha,sneha513@rediffmail.com,Adventure,Female,1,0,45,Pune,Adventure,0,0,0,1,0
103,Rekha,rekha257@gmail.com,"City, Historical",Male,5,2,54,Surat,"City, Historical",0,1,0,0,1
104,Vivaan,vivaan784@outlook.com,"City, Historical, Adventure",Male,4,0,51,Jaipur,"City, Historical, Adventure",0,1,0,1,1
105,Sneha,sneha186@rediffmail.com,Nature,Other,4,3,48,Pune,Nature,0,0,1,0,0
106,Deepa,deepa342@outlook.com,"Beach, Nature",Male,2,1,36,Kolkata,"Beach, Nature",1,0,1,0,0
107,Mohan,mohan38@hotmail.com,"City, Historical",Female,2,0,43,Ahmedabad,"City, Historical",0,1,0,0,1
108,Aarav,aarav674@rediffmail.com,Historical,Female,1,1,57,Jaipur,Historical,0,1,0,0,0
109,Pooja,pooja779@gmail.com,"Beach, Adventure",Female,3,2,46,Jaipur,"Beach, Adventure",1,0,0,1,0
110,Ayaan,ayaan30@rediffmail.com,"City, Nature",Other,2,1,53,Kolkata,"City, Nature",0,0,1,0,1
111,Sai,sai231@gmail.com,Historical,Male,3,0,63,Hyderabad,Historical,0,1,0,0,0
112,Neha,neha723@outlook.com,Nature,Female,5,0,53,Bangalore,Nature,0,0,1,0,0
113,Vikram,vikram196@rediffmail.com,City,Other,4,2,35,Kolkata,City,0,0,0,0,1
114,Rohit,rohit957@rediffmail.com,"Beach, City",Male,2,0,55,Surat,"Beach, City",1,0,0,0,1
115,Shruti,shruti887@yahoo.com,Historical,Other,2,0,52,Kolkata,Historical,0,1,0,0,0
116,Divya,divya956@outlook.com,"Beach, Adventure",Other,2,0,44,Mumbai,"Beach, Adventure",1,0,0,1,0
117,Rahul,rahul763@hotmail.com,Beach,Female,5,2,59,Bangalore,Beach,1,0,0,0,0
118,Shruti,shruti988@gmail.com,"Adventure, City",Other,5,0,24,Jaipur,"Adventure, City",0,0,0,1,1
119,Reyansh,reyansh539@hotmail.com,"Beach, Historical",Other,1,2,27,Delhi,"Beach, Historical",1,1,0,0,0
120,Tanvi,tanvi801@outlook.com,"Adventure, Historical",Other,3,1,39,Ahmedabad,"Adventure, Historical",0,1,0,1,0
121,Vikram,vikram978@outlook.com,Adventure,Other,1,0,58,Hyderabad,Adventure,0,0,0,1,0
122,Kiara,kiara765@gmail.com,Nature,Male,4,1,24,Jaipur,Nature,0,0,1,0,0
123,Kavya,kavya711@outlook.com,"Beach, Historical",Male,2,0,40,Pune,"Beach, Historical",1,1,0,0,0
124,Lakshmi,lakshmi150@yahoo.com,City,Female,3,2,28,Bangalore,City,0,0,0,0,1
125,Sai,sai625@hotmail.com,"Nature, Adventure, Beach",Other,2,2,27,Chennai,"Nature, Adventure, Beach",1,0,1,1,0
126,Divya,divya654@outlook.com,Historical,Female,3,2,47,Hyderabad,Historical,0,1,0,0,0
127,Ritika,ritika162@gmail.com,Historical,Female,5,0,45,Hyderabad,Historical,0,1,0,0,0
128,Divya,divya866@outlook.com,"Beach, Adventure",Female,4,0,42,Surat,"Beach, Adventure",1,0,0,1,0
129,Amit,amit589@outlook.com,"Nature, Historical",Male,5,1,35,Mumbai,"Nature, Historical",0,1,1,0,0
130,Sunita,sunita886@gmail.com,"Nature, Adventure, Beach",Other,2,2,36,Chennai,"Nature, Adventure, Beach",1,0,1,1,0
131,Rekha,rekha822@outlook.com,"City, Nature",Other,2,0,64,Bangalore,"City, Nature",0,0,1,0,1
132,Reyansh,reyansh926@gmail.com,"Nature, Historical",Female,1,0,26,Delhi,"Nature, Historical",0,1,1,0,0
133,Meera,meera335@hotmail.com,"Historical, Nature",Male,1,1,41,Ahmedabad,"Historical, Nature",0,1,1,0,0
134,Neha,neha936@outlook.com,"Historical, Nature",Female,5,2,36,Pune,"Historical, Nature",0,1,1,0,0
135,Ayaan,ayaan480@gmail.com,"Adventure, City",Male,4,1,43,Ahmedabad,"Adventure, City",0,0,0,1,1
136,Suresh,suresh93@hotmail.com,"Beach, Historical",Female,3,0,61,Hyderabad,"Beach, Historical",1,1,0,0,0
137,Geeta,geeta391@outlook.com,"Beach, Nature",Other,2,0,53,Pune,"Beach, Nature",1,0,1,0,0
138,Usha,usha227@gmail.com,Historical,Other,2,0,26,Mumbai,Historical,0,1,0,0,0
139,Aditya,aditya312@hotmail.com,"Beach, Nature",Male,2,1,42,Jaipur,"Beach, Nature",1,0,1,0,0
140,Suresh,suresh687@rediffmail.com,Nature,Other,3,0,44,Delhi,Nature,0,0,1,0,0
141,Shruti,shruti631@hotmail.com,"Beach, City",Male,3,0,46,Chennai,"Beach, City",1,0,0,0,1
142,Suresh,suresh102@outlook.com,"Beach, Historical, Nature",Other,2,0,30,Delhi,"Beach, Historical, Nature",1,1,1,0,0
143,Divya,divya94@yahoo.com,"Nature, Adventure, Beach",Male,1,0,26,Surat,"Nature, Adventure, Beach",1,0,1,1,0
144,Aadhya,aadhya71@rediffmail.com,"Beach, Adventure",Other,2,2,39,Bangalore,"Beach, Adventure",1,0,0,1,0
145,Rekha,rekha3@outlook.com,"Adventure, City",Male,3,2,25,Mumbai,"Adventure, City",0,0,0,1,1
146,Krishna,krishna16@outlook.com,"City, Nature",Other,2,0,21,Bangalore,"City, Nature",0,0,1,0,1
147,Deepa,deepa539@gmail.com,"City, Historical",Female,2,0,55,Delhi,"City, Historical",0,1,0,0,1
148,Pooja,pooja516@yahoo.com,"Nature, Adventure, Beach",Male,3,2,60,Ahmedabad,"Nature, Adventure, Beach",1,0,1,1,0
149,Nisha,nisha470@gmail.com,"Nature, Adventure",Female,4,0,24,Jaipur,"Nature, Adventure",0,0,1,1,0
150,Pooja,pooja76@gmail.com,"Adventure, Historical",Other,1,0,57,Surat,"Adventure, Historical",0,1,0,1,0
151,Mohan,mohan730@outlook.com,Beach,Other,3,0,56,Kolkata,Beach,1,0,0,0,0
152,Reyansh,reyansh813@gmail.com,"Beach, Historical, Nature",Other,4,0,32,Kolkata,"Beach, Historical, Nature",1,1,1,0,0
153,Rohit,rohit848@hotmail.com,Beach,Female,3,0,38,Hyderabad,Beach,1,0,0,0,0
154,Suresh,suresh977@yahoo.com,Adventure,Male,1,0,45,Delhi,Adventure,0,0,0,1,0
155,Suresh,suresh832@yahoo.com,"Beach, Historical, Nature",Male,3,1,39,Delhi,"Beach, Historical, Nature",1,1,1,0,0
156,Deepa,deepa363@hotmail.com,"Nature, Adventure",Female,3,0,54,Ahmedabad,"Nature, Adventure",0,0,1,1,0
157,Aadhya,aadhya159@hotmail.com,"City, Nature",Male,2,1,25,Hyderabad,"City, Nature",0,0,1,0,1
158,Sunita,sunita232@hotmail.com,"Beach, Historical, Nature",Other,3,1,19,Surat,"Beach, Historical, Nature",1,1,1,0,0
159,Sneha,sneha30@yahoo.com,"Beach, City",Other,4,2,40,Mumbai,"Beach, City",1,0,0,0,1
160,Ananya,ananya891@yahoo.com,"City, Historical, Adventure",Other,2,0,58,Mumbai,"City, Historical, Adventure",0,1,0,1,1
161,Sai,sai765@rediffmail.com,"Beach, Adventure",Female,2,0,41,Hyderabad,"Beach, Adventure",1,0,0,1,0
162,Rahul,rahul796@rediffmail.com,"Nature, Adventure, Beach",Male,4,0,57,Mumbai,"Nature, Adventure, Beach",1,0,1,1,0
163,Sai,sai279@hotmail.com,Nature,Female,3,0,31,Ahmedabad,Nature,0,0,1,0,0
164,Ayaan,ayaan354@hotmail.com,"Beach, Nature",Female,3,1,51,Hyderabad,"Beach, Nature",1,0,1,0,0
165,Aditya,aditya226@hotmail.com,"Nature, Adventure, Beach",Male,1,0,31,Bangalore,"Nature, Adventure, Beach",1,0,1,1,0
166,Priya,priya297@outlook.com,"Beach, Nature",Male,2,0,26,Kolkata,"Beach, Nature",1,0,1,0,0
167,Ritika,ritika721@yahoo.com,City,Other,4,2,22,Kolkata,City,0,0,0,0,1
168,Aditya,aditya447@gmail.com,Historical,Male,4,1,54,Kolkata,Historical,0,1,0,0,0
169,Deepa,deepa297@gmail.com,Beach,Male,5,0,57,Jaipur,Beach,1,0,0,0,0
170,Suresh,suresh91@hotmail.com,"Beach, Nature",Male,2,0,23,Kolkata,"Beach, Nature",1,0,1,0,0
171,Nisha,nisha764@outlook.com,"City, Nature",Female,4,0,58,Delhi,"City, Nature",0,0,1,0,1
172,Anjali,anjali523@yahoo.com,"City, Adventure",Female,3,2,27,Chennai,"City, Adventure",0,0,0,1,1
173,Reyansh,reyansh150@outlook.com,"Beach, Adventure",Male,3,1,59,Delhi,"Beach, Adventure",1,0,0,1,0
174,Ananya,ananya975@hotmail.com,Historical,Other,4,0,54,Surat,Historical,0,1,0,0,0
175,Rahul,rahul885@outlook.com,"Adventure, City",Female,1,0,37,Hyderabad,"Adventure, City",0,0,0,1,1
176,Geeta,geeta58@outlook.com,City,Male,2,0,21,Pune,City,0,0,0,0,1
177,Meera,meera79@gmail.com,"Nature, Adventure, Beach",Other,3,0,53,Mumbai,"Nature, Adventure, Beach",1,0,1,1,0
178,Pooja,pooja931@rediffmail.com,"Beach, Adventure",Female,3,1,21,Jaipur,"Beach, Adventure",1,0,0,1,0
179,Reyansh,reyansh831@outlook.com,"City, Historical",Other,3,0,63,Jaipur,"City, Historical",0,1,0,0,1
180,Pooja,pooja537@rediffmail.com,"Nature, Adventure, Beach",Male,2,2,42,Kolkata,"Nature, Adventure, Beach",1,0,1,1,0
181,Rohit,rohit696@rediffmail.com,"Nature, Adventure",Other,3,0,24,Ahmedabad,"Nature, Adventure",0,0,1,1,0
182,Vikram,vikram291@outlook.com,"Nature, Adventure, Beach",Male,2,1,27,Pune,"Nature, Adventure, Beach",1,0,1,1,0
183,Nisha,nisha991@hotmail.com,"Adventure, City",Other,3,0,53,Kolkata,"Adventure, City",0,0,0,1,1
184,Rohit,rohit833@yahoo.com,City,Male,3,0,41,Mumbai,City,0,0,0,0,1
185,Suresh,suresh317@yahoo.com,"Beach, Adventure",Female,5,0,32,Bangalore,"Beach, Adventure",1,0,0,1,0
186,Ishaan,ishaan80@outlook.com,"Beach, Nature",Other,4,2,51,Mumbai,"Beach, Nature",1,0,1,0,0
187,Rohit,rohit898@rediffmail.com,"Adventure, City",Other,2,0,62,Surat,"Adventure, City",0,0,0,1,1
188,Kavya,kavya739@hotmail.com,"Nature, Adventure",Female,2,1,46,Surat,"Nature, Adventure",0,0,1,1,0
189,Meera,meera771@hotmail.com,"City, Nature",Other,2,3,48,Chennai,"City, Nature",0,0,1,0,1
190,Suresh,suresh695@rediffmail.com,Historical,Female,4,1,50,Ahmedabad,Historical,0,1,0,0,0
191,Deepa,deepa990@yahoo.com,"Beach, Adventure",Other,1,0,59,Jaipur,"Beach, Adventure",1,0,0,1,0
192,Suresh,suresh568@gmail.com,City,Male,2,1,35,Jaipur,City,0,0,0,0,1
193,Neha,neha151@hotmail.com,"City, Historical",Male,4,2,19,Kolkata,"City, Historical",0,1,0,0,1
194,Vihaan,vihaan406@rediffmail.com,"City, Adventure",Male,2,0,32,Mumbai,"City, Adventure",0,0,0,1,1
195,Rahul,rahul954@gmail.com,"Adventure, Historical",Male,1,0,48,Bangalore,"Adventure, Historical",0,1,0,1,0
196,Tanvi,tanvi460@rediffmail.com,"Beach, Historical",Male,1,0,27,Ahmedabad,"Beach, Historical",1,1,0,0,0
197,Rekha,rekha541@hotmail.com,"Beach, Nature",Female,2,0,33,Kolkata,"Beach, Nature",1,0,1,0,0
198,Usha,usha469@gmail.com,"Beach, Nature",Female,3,0,50,Surat,"Beach, Nature",1,0,1,0,0
199,Riya,riya736@yahoo.com,"Nature, Historical",Female,1,0,54,Kolkata,"Nature, Historical",0,1,1,0,0
200,Ananya,ananya681@gmail.com,City,Female,1,1,50,Ahmedabad,City,0,0,0,0,1
201,Mohan,mohan21@hotmail.com,Adventure,Male,3,3,34,Mumbai,Adventure,0,0,0,1,0
202,Amit,amit808@gmail.com,"City, Adventure",Male,3,1,55,Pune,"City, Adventure",0,0,0,1,1
203,Krishna,krishna46@outlook.com,"Beach, Historical, Nature",Female,4,0,61,Jaipur,"Beach, Historical, Nature",1,1,1,0,0
204,Tanvi,tanvi647@yahoo.com,"Adventure, City",Male,3,2,20,Hyderabad,"Adventure, City",0,0,0,1,1
205,Diya,diya45@yahoo.com,"Nature, Adventure",Female,5,1,52,Jaipur,"Nature, Adventure",0,0,1,1,0
206,Priya,priya38@yahoo.com,"Nature, Historical",Female,4,0,59,Pune,"Nature, Historical",0,1,1,0,0
207,Sneha,sneha128@outlook.com,Nature,Female,3,2,42,Pune,Nature,0,0,1,0,0
208,Ananya,ananya509@hotmail.com,"City, Adventure",Other,2,0,45,Delhi,"City, Adventure",0,0,0,1,1
209,Lakshmi,lakshmi617@yahoo.com,"Beach, Historical, Nature",Female,2,0,60,Hyderabad,"Beach, Historical, Nature",1,1,1,0,0
210,Nisha,nisha457@rediffmail.com,Nature,Male,3,0,20,Pune,Nature,0,0,1,0,0
211,Usha,usha446@outlook.com,"Nature, Adventure",Male,3,0,50,Bangalore,"Nature, Adventure",0,0,1,1,0
212,Vivaan,vivaan147@rediffmail.com,Historical,Male,1,0,59,Pune,Historical,0,1,0,0,0
213,Suresh,suresh393@rediffmail.com,"Nature, Adventure",Other,2,0,41,Pune,"Nature, Adventure",0,0,1,1,0
214,Pooja,pooja782@gmail.com,"City, Historical, Adventure",Male,3,0,59,Hyderabad,"City, Historical, Adventure",0,1,0,1,1
215,Riya,riya984@gmail.com,"Beach, Historical",Other,2,1,53,Delhi,"Beach, Historical",1,1,0,0,0
216,Priya,priya794@outlook.com,Historical,Male,5,0,49,Chennai,Historical,0,1,0,0,0
217,Ayaan,ayaan139@gmail.com,Historical,Male,4,0,23,Pune,Historical,0,1,0,0,0
218,Amit,amit727@gmail.com,"Beach, Historical, Nature",Other,2,0,28,Bangalore,"Beach, Historical, Nature",1,1,1,0,0
219,Suresh,suresh521@yahoo.com,"Beach, Nature",Male,4,0,49,Mumbai,"Beach, Nature",1,0,1,0,0
220,Suresh,suresh568@rediffmail.com,"City, Adventure",Female,4,1,57,Delhi,"City, Adventure",0,0,0,1,1
221,Arjun,arjun317@hotmail.com,Adventure,Other,2,0,54,Delhi,Adventure,0,0,0,1,0
222,Krishna,krishna996@outlook.com,"City, Historical",Female,2,1,26,Ahmedabad,"City, Historical",0,1,0,0,1
223,Geeta,geeta187@yahoo.com,Nature,Other,5,0,25,Ahmedabad,Nature,0,0,1,0,0
224,Ishaan,ishaan312@yahoo.com,"Historical, Nature",Female,5,0,51,Hyderabad,"Historical, Nature",0,1,1,0,0
225,Sai,sai257@yahoo.com,"Beach, Historical, Nature",Female,1,0,52,Delhi,"Beach, Historical, Nature",1,1,1,0,0
226,Neha,neha657@yahoo.com,"City, Historical, Adventure",Other,2,1,64,Surat,"City, Historical, Adventure",0,1,0,1,1
227,Rohit,rohit863@rediffmail.com,"Nature, Adventure",Male,1,2,54,Hyderabad,"Nature, Adventure",0,0,1,1,0
228,Aadhya,aadhya786@rediffmail.com,Nature,Other,3,0,58,Ahmedabad,Nature,0,0,1,0,0
229,Meera,meera658@outlook.com,Adventure,Male,4,1,37,Jaipur,Adventure,0,0,0,1,0
230,Arjun,arjun706@gmail.com,"Historical, Nature",Female,2,0,39,Surat,"Historical, Nature",0,1,1,0,0
231,Ishaan,ishaan321@outlook.com,"City, Adventure",Female,1,0,53,Delhi,"City, Adventure",0,0,0,1,1
232,Rahul,rahul248@hotmail.com,"Beach, Nature",Female,2,0,21,Hyderabad,"Beach, Nature",1,0,1,0,0
233,Vikram,vikram885@rediffmail.com,Nature,Male,5,2,38,Surat,Nature,0,0,1,0,0
234,Rahul,rahul195@yahoo.com,Adventure,Other,2,2,49,Mumbai,Adventure,0,0,0,1,0
235,Sai,sai968@hotmail.com,City,Female,5,0,40,Mumbai,City,0,0,0,0,1
236,Vihaan,vihaan289@hotmail.com,"Nature, Adventure, Beach",Other,3,0,18,Delhi,"Nature, Adventure, Beach",1,0,1,1,0
237,Lakshmi,lakshmi138@outlook.com,"City, Adventure",Female,2,0,54,Ahmedabad,"City, Adventure",0,0,0,1,1
238,Diya,diya372@rediffmail.com,"Nature, Historical",Male,2,0,53,Hyderabad,"Nature, Historical",0,1,1,0,0
239,Usha,usha697@rediffmail.com,"Beach, Nature",Male,5,0,39,Ahmedabad,"Beach, Nature",1,0,1,0,0
240,Suresh,suresh774@yahoo.com,"Beach, Adventure",Other,3,1,20,Mumbai,"Beach, Adventure",1,0,0,1,0
241,Krishna,krishna731@outlook.com,Adventure,Other,2,1,50,Bangalore,Adventure,0,0,0,1,0
242,Rahul,rahul954@rediffmail.com,"Adventure, Historical",Male,2,1,37,Surat,"Adventure, Historical",0,1,0,1,0
243,Rohit,rohit520@rediffmail.com,"Beach, Historical, Nature",Female,3,0,19,Pune,"Beach, Historical, Nature",1,1,1,0,0
244,Rohit,rohit690@gmail.com,Nature,Other,2,2,62,Mumbai,Nature,0,0,1,0,0
245,Rekha,rekha486@outlook.com,"City, Historical, Adventure",Other,2,0,48,Bangalore,"City, Historical, Adventure",0,1,0,1,1
246,Anjali,anjali645@rediffmail.com,Beach,Male,4,0,54,Delhi,Beach,1,0,0,0,0
247,Diya,diya20@hotmail.com,"Adventure, Historical",Female,2,1,44,Ahmedabad,"Adventure, Historical",0,1,0,1,0
248,Usha,usha943@hotmail.com,"Nature, Adventure",Other,1,0,38,Jaipur,"Nature, Adventure",0,0,1,1,0
249,Anjali,anjali386@outlook.com,"Historical, Nature",Female,5,0,40,Hyderabad,"Historical, Nature",0,1,1,0,0
250,Usha,usha496@yahoo.com,"City, Nature",Female,3,0,37,Hyderabad,"City, Nature",0,0,1,0,1
251,Aadhya,aadhya707@hotmail.com,"Adventure, Historical",Female,2,2,64,Hyderabad,"Adventure, Historical",0,1,0,1,0
252,Meera,meera125@rediffmail.com,"Beach, Historical, Nature",Female,4,0,40,Bangalore,"Beach, Historical, Nature",1,1,1,0,0
253,Meera,meera44@outlook.com,"City, Historical",Female,5,1,65,Jaipur,"City, Historical",0,1,0,0,1
254,Aadhya,aadhya207@rediffmail.com,"Beach, City",Other,3,0,57,Surat,"Beach, City",1,0,0,0,1
255,Riya,riya249@gmail.com,City,Male,3,0,44,Pune,City,0,0,0,0,1
256,Tanvi,tanvi103@yahoo.com,"Beach, Historical",Other,5,0,59,Jaipur,"Beach, Historical",1,1,0,0,0
257,Tanvi,tanvi667@yahoo.com,"Nature, Historical",Female,2,0,23,Surat,"Nature, Historical",0,1,1,0,0
258,Kiara,kiara548@gmail.com,"Historical, Nature",Female,4,0,20,Kolkata,"Historical, Nature",0,1,1,0,0
259,Shruti,shruti191@outlook.com,"Nature, Adventure",Male,2,1,39,Hyderabad,"Nature, Adventure",0,0,1,1,0
260,Divya,divya657@rediffmail.com,City,Female,4,0,50,Jaipur,City,0,0,0,0,1
261,Sneha,sneha198@gmail.com,"Adventure, Historical",Male,3,1,63,Bangalore,"Adventure, Historical",0,1,0,1,0
262,Aarav,aarav755@outlook.com,"Nature, Historical",Other,3,0,57,Kolkata,"Nature, Historical",0,1,1,0,0
263,Lakshmi,lakshmi528@outlook.com,"City, Historical",Female,3,0,26,Jaipur,"City, Historical",0,1,0,0,1
264,Rahul,rahul959@yahoo.com,"Beach, Historical",Female,2,0,35,Pune,"Beach, Historical",1,1,0,0,0
265,Nisha,nisha597@rediffmail.com,"Beach, Historical",Female,3,1,21,Delhi,"Beach, Historical",1,1,0,0,0
266,Divya,divya315@yahoo.com,Beach,Other,3,2,63,Hyderabad,Beach,1,0,0,0,0
267,Ayaan,ayaan655@outlook.com,"City, Adventure",Other,2,3,48,Bangalore,"City, Adventure",0,0,0,1,1
268,Divya,divya766@rediffmail.com,"City, Adventure",Female,3,2,52,Chennai,"City, Adventure",0,0,0,1,1
269,Riya,riya697@rediffmail.com,"City, Historical",Other,2,1,22,Surat,"City, Historical",0,1,0,0,1
270,Ayaan,ayaan64@rediffmail.com,City,Male,3,0,38,Ahmedabad,City,0,0,0,0,1
271,Pooja,pooja120@yahoo.com,"City, Historical, Adventure",Female,1,1,21,Jaipur,"City, Historical, Adventure",0,1,0,1,1
272,Krishna,krishna526@hotmail.com,Historical,Other,1,0,37,Mumbai,Historical,0,1,0,0,0
273,Kiran,kiran261@gmail.com,"Beach, Adventure",Other,1,0,62,Delhi,"Beach, Adventure",1,0,0,1,0
274,Ritika,ritika62@gmail.com,Adventure,Male,2,0,26,Kolkata,Adventure,0,0,0,1,0
275,Suresh,suresh913@hotmail.com,Historical,Female,2,1,60,Ahmedabad,Historical,0,1,0,0,0
276,Krishna,krishna670@outlook.com,"Beach, Nature",Male,5,0,26,Chennai,"Beach, Nature",1,0,1,0,0
277,Aarav,aarav775@gmail.com,"Nature, Historical",Female,3,1,52,Kolkata,"Nature, Historical",0,1,1,0,0
278,Kiara,kiara254@hotmail.com,"City, Adventure",Male,2,2,64,Delhi,"City, Adventure",0,0,0,1,1
279,Aditya,aditya829@hotmail.com,"Nature, Adventure, Beach",Male,2,0,56,Mumbai,"Nature, Adventure, Beach",1,0,1,1,0
280,Pooja,pooja613@gmail.com,"City, Nature",Other,1,0,52,Chennai,"City, Nature",0,0,1,0,1
281,Vihaan,vihaan144@rediffmail.com,"Nature, Historical",Male,4,1,38,Surat,"Nature, Historical",0,1,1,0,0
282,Rekha,rekha792@outlook.com,"City, Nature",Female,4,3,51,Chennai,"City, Nature",0,0,1,0,1
283,Deepa,deepa308@outlook.com,"Nature, Adventure",Other,5,2,29,Kolkata,"Nature, Adventure",0,0,1,1,0
284,Mohan,mohan508@gmail.com,"City, Adventure",Other,3,2,38,Kolkata,"City, Adventure",0,0,0,1,1
285,Deepa,deepa153@outlook.com,Beach,Male,4,0,32,Hyderabad,Beach,1,0,0,0,0
286,Ishaan,ishaan826@hotmail.com,"Nature, Adventure",Other,2,0,51,Bangalore,"Nature, Adventure",0,0,1,1,0
287,Vikram,vikram249@outlook.com,"Beach, Adventure",Female,3,2,41,Delhi,"Beach, Adventure",1,0,0,1,0
288,Ritika,ritika742@yahoo.com,"Nature, Adventure",Female,2,1,20,Delhi,"Nature, Adventure",0,0,1,1,0
289,Diya,diya824@rediffmail.com,"Beach, Historical, Nature",Male,2,2,39,Hyderabad,"Beach, Historical, Nature",1,1,1,0,0
290,Aarav,aarav217@yahoo.com,"Beach, Nature",Other,5,0,33,Surat,"Beach, Nature",1,0,1,0,0
291,Aadhya,aadhya407@yahoo.com,"Beach, Historical, Nature",Female,4,0,52,Pune,"Beach, Historical, Nature",1,1,1,0,0
292,Nisha,nisha268@outlook.com,City,Female,2,2,64,Jaipur,City,0,0,0,0,1
293,Rahul,rahul937@yahoo.com,"City, Adventure",Female,2,1,32,Bangalore,"City, Adventure",0,0,0,1,1
294,Vivaan,vivaan268@rediffmail.com,"City, Historical, Adventure",Other,3,0,30,Pune,"City, Historical, Adventure",0,1,0,1,1
295,Kiara,kiara389@rediffmail.com,"City, Nature",Female,3,2,39,Hyderabad,"City, Nature",0,0,1,0,1
296,Shruti,shruti990@hotmail.com,Historical,Male,3,0,26,Ahmedabad,Historical,0,1,0,0,0
297,Shruti,shruti189@rediffmail.com,"Nature, Adventure",Other,1,2,60,Mumbai,"Nature, Adventure",0,0,1,1,0
298,Aarav,aarav423@yahoo.com,"City, Nature",Male,3,0,50,Jaipur,"City, Nature",0,0,1,0,1
299,Suresh,suresh62@rediffmail.com,"Nature, Adventure, Beach",Female,3,0,52,Ahmedabad,"Nature, Adventure, Beach",1,0,1,1,0
300,Deepa,deepa13@gmail.com,City,Other,2,3,19,Ahmedabad,City,0,0,0,0,1
301,Lakshmi,lakshmi826@yahoo.com,"Beach, Nature",Male,3,0,57,Ahmedabad,"Beach, Nature",1,0,1,0,0
302,Priya,priya835@outlook.com,"Beach, City",Female,1,3,47,Surat,"Beach, City",1,0,0,0,1
303,Riya,riya714@yahoo.com,"Nature, Historical",Other,4,0,59,Mumbai,"Nature, Historical",0,1,1,0,0
304,Sai,sai416@hotmail.com,Beach,Other,2,1,62,Bangalore,Beach,1,0,0,0,0
305,Sai,sai512@hotmail.com,"Adventure, Historical",Other,5,3,51,Mumbai,"Adventure, Historical",0,1,0,1,0
306,Kiara,kiara217@rediffmail.com,Adventure,Female,1,0,35,Ahmedabad,Adventure,0,0,0,1,0
307,Sunita,sunita674@gmail.com,"Historical, Nature",Female,1,0,27,Kolkata,"Historical, Nature",0,1,1,0,0
308,Arjun,arjun307@yahoo.com,"City, Historical, Adventure",Male,3,2,61,Ahmedabad,"City, Historical, Adventure",0,1,0,1,1
309,Rohit,rohit394@yahoo.com,"City, Historical",Other,3,0,24,Kolkata,"City, Historical",0,1,0,0,1
310,Kiara,kiara859@gmail.com,"Adventure, Historical",Other,4,3,43,Pune,"Adventure, Historical",0,1,0,1,0
311,Vivaan,vivaan650@outlook.com,Historical,Female,2,1,42,Kolkata,Historical,0,1,0,0,0
312,Ananya,ananya697@rediffmail.com,Beach,Male,4,0,33,Delhi,Beach,1,0,0,0,0
313,Sai,sai275@yahoo.com,Beach,Other,4,0,42,Pune,Beach,1,0,0,0,0
314,Suresh,suresh110@gmail.com,"Beach, Historical",Female,2,1,24,Bangalore,"Beach, Historical",1,1,0,0,0
315,Sai,sai192@hotmail.com,Historical,Other,3,0,19,Delhi,Historical,0,1,0,0,0
316,Amit,amit568@gmail.com,"Nature, Adventure, Beach",Other,4,2,18,Hyderabad,"Nature, Adventure, Beach",1,0,1,1,0
317,Deepa,deepa398@gmail.com,"Beach, Historical, Nature",Male,3,0,42,Bangalore,"Beach, Historical, Nature",1,1,1,0,0
318,Krishna,krishna276@outlook.com,"Beach, City",Female,1,0,35,Kolkata,"Beach, City",1,0,0,0,1
319,Nisha,nisha496@gmail.com,"City, Adventure",Female,5,1,49,Surat,"City, Adventure",0,0,0,1,1
320,Usha,usha201@hotmail.com,"Beach, Nature",Male,2,2,39,Surat,"Beach, Nature",1,0,1,0,0
321,Vikram,vikram824@outlook.com,Historical,Female,2,2,59,Surat,Historical,0,1,0,0,0
322,Krishna,krishna308@outlook.com,"Nature, Adventure, Beach",Other,2,0,43,Pune,"Nature, Adventure, Beach",1,0,1,1,0
323,Meera,meera753@hotmail.com,"City, Historical, Adventure",Male,2,0,43,Pune,"City, Historical, Adventure",0,1,0,1,1
324,Ayaan,ayaan955@rediffmail.com,"Beach, Adventure",Other,5,0,53,Mumbai,"Beach, Adventure",1,0,0,1,0
325,Divya,divya966@yahoo.com,Historical,Female,4,0,44,Jaipur,Historical,0,1,0,0,0
326,Krishna,krishna649@outlook.com,"City, Nature",Female,3,1,42,Delhi,"City, Nature",0,0,1,0,1
327,Pooja,pooja613@hotmail.com,"City, Historical, Adventure",Female,3,2,62,Kolkata,"City, Historical, Adventure",0,1,0,1,1
328,Ritika,ritika38@outlook.com,"Beach, Historical, Nature",Other,3,0,33,Pune,"Beach, Historical, Nature",1,1,1,0,0
329,Kavya,kavya663@rediffmail.com,"Nature, Adventure",Other,5,1,43,Pune,"Nature, Adventure",0,0,1,1,0
330,Lakshmi,lakshmi109@gmail.com,"Beach, Nature",Female,2,1,53,Surat,"Beach, Nature",1,0,1,0,0
331,Sunita,sunita227@hotmail.com,"City, Adventure",Female,2,1,62,Ahmedabad,"City, Adventure",0,0,0,1,1
332,Ishaan,ishaan354@gmail.com,Adventure,Male,2,2,23,Delhi,Adventure,0,0,0,1,0
333,Ishaan,ishaan357@outlook.com,"Adventure, Historical",Female,4,1,40,Jaipur,"Adventure, Historical",0,1,0,1,0
334,Reyansh,reyansh449@hotmail.com,"Adventure, Historical",Male,2,2,25,Mumbai,"Adventure, Historical",0,1,0,1,0
335,Rohit,rohit664@gmail.com,"Historical, Nature",Other,2,0,28,Pune,"Historical, Nature",0,1,1,0,0
336,Mohan,mohan437@hotmail.com,"City, Nature",Female,3,0,60,Kolkata,"City, Nature",0,0,1,0,1
337,Kiran,kiran30@rediffmail.com,"Beach, Adventure",Female,3,0,63,Chennai,"Beach, Adventure",1,0,0,1,0
338,Aadhya,aadhya286@gmail.com,"City, Historical, Adventure",Male,4,1,41,Pune,"City, Historical, Adventure",0,1,0,1,1
339,Diya,diya469@gmail.com,"Beach, City",Other,4,1,58,Pune,"Beach, City",1,0,0,0,1
340,Rekha,rekha398@rediffmail.com,Beach,Other,1,0,47,Surat,Beach,1,0,0,0,0
341,Ananya,ananya834@outlook.com,"Nature, Adventure, Beach",Other,1,0,25,Chennai,"Nature, Adventure, Beach",1,0,1,1,0
342,Nisha,nisha120@yahoo.com,"City, Adventure",Other,1,0,56,Bangalore,"City, Adventure",0,0,0,1,1
343,Sunita,sunita393@hotmail.com,"Historical, Nature",Female,3,1,59,Bangalore,"Historical, Nature",0,1,1,0,0
344,Mohan,mohan171@hotmail.com,"Nature, Historical",Male,2,2,57,Mumbai,"Nature, Historical",0,1,1,0,0
345,Amit,amit975@gmail.com,Adventure,Male,2,0,53,Ahmedabad,Adventure,0,0,0,1,0
346,Shruti,shruti419@hotmail.com,Nature,Other,4,0,23,Surat,Nature,0,0,1,0,0
347,Vivaan,vivaan815@yahoo.com,"Nature, Historical",Male,2,1,28,Jaipur,"Nature, Historical",0,1,1,0,0
348,Sunita,sunita761@hotmail.com,"Beach, Historical, Nature",Other,1,0,52,Pune,"Beach, Historical, Nature",1,1,1,0,0
349,Ritika,ritika843@gmail.com,Historical,Other,2,0,65,Chennai,Historical,0,1,0,0,0
350,Nisha,nisha896@gmail.com,Historical,Female,2,2,46,Delhi,Historical,0,1,0,0,0
351,Riya,riya215@rediffmail.com,"City, Adventure",Other,3,0,57,Bangalore,"City, Adventure",0,0,0,1,1
352,Aadhya,aadhya834@yahoo.com,"Nature, Adventure",Other,2,0,52,Bangalore,"Nature, Adventure",0,0,1,1,0
353,Rahul,rahul721@outlook.com,"Nature, Historical",Other,2,2,61,Delhi,"Nature, Historical",0,1,1,0,0
354,Krishna,krishna986@hotmail.com,"Nature, Adventure",Female,4,0,26,Chennai,"Nature, Adventure",0,0,1,1,0
355,Ishaan,ishaan729@outlook.com,"City, Nature",Other,2,0,58,Hyderabad,"City, Nature",0,0,1,0,1
356,Deepa,deepa385@hotmail.com,"City, Historical",Other,4,1,43,Ahmedabad,"City, Historical",0,1,0,0,1
357,Sneha,sneha712@outlook.com,Historical,Female,2,0,64,Delhi,Historical,0,1,0,0,0
358,Divya,divya651@outlook.com,"City, Historical",Other,2,3,31,Jaipur,"City, Historical",0,1,0,0,1
359,Sneha,sneha331@outlook.com,"Adventure, Historical",Other,3,1,49,Pune,"Adventure, Historical",0,1,0,1,0
360,Vihaan,vihaan48@gmail.com,Historical,Male,1,2,46,Jaipur,Historical,0,1,0,0,0
361,Aarav,aarav982@hotmail.com,"Beach, Adventure",Other,5,2,37,Bangalore,"Beach, Adventure",1,0,0,1,0
362,Sneha,sneha96@outlook.com,"Beach, City",Male,2,2,28,Mumbai,"Beach, City",1,0,0,0,1
363,Kiran,kiran641@outlook.com,"City, Nature",Female,3,1,18,Chennai,"City, Nature",0,0,1,0,1
364,Tanvi,tanvi80@yahoo.com,"City, Historical, Adventure",Male,3,0,18,Pune,"City, Historical, Adventure",0,1,0,1,1
365,Ayaan,ayaan881@hotmail.com,"Adventure, City",Female,1,0,64,Delhi,"Adventure, City",0,0,0,1,1
366,Reyansh,reyansh321@outlook.com,"Nature, Historical",Male,2,2,26,Bangalore,"Nature, Historical",0,1,1,0,0
367,Arjun,arjun544@rediffmail.com,"Beach, Historical",Other,3,0,64,Chennai,"Beach, Historical",1,1,0,0,0
368,Ishaan,ishaan942@hotmail.com,"Nature, Adventure, Beach",Other,2,0,24,Bangalore,"Nature, Adventure, Beach",1,0,1,1,0
369,Ayaan,ayaan604@hotmail.com,"City, Adventure",Female,2,0,35,Delhi,"City, Adventure",0,0,0,1,1
370,Riya,riya567@rediffmail.com,"Nature, Adventure, Beach",Other,3,1,62,Mumbai,"Nature, Adventure, Beach",1,0,1,1,0
371,Nisha,nisha211@rediffmail.com,"Nature, Adventure, Beach",Other,2,0,59,Mumbai,"Nature, Adventure, Beach",1,0,1,1,0
372,Riya,riya507@hotmail.com,"Beach, Nature",Male,2,1,51,Mumbai,"Beach, Nature",1,0,1,0,0
373,Suresh,suresh957@outlook.com,"Adventure, City",Female,4,1,41,Ahmedabad,"Adventure, City",0,0,0,1,1
374,Ananya,ananya782@hotmail.com,"City, Historical",Male,3,0,31,Mumbai,"City, Historical",0,1,0,0,1
375,Vihaan,vihaan972@hotmail.com,City,Female,3,1,44,Kolkata,City,0,0,0,0,1
376,Kiran,kiran85@rediffmail.com,"Beach, Historical, Nature",Other,2,0,23,Ahmedabad,"Beach, Historical, Nature",1,1,1,0,0
377,Aadhya,aadhya998@yahoo.com,"Beach, Historical, Nature",Female,2,1,59,Delhi,"Beach, Historical, Nature",1,1,1,0,0
378,Nisha,nisha716@hotmail.com,"City, Nature",Male,2,2,25,Jaipur,"City, Nature",0,0,1,0,1
379,Usha,usha624@gmail.com,"Nature, Historical",Other,3,1,25,Mumbai,"Nature, Historical",0,1,1,0,0
380,Krishna,krishna719@gmail.com,"Historical, Nature",Female,5,1,64,Hyderabad,"Historical, Nature",0,1,1,0,0
381,Kavya,kavya381@yahoo.com,"Beach, City",Other,4,1,19,Pune,"Beach, City",1,0,0,0,1
382,Lakshmi,lakshmi279@rediffmail.com,"City, Historical",Female,3,1,22,Jaipur,"City, Historical",0,1,0,0,1
383,Divya,divya524@outlook.com,"Nature, Adventure",Female,4,0,28,Hyderabad,"Nature, Adventure",0,0,1,1,0
384,Reyansh,reyansh916@rediffmail.com,"Beach, Nature",Male,3,0,18,Chennai,"Beach, Nature",1,0,1,0,0
385,Aditya,aditya484@outlook.com,Beach,Male,2,3,20,Ahmedabad,Beach,1,0,0,0,0
386,Deepa,deepa230@outlook.com,"City, Nature",Female,5,0,22,Surat,"City, Nature",0,0,1,0,1
387,Suresh,suresh123@rediffmail.com,"Nature, Adventure",Male,2,1,20,Kolkata,"Nature, Adventure",0,0,1,1,0
388,Arjun,arjun899@hotmail.com,"Nature, Historical",Female,2,1,18,Pune,"Nature, Historical",0,1,1,0,0
389,Diya,diya299@rediffmail.com,"Nature, Historical",Other,3,0,55,Jaipur,"Nature, Historical",0,1,1,0,0
390,Diya,diya751@rediffmail.com,"City, Nature",Male,1,0,32,Ahmedabad,"City, Nature",0,0,1,0,1
391,Amit,amit652@gmail.com,"Adventure, Historical",Male,4,0,65,Hyderabad,"Adventure, Historical",0,1,0,1,0
392,Reyansh,reyansh211@rediffmail.com,"City, Nature",Female,2,0,27,Hyderabad,"City, Nature",0,0,1,0,1
393,Sai,sai45@yahoo.com,City,Female,3,0,65,Delhi,City,0,0,0,0,1
394,Geeta,geeta98@rediffmail.com,"Adventure, City",Other,4,0,54,Mumbai,"Adventure, City",0,0,0,1,1
395,Lakshmi,lakshmi679@yahoo.com,"City, Nature",Female,2,0,43,Pune,"City, Nature",0,0,1,0,1
396,Rahul,rahul464@outlook.com,"City, Nature",Male,5,0,55,Delhi,"City, Nature",0,0,1,0,1
397,Ishaan,ishaan109@yahoo.com,Historical,Female,2,0,40,Chennai,Historical,0,1,0,0,0
398,Pooja,pooja316@hotmail.com,"Beach, City",Male,1,2,37,Surat,"Beach, City",1,0,0,0,1
399,Aditya,aditya221@outlook.com,"Adventure, City",Male,3,3,43,Ahmedabad,"Adventure, City",0,0,0,1,1
400,Vihaan,vihaan694@outlook.com,"Beach, City",Male,1,0,46,Ahmedabad,"Beach, City",1,0,0,0,1
401,Mohan,mohan256@gmail.com,Historical,Male,4,0,18,Mumbai,Historical,0,1,0,0,0
402,Kiara,kiara134@yahoo.com,Beach,Female,3,2,23,Surat,Beach,1,0,0,0,0
403,Geeta,geeta266@gmail.com,"Beach, Historical",Male,2,1,26,Delhi,"Beach, Historical",1,1,0,0,0
404,Rohit,rohit126@gmail.com,Historical,Male,2,1,64,Kolkata,Historical,0,1,0,0,0
405,Shruti,shruti31@hotmail.com,Nature,Male,2,2,35,Hyderabad,Nature,0,0,1,0,0
406,Pooja,pooja905@yahoo.com,"Nature, Adventure",Other,3,0,36,Jaipur,"Nature, Adventure",0,0,1,1,0
407,Deepa,deepa904@rediffmail.com,Adventure,Male,1,0,44,Chennai,Adventure,0,0,0,1,0
408,Anjali,anjali256@rediffmail.com,"Beach, Historical",Female,4,0,52,Jaipur,"Beach, Historical",1,1,0,0,0
409,Amit,amit935@rediffmail.com,City,Female,2,0,38,Surat,City,0,0,0,0,1
410,Kiara,kiara31@outlook.com,"Nature, Adventure",Female,3,1,32,Bangalore,"Nature, Adventure",0,0,1,1,0
411,Reyansh,reyansh254@yahoo.com,"Beach, City",Other,4,2,21,Chennai,"Beach, City",1,0,0,0,1
412,Sunita,sunita867@hotmail.com,"City, Adventure",Male,2,1,65,Pune,"City, Adventure",0,0,0,1,1
413,Geeta,geeta29@outlook.com,"City, Historical, Adventure",Other,1,2,49,Ahmedabad,"City, Historical, Adventure",0,1,0,1,1
414,Nisha,nisha180@hotmail.com,"Nature, Adventure",Male,1,1,19,Ahmedabad,"Nature, Adventure",0,0,1,1,0
415,Tanvi,tanvi1@outlook.com,"Nature, Adventure, Beach",Male,4,0,29,Pune,"Nature, Adventure, Beach",1,0,1,1,0
416,Vihaan,vihaan23@yahoo.com,"City, Historical, Adventure",Other,5,1,51,Pune,"City, Historical, Adventure",0,1,0,1,1
417,Arjun,arjun383@hotmail.com,"City, Historical, Adventure",Male,2,0,28,Kolkata,"City, Historical, Adventure",0,1,0,1,1
418,Shruti,shruti665@outlook.com,"Historical, Nature",Other,5,1,57,Pune,"Historical, Nature",0,1,1,0,0
419,Kiara,kiara682@rediffmail.com,"Historical, Nature",Female,2,1,26,Bangalore,"Historical, Nature",0,1,1,0,0
420,Aarav,aarav972@rediffmail.com,Beach,Other,1,1,57,Chennai,Beach,1,0,0,0,0
421,Sunita,sunita107@hotmail.com,"Adventure, City",Female,3,0,38,Bangalore,"Adventure, City",0,0,0,1,1
422,Sai,sai842@outlook.com,Historical,Male,2,0,22,Pune,Historical,0,1,0,0,0
423,Priya,priya806@gmail.com,"Beach, Historical",Male,2,1,28,Kolkata,"Beach, Historical",1,1,0,0,0
424,Shruti,shruti903@hotmail.com,"City, Adventure",Other,2,2,54,Chennai,"City, Adventure",0,0,0,1,1
425,Kavya,kavya463@gmail.com,"Nature, Adventure",Female,1,0,24,Delhi,"Nature, Adventure",0,0,1,1,0
426,Rohit,rohit175@hotmail.com,"Historical, Nature",Other,1,2,23,Pune,"Historical, Nature",0,1,1,0,0
427,Rekha,rekha629@hotmail.com,"Beach, Historical",Female,5,0,45,Bangalore,"Beach, Historical",1,1,0,0,0
428,Vihaan,vihaan104@outlook.com,"Beach, Adventure",Male,2,1,64,Ahmedabad,"Beach, Adventure",1,0,0,1,0
429,Priya,priya677@outlook.com,"Nature, Historical",Male,1,0,53,Jaipur,"Nature, Historical",0,1,1,0,0
430,Ishaan,ishaan56@outlook.com,"Beach, Historical",Female,1,2,58,Surat,"Beach, Historical",1,1,0,0,0
431,Tanvi,tanvi205@gmail.com,"Beach, Historical",Male,2,0,23,Jaipur,"Beach, Historical",1,1,0,0,0
432,Ayaan,ayaan316@hotmail.com,Adventure,Female,4,0,59,Ahmedabad,Adventure,0,0,0,1,0
433,Vikram,vikram190@outlook.com,Beach,Female,2,0,46,Jaipur,Beach,1,0,0,0,0
434,Priya,priya232@outlook.com,"City, Historical, Adventure",Male,2,1,24,Delhi,"City, Historical, Adventure",0,1,0,1,1
435,Amit,amit828@rediffmail.com,Nature,Other,2,0,42,Ahmedabad,Nature,0,0,1,0,0
436,Deepa,deepa989@rediffmail.com,Adventure,Other,4,0,23,Kolkata,Adventure,0,0,0,1,0
437,Aditya,aditya515@rediffmail.com,City,Other,3,1,25,Jaipur,City,0,0,0,0,1
438,Ananya,ananya972@yahoo.com,"Beach, Adventure",Male,1,0,61,Kolkata,"Beach, Adventure",1,0,0,1,0
439,Diya,diya843@yahoo.com,"Nature, Adventure, Beach",Female,2,1,22,Delhi,"Nature, Adventure, Beach",1,0,1,1,0
440,Vikram,vikram570@hotmail.com,"Beach, Historical, Nature",Female,4,1,18,Surat,"Beach, Historical, Nature",1,1,1,0,0
441,Geeta,geeta536@hotmail.com,"Beach, Nature",Female,1,1,55,Delhi,"Beach, Nature",1,0,1,0,0
442,Reyansh,reyansh577@gmail.com,"Nature, Historical",Other,4,2,34,Kolkata,"Nature, Historical",0,1,1,0,0
443,Shruti,shruti586@rediffmail.com,Adventure,Male,2,0,57,Surat,Adventure,0,0,0,1,0
444,Kiran,kiran40@hotmail.com,"Adventure, Historical",Other,2,1,35,Pune,"Adventure, Historical",0,1,0,1,0
445,Vivaan,vivaan346@outlook.com,"Nature, Historical",Female,4,2,61,Delhi,"Nature, Historical",0,1,1,0,0
446,Kiara,kiara138@outlook.com,Historical,Female,2,0,59,Delhi,Historical,0,1,0,0,0
447,Diya,diya453@yahoo.com,Nature,Other,2,1,41,Mumbai,Nature,0,0,1,0,0
448,Neha,neha811@yahoo.com,"City, Historical",Female,3,0,51,Surat,"City, Historical",0,1,0,0,1
449,Vivaan,vivaan178@yahoo.com,"Beach, Adventure",Male,2,0,41,Chennai,"Beach, Adventure",1,0,0,1,0
450,Sneha,sneha378@hotmail.com,City,Female,3,0,19,Chennai,City,0,0,0,0,1
451,Suresh,suresh501@rediffmail.com,Historical,Male,5,0,53,Pune,Historical,0,1,0,0,0
452,Amit,amit168@outlook.com,"City, Historical",Female,1,0,54,Chennai,"City, Historical",0,1,0,0,1
453,Kiara,kiara663@yahoo.com,"Beach, Adventure",Female,3,1,61,Mumbai,"Beach, Adventure",1,0,0,1,0
454,Tanvi,tanvi934@yahoo.com,"Historical, Nature",Other,4,0,56,Hyderabad,"Historical, Nature",0,1,1,0,0
455,Sneha,sneha434@hotmail.com,"City, Adventure",Female,2,0,61,Ahmedabad,"City, Adventure",0,0,0,1,1
456,Usha,usha407@rediffmail.com,"Beach, Nature",Male,3,1,41,Ahmedabad,"Beach, Nature",1,0,1,0,0
457,Rekha,rekha624@outlook.com,"Nature, Historical",Other,1,0,35,Pune,"Nature, Historical",0,1,1,0,0
458,Sneha,sneha268@outlook.com,"Beach, Adventure",Male,3,0,21,Surat,"Beach, Adventure",1,0,0,1,0
459,Kiran,kiran677@outlook.com,"Adventure, City",Other,1,0,36,Hyderabad,"Adventure, City",0,0,0,1,1
460,Deepa,deepa415@hotmail.com,"Nature, Adventure",Other,3,1,30,Pune,"Nature, Adventure",0,0,1,1,0
461,Kiara,kiara703@rediffmail.com,Adventure,Other,2,0,28,Ahmedabad,Adventure,0,0,0,1,0
462,Ananya,ananya301@gmail.com,Adventure,Male,3,1,53,Bangalore,Adventure,0,0,0,1,0
463,Rohit,rohit671@gmail.com,"City, Nature",Female,2,2,44,Pune,"City, Nature",0,0,1,0,1
464,Suresh,suresh267@rediffmail.com,"Nature, Historical",Female,4,0,58,Surat,"Nature, Historical",0,1,1,0,0
465,Geeta,geeta967@rediffmail.com,"City, Historical",Female,4,1,61,Kolkata,"City, Historical",0,1,0,0,1
466,Anjali,anjali306@hotmail.com,"Nature, Adventure",Male,1,0,44,Surat,"Nature, Adventure",0,0,1,1,0
467,Divya,divya147@outlook.com,"Historical, Nature",Male,2,1,29,Pune,"Historical, Nature",0,1,1,0,0
468,Vihaan,vihaan5@hotmail.com,"Beach, City",Male,4,0,28,Jaipur,"Beach, City",1,0,0,0,1
469,Sai,sai133@rediffmail.com,Nature,Other,2,0,48,Kolkata,Nature,0,0,1,0,0
470,Aarav,aarav39@rediffmail.com,"Beach, Adventure",Other,2,0,38,Ahmedabad,"Beach, Adventure",1,0,0,1,0
471,Diya,diya19@gmail.com,"City, Nature",Male,3,0,26,Delhi,"City, Nature",0,0,1,0,1
472,Vikram,vikram516@rediffmail.com,"Nature, Historical",Male,1,0,36,Jaipur,"Nature, Historical",0,1,1,0,0
473,Anjali,anjali611@rediffmail.com,"Adventure, Historical",Female,4,3,39,Jaipur,"Adventure, Historical",0,1,0,1,0
474,Amit,amit769@yahoo.com,"Historical, Nature",Female,1,0,26,Chennai,"Historical, Nature",0,1,1,0,0
475,Vivaan,vivaan604@rediffmail.com,"Historical, Nature",Male,2,1,20,Kolkata,"Historical, Nature",0,1,1,0,0
476,Priya,priya790@rediffmail.com,"Nature, Adventure, Beach",Male,3,0,24,Mumbai,"Nature, Adventure, Beach",1,0,1,1,0
477,Vihaan,vihaan707@gmail.com,Nature,Female,2,1,48,Bangalore,Nature,0,0,1,0,0
478,Aadhya,aadhya712@gmail.com,"Nature, Historical",Female,3,1,35,Surat,"Nature, Historical",0,1,1,0,0
479,Rekha,rekha718@yahoo.com,Nature,Male,3,1,36,Delhi,Nature,0,0,1,0,0
480,Reyansh,reyansh510@yahoo.com,"Nature, Adventure, Beach",Male,4,2,30,Pune,"Nature, Adventure, Beach",1,0,1,1,0
481,Deepa,deepa303@yahoo.com,"Nature, Adventure",Other,2,0,48,Pune,"Nature, Adventure",0,0,1,1,0
482,Riya,riya3@gmail.com,"City, Historical",Male,4,1,27,Delhi,"City, Historical",0,1,0,0,1
483,Neha,neha77@gmail.com,"Beach, City",Other,2,3,36,Hyderabad,"Beach, City",1,0,0,0,1
484,Divya,divya52@gmail.com,"Historical, Nature",Male,4,0,61,Pune,"Historical, Nature",0,1,1,0,0
485,Lakshmi,lakshmi757@gmail.com,"Beach, Nature",Male,1,0,59,Bangalore,"Beach, Nature",1,0,1,0,0
486,Rohit,rohit367@hotmail.com,"Nature, Adventure, Beach",Female,4,0,39,Bangalore,"Nature, Adventure, Beach",1,0,1,1,0
487,Ayaan,ayaan411@hotmail.com,Historical,Female,4,1,48,Kolkata,Historical,0,1,0,0,0
488,Kavya,kavya116@yahoo.com,"Nature, Adventure",Male,1,2,48,Surat,"Nature, Adventure",0,0,1,1,0
489,Pooja,pooja186@rediffmail.com,Beach,Female,3,2,64,Bangalore,Beach,1,0,0,0,0
490,Tanvi,tanvi943@hotmail.com,"Beach, Nature",Female,2,0,59,Pune,"Beach, Nature",1,0,1,0,0
491,Aarav,aarav722@rediffmail.com,"City, Historical, Adventure",Other,3,3,60,Pune,"City, Historical, Adventure",0,1,0,1,1
492,Anjali,anjali536@rediffmail.com,"Beach, Nature",Female,3,0,40,Kolkata,"Beach, Nature",1,0,1,0,0
493,Ishaan,ishaan860@rediffmail.com,"Nature, Adventure, Beach",Male,1,2,50,Jaipur,"Nature, Adventure, Beach",1,0,1,1,0
494,Shruti,shruti891@yahoo.com,"City, Historical",Female,2,0,35,Mumbai,"City, Historical",0,1,0,0,1
495,Neha,neha229@rediffmail.com,Beach,Female,4,0,46,Surat,Beach,1,0,0,0,0
496,Pooja,pooja91@hotmail.com,Historical,Female,1,0,59,Mumbai,Historical,0,1,0,0,0
497,Reyansh,reyansh414@hotmail.com,"Nature, Adventure",Other,3,2,56,Surat,"Nature, Adventure",0,0,1,1,0
498,Nisha,nisha912@rediffmail.com,"Beach, Historical, Nature",Male,3,0,39,Pune,"Beach, Historical, Nature",1,1,1,0,0
499,Vihaan,vihaan837@yahoo.com,Historical,Female,3,1,48,Pune,Historical,0,1,0,0,0
500,Pooja,pooja117@gmail.com,"City, Nature",Male,2,2,36,Ahmedabad,"City, Nature",0,0,1,0,1
501,Anjali,anjali383@gmail.com,"Nature, Adventure",Male,2,2,65,Kolkata,"Nature, Adventure",0,0,1,1,0
502,Reyansh,reyansh261@rediffmail.com,"Beach, Adventure",Male,1,2,31,Jaipur,"Beach, Adventure",1,0,0,1,0
503,Diya,diya734@outlook.com,"Beach, Nature",Female,1,1,61,Surat,"Beach, Nature",1,0,1,0,0
504,Ayaan,ayaan791@hotmail.com,Historical,Other,3,1,49,Mumbai,Historical,0,1,0,0,0
505,Anjali,anjali754@gmail.com,"Beach, Historical, Nature",Female,4,0,50,Bangalore,"Beach, Historical, Nature",1,1,1,0,0
506,Geeta,geeta178@yahoo.com,"Beach, Nature",Female,3,1,38,Ahmedabad,"Beach, Nature",1,0,1,0,0
507,Vikram,vikram429@rediffmail.com,"City, Nature",Female,2,0,36,Jaipur,"City, Nature",0,0,1,0,1
508,Krishna,krishna142@hotmail.com,"Nature, Adventure, Beach",Other,4,1,62,Ahmedabad,"Nature, Adventure, Beach",1,0,1,1,0
509,Rahul,rahul729@rediffmail.com,"Beach, Adventure",Male,2,1,61,Pune,"Beach, Adventure",1,0,0,1,0
510,Krishna,krishna728@yahoo.com,City,Other,3,0,25,Pune,City,0,0,0,0,1
511,Mohan,mohan492@rediffmail.com,"City, Historical, Adventure",Other,3,1,52,Hyderabad,"City, Historical, Adventure",0,1,0,1,1
512,Lakshmi,lakshmi828@gmail.com,City,Male,1,0,60,Mumbai,City,0,0,0,0,1
513,Diya,diya274@yahoo.com,"Nature, Historical",Other,2,2,62,Hyderabad,"Nature, Historical",0,1,1,0,0
514,Aadhya,aadhya772@rediffmail.com,"Nature, Adventure",Female,4,0,61,Ahmedabad,"Nature, Adventure",0,0,1,1,0
515,Kiara,kiara761@rediffmail.com,Beach,Male,3,2,62,Hyderabad,Beach,1,0,0,0,0
516,Vihaan,vihaan949@hotmail.com,Beach,Female,5,3,38,Ahmedabad,Beach,1,0,0,0,0
517,Vihaan,vihaan14@outlook.com,"Beach, Adventure",Other,4,2,46,Chennai,"Beach, Adventure",1,0,0,1,0
518,Suresh,suresh774@rediffmail.com,"Beach, Historical, Nature",Other,3,1,30,Hyderabad,"Beach, Historical, Nature",1,1,1,0,0
519,Pooja,pooja182@gmail.com,"Historical, Nature",Male,3,0,20,Kolkata,"Historical, Nature",0,1,1,0,0
520,Sneha,sneha570@outlook.com,"Adventure, City",Male,3,0,39,Jaipur,"Adventure, City",0,0,0,1,1
521,Ishaan,ishaan41@yahoo.com,"Adventure, Historical",Other,1,2,57,Hyderabad,"Adventure, Historical",0,1,0,1,0
522,Shruti,shruti809@rediffmail.com,"Beach, Historical, Nature",Female,1,1,51,Chennai,"Beach, Historical, Nature",1,1,1,0,0
523,Ananya,ananya534@gmail.com,City,Male,2,1,23,Pune,City,0,0,0,0,1
524,Kiara,kiara905@yahoo.com,"Adventure, Historical",Female,2,0,57,Ahmedabad,"Adventure, Historical",0,1,0,1,0
525,Tanvi,tanvi575@gmail.com,"Beach, Nature",Other,2,0,59,Surat,"Beach, Nature",1,0,1,0,0
526,Usha,usha250@gmail.com,"Adventure, Historical",Female,5,2,42,Hyderabad,"Adventure, Historical",0,1,0,1,0
527,Ritika,ritika742@outlook.com,"Beach, Historical",Other,4,0,50,Jaipur,"Beach, Historical",1,1,0,0,0
528,Shruti,shruti45@outlook.com,"Beach, Adventure",Female,3,2,28,Ahmedabad,"Beach, Adventure",1,0,0,1,0
529,Ritika,ritika8@gmail.com,"Beach, Adventure",Other,3,0,61,Kolkata,"Beach, Adventure",1,0,0,1,0
530,Reyansh,reyansh211@rediffmail.com,Nature,Other,4,0,61,Bangalore,Nature,0,0,1,0,0
531,Vivaan,vivaan471@outlook.com,"Nature, Adventure",Male,1,0,34,Ahmedabad,"Nature, Adventure",0,0,1,1,0
532,Arjun,arjun589@yahoo.com,"Beach, City",Female,2,1,45,Pune,"Beach, City",1,0,0,0,1
533,Vivaan,vivaan399@gmail.com,"Beach, Historical, Nature",Male,3,1,65,Surat,"Beach, Historical, Nature",1,1,1,0,0
534,Aditya,aditya718@gmail.com,"City, Adventure",Other,1,2,37,Surat,"City, Adventure",0,0,0,1,1
535,Sai,sai289@hotmail.com,Beach,Female,4,0,28,Ahmedabad,Beach,1,0,0,0,0
536,Kiara,kiara140@hotmail.com,"Beach, Historical, Nature",Female,5,0,61,Pune,"Beach, Historical, Nature",1,1,1,0,0
537,Aarav,aarav567@rediffmail.com,"Adventure, City",Male,1,1,43,Ahmedabad,"Adventure, City",0,0,0,1,1
538,Mohan,mohan970@gmail.com,"Nature, Historical",Male,3,2,40,Chennai,"Nature, Historical",0,1,1,0,0
539,Deepa,deepa928@rediffmail.com,"Adventure, City",Male,2,1,34,Chennai,"Adventure, City",0,0,0,1,1
540,Ayaan,ayaan186@rediffmail.com,"Nature, Adventure",Other,2,1,36,Delhi,"Nature, Adventure",0,0,1,1,0
541,Priya,priya101@yahoo.com,"City, Historical, Adventure",Female,5,0,60,Chennai,"City, Historical, Adventure",0,1,0,1,1
542,Reyansh,reyansh292@rediffmail.com,"City, Historical",Male,2,0,57,Hyderabad,"City, Historical",0,1,0,0,1
543,Geeta,geeta157@rediffmail.com,"City, Historical, Adventure",Female,4,3,28,Mumbai,"City, Historical, Adventure",0,1,0,1,1
544,Rahul,rahul253@yahoo.com,Nature,Female,4,0,64,Pune,Nature,0,0,1,0,0
545,Tanvi,tanvi474@hotmail.com,"City, Adventure",Female,2,0,59,Surat,"City, Adventure",0,0,0,1,1
546,Sai,sai862@outlook.com,"Adventure, City",Other,2,1,58,Delhi,"Adventure, City",0,0,0,1,1
547,Arjun,arjun914@gmail.com,City,Other,1,1,43,Surat,City,0,0,0,0,1
548,Aadhya,aadhya929@gmail.com,"Beach, Historical, Nature",Female,3,3,48,Bangalore,"Beach, Historical, Nature",1,1,1,0,0
549,Suresh,suresh402@yahoo.com,"City, Historical, Adventure",Other,4,0,50,Ahmedabad,"City, Historical, Adventure",0,1,0,1,1
550,Sai,sai407@outlook.com,City,Male,3,2,57,Bangalore,City,0,0,0,0,1
551,Neha,neha144@hotmail.com,"Historical, Nature",Male,3,1,27,Jaipur,"Historical, Nature",0,1,1,0,0
552,Amit,amit42@yahoo.com,Adventure,Male,1,0,20,Chennai,Adventure,0,0,0,1,0
553,Anjali,anjali930@outlook.com,Beach,Female,5,2,20,Pune,Beach,1,0,0,0,0
554,Reyansh,reyansh721@rediffmail.com,"Beach, City",Other,2,1,29,Kolkata,"Beach, City",1,0,0,0,1
555,Vikram,vikram375@rediffmail.com,"City, Historical",Other,2,3,32,Ahmedabad,"City, Historical",0,1,0,0,1
556,Kiran,kiran362@outlook.com,Adventure,Female,4,0,26,Jaipur,Adventure,0,0,0,1,0
557,Kavya,kavya236@gmail.com,City,Other,2,0,28,Pune,City,0,0,0,0,1
558,Rekha,rekha735@gmail.com,"City, Nature",Female,4,1,48,Jaipur,"City, Nature",0,0,1,0,1
559,Tanvi,tanvi216@rediffmail.com,"Historical, Nature",Other,4,0,20,Bangalore,"Historical, Nature",0,1,1,0,0
560,Sunita,sunita607@yahoo.com,"Adventure, City",Other,3,2,27,Mumbai,"Adventure, City",0,0,0,1,1
561,Kavya,kavya265@yahoo.com,City,Female,3,1,19,Hyderabad,City,0,0,0,0,1
562,Sai,sai222@hotmail.com,"Nature, Adventure, Beach",Female,4,0,44,Surat,"Nature, Adventure, Beach",1,0,1,1,0
563,Ishaan,ishaan814@rediffmail.com,"Historical, Nature",Other,3,0,64,Pune,"Historical, Nature",0,1,1,0,0
564,Divya,divya611@rediffmail.com,"City, Historical",Male,2,0,19,Chennai,"City, Historical",0,1,0,0,1
565,Anjali,anjali881@rediffmail.com,Nature,Male,3,0,57,Surat,Nature,0,0,1,0,0
566,Aditya,aditya899@rediffmail.com,City,Male,1,1,56,Ahmedabad,City,0,0,0,0,1
567,Aarav,aarav919@hotmail.com,City,Female,2,0,51,Kolkata,City,0,0,0,0,1
568,Kiara,kiara961@hotmail.com,Beach,Female,3,1,62,Surat,Beach,1,0,0,0,0
569,Reyansh,reyansh436@yahoo.com,"Beach, City",Female,4,2,23,Hyderabad,"Beach, City",1,0,0,0,1
570,Rekha,rekha898@rediffmail.com,Nature,Female,2,1,18,Surat,Nature,0,0,1,0,0
571,Anjali,anjali121@rediffmail.com,"Beach, Historical",Female,3,1,38,Kolkata,"Beach, Historical",1,1,0,0,0
572,Suresh,suresh110@yahoo.com,Nature,Other,3,0,52,Kolkata,Nature,0,0,1,0,0
573,Sunita,sunita375@rediffmail.com,"Beach, City",Other,2,0,53,Ahmedabad,"Beach, City",1,0,0,0,1
574,Tanvi,tanvi184@outlook.com,"Beach, Historical, Nature",Other,2,3,54,Pune,"Beach, Historical, Nature",1,1,1,0,0
575,Kiran,kiran754@yahoo.com,"Beach, Nature",Other,2,2,28,Delhi,"Beach, Nature",1,0,1,0,0
576,Aadhya,aadhya521@hotmail.com,"Adventure, Historical",Other,3,1,21,Bangalore,"Adventure, Historical",0,1,0,1,0
577,Vikram,vikram988@gmail.com,"City, Historical",Male,2,1,23,Delhi,"City, Historical",0,1,0,0,1
578,Priya,priya228@outlook.com,"City, Historical",Other,1,0,43,Surat,"City, Historical",0,1,0,0,1
579,Anjali,anjali294@rediffmail.com,"Nature, Adventure",Male,3,0,30,Ahmedabad,"Nature, Adventure",0,0,1,1,0
580,Meera,meera200@gmail.com,"Nature, Adventure, Beach",Other,3,0,28,Mumbai,"Nature, Adventure, Beach",1,0,1,1,0
581,Suresh,suresh245@gmail.com,"Historical, Nature",Male,5,1,40,Kolkata,"Historical, Nature",0,1,1,0,0
582,Kiran,kiran601@yahoo.com,City,Male,3,0,23,Ahmedabad,City,0,0,0,0,1
583,Meera,meera744@rediffmail.com,"City, Historical, Adventure",Female,2,2,32,Surat,"City, Historical, Adventure",0,1,0,1,1
584,Diya,diya466@hotmail.com,"City, Historical, Adventure",Male,2,0,24,Ahmedabad,"City, Historical, Adventure",0,1,0,1,1
585,Arjun,arjun516@outlook.com,"Adventure, Historical",Male,4,3,52,Surat,"Adventure, Historical",0,1,0,1,0
586,Priya,priya711@hotmail.com,Beach,Other,2,0,39,Jaipur,Beach,1,0,0,0,0
587,Divya,divya919@rediffmail.com,"Beach, Historical",Female,1,0,58,Chennai,"Beach, Historical",1,1,0,0,0
588,Kiara,kiara820@outlook.com,Nature,Female,3,0,34,Chennai,Nature,0,0,1,0,0
589,Meera,meera96@hotmail.com,"Adventure, Historical",Male,3,0,38,Pune,"Adventure, Historical",0,1,0,1,0
590,Aadhya,aadhya916@rediffmail.com,"Beach, City",Male,5,1,30,Jaipur,"Beach, City",1,0,0,0,1
591,Diya,diya241@yahoo.com,"Beach, City",Male,2,2,57,Pune,"Beach, City",1,0,0,0,1
592,Ishaan,ishaan798@gmail.com,"Beach, Nature",Male,3,1,57,Mumbai,"Beach, Nature",1,0,1,0,0
593,Ritika,ritika981@gmail.com,Adventure,Female,3,0,54,Hyderabad,Adventure,0,0,0,1,0
594,Shruti,shruti188@rediffmail.com,"Beach, City",Female,2,1,21,Ahmedabad,"Beach, City",1,0,0,0,1
595,Lakshmi,lakshmi490@rediffmail.com,"Nature, Adventure",Other,2,2,29,Jaipur,"Nature, Adventure",0,0,1,1,0
596,Ayaan,ayaan716@rediffmail.com,Historical,Female,3,0,31,Kolkata,Historical,0,1,0,0,0
597,Geeta,geeta104@outlook.com,"City, Adventure",Other,4,0,34,Chennai,"City, Adventure",0,0,0,1,1
598,Sneha,sneha483@rediffmail.com,"Adventure, Historical",Female,2,0,44,Pune,"Adventure, Historical",0,1,0,1,0
599,Suresh,suresh875@hotmail.com,"Beach, City",Female,2,0,54,Chennai,"Beach, City",1,0,0,0,1
600,Reyansh,reyansh739@outlook.com,"City, Nature",Other,2,0,27,Bangalore,"City, Nature",0,0,1,0,1
601,Tanvi,tanvi826@gmail.com,"Historical, Nature",Female,2,3,58,Ahmedabad,"Historical, Nature",0,1,1,0,0
602,Ritika,ritika738@outlook.com,Adventure,Female,2,2,21,Kolkata,Adventure,0,0,0,1,0
603,Reyansh,reyansh708@yahoo.com,"Nature, Adventure",Male,4,0,58,Delhi,"Nature, Adventure",0,0,1,1,0
604,Pooja,pooja763@outlook.com,"Beach, City",Female,2,1,34,Pune,"Beach, City",1,0,0,0,1
605,Vivaan,vivaan422@gmail.com,"City, Adventure",Other,5,0,54,Ahmedabad,"City, Adventure",0,0,0,1,1
606,Ananya,ananya800@outlook.com,"City, Adventure",Female,3,0,65,Jaipur,"City, Adventure",0,0,0,1,1
607,Sai,sai391@rediffmail.com,"Nature, Historical",Female,3,0,28,Pune,"Nature, Historical",0,1,1,0,0
608,Deepa,deepa647@rediffmail.com,"City, Historical, Adventure",Female,4,0,28,Pune,"City, Historical, Adventure",0,1,0,1,1
609,Kiara,kiara322@outlook.com,"Nature, Historical",Other,2,1,35,Jaipur,"Nature, Historical",0,1,1,0,0
610,Suresh,suresh766@rediffmail.com,City,Female,2,0,19,Bangalore,City,0,0,0,0,1
611,Riya,riya678@outlook.com,"City, Historical",Male,2,0,22,Jaipur,"City, Historical",0,1,0,0,1
612,Mohan,mohan56@gmail.com,Beach,Other,4,0,34,Surat,Beach,1,0,0,0,0
613,Ishaan,ishaan87@hotmail.com,"Nature, Historical",Male,2,0,58,Bangalore,"Nature, Historical",0,1,1,0,0
614,Krishna,krishna540@yahoo.com,"Beach, Historical",Male,3,2,38,Jaipur,"Beach, Historical",1,1,0,0,0
615,Divya,divya999@rediffmail.com,"Beach, City",Other,2,3,62,Ahmedabad,"Beach, City",1,0,0,0,1
616,Ananya,ananya606@rediffmail.com,Historical,Other,3,2,45,Ahmedabad,Historical,0,1,0,0,0
617,Ritika,ritika318@outlook.com,Adventure,Other,2,0,37,Pune,Adventure,0,0,0,1,0
618,Deepa,deepa267@yahoo.com,"Nature, Historical",Male,1,2,26,Pune,"Nature, Historical",0,1,1,0,0
619,Meera,meera481@rediffmail.com,"Beach, Historical",Other,5,2,48,Hyderabad,"Beach, Historical",1,1,0,0,0
620,Aarav,aarav785@hotmail.com,"Nature, Historical",Other,2,0,41,Chennai,"Nature, Historical",0,1,1,0,0
621,Deepa,deepa904@rediffmail.com,Nature,Female,2,1,59,Kolkata,Nature,0,0,1,0,0
622,Vikram,vikram226@outlook.com,"City, Historical",Female,3,1,57,Hyderabad,"City, Historical",0,1,0,0,1
623,Meera,meera665@rediffmail.com,"Beach, City",Female,2,0,26,Hyderabad,"Beach, City",1,0,0,0,1
624,Ayaan,ayaan653@hotmail.com,"Nature, Adventure, Beach",Female,2,1,30,Pune,"Nature, Adventure, Beach",1,0,1,1,0
625,Vivaan,vivaan156@gmail.com,"Beach, Historical, Nature",Male,2,0,35,Bangalore,"Beach, Historical, Nature",1,1,1,0,0
626,Pooja,pooja745@gmail.com,"City, Nature",Male,2,0,39,Kolkata,"City, Nature",0,0,1,0,1
627,Nisha,nisha805@hotmail.com,"City, Adventure",Female,3,0,23,Bangalore,"City, Adventure",0,0,0,1,1
628,Vihaan,vihaan273@hotmail.com,"City, Historical",Other,2,0,34,Kolkata,"City, Historical",0,1,0,0,1
629,Aarav,aarav125@yahoo.com,Beach,Female,2,3,30,Jaipur,Beach,1,0,0,0,0
630,Reyansh,reyansh534@yahoo.com,Adventure,Female,3,0,38,Bangalore,Adventure,0,0,0,1,0
631,Aditya,aditya763@rediffmail.com,City,Male,2,1,30,Pune,City,0,0,0,0,1
632,Vihaan,vihaan885@yahoo.com,"Beach, Nature",Male,3,0,28,Hyderabad,"Beach, Nature",1,0,1,0,0
633,Geeta,geeta123@hotmail.com,"City, Nature",Male,5,1,62,Jaipur,"City, Nature",0,0,1,0,1
634,Rekha,rekha159@outlook.com,"City, Historical",Male,2,0,57,Pune,"City, Historical",0,1,0,0,1
635,Vihaan,vihaan62@outlook.com,"Adventure, City",Other,3,0,49,Chennai,"Adventure, City",0,0,0,1,1
636,Rahul,rahul572@outlook.com,Historical,Other,2,1,40,Bangalore,Historical,0,1,0,0,0
637,Priya,priya921@gmail.com,Adventure,Other,2,0,62,Jaipur,Adventure,0,0,0,1,0
638,Diya,diya581@yahoo.com,"Beach, Historical, Nature",Female,2,0,56,Ahmedabad,"Beach, Historical, Nature",1,1,1,0,0
639,Kavya,kavya71@rediffmail.com,"Adventure, City",Female,2,0,41,Jaipur,"Adventure, City",0,0,0,1,1
640,Aarav,aarav795@rediffmail.com,Beach,Other,2,0,41,Surat,Beach,1,0,0,0,0
641,Riya,riya329@gmail.com,"Beach, Historical, Nature",Female,2,1,53,Bangalore,"Beach, Historical, Nature",1,1,1,0,0
642,Usha,usha290@outlook.com,Nature,Other,2,0,60,Delhi,Nature,0,0,1,0,0
643,Aditya,aditya856@yahoo.com,"Historical, Nature",Male,2,0,24,Mumbai,"Historical, Nature",0,1,1,0,0
644,Sunita,sunita658@hotmail.com,Adventure,Other,3,1,21,Pune,Adventure,0,0,0,1,0
645,Kiara,kiara621@gmail.com,"Beach, Historical",Male,3,2,23,Jaipur,"Beach, Historical",1,1,0,0,0
646,Vihaan,vihaan370@rediffmail.com,Nature,Female,4,0,57,Hyderabad,Nature,0,0,1,0,0
647,Anjali,anjali42@gmail.com,"Nature, Historical",Male,5,3,24,Delhi,"Nature, Historical",0,1,1,0,0
648,Kiara,kiara545@hotmail.com,"Beach, Adventure",Male,3,0,58,Bangalore,"Beach, Adventure",1,0,0,1,0
649,Mohan,mohan768@rediffmail.com,Nature,Other,1,1,40,Jaipur,Nature,0,0,1,0,0
650,Lakshmi,lakshmi905@gmail.com,"Historical, Nature",Male,3,1,60,Bangalore,"Historical, Nature",0,1,1,0,0
651,Ritika,ritika615@hotmail.com,"City, Adventure",Female,3,3,41,Kolkata,"City, Adventure",0,0,0,1,1
652,Lakshmi,lakshmi846@outlook.com,"Nature, Adventure, Beach",Male,3,0,53,Hyderabad,"Nature, Adventure, Beach",1,0,1,1,0
653,Suresh,suresh985@hotmail.com,Historical,Female,1,0,36,Surat,Historical,0,1,0,0,0
654,Vivaan,vivaan531@yahoo.com,"Nature, Historical",Male,2,0,38,Mumbai,"Nature, Historical",0,1,1,0,0
655,Sneha,sneha942@rediffmail.com,City,Other,3,1,24,Mumbai,City,0,0,0,0,1
656,Divya,divya365@yahoo.com,"Adventure, City",Female,2,1,32,Hyderabad,"Adventure, City",0,0,0,1,1
657,Nisha,nisha95@rediffmail.com,Beach,Other,5,1,64,Pune,Beach,1,0,0,0,0
658,Tanvi,tanvi178@hotmail.com,"City, Historical, Adventure",Male,3,0,64,Surat,"City, Historical, Adventure",0,1,0,1,1
659,Vikram,vikram81@gmail.com,"Adventure, Historical",Female,4,0,25,Chennai,"Adventure, Historical",0,1,0,1,0
660,Rekha,rekha951@gmail.com,Beach,Male,2,0,52,Surat,Beach,1,0,0,0,0
661,Ishaan,ishaan335@rediffmail.com,"City, Nature",Male,1,1,43,Jaipur,"City, Nature",0,0,1,0,1
662,Rekha,rekha590@rediffmail.com,"City, Historical",Male,2,2,27,Bangalore,"City, Historical",0,1,0,0,1
663,Rohit,rohit85@hotmail.com,"City, Historical, Adventure",Other,1,0,23,Kolkata,"City, Historical, Adventure",0,1,0,1,1
664,Neha,neha445@yahoo.com,"Adventure, City",Female,3,0,59,Surat,"Adventure, City",0,0,0,1,1
665,Diya,diya575@rediffmail.com,City,Male,2,0,45,Pune,City,0,0,0,0,1
666,Sunita,sunita92@gmail.com,Nature,Female,2,0,40,Surat,Nature,0,0,1,0,0
667,Vivaan,vivaan789@outlook.com,"Historical, Nature",Female,3,3,46,Surat,"Historical, Nature",0,1,1,0,0
668,Ishaan,ishaan452@gmail.com,"City, Nature",Male,3,0,64,Delhi,"City, Nature",0,0,1,0,1
669,Ayaan,ayaan758@gmail.com,"City, Nature",Other,5,2,36,Mumbai,"City, Nature",0,0,1,0,1
670,Rohit,rohit711@gmail.com,"Nature, Historical",Female,2,0,65,Ahmedabad,"Nature, Historical",0,1,1,0,0
671,Aadhya,aadhya209@rediffmail.com,City,Female,3,1,27,Mumbai,City,0,0,0,0,1
672,Vikram,vikram597@rediffmail.com,"Nature, Adventure",Female,2,0,62,Surat,"Nature, Adventure",0,0,1,1,0
673,Sneha,sneha55@hotmail.com,"Beach, Historical",Male,2,0,60,Pune,"Beach, Historical",1,1,0,0,0
674,Reyansh,reyansh20@outlook.com,Beach,Male,5,1,63,Delhi,Beach,1,0,0,0,0
675,Rahul,rahul497@rediffmail.com,"Beach, Historical, Nature",Male,2,1,47,Ahmedabad,"Beach, Historical, Nature",1,1,1,0,0
676,Vivaan,vivaan41@yahoo.com,City,Female,2,0,28,Mumbai,City,0,0,0,0,1
677,Amit,amit701@outlook.com,"City, Adventure",Other,2,3,50,Hyderabad,"City, Adventure",0,0,0,1,1
678,Vihaan,vihaan641@outlook.com,Beach,Male,5,2,32,Bangalore,Beach,1,0,0,0,0
679,Rohit,rohit919@hotmail.com,"Adventure, City",Male,3,1,61,Surat,"Adventure, City",0,0,0,1,1
680,Kiara,kiara428@yahoo.com,"City, Historical, Adventure",Male,2,0,56,Pune,"City, Historical, Adventure",0,1,0,1,1
681,Pooja,pooja556@yahoo.com,"Beach, Adventure",Other,1,1,30,Bangalore,"Beach, Adventure",1,0,0,1,0
682,Nisha,nisha706@rediffmail.com,"Adventure, City",Female,5,3,27,Surat,"Adventure, City",0,0,0,1,1
683,Kavya,kavya326@gmail.com,"Beach, Historical, Nature",Other,5,0,38,Bangalore,"Beach, Historical, Nature",1,1,1,0,0
684,Vivaan,vivaan784@outlook.com,Nature,Female,2,1,58,Hyderabad,Nature,0,0,1,0,0
685,Ishaan,ishaan798@yahoo.com,"Beach, Nature",Male,2,1,57,Surat,"Beach, Nature",1,0,1,0,0
686,Sneha,sneha621@rediffmail.com,"Nature, Adventure, Beach",Male,3,0,19,Pune,"Nature, Adventure, Beach",1,0,1,1,0
687,Sai,sai705@hotmail.com,"Adventure, City",Other,4,0,59,Pune,"Adventure, City",0,0,0,1,1
688,Ananya,ananya873@hotmail.com,Adventure,Female,1,0,20,Kolkata,Adventure,0,0,0,1,0
689,Aarav,aarav948@outlook.com,Nature,Male,3,3,31,Delhi,Nature,0,0,1,0,0
690,Ananya,ananya950@hotmail.com,"Nature, Adventure, Beach",Female,3,2,33,Kolkata,"Nature, Adventure, Beach",1,0,1,1,0
691,Kiran,kiran795@gmail.com,"Nature, Adventure, Beach",Other,4,1,43,Surat,"Nature, Adventure, Beach",1,0,1,1,0
692,Sunita,sunita609@rediffmail.com,City,Other,4,2,51,Delhi,City,0,0,0,0,1
693,Pooja,pooja468@gmail.com,"City, Nature",Other,3,3,20,Ahmedabad,"City, Nature",0,0,1,0,1
694,Vikram,vikram529@gmail.com,"Beach, Adventure",Female,2,2,36,Jaipur,"Beach, Adventure",1,0,0,1,0
695,Kavya,kavya433@outlook.com,"Nature, Adventure, Beach",Male,3,2,47,Jaipur,"Nature, Adventure, Beach",1,0,1,1,0
696,Sai,sai740@rediffmail.com,"Beach, Nature",Male,4,2,62,Ahmedabad,"Beach, Nature",1,0,1,0,0
697,Krishna,krishna403@hotmail.com,"Adventure, Historical",Female,1,0,63,Chennai,"Adventure, Historical",0,1,0,1,0
698,Divya,divya93@outlook.com,"Adventure, Historical",Other,3,1,28,Delhi,"Adventure, Historical",0,1,0,1,0
699,Sai,sai117@hotmail.com,"City, Adventure",Male,3,0,50,Surat,"City, Adventure",0,0,0,1,1
700,Kavya,kavya388@rediffmail.com,Beach,Male,4,2,54,Bangalore,Beach,1,0,0,0,0
701,Kavya,kavya890@yahoo.com,"Historical, Nature",Other,1,0,64,Jaipur,"Historical, Nature",0,1,1,0,0
702,Meera,meera642@yahoo.com,"Beach, Nature",Male,5,0,34,Mumbai,"Beach, Nature",1,0,1,0,0
703,Divya,divya510@hotmail.com,"Beach, Historical, Nature",Male,3,0,31,Surat,"Beach, Historical, Nature",1,1,1,0,0
704,Tanvi,tanvi465@hotmail.com,Historical,Male,3,0,53,Hyderabad,Historical,0,1,0,0,0
705,Usha,usha644@rediffmail.com,"Beach, Adventure",Male,2,0,40,Mumbai,"Beach, Adventure",1,0,0,1,0
706,Ishaan,ishaan875@gmail.com,"City, Historical, Adventure",Other,2,2,21,Delhi,"City, Historical, Adventure",0,1,0,1,1
707,Deepa,deepa183@yahoo.com,"Nature, Historical",Other,3,1,54,Ahmedabad,"Nature, Historical",0,1,1,0,0
708,Ananya,ananya990@hotmail.com,"City, Historical, Adventure",Female,5,0,37,Pune,"City, Historical, Adventure",0,1,0,1,1
709,Suresh,suresh920@hotmail.com,"City, Historical",Female,4,0,48,Bangalore,"City, Historical",0,1,0,0,1
710,Ayaan,ayaan712@outlook.com,"Adventure, Historical",Other,2,0,31,Surat,"Adventure, Historical",0,1,0,1,0
711,Vihaan,vihaan112@rediffmail.com,City,Male,2,1,63,Hyderabad,City,0,0,0,0,1
712,Lakshmi,lakshmi624@outlook.com,"Beach, City",Other,3,1,26,Surat,"Beach, City",1,0,0,0,1
713,Sunita,sunita509@rediffmail.com,Adventure,Female,4,2,32,Hyderabad,Adventure,0,0,0,1,0
714,Diya,diya2@gmail.com,"Beach, Historical",Female,3,0,31,Surat,"Beach, Historical",1,1,0,0,0
715,Deepa,deepa424@gmail.com,"Adventure, Historical",Female,3,1,18,Chennai,"Adventure, Historical",0,1,0,1,0
716,Meera,meera261@gmail.com,"Nature, Historical",Female,3,0,18,Delhi,"Nature, Historical",0,1,1,0,0
717,Rohit,rohit350@hotmail.com,"City, Historical, Adventure",Other,5,2,30,Pune,"City, Historical, Adventure",0,1,0,1,1
718,Rohit,rohit945@hotmail.com,Adventure,Male,3,0,58,Jaipur,Adventure,0,0,0,1,0
719,Ritika,ritika918@outlook.com,Historical,Female,5,0,51,Hyderabad,Historical,0,1,0,0,0
720,Sunita,sunita743@outlook.com,"Beach, Historical, Nature",Other,1,1,39,Pune,"Beach, Historical, Nature",1,1,1,0,0
721,Arjun,arjun993@yahoo.com,"Beach, City",Male,2,0,52,Bangalore,"Beach, City",1,0,0,0,1
722,Sunita,sunita621@hotmail.com,"Historical, Nature",Other,1,2,37,Pune,"Historical, Nature",0,1,1,0,0
723,Aditya,aditya279@hotmail.com,"City, Historical",Female,4,0,37,Chennai,"City, Historical",0,1,0,0,1
724,Anjali,anjali310@yahoo.com,"Beach, Nature",Female,4,1,23,Jaipur,"Beach, Nature",1,0,1,0,0
725,Neha,neha26@hotmail.com,City,Male,2,2,64,Ahmedabad,City,0,0,0,0,1
726,Nisha,nisha795@outlook.com,"Adventure, City",Male,4,2,61,Bangalore,"Adventure, City",0,0,0,1,1
727,Aadhya,aadhya742@gmail.com,Historical,Female,3,1,18,Hyderabad,Historical,0,1,0,0,0
728,Aditya,aditya704@rediffmail.com,"City, Historical",Female,2,0,51,Hyderabad,"City, Historical",0,1,0,0,1
729,Vivaan,vivaan592@outlook.com,"Beach, Adventure",Female,2,0,52,Pune,"Beach, Adventure",1,0,0,1,0
730,Pooja,pooja688@gmail.com,"Beach, City",Male,2,0,57,Ahmedabad,"Beach, City",1,0,0,0,1
731,Neha,neha105@yahoo.com,"Beach, Historical, Nature",Female,3,0,63,Hyderabad,"Beach, Historical, Nature",1,1,1,0,0
732,Sunita,sunita251@yahoo.com,"City, Historical",Female,3,0,46,Mumbai,"City, Historical",0,1,0,0,1
733,Krishna,krishna30@hotmail.com,"Nature, Adventure",Male,2,0,43,Bangalore,"Nature, Adventure",0,0,1,1,0
734,Rekha,rekha913@rediffmail.com,Historical,Other,2,0,30,Ahmedabad,Historical,0,1,0,0,0
735,Sai,sai998@hotmail.com,"City, Historical, Adventure",Male,1,2,62,Jaipur,"City, Historical, Adventure",0,1,0,1,1
736,Reyansh,reyansh467@outlook.com,Historical,Female,2,0,57,Hyderabad,Historical,0,1,0,0,0
737,Suresh,suresh402@yahoo.com,"Adventure, Historical",Female,2,0,48,Delhi,"Adventure, Historical",0,1,0,1,0
738,Amit,amit491@hotmail.com,"Historical, Nature",Female,4,1,26,Ahmedabad,"Historical, Nature",0,1,1,0,0
739,Reyansh,reyansh416@gmail.com,"Adventure, Historical",Other,3,2,52,Jaipur,"Adventure, Historical",0,1,0,1,0
740,Kiran,kiran605@hotmail.com,"City, Nature",Other,2,0,48,Kolkata,"City, Nature",0,0,1,0,1
741,Arjun,arjun349@yahoo.com,"City, Historical, Adventure",Female,4,0,39,Ahmedabad,"City, Historical, Adventure",0,1,0,1,1
742,Riya,riya178@gmail.com,"City, Historical, Adventure",Female,1,1,38,Ahmedabad,"City, Historical, Adventure",0,1,0,1,1
743,Reyansh,reyansh842@hotmail.com,"Historical, Nature",Female,5,0,24,Surat,"Historical, Nature",0,1,1,0,0
744,Vikram,vikram336@hotmail.com,"Nature, Adventure",Male,2,0,55,Mumbai,"Nature, Adventure",0,0,1,1,0
745,Ishaan,ishaan677@yahoo.com,Historical,Other,2,1,46,Chennai,Historical,0,1,0,0,0
746,Aadhya,aadhya698@outlook.com,"Nature, Historical",Other,4,1,45,Pune,"Nature, Historical",0,1,1,0,0
747,Sai,sai597@gmail.com,"Nature, Adventure, Beach",Other,2,0,36,Mumbai,"Nature, Adventure, Beach",1,0,1,1,0
748,Suresh,suresh923@rediffmail.com,"Nature, Adventure",Male,3,2,40,Delhi,"Nature, Adventure",0,0,1,1,0
749,Meera,meera887@gmail.com,"City, Nature",Female,3,0,38,Kolkata,"City, Nature",0,0,1,0,1
750,Kiran,kiran391@hotmail.com,"Beach, Historical, Nature",Male,3,0,30,Ahmedabad,"Beach, Historical, Nature",1,1,1,0,0
751,Vikram,vikram864@outlook.com,Nature,Male,2,2,26,Bangalore,Nature,0,0,1,0,0
752,Aarav,aarav74@gmail.com,"Adventure, City",Other,4,1,26,Delhi,"Adventure, City",0,0,0,1,1
753,Krishna,krishna658@hotmail.com,Historical,Other,3,0,29,Jaipur,Historical,0,1,0,0,0
754,Neha,neha435@rediffmail.com,Historical,Female,2,0,56,Mumbai,Historical,0,1,0,0,0
755,Sunita,sunita511@yahoo.com,City,Female,2,1,41,Mumbai,City,0,0,0,0,1
756,Aditya,aditya582@hotmail.com,"City, Adventure",Male,3,3,23,Bangalore,"City, Adventure",0,0,0,1,1
757,Anjali,anjali880@outlook.com,Historical,Other,1,2,23,Chennai,Historical,0,1,0,0,0
758,Tanvi,tanvi646@gmail.com,"Beach, Historical, Nature",Other,2,0,39,Ahmedabad,"Beach, Historical, Nature",1,1,1,0,0
759,Aarav,aarav481@hotmail.com,City,Female,3,0,40,Hyderabad,City,0,0,0,0,1
760,Meera,meera172@gmail.com,"Nature, Adventure, Beach",Other,2,2,34,Mumbai,"Nature, Adventure, Beach",1,0,1,1,0
761,Tanvi,tanvi593@yahoo.com,"City, Historical, Adventure",Male,3,0,65,Surat,"City, Historical, Adventure",0,1,0,1,1
762,Vivaan,vivaan294@hotmail.com,"City, Historical",Male,3,2,35,Hyderabad,"City, Historical",0,1,0,0,1
763,Krishna,krishna631@outlook.com,"Beach, City",Female,1,0,29,Surat,"Beach, City",1,0,0,0,1
764,Ishaan,ishaan675@hotmail.com,"City, Adventure",Male,2,1,49,Bangalore,"City, Adventure",0,0,0,1,1
765,Anjali,anjali883@gmail.com,"Adventure, Historical",Male,5,1,27,Jaipur,"Adventure, Historical",0,1,0,1,0
766,Deepa,deepa789@hotmail.com,"City, Nature",Other,2,1,31,Surat,"City, Nature",0,0,1,0,1
767,Amit,amit56@outlook.com,"Beach, Nature",Male,2,0,37,Jaipur,"Beach, Nature",1,0,1,0,0
768,Ritika,ritika240@hotmail.com,Beach,Female,2,1,45,Mumbai,Beach,1,0,0,0,0
769,Meera,meera950@hotmail.com,Beach,Other,2,1,20,Delhi,Beach,1,0,0,0,0
770,Ritika,ritika653@outlook.com,Nature,Other,5,2,39,Hyderabad,Nature,0,0,1,0,0
771,Sneha,sneha822@gmail.com,"Beach, City",Other,3,0,61,Chennai,"Beach, City",1,0,0,0,1
772,Geeta,geeta789@yahoo.com,City,Female,3,3,38,Ahmedabad,City,0,0,0,0,1
773,Aarav,aarav689@gmail.com,"City, Historical",Male,2,1,61,Jaipur,"City, Historical",0,1,0,0,1
774,Amit,amit225@outlook.com,"Beach, City",Male,1,1,21,Surat,"Beach, City",1,0,0,0,1
775,Aadhya,aadhya974@rediffmail.com,"Beach, Nature",Other,5,0,56,Bangalore,"Beach, Nature",1,0,1,0,0
776,Vikram,vikram673@rediffmail.com,"Historical, Nature",Male,3,0,47,Delhi,"Historical, Nature",0,1,1,0,0
777,Divya,divya945@outlook.com,Nature,Other,5,1,38,Hyderabad,Nature,0,0,1,0,0
778,Kavya,kavya800@gmail.com,"Beach, City",Male,2,0,21,Hyderabad,"Beach, City",1,0,0,0,1
779,Priya,priya183@hotmail.com,"City, Historical",Female,5,0,43,Bangalore,"City, Historical",0,1,0,0,1
780,Shruti,shruti112@yahoo.com,"Beach, Historical, Nature",Female,2,1,46,Hyderabad,"Beach, Historical, Nature",1,1,1,0,0
781,Reyansh,reyansh36@gmail.com,"City, Historical",Other,3,1,19,Jaipur,"City, Historical",0,1,0,0,1
782,Ishaan,ishaan669@gmail.com,"Nature, Adventure",Other,2,0,39,Kolkata,"Nature, Adventure",0,0,1,1,0
783,Sunita,sunita4@rediffmail.com,Adventure,Female,2,2,22,Ahmedabad,Adventure,0,0,0,1,0
784,Kiara,kiara4@hotmail.com,Adventure,Male,3,2,40,Pune,Adventure,0,0,0,1,0
785,Nisha,nisha411@gmail.com,"City, Historical",Female,3,3,23,Jaipur,"City, Historical",0,1,0,0,1
786,Meera,meera664@yahoo.com,"Historical, Nature",Other,1,0,30,Hyderabad,"Historical, Nature",0,1,1,0,0
787,Vikram,vikram918@gmail.com,"City, Adventure",Female,1,1,65,Chennai,"City, Adventure",0,0,0,1,1
788,Krishna,krishna37@yahoo.com,"Beach, Historical",Other,5,0,42,Delhi,"Beach, Historical",1,1,0,0,0
789,Ritika,ritika659@outlook.com,Adventure,Other,5,2,19,Mumbai,Adventure,0,0,0,1,0
790,Rohit,rohit58@outlook.com,"Nature, Adventure",Female,1,2,60,Ahmedabad,"Nature, Adventure",0,0,1,1,0
791,Divya,divya963@rediffmail.com,"Adventure, City",Other,3,2,20,Bangalore,"Adventure, City",0,0,0,1,1
792,Shruti,shruti670@gmail.com,Adventure,Other,1,1,26,Mumbai,Adventure,0,0,0,1,0
793,Ananya,ananya648@gmail.com,"Nature, Historical",Male,2,0,55,Delhi,"Nature, Historical",0,1,1,0,0
794,Reyansh,reyansh117@hotmail.com,"Nature, Adventure, Beach",Other,2,2,45,Pune,"Nature, Adventure, Beach",1,0,1,1,0
795,Kiran,kiran333@gmail.com,"City, Historical, Adventure",Other,1,2,31,Mumbai,"City, Historical, Adventure",0,1,0,1,1
796,Geeta,geeta178@outlook.com,"City, Historical",Male,2,1,28,Pune,"City, Historical",0,1,0,0,1
797,Mohan,mohan169@hotmail.com,"City, Nature",Other,1,0,58,Surat,"City, Nature",0,0,1,0,1
798,Vikram,vikram797@yahoo.com,"Beach, Historical",Female,1,0,23,Surat,"Beach, Historical",1,1,0,0,0
799,Meera,meera427@hotmail.com,"Adventure, City",Male,1,0,46,Kolkata,"Adventure, City",0,0,0,1,1
800,Riya,riya961@yahoo.com,"Nature, Adventure, Beach",Other,1,0,49,Surat,"Nature, Adventure, Beach",1,0,1,1,0
801,Sai,sai643@outlook.com,"City, Adventure",Female,1,0,25,Ahmedabad,"City, Adventure",0,0,0,1,1
802,Reyansh,reyansh634@outlook.com,"Beach, Historical, Nature",Other,2,1,60,Chennai,"Beach, Historical, Nature",1,1,1,0,0
803,Sneha,sneha55@yahoo.com,"Beach, Nature",Male,3,3,48,Jaipur,"Beach, Nature",1,0,1,0,0
804,Ananya,ananya164@gmail.com,"Nature, Adventure",Other,2,0,34,Pune,"Nature, Adventure",0,0,1,1,0
805,Usha,usha825@hotmail.com,"Nature, Adventure",Male,3,2,29,Bangalore,"Nature, Adventure",0,0,1,1,0
806,Vivaan,vivaan497@rediffmail.com,"Beach, Nature",Male,4,1,55,Surat,"Beach, Nature",1,0,1,0,0
807,Rahul,rahul430@yahoo.com,"Adventure, Historical",Male,4,0,24,Chennai,"Adventure, Historical",0,1,0,1,0
808,Deepa,deepa891@yahoo.com,Beach,Male,1,1,21,Kolkata,Beach,1,0,0,0,0
809,Ishaan,ishaan222@rediffmail.com,Historical,Male,2,0,64,Chennai,Historical,0,1,0,0,0
810,Amit,amit999@outlook.com,"Beach, Adventure",Female,1,1,21,Hyderabad,"Beach, Adventure",1,0,0,1,0
811,Krishna,krishna114@hotmail.com,Historical,Female,2,0,36,Surat,Historical,0,1,0,0,0
812,Kavya,kavya809@rediffmail.com,"Historical, Nature",Other,5,2,23,Kolkata,"Historical, Nature",0,1,1,0,0
813,Anjali,anjali501@yahoo.com,"City, Historical, Adventure",Female,4,0,64,Kolkata,"City, Historical, Adventure",0,1,0,1,1
814,Riya,riya254@outlook.com,Nature,Other,2,2,27,Surat,Nature,0,0,1,0,0
815,Aarav,aarav428@gmail.com,"Nature, Adventure",Female,3,1,45,Ahmedabad,"Nature, Adventure",0,0,1,1,0
816,Kiran,kiran491@gmail.com,Historical,Female,2,1,18,Kolkata,Historical,0,1,0,0,0
817,Aadhya,aadhya136@outlook.com,"Nature, Historical",Male,3,0,48,Hyderabad,"Nature, Historical",0,1,1,0,0
818,Kavya,kavya721@hotmail.com,"City, Historical, Adventure",Other,3,3,47,Bangalore,"City, Historical, Adventure",0,1,0,1,1
819,Kiran,kiran190@outlook.com,Historical,Other,3,2,22,Kolkata,Historical,0,1,0,0,0
820,Rohit,rohit544@gmail.com,"Nature, Historical",Female,4,1,57,Ahmedabad,"Nature, Historical",0,1,1,0,0
821,Sunita,sunita814@yahoo.com,"City, Historical",Other,4,1,21,Ahmedabad,"City, Historical",0,1,0,0,1
822,Suresh,suresh910@gmail.com,"Beach, Nature",Female,2,1,41,Pune,"Beach, Nature",1,0,1,0,0
823,Ananya,ananya664@rediffmail.com,"City, Historical",Other,3,0,39,Chennai,"City, Historical",0,1,0,0,1
824,Ritika,ritika117@hotmail.com,"City, Historical, Adventure",Other,2,1,32,Pune,"City, Historical, Adventure",0,1,0,1,1
825,Amit,amit920@outlook.com,City,Other,2,0,41,Pune,City,0,0,0,0,1
826,Pooja,pooja498@rediffmail.com,City,Male,2,1,52,Hyderabad,City,0,0,0,0,1
827,Pooja,pooja636@outlook.com,"City, Historical",Male,4,0,23,Kolkata,"City, Historical",0,1,0,0,1
828,Ananya,ananya296@gmail.com,"Beach, Nature",Male,2,1,49,Bangalore,"Beach, Nature",1,0,1,0,0
829,Aadhya,aadhya534@gmail.com,"Nature, Historical",Female,5,1,26,Jaipur,"Nature, Historical",0,1,1,0,0
830,Amit,amit431@hotmail.com,"Beach, Historical",Female,2,0,32,Ahmedabad,"Beach, Historical",1,1,0,0,0
831,Rohit,rohit422@rediffmail.com,"Adventure, Historical",Other,3,0,55,Ahmedabad,"Adventure, Historical",0,1,0,1,0
832,Mohan,mohan456@hotmail.com,"Nature, Historical",Other,1,2,28,Hyderabad,"Nature, Historical",0,1,1,0,0
833,Kiara,kiara496@outlook.com,"Nature, Historical",Male,1,0,28,Surat,"Nature, Historical",0,1,1,0,0
834,Kavya,kavya729@rediffmail.com,"Nature, Historical",Male,5,2,62,Bangalore,"Nature, Historical",0,1,1,0,0
835,Kavya,kavya244@gmail.com,"Nature, Adventure",Female,3,0,41,Bangalore,"Nature, Adventure",0,0,1,1,0
836,Aadhya,aadhya576@gmail.com,"Adventure, Historical",Female,1,0,28,Ahmedabad,"Adventure, Historical",0,1,0,1,0
837,Nisha,nisha125@gmail.com,Beach,Female,4,2,38,Bangalore,Beach,1,0,0,0,0
838,Aarav,aarav994@rediffmail.com,City,Female,3,0,36,Surat,City,0,0,0,0,1
839,Ishaan,ishaan819@rediffmail.com,Historical,Female,3,1,20,Bangalore,Historical,0,1,0,0,0
840,Mohan,mohan120@outlook.com,"Beach, Historical",Female,3,0,40,Delhi,"Beach, Historical",1,1,0,0,0
841,Rahul,rahul57@rediffmail.com,"Beach, Adventure",Other,3,2,35,Chennai,"Beach, Adventure",1,0,0,1,0
842,Vivaan,vivaan86@rediffmail.com,Historical,Other,3,0,50,Kolkata,Historical,0,1,0,0,0
843,Diya,diya503@outlook.com,"Nature, Adventure, Beach",Other,3,0,60,Pune,"Nature, Adventure, Beach",1,0,1,1,0
844,Kiran,kiran152@hotmail.com,"City, Adventure",Female,2,0,40,Hyderabad,"City, Adventure",0,0,0,1,1
845,Pooja,pooja896@rediffmail.com,"City, Historical",Male,3,0,44,Jaipur,"City, Historical",0,1,0,0,1
846,Meera,meera168@hotmail.com,Nature,Male,4,1,27,Chennai,Nature,0,0,1,0,0
847,Nisha,nisha487@rediffmail.com,"Adventure, Historical",Male,5,1,42,Delhi,"Adventure, Historical",0,1,0,1,0
848,Aarav,aarav420@outlook.com,Nature,Male,3,1,26,Chennai,Nature,0,0,1,0,0
849,Ananya,ananya853@hotmail.com,"Nature, Historical",Other,2,2,37,Surat,"Nature, Historical",0,1,1,0,0
850,Nisha,nisha506@rediffmail.com,Historical,Male,1,0,34,Hyderabad,Historical,0,1,0,0,0
851,Tanvi,tanvi128@outlook.com,Nature,Male,2,1,33,Mumbai,Nature,0,0,1,0,0
852,Ayaan,ayaan784@outlook.com,Adventure,Male,3,0,48,Surat,Adventure,0,0,0,1,0
853,Lakshmi,lakshmi890@outlook.com,Adventure,Other,4,0,64,Surat,Adventure,0,0,0,1,0
854,Vivaan,vivaan866@outlook.com,"Historical, Nature",Other,1,0,62,Bangalore,"Historical, Nature",0,1,1,0,0
855,Amit,amit168@gmail.com,"Beach, City",Female,2,2,40,Mumbai,"Beach, City",1,0,0,0,1
856,Meera,meera299@rediffmail.com,"City, Historical",Other,2,1,24,Surat,"City, Historical",0,1,0,0,1
857,Kavya,kavya557@outlook.com,"Adventure, Historical",Other,4,0,62,Pune,"Adventure, Historical",0,1,0,1,0
858,Reyansh,reyansh548@rediffmail.com,"City, Adventure",Male,1,1,41,Jaipur,"City, Adventure",0,0,0,1,1
859,Deepa,deepa349@yahoo.com,"Beach, Nature",Male,2,0,30,Ahmedabad,"Beach, Nature",1,0,1,0,0
860,Usha,usha707@rediffmail.com,"Beach, Historical, Nature",Other,3,1,25,Kolkata,"Beach, Historical, Nature",1,1,1,0,0
861,Divya,divya939@gmail.com,"Beach, Nature",Male,5,0,37,Pune,"Beach, Nature",1,0,1,0,0
862,Krishna,krishna837@hotmail.com,"Nature, Adventure, Beach",Other,4,0,63,Hyderabad,"Nature, Adventure, Beach",1,0,1,1,0
863,Vivaan,vivaan763@gmail.com,"City, Nature",Male,4,0,32,Hyderabad,"City, Nature",0,0,1,0,1
864,Krishna,krishna215@yahoo.com,"City, Historical",Female,3,2,22,Mumbai,"City, Historical",0,1,0,0,1
865,Tanvi,tanvi776@hotmail.com,"Nature, Adventure",Male,1,2,50,Surat,"Nature, Adventure",0,0,1,1,0
866,Vihaan,vihaan481@gmail.com,"Beach, City",Male,1,1,24,Delhi,"Beach, City",1,0,0,0,1
867,Rekha,rekha211@rediffmail.com,"Beach, Adventure",Male,3,0,27,Hyderabad,"Beach, Adventure",1,0,0,1,0
868,Geeta,geeta357@outlook.com,"Historical, Nature",Other,4,1,50,Surat,"Historical, Nature",0,1,1,0,0
869,Arjun,arjun102@rediffmail.com,"Beach, Historical",Other,2,0,36,Bangalore,"Beach, Historical",1,1,0,0,0
870,Ritika,ritika5@gmail.com,"Beach, Adventure",Other,4,0,62,Surat,"Beach, Adventure",1,0,0,1,0
871,Ananya,ananya451@gmail.com,"Historical, Nature",Female,5,0,50,Chennai,"Historical, Nature",0,1,1,0,0
872,Deepa,deepa116@outlook.com,"Beach, Nature",Female,1,0,41,Hyderabad,"Beach, Nature",1,0,1,0,0
873,Mohan,mohan740@gmail.com,"City, Historical",Female,2,0,47,Surat,"City, Historical",0,1,0,0,1
874,Nisha,nisha704@hotmail.com,"City, Nature",Other,2,3,45,Chennai,"City, Nature",0,0,1,0,1
875,Arjun,arjun917@hotmail.com,"City, Adventure",Male,1,1,61,Delhi,"City, Adventure",0,0,0,1,1
876,Kiran,kiran449@rediffmail.com,"City, Historical",Male,1,0,55,Delhi,"City, Historical",0,1,0,0,1
877,Kavya,kavya67@outlook.com,"Beach, Adventure",Female,2,2,43,Delhi,"Beach, Adventure",1,0,0,1,0
878,Kiara,kiara859@hotmail.com,Adventure,Female,4,1,55,Hyderabad,Adventure,0,0,0,1,0
879,Kiran,kiran365@hotmail.com,"Nature, Adventure, Beach",Female,5,1,27,Jaipur,"Nature, Adventure, Beach",1,0,1,1,0
880,Reyansh,reyansh126@outlook.com,Adventure,Female,2,2,19,Delhi,Adventure,0,0,0,1,0
881,Vihaan,vihaan851@gmail.com,Adventure,Other,1,0,56,Pune,Adventure,0,0,0,1,0
882,Ishaan,ishaan311@rediffmail.com,"Nature, Adventure, Beach",Male,4,1,51,Jaipur,"Nature, Adventure, Beach",1,0,1,1,0
883,Divya,divya207@outlook.com,Adventure,Female,3,1,52,Ahmedabad,Adventure,0,0,0,1,0
884,Vivaan,vivaan976@gmail.com,Nature,Male,2,0,42,Jaipur,Nature,0,0,1,0,0
885,Divya,divya37@gmail.com,"Historical, Nature",Other,3,1,63,Bangalore,"Historical, Nature",0,1,1,0,0
886,Shruti,shruti442@yahoo.com,"Nature, Historical",Other,2,1,54,Jaipur,"Nature, Historical",0,1,1,0,0
887,Mohan,mohan702@rediffmail.com,"City, Historical, Adventure",Female,2,2,50,Mumbai,"City, Historical, Adventure",0,1,0,1,1
888,Kiran,kiran270@hotmail.com,"City, Historical, Adventure",Female,3,0,36,Pune,"City, Historical, Adventure",0,1,0,1,1
889,Vihaan,vihaan29@rediffmail.com,"Nature, Adventure",Male,4,0,65,Surat,"Nature, Adventure",0,0,1,1,0
890,Vivaan,vivaan784@outlook.com,Beach,Male,2,3,44,Pune,Beach,1,0,0,0,0
891,Vihaan,vihaan678@yahoo.com,"City, Nature",Male,3,1,62,Delhi,"City, Nature",0,0,1,0,1
892,Nisha,nisha118@outlook.com,"Historical, Nature",Male,3,0,60,Kolkata,"Historical, Nature",0,1,1,0,0
893,Sunita,sunita528@hotmail.com,"Beach, City",Male,3,1,38,Kolkata,"Beach, City",1,0,0,0,1
894,Sunita,sunita400@outlook.com,"City, Historical, Adventure",Male,4,0,61,Chennai,"City, Historical, Adventure",0,1,0,1,1
895,Rohit,rohit509@rediffmail.com,"Adventure, Historical",Male,3,0,45,Chennai,"Adventure, Historical",0,1,0,1,0
896,Shruti,shruti651@gmail.com,"Beach, Historical, Nature",Male,2,0,54,Kolkata,"Beach, Historical, Nature",1,1,1,0,0
897,Kiara,kiara640@gmail.com,"City, Historical, Adventure",Male,3,0,54,Ahmedabad,"City, Historical, Adventure",0,1,0,1,1
898,Tanvi,tanvi438@yahoo.com,"City, Adventure",Male,3,0,37,Kolkata,"City, Adventure",0,0,0,1,1
899,Ritika,ritika321@yahoo.com,Nature,Female,2,1,60,Ahmedabad,Nature,0,0,1,0,0
900,Ananya,ananya903@gmail.com,City,Male,3,0,65,Jaipur,City,0,0,0,0,1
901,Sneha,sneha960@rediffmail.com,"Nature, Adventure, Beach",Female,5,1,21,Ahmedabad,"Nature, Adventure, Beach",1,0,1,1,0
902,Diya,diya374@hotmail.com,"Adventure, City",Male,2,1,37,Kolkata,"Adventure, City",0,0,0,1,1
903,Deepa,deepa327@gmail.com,"Beach, Adventure",Female,2,0,28,Hyderabad,"Beach, Adventure",1,0,0,1,0
904,Rekha,rekha242@hotmail.com,"City, Nature",Male,1,0,37,Jaipur,"City, Nature",0,0,1,0,1
905,Shruti,shruti574@hotmail.com,Nature,Other,5,0,35,Bangalore,Nature,0,0,1,0,0
906,Vivaan,vivaan265@outlook.com,"Beach, Historical, Nature",Male,3,0,64,Jaipur,"Beach, Historical, Nature",1,1,1,0,0
907,Vivaan,vivaan57@gmail.com,"Adventure, Historical",Other,2,0,44,Pune,"Adventure, Historical",0,1,0,1,0
908,Sai,sai407@yahoo.com,"City, Nature",Male,3,1,25,Ahmedabad,"City, Nature",0,0,1,0,1
909,Geeta,geeta973@rediffmail.com,"Beach, City",Female,4,0,25,Pune,"Beach, City",1,0,0,0,1
910,Rohit,rohit853@rediffmail.com,Beach,Other,3,2,31,Bangalore,Beach,1,0,0,0,0
911,Reyansh,reyansh180@yahoo.com,"Beach, City",Female,2,2,21,Jaipur,"Beach, City",1,0,0,0,1
912,Ritika,ritika384@gmail.com,"Adventure, Historical",Other,2,1,35,Bangalore,"Adventure, Historical",0,1,0,1,0
913,Suresh,suresh487@outlook.com,"Nature, Historical",Male,3,2,20,Mumbai,"Nature, Historical",0,1,1,0,0
914,Riya,riya260@rediffmail.com,Beach,Female,3,1,61,Delhi,Beach,1,0,0,0,0
915,Ritika,ritika888@yahoo.com,Historical,Female,1,3,34,Hyderabad,Historical,0,1,0,0,0
916,Sai,sai959@yahoo.com,"Nature, Historical",Male,4,0,46,Pune,"Nature, Historical",0,1,1,0,0
917,Deepa,deepa809@gmail.com,"Beach, City",Male,4,2,48,Kolkata,"Beach, City",1,0,0,0,1
918,Rohit,rohit735@hotmail.com,"Beach, Nature",Male,3,1,40,Kolkata,"Beach, Nature",1,0,1,0,0
919,Rekha,rekha747@rediffmail.com,"Adventure, Historical",Female,3,1,59,Bangalore,"Adventure, Historical",0,1,0,1,0
920,Pooja,pooja811@yahoo.com,"Beach, Historical",Female,2,0,54,Delhi,"Beach, Historical",1,1,0,0,0
921,Ayaan,ayaan162@yahoo.com,City,Other,5,2,26,Surat,City,0,0,0,0,1
922,Deepa,deepa812@outlook.com,Historical,Female,4,0,29,Surat,Historical,0,1,0,0,0
923,Rahul,rahul819@outlook.com,"Beach, Adventure",Male,2,0,42,Surat,"Beach, Adventure",1,0,0,1,0
924,Kiara,kiara22@gmail.com,"Beach, Historical, Nature",Other,3,0,23,Jaipur,"Beach, Historical, Nature",1,1,1,0,0
925,Diya,diya269@yahoo.com,"Nature, Adventure",Female,3,1,27,Delhi,"Nature, Adventure",0,0,1,1,0
926,Suresh,suresh175@rediffmail.com,"Beach, Nature",Male,3,0,47,Jaipur,"Beach, Nature",1,0,1,0,0
927,Ayaan,ayaan230@yahoo.com,"Beach, Adventure",Female,2,0,26,Kolkata,"Beach, Adventure",1,0,0,1,0
928,Aadhya,aadhya615@yahoo.com,"Nature, Historical",Other,3,0,44,Bangalore,"Nature, Historical",0,1,1,0,0
929,Vivaan,vivaan298@outlook.com,"City, Nature",Other,2,0,55,Jaipur,"City, Nature",0,0,1,0,1
930,Sai,sai11@hotmail.com,"Adventure, City",Female,5,0,31,Kolkata,"Adventure, City",0,0,0,1,1
931,Lakshmi,lakshmi754@rediffmail.com,"Beach, City",Male,1,0,39,Chennai,"Beach, City",1,0,0,0,1
932,Tanvi,tanvi931@outlook.com,"Nature, Adventure, Beach",Other,5,1,65,Mumbai,"Nature, Adventure, Beach",1,0,1,1,0
933,Aarav,aarav260@rediffmail.com,"Nature, Adventure, Beach",Female,2,0,41,Bangalore,"Nature, Adventure, Beach",1,0,1,1,0
934,Mohan,mohan43@rediffmail.com,"Historical, Nature",Female,2,0,39,Jaipur,"Historical, Nature",0,1,1,0,0
935,Krishna,krishna92@outlook.com,City,Female,1,0,20,Bangalore,City,0,0,0,0,1
936,Shruti,shruti893@outlook.com,"City, Adventure",Female,2,2,57,Hyderabad,"City, Adventure",0,0,0,1,1
937,Anjali,anjali321@hotmail.com,"Historical, Nature",Female,3,0,27,Ahmedabad,"Historical, Nature",0,1,1,0,0
938,Pooja,pooja55@yahoo.com,"Adventure, City",Male,2,0,34,Bangalore,"Adventure, City",0,0,0,1,1
939,Divya,divya447@gmail.com,Adventure,Male,2,3,53,Jaipur,Adventure,0,0,0,1,0
940,Divya,divya505@gmail.com,"Adventure, City",Male,2,0,36,Bangalore,"Adventure, City",0,0,0,1,1
941,Kavya,kavya768@rediffmail.com,"Beach, City",Other,4,1,55,Mumbai,"Beach, City",1,0,0,0,1
942,Anjali,anjali786@rediffmail.com,"Historical, Nature",Female,5,0,49,Delhi,"Historical, Nature",0,1,1,0,0
943,Rohit,rohit27@outlook.com,"Beach, Nature",Female,2,2,24,Pune,"Beach, Nature",1,0,1,0,0
944,Ishaan,ishaan30@gmail.com,Historical,Other,3,0,35,Surat,Historical,0,1,0,0,0
945,Aarav,aarav338@gmail.com,"Nature, Adventure, Beach",Female,2,1,64,Surat,"Nature, Adventure, Beach",1,0,1,1,0
946,Krishna,krishna217@gmail.com,"Nature, Historical",Female,4,1,53,Surat,"Nature, Historical",0,1,1,0,0
947,Vikram,vikram95@hotmail.com,"Beach, City",Male,2,1,43,Delhi,"Beach, City",1,0,0,0,1
948,Vivaan,vivaan873@yahoo.com,"Historical, Nature",Female,4,0,59,Bangalore,"Historical, Nature",0,1,1,0,0
949,Ayaan,ayaan306@hotmail.com,Nature,Other,4,0,61,Surat,Nature,0,0,1,0,0
950,Krishna,krishna368@gmail.com,"City, Adventure",Other,2,0,42,Jaipur,"City, Adventure",0,0,0,1,1
951,Sneha,sneha577@rediffmail.com,Nature,Male,4,2,57,Bangalore,Nature,0,0,1,0,0
952,Lakshmi,lakshmi646@hotmail.com,"City, Historical",Male,3,3,61,Chennai,"City, Historical",0,1,0,0,1
953,Ishaan,ishaan954@hotmail.com,City,Other,3,0,47,Kolkata,City,0,0,0,0,1
954,Sai,sai929@hotmail.com,"Nature, Historical",Male,5,1,37,Chennai,"Nature, Historical",0,1,1,0,0
955,Anjali,anjali438@outlook.com,"City, Historical, Adventure",Male,3,2,50,Delhi,"City, Historical, Adventure",0,1,0,1,1
956,Neha,neha436@hotmail.com,"Beach, Nature",Female,3,1,34,Pune,"Beach, Nature",1,0,1,0,0
957,Priya,priya600@gmail.com,City,Male,1,1,29,Bangalore,City,0,0,0,0,1
958,Kiran,kiran47@gmail.com,Nature,Other,2,1,47,Jaipur,Nature,0,0,1,0,0
959,Usha,usha828@outlook.com,"Adventure, Historical",Male,2,0,56,Hyderabad,"Adventure, Historical",0,1,0,1,0
960,Reyansh,reyansh445@rediffmail.com,"Beach, Historical",Male,2,0,59,Jaipur,"Beach, Historical",1,1,0,0,0
961,Divya,divya709@hotmail.com,"Nature, Adventure, Beach",Other,2,1,57,Pune,"Nature, Adventure, Beach",1,0,1,1,0
962,Kiran,kiran824@outlook.com,"City, Historical",Male,1,0,19,Chennai,"City, Historical",0,1,0,0,1
963,Vivaan,vivaan215@hotmail.com,"Adventure, City",Other,2,2,52,Chennai,"Adventure, City",0,0,0,1,1
964,Sai,sai309@hotmail.com,"Adventure, City",Female,2,0,27,Jaipur,"Adventure, City",0,0,0,1,1
965,Shruti,shruti483@gmail.com,Historical,Other,2,0,43,Mumbai,Historical,0,1,0,0,0
966,Rohit,rohit9@gmail.com,Nature,Female,4,1,56,Ahmedabad,Nature,0,0,1,0,0
967,Meera,meera38@hotmail.com,Beach,Female,3,1,61,Jaipur,Beach,1,0,0,0,0
968,Kiara,kiara732@gmail.com,City,Male,2,0,22,Hyderabad,City,0,0,0,0,1
969,Deepa,deepa911@hotmail.com,"Beach, Nature",Female,3,1,46,Kolkata,"Beach, Nature",1,0,1,0,0
970,Vivaan,vivaan166@outlook.com,"Beach, Adventure",Female,2,0,32,Surat,"Beach, Adventure",1,0,0,1,0
971,Rohit,rohit944@rediffmail.com,Historical,Male,4,1,42,Kolkata,Historical,0,1,0,0,0
972,Suresh,suresh816@hotmail.com,"Historical, Nature",Other,2,1,23,Jaipur,"Historical, Nature",0,1,1,0,0
973,Krishna,krishna178@yahoo.com,"Historical, Nature",Other,2,2,49,Hyderabad,"Historical, Nature",0,1,1,0,0
974,Riya,riya215@rediffmail.com,"Nature, Adventure",Male,2,0,61,Bangalore,"Nature, Adventure",0,0,1,1,0
975,Ananya,ananya848@rediffmail.com,"Nature, Adventure",Male,2,0,32,Delhi,"Nature, Adventure",0,0,1,1,0
976,Mohan,mohan230@hotmail.com,"Beach, City",Female,4,1,53,Hyderabad,"Beach, City",1,0,0,0,1
977,Ishaan,ishaan874@rediffmail.com,"Nature, Adventure, Beach",Other,1,0,46,Jaipur,"Nature, Adventure, Beach",1,0,1,1,0
978,Ayaan,ayaan999@gmail.com,"Nature, Adventure, Beach",Other,4,2,53,Mumbai,"Nature, Adventure, Beach",1,0,1,1,0
979,Neha,neha108@yahoo.com,"Beach, Nature",Male,5,0,36,Jaipur,"Beach, Nature",1,0,1,0,0
980,Neha,neha511@gmail.com,"Adventure, City",Other,2,2,25,Chennai,"Adventure, City",0,0,0,1,1
981,Pooja,pooja993@hotmail.com,"Beach, Historical",Male,4,0,36,Ahmedabad,"Beach, Historical",1,1,0,0,0
982,Kavya,kavya88@outlook.com,"City, Adventure",Other,4,0,60,Chennai,"City, Adventure",0,0,0,1,1
983,Ishaan,ishaan772@rediffmail.com,Nature,Male,1,0,44,Jaipur,Nature,0,0,1,0,0
984,Anjali,anjali814@outlook.com,"Beach, Historical",Female,1,0,51,Delhi,"Beach, Historical",1,1,0,0,0
985,Sai,sai347@outlook.com,Beach,Male,2,0,20,Bangalore,Beach,1,0,0,0,0
986,Sunita,sunita60@rediffmail.com,"Nature, Historical",Female,2,1,53,Hyderabad,"Nature, Historical",0,1,1,0,0
987,Rahul,rahul932@outlook.com,"Beach, Historical",Female,5,1,27,Kolkata,"Beach, Historical",1,1,0,0,0
988,Pooja,pooja660@yahoo.com,"Beach, Historical, Nature",Other,4,1,62,Pune,"Beach, Historical, Nature",1,1,1,0,0
989,Kiran,kiran795@yahoo.com,"Nature, Historical",Male,1,0,64,Bangalore,"Nature, Historical",0,1,1,0,0
990,Anjali,anjali554@outlook.com,"Beach, Adventure",Male,3,0,39,Bangalore,"Beach, Adventure",1,0,0,1,0
991,Vivaan,vivaan29@rediffmail.com,"City, Historical, Adventure",Female,2,1,64,Kolkata,"City, Historical, Adventure",0,1,0,1,1
992,Neha,neha114@gmail.com,"City, Adventure",Female,3,0,21,Delhi,"City, Adventure",0,0,0,1,1
993,Pooja,pooja306@rediffmail.com,"Beach, Historical",Female,2,0,65,Surat,"Beach, Historical",1,1,0,0,0
994,Sunita,sunita732@rediffmail.com,"Nature, Adventure, Beach",Male,2,0,63,Surat,"Nature, Adventure, Beach",1,0,1,1,0
995,Krishna,krishna732@hotmail.com,City,Other,2,0,55,Chennai,City,0,0,0,0,1
996,Suresh,suresh466@gmail.com,"Adventure, City",Other,2,0,23,Mumbai,"Adventure, City",0,0,0,1,1
997,Lakshmi,lakshmi910@yahoo.com,Adventure,Male,2,0,51,Kolkata,Adventure,0,0,0,1,0
998,Geeta,geeta573@rediffmail.com,Beach,Female,3,1,46,Jaipur,Beach,1,0,0,0,0
999,Deepa,deepa844@yahoo.com,"Adventure, City",Other,1,1,26,Ahmedabad,"Adventure, City",0,0,0,1,1
1000,Anjali,anjali121@yahoo.com,Historical,Female,1,0,53,Pune,Historical,0,1,0,0,0
1001,Ayaan,ayaan617@hotmail.com,"Beach, Nature",Male,2,0,51,Bangalore,"Beach, Nature",1,0,1,0,0
1002,Ayaan,ayaan381@outlook.com,"City, Adventure",Female,2,0,27,Bangalore,"City, Adventure",0,0,0,1,1
1003,Geeta,geeta432@gmail.com,"Nature, Historical",Female,2,2,49,Mumbai,"Nature, Historical",0,1,1,0,0
1004,Ayaan,ayaan561@outlook.com,"City, Historical",Male,2,1,54,Jaipur,"City, Historical",0,1,0,0,1
1005,Rohit,rohit801@hotmail.com,Adventure,Other,4,0,26,Ahmedabad,Adventure,0,0,0,1,0
1006,Divya,divya780@hotmail.com,Historical,Male,4,0,57,Surat,Historical,0,1,0,0,0
1007,Deepa,deepa397@yahoo.com,Beach,Female,3,3,46,Hyderabad,Beach,1,0,0,0,0
1008,Sai,sai887@yahoo.com,"Beach, Historical",Other,3,1,37,Ahmedabad,"Beach, Historical",1,1,0,0,0
1009,Ayaan,ayaan660@rediffmail.com,"City, Historical",Male,5,1,21,Surat,"City, Historical",0,1,0,0,1
1010,Anjali,anjali194@hotmail.com,City,Male,1,2,29,Mumbai,City,0,0,0,0,1
1011,Sneha,sneha806@yahoo.com,"City, Nature",Other,4,1,23,Ahmedabad,"City, Nature",0,0,1,0,1
1012,Rekha,rekha329@hotmail.com,"City, Historical, Adventure",Male,2,2,39,Kolkata,"City, Historical, Adventure",0,1,0,1,1
1013,Ananya,ananya425@gmail.com,City,Female,2,0,24,Ahmedabad,City,0,0,0,0,1
1014,Kavya,kavya293@yahoo.com,"Historical, Nature",Female,4,0,44,Bangalore,"Historical, Nature",0,1,1,0,0
1015,Vihaan,vihaan630@outlook.com,"Historical, Nature",Male,3,0,24,Pune,"Historical, Nature",0,1,1,0,0
1016,Ishaan,ishaan423@outlook.com,"Beach, City",Female,5,2,21,Chennai,"Beach, City",1,0,0,0,1
1017,Riya,riya771@rediffmail.com,"City, Historical, Adventure",Male,2,1,42,Delhi,"City, Historical, Adventure",0,1,0,1,1
1018,Sneha,sneha63@outlook.com,Historical,Other,2,0,44,Chennai,Historical,0,1,0,0,0
1019,Vivaan,vivaan276@rediffmail.com,"City, Historical, Adventure",Other,1,1,59,Bangalore,"City, Historical, Adventure",0,1,0,1,1
1020,Nisha,nisha582@hotmail.com,Historical,Male,4,1,27,Pune,Historical,0,1,0,0,0
1021,Ritika,ritika173@yahoo.com,"Beach, Historical, Nature",Female,5,1,20,Mumbai,"Beach, Historical, Nature",1,1,1,0,0
1022,Divya,divya985@rediffmail.com,"Nature, Historical",Other,5,0,48,Hyderabad,"Nature, Historical",0,1,1,0,0
1023,Rekha,rekha257@hotmail.com,"City, Adventure",Other,2,2,36,Mumbai,"City, Adventure",0,0,0,1,1
1024,Kavya,kavya757@rediffmail.com,"City, Historical, Adventure",Male,2,0,25,Bangalore,"City, Historical, Adventure",0,1,0,1,1
1025,Mohan,mohan287@hotmail.com,"Beach, Adventure",Other,3,2,61,Pune,"Beach, Adventure",1,0,0,1,0
1026,Priya,priya771@hotmail.com,"Beach, City",Male,3,0,31,Jaipur,"Beach, City",1,0,0,0,1
1027,Rekha,rekha337@gmail.com,"Adventure, City",Other,5,1,18,Mumbai,"Adventure, City",0,0,0,1,1
1028,Ananya,ananya424@rediffmail.com,Adventure,Female,3,2,59,Delhi,Adventure,0,0,0,1,0
1029,Ritika,ritika32@hotmail.com,"Beach, Nature",Female,5,0,56,Pune,"Beach, Nature",1,0,1,0,0
1030,Vikram,vikram182@gmail.com,"Beach, Nature",Female,2,0,18,Chennai,"Beach, Nature",1,0,1,0,0
1031,Vivaan,vivaan777@outlook.com,"City, Adventure",Male,1,1,37,Chennai,"City, Adventure",0,0,0,1,1
1032,Kiara,kiara506@outlook.com,"Nature, Adventure",Female,2,1,56,Chennai,"Nature, Adventure",0,0,1,1,0
1033,Aarav,aarav201@hotmail.com,"Beach, Nature",Female,3,0,53,Chennai,"Beach, Nature",1,0,1,0,0
1034,Sunita,sunita689@rediffmail.com,"City, Historical, Adventure",Male,1,0,22,Bangalore,"City, Historical, Adventure",0,1,0,1,1
1035,Priya,priya956@rediffmail.com,"City, Nature",Other,3,0,61,Mumbai,"City, Nature",0,0,1,0,1
1036,Ritika,ritika630@outlook.com,"Beach, Historical, Nature",Female,1,0,61,Mumbai,"Beach, Historical, Nature",1,1,1,0,0
1037,Rahul,rahul443@hotmail.com,"Beach, City",Male,3,0,41,Ahmedabad,"Beach, City",1,0,0,0,1
1038,Aditya,aditya906@yahoo.com,"Nature, Adventure",Female,5,1,38,Mumbai,"Nature, Adventure",0,0,1,1,0
1039,Kiran,kiran200@outlook.com,"City, Historical",Other,4,3,32,Kolkata,"City, Historical",0,1,0,0,1
1040,Arjun,arjun940@yahoo.com,"Beach, Adventure",Male,2,0,58,Delhi,"Beach, Adventure",1,0,0,1,0
1041,Vivaan,vivaan492@hotmail.com,"Beach, Historical",Other,4,2,34,Chennai,"Beach, Historical",1,1,0,0,0
1042,Reyansh,reyansh485@yahoo.com,"Adventure, Historical",Male,4,1,33,Delhi,"Adventure, Historical",0,1,0,1,0
1043,Rekha,rekha635@hotmail.com,"Beach, Nature",Other,2,0,21,Mumbai,"Beach, Nature",1,0,1,0,0
1044,Vikram,vikram321@gmail.com,"Adventure, City",Male,5,0,37,Surat,"Adventure, City",0,0,0,1,1
1045,Lakshmi,lakshmi68@gmail.com,"Nature, Adventure",Other,1,2,43,Delhi,"Nature, Adventure",0,0,1,1,0
1046,Usha,usha771@hotmail.com,"City, Nature",Other,4,1,47,Kolkata,"City, Nature",0,0,1,0,1
1047,Divya,divya815@hotmail.com,"Nature, Adventure, Beach",Other,1,1,61,Mumbai,"Nature, Adventure, Beach",1,0,1,1,0
1048,Divya,divya530@outlook.com,"City, Historical, Adventure",Male,1,0,63,Delhi,"City, Historical, Adventure",0,1,0,1,1
1049,Geeta,geeta809@yahoo.com,"City, Historical, Adventure",Male,3,0,44,Jaipur,"City, Historical, Adventure",0,1,0,1,1
1050,Usha,usha456@yahoo.com,"City, Nature",Male,4,0,37,Surat,"City, Nature",0,0,1,0,1
1051,Lakshmi,lakshmi526@outlook.com,"Nature, Historical",Other,4,1,27,Jaipur,"Nature, Historical",0,1,1,0,0
1052,Nisha,nisha618@outlook.com,"Nature, Historical",Female,5,1,60,Bangalore,"Nature, Historical",0,1,1,0,0
1053,Vihaan,vihaan244@rediffmail.com,"Beach, Historical, Nature",Male,2,0,30,Chennai,"Beach, Historical, Nature",1,1,1,0,0
1054,Arjun,arjun350@yahoo.com,Adventure,Other,3,0,62,Pune,Adventure,0,0,0,1,0
1055,Geeta,geeta580@outlook.com,"Nature, Adventure, Beach",Female,2,0,47,Mumbai,"Nature, Adventure, Beach",1,0,1,1,0
1056,Shruti,shruti225@gmail.com,"City, Nature",Other,2,1,33,Jaipur,"City, Nature",0,0,1,0,1
1057,Rohit,rohit827@hotmail.com,"Beach, Adventure",Female,2,3,41,Mumbai,"Beach, Adventure",1,0,0,1,0
1058,Arjun,arjun367@gmail.com,"Beach, Historical, Nature",Male,1,0,58,Surat,"Beach, Historical, Nature",1,1,1,0,0
1059,Suresh,suresh45@gmail.com,"Beach, Adventure",Male,2,0,34,Bangalore,"Beach, Adventure",1,0,0,1,0
1060,Rohit,rohit868@rediffmail.com,"City, Nature",Male,2,0,34,Delhi,"City, Nature",0,0,1,0,1
1061,Vivaan,vivaan852@yahoo.com,Beach,Other,4,0,31,Hyderabad,Beach,1,0,0,0,0
1062,Divya,divya246@outlook.com,"City, Adventure",Other,2,1,57,Kolkata,"City, Adventure",0,0,0,1,1
1063,Arjun,arjun122@yahoo.com,"Adventure, City",Male,2,0,41,Pune,"Adventure, City",0,0,0,1,1
1064,Rekha,rekha440@yahoo.com,"Nature, Adventure",Other,3,2,36,Bangalore,"Nature, Adventure",0,0,1,1,0
1065,Rahul,rahul254@gmail.com,"Beach, City",Male,4,3,49,Chennai,"Beach, City",1,0,0,0,1
1066,Sai,sai804@hotmail.com,"Nature, Adventure, Beach",Male,2,0,59,Ahmedabad,"Nature, Adventure, Beach",1,0,1,1,0
1067,Suresh,suresh511@rediffmail.com,Historical,Male,2,0,62,Jaipur,Historical,0,1,0,0,0
1068,Shruti,shruti486@outlook.com,"City, Historical, Adventure",Female,3,2,59,Mumbai,"City, Historical, Adventure",0,1,0,1,1
1069,Aadhya,aadhya225@yahoo.com,Historical,Male,2,0,42,Surat,Historical,0,1,0,0,0
1070,Kavya,kavya958@outlook.com,"Beach, City",Other,1,1,36,Jaipur,"Beach, City",1,0,0,0,1
1071,Anjali,anjali361@yahoo.com,"City, Historical, Adventure",Male,2,1,45,Jaipur,"City, Historical, Adventure",0,1,0,1,1
1072,Divya,divya443@hotmail.com,"City, Adventure",Female,2,0,29,Jaipur,"City, Adventure",0,0,0,1,1
1073,Kiara,kiara272@gmail.com,"City, Adventure",Male,2,1,52,Delhi,"City, Adventure",0,0,0,1,1
1074,Sneha,sneha949@yahoo.com,"Beach, Nature",Male,1,0,30,Pune,"Beach, Nature",1,0,1,0,0
1075,Diya,diya692@outlook.com,"Beach, City",Female,3,1,35,Chennai,"Beach, City",1,0,0,0,1
1076,Rekha,rekha142@rediffmail.com,"Beach, City",Male,4,0,40,Kolkata,"Beach, City",1,0,0,0,1
1077,Kiran,kiran842@rediffmail.com,"Beach, Historical",Female,3,3,27,Kolkata,"Beach, Historical",1,1,0,0,0
1078,Kiara,kiara233@yahoo.com,Adventure,Male,3,2,47,Jaipur,Adventure,0,0,0,1,0
1079,Rohit,rohit811@gmail.com,"Adventure, Historical",Male,2,2,44,Chennai,"Adventure, Historical",0,1,0,1,0
1080,Pooja,pooja461@rediffmail.com,"Beach, Historical",Female,1,2,37,Mumbai,"Beach, Historical",1,1,0,0,0
1081,Shruti,shruti830@outlook.com,"Adventure, Historical",Male,2,1,43,Ahmedabad,"Adventure, Historical",0,1,0,1,0
1082,Nisha,nisha334@rediffmail.com,"Beach, Historical",Other,4,2,27,Pune,"Beach, Historical",1,1,0,0,0
1083,Sunita,sunita645@rediffmail.com,"Nature, Adventure, Beach",Other,4,3,31,Kolkata,"Nature, Adventure, Beach",1,0,1,1,0
1084,Arjun,arjun548@hotmail.com,"Beach, Adventure",Female,1,1,46,Hyderabad,"Beach, Adventure",1,0,0,1,0
1085,Sai,sai176@gmail.com,"Beach, Historical, Nature",Male,1,1,49,Mumbai,"Beach, Historical, Nature",1,1,1,0,0
1086,Ananya,ananya204@gmail.com,Beach,Female,2,0,51,Delhi,Beach,1,0,0,0,0
1087,Divya,divya59@outlook.com,City,Male,2,2,44,Kolkata,City,0,0,0,0,1
1088,Kavya,kavya114@yahoo.com,"Beach, Historical, Nature",Female,2,0,31,Bangalore,"Beach, Historical, Nature",1,1,1,0,0
1089,Aadhya,aadhya318@hotmail.com,Adventure,Male,3,2,55,Chennai,Adventure,0,0,0,1,0
1090,Neha,neha734@hotmail.com,"Beach, City",Male,1,0,22,Kolkata,"Beach, City",1,0,0,0,1
1091,Rekha,rekha827@yahoo.com,City,Female,5,2,47,Jaipur,City,0,0,0,0,1
1092,Sunita,sunita41@gmail.com,"Nature, Historical",Other,4,0,62,Hyderabad,"Nature, Historical",0,1,1,0,0
1093,Kiran,kiran628@yahoo.com,Nature,Male,2,1,45,Jaipur,Nature,0,0,1,0,0
1094,Vikram,vikram933@yahoo.com,"City, Historical, Adventure",Male,2,2,33,Bangalore,"City, Historical, Adventure",0,1,0,1,1
1095,Sneha,sneha904@rediffmail.com,"Nature, Historical",Other,5,1,64,Chennai,"Nature, Historical",0,1,1,0,0
1096,Shruti,shruti422@rediffmail.com,"Beach, Nature",Female,1,0,38,Kolkata,"Beach, Nature",1,0,1,0,0
1097,Pooja,pooja169@outlook.com,"Beach, Adventure",Other,1,0,58,Jaipur,"Beach, Adventure",1,0,0,1,0
1098,Vikram,vikram352@hotmail.com,"Beach, Adventure",Female,1,0,63,Bangalore,"Beach, Adventure",1,0,0,1,0
1099,Rahul,rahul687@hotmail.com,Adventure,Female,1,1,33,Jaipur,Adventure,0,0,0,1,0
1100,Krishna,krishna483@outlook.com,"Historical, Nature",Male,4,1,29,Hyderabad,"Historical, Nature",0,1,1,0,0
1101,Ayaan,ayaan548@hotmail.com,"Historical, Nature",Male,3,0,35,Bangalore,"Historical, Nature",0,1,1,0,0
1102,Pooja,pooja367@yahoo.com,"Beach, Adventure",Other,1,1,31,Jaipur,"Beach, Adventure",1,0,0,1,0
1103,Vihaan,vihaan857@rediffmail.com,"Beach, Nature",Female,3,0,56,Mumbai,"Beach, Nature",1,0,1,0,0
1104,Vihaan,vihaan791@hotmail.com,"Beach, Adventure",Male,2,0,23,Mumbai,"Beach, Adventure",1,0,0,1,0
1105,Deepa,deepa29@gmail.com,"Adventure, Historical",Male,3,0,24,Bangalore,"Adventure, Historical",0,1,0,1,0
1106,Kavya,kavya46@hotmail.com,City,Male,4,0,58,Chennai,City,0,0,0,0,1
1107,Usha,usha213@rediffmail.com,Beach,Female,1,0,40,Pune,Beach,1,0,0,0,0
1108,Ananya,ananya16@hotmail.com,"Adventure, Historical",Male,2,0,22,Hyderabad,"Adventure, Historical",0,1,0,1,0
1109,Usha,usha378@gmail.com,"City, Historical",Male,2,1,49,Delhi,"City, Historical",0,1,0,0,1
1110,Ritika,ritika811@rediffmail.com,"Historical, Nature",Female,5,1,58,Kolkata,"Historical, Nature",0,1,1,0,0
1111,Krishna,krishna341@yahoo.com,"Adventure, Historical",Other,2,0,56,Surat,"Adventure, Historical",0,1,0,1,0
1112,Pooja,pooja392@rediffmail.com,"City, Nature",Other,3,3,32,Mumbai,"City, Nature",0,0,1,0,1
1113,Usha,usha778@gmail.com,"Nature, Historical",Male,3,1,57,Delhi,"Nature, Historical",0,1,1,0,0
1114,Vihaan,vihaan141@outlook.com,Adventure,Female,2,0,59,Mumbai,Adventure,0,0,0,1,0
1115,Riya,riya946@rediffmail.com,Historical,Other,4,0,38,Mumbai,Historical,0,1,0,0,0
1116,Anjali,anjali811@hotmail.com,"Nature, Historical",Male,2,1,39,Chennai,"Nature, Historical",0,1,1,0,0
1117,Aadhya,aadhya553@gmail.com,"City, Nature",Other,3,0,42,Ahmedabad,"City, Nature",0,0,1,0,1
1118,Rahul,rahul188@hotmail.com,"Beach, Historical",Male,4,0,30,Mumbai,"Beach, Historical",1,1,0,0,0
1119,Ishaan,ishaan961@yahoo.com,"Adventure, City",Male,2,1,31,Chennai,"Adventure, City",0,0,0,1,1
1120,Neha,neha81@hotmail.com,Historical,Female,2,0,45,Bangalore,Historical,0,1,0,0,0
1121,Rekha,rekha255@outlook.com,"Nature, Historical",Other,2,1,35,Jaipur,"Nature, Historical",0,1,1,0,0
1122,Sai,sai974@outlook.com,Beach,Female,2,0,50,Surat,Beach,1,0,0,0,0
1123,Lakshmi,lakshmi779@yahoo.com,Adventure,Male,4,0,23,Hyderabad,Adventure,0,0,0,1,0
1124,Rekha,rekha551@yahoo.com,"Beach, Historical, Nature",Other,2,0,37,Jaipur,"Beach, Historical, Nature",1,1,1,0,0
1125,Meera,meera385@rediffmail.com,"Nature, Adventure, Beach",Female,1,0,48,Chennai,"Nature, Adventure, Beach",1,0,1,1,0
1126,Ishaan,ishaan939@yahoo.com,"Beach, Historical",Male,4,1,41,Jaipur,"Beach, Historical",1,1,0,0,0
1127,Kiran,kiran948@hotmail.com,Beach,Other,2,0,59,Surat,Beach,1,0,0,0,0
1128,Arjun,arjun419@gmail.com,"Beach, Nature",Female,5,0,45,Hyderabad,"Beach, Nature",1,0,1,0,0
1129,Amit,amit522@hotmail.com,"City, Adventure",Other,1,0,45,Chennai,"City, Adventure",0,0,0,1,1
1130,Riya,riya490@gmail.com,"City, Adventure",Other,3,0,60,Bangalore,"City, Adventure",0,0,0,1,1
1131,Priya,priya620@hotmail.com,"Adventure, City",Female,2,1,60,Bangalore,"Adventure, City",0,0,0,1,1
1132,Aarav,aarav120@gmail.com,Beach,Female,3,3,23,Ahmedabad,Beach,1,0,0,0,0
1133,Diya,diya898@hotmail.com,"Historical, Nature",Female,2,0,52,Kolkata,"Historical, Nature",0,1,1,0,0
1134,Geeta,geeta316@hotmail.com,"City, Historical",Male,3,1,40,Bangalore,"City, Historical",0,1,0,0,1
1135,Sneha,sneha767@yahoo.com,Beach,Other,2,3,49,Mumbai,Beach,1,0,0,0,0
1136,Reyansh,reyansh72@hotmail.com,City,Female,3,1,28,Bangalore,City,0,0,0,0,1
1137,Suresh,suresh191@yahoo.com,"Beach, Adventure",Female,2,2,46,Surat,"Beach, Adventure",1,0,0,1,0
1138,Aadhya,aadhya191@yahoo.com,"Nature, Adventure",Other,2,1,34,Kolkata,"Nature, Adventure",0,0,1,1,0
1139,Pooja,pooja642@rediffmail.com,"Beach, Nature",Other,2,0,42,Delhi,"Beach, Nature",1,0,1,0,0
1140,Sneha,sneha66@outlook.com,"Beach, Historical",Other,2,0,24,Mumbai,"Beach, Historical",1,1,0,0,0
1141,Vihaan,vihaan273@gmail.com,"City, Historical, Adventure",Male,1,1,18,Kolkata,"City, Historical, Adventure",0,1,0,1,1
1142,Rekha,rekha533@outlook.com,Adventure,Female,4,1,39,Pune,Adventure,0,0,0,1,0
1143,Rohit,rohit323@yahoo.com,"City, Adventure",Other,2,1,40,Pune,"City, Adventure",0,0,0,1,1
1144,Reyansh,reyansh4@hotmail.com,Beach,Other,4,2,19,Surat,Beach,1,0,0,0,0
1145,Ayaan,ayaan890@rediffmail.com,"Beach, City",Other,4,0,46,Surat,"Beach, City",1,0,0,0,1
1146,Tanvi,tanvi528@hotmail.com,"Beach, Adventure",Male,5,3,38,Mumbai,"Beach, Adventure",1,0,0,1,0
1147,Suresh,suresh895@gmail.com,"Adventure, Historical",Other,2,1,43,Surat,"Adventure, Historical",0,1,0,1,0
1148,Sai,sai357@hotmail.com,Adventure,Other,4,2,64,Kolkata,Adventure,0,0,0,1,0
1149,Meera,meera622@yahoo.com,"Adventure, City",Other,4,2,63,Ahmedabad,"Adventure, City",0,0,0,1,1
1150,Aditya,aditya131@hotmail.com,"City, Historical",Female,4,3,47,Bangalore,"City, Historical",0,1,0,0,1
1151,Pooja,pooja978@gmail.com,Adventure,Other,3,0,28,Delhi,Adventure,0,0,0,1,0
1152,Reyansh,reyansh446@gmail.com,"Historical, Nature",Female,5,1,32,Hyderabad,"Historical, Nature",0,1,1,0,0
1153,Tanvi,tanvi975@gmail.com,"Adventure, City",Other,3,0,62,Pune,"Adventure, City",0,0,0,1,1
1154,Kiara,kiara955@rediffmail.com,"Nature, Adventure, Beach",Male,3,0,63,Kolkata,"Nature, Adventure, Beach",1,0,1,1,0
1155,Mohan,mohan990@hotmail.com,"City, Nature",Male,2,0,25,Delhi,"City, Nature",0,0,1,0,1
1156,Rohit,rohit759@rediffmail.com,"Beach, Adventure",Other,5,1,26,Pune,"Beach, Adventure",1,0,0,1,0
1157,Vikram,vikram591@gmail.com,"Nature, Historical",Male,3,0,42,Kolkata,"Nature, Historical",0,1,1,0,0
1158,Rahul,rahul790@outlook.com,"Adventure, City",Other,3,1,24,Kolkata,"Adventure, City",0,0,0,1,1
1159,Aarav,aarav552@hotmail.com,"Adventure, Historical",Male,4,0,32,Jaipur,"Adventure, Historical",0,1,0,1,0
1160,Divya,divya151@rediffmail.com,"Nature, Historical",Male,3,2,62,Mumbai,"Nature, Historical",0,1,1,0,0
1161,Rekha,rekha328@outlook.com,City,Other,1,3,63,Surat,City,0,0,0,0,1
1162,Tanvi,tanvi647@yahoo.com,Adventure,Female,3,0,39,Bangalore,Adventure,0,0,0,1,0
1163,Aadhya,aadhya869@yahoo.com,"Nature, Adventure",Male,4,1,37,Bangalore,"Nature, Adventure",0,0,1,1,0
1164,Vivaan,vivaan562@hotmail.com,"Adventure, Historical",Female,3,3,43,Kolkata,"Adventure, Historical",0,1,0,1,0
1165,Arjun,arjun541@outlook.com,"Nature, Historical",Other,5,1,53,Kolkata,"Nature, Historical",0,1,1,0,0
1166,Reyansh,reyansh135@outlook.com,"City, Historical, Adventure",Male,4,1,47,Bangalore,"City, Historical, Adventure",0,1,0,1,1
1167,Sunita,sunita141@hotmail.com,Adventure,Female,4,0,65,Chennai,Adventure,0,0,0,1,0
1168,Aarav,aarav371@rediffmail.com,"Beach, Nature",Other,4,2,42,Kolkata,"Beach, Nature",1,0,1,0,0
1169,Kavya,kavya949@gmail.com,"Beach, Nature",Female,5,0,21,Delhi,"Beach, Nature",1,0,1,0,0
1170,Neha,neha666@outlook.com,"City, Historical, Adventure",Female,5,1,43,Chennai,"City, Historical, Adventure",0,1,0,1,1
1171,Aditya,aditya122@yahoo.com,Beach,Female,2,1,29,Kolkata,Beach,1,0,0,0,0
1172,Sai,sai797@hotmail.com,Beach,Female,3,0,18,Delhi,Beach,1,0,0,0,0
1173,Ayaan,ayaan85@gmail.com,Adventure,Other,3,1,19,Surat,Adventure,0,0,0,1,0
1174,Sunita,sunita587@hotmail.com,"Beach, City",Other,3,2,29,Kolkata,"Beach, City",1,0,0,0,1
1175,Tanvi,tanvi661@hotmail.com,"Nature, Historical",Other,1,0,63,Ahmedabad,"Nature, Historical",0,1,1,0,0
1176,Ananya,ananya416@gmail.com,Beach,Other,4,2,51,Jaipur,Beach,1,0,0,0,0
1177,Arjun,arjun532@rediffmail.com,"Beach, Historical, Nature",Other,4,1,31,Delhi,"Beach, Historical, Nature",1,1,1,0,0
1178,Ananya,ananya883@rediffmail.com,"Historical, Nature",Male,3,2,25,Mumbai,"Historical, Nature",0,1,1,0,0
1179,Krishna,krishna589@yahoo.com,"Historical, Nature",Male,3,2,20,Delhi,"Historical, Nature",0,1,1,0,0
1180,Ayaan,ayaan519@outlook.com,"City, Adventure",Other,2,3,60,Mumbai,"City, Adventure",0,0,0,1,1
1181,Riya,riya308@gmail.com,City,Female,3,0,54,Jaipur,City,0,0,0,0,1
1182,Rahul,rahul536@outlook.com,"Nature, Adventure, Beach",Other,3,1,60,Mumbai,"Nature, Adventure, Beach",1,0,1,1,0
1183,Riya,riya38@yahoo.com,"Adventure, City",Female,4,0,26,Surat,"Adventure, City",0,0,0,1,1
1184,Mohan,mohan222@rediffmail.com,"City, Adventure",Female,1,1,22,Ahmedabad,"City, Adventure",0,0,0,1,1
1185,Priya,priya267@hotmail.com,"Historical, Nature",Female,2,2,61,Kolkata,"Historical, Nature",0,1,1,0,0
1186,Ishaan,ishaan549@yahoo.com,"City, Historical",Other,3,3,62,Chennai,"City, Historical",0,1,0,0,1
1187,Suresh,suresh578@rediffmail.com,"Nature, Adventure, Beach",Male,2,0,45,Kolkata,"Nature, Adventure, Beach",1,0,1,1,0
1188,Vivaan,vivaan988@rediffmail.com,"City, Nature",Male,2,1,61,Ahmedabad,"City, Nature",0,0,1,0,1
1189,Deepa,deepa68@outlook.com,"City, Historical",Female,5,1,27,Chennai,"City, Historical",0,1,0,0,1
1190,Sneha,sneha11@gmail.com,Beach,Male,2,0,25,Bangalore,Beach,1,0,0,0,0
1191,Anjali,anjali746@outlook.com,"City, Historical, Adventure",Female,1,0,54,Hyderabad,"City, Historical, Adventure",0,1,0,1,1
1192,Mohan,mohan278@rediffmail.com,"Beach, Nature",Male,2,2,42,Bangalore,"Beach, Nature",1,0,1,0,0
1193,Amit,amit826@rediffmail.com,"Beach, Historical, Nature",Other,4,0,55,Bangalore,"Beach, Historical, Nature",1,1,1,0,0
1194,Priya,priya10@rediffmail.com,"Adventure, City",Other,1,0,65,Hyderabad,"Adventure, City",0,0,0,1,1
1195,Vihaan,vihaan941@outlook.com,"City, Nature",Other,3,1,29,Jaipur,"City, Nature",0,0,1,0,1
1196,Amit,amit818@hotmail.com,City,Female,2,0,63,Chennai,City,0,0,0,0,1
1197,Nisha,nisha651@gmail.com,"Nature, Historical",Female,4,2,58,Delhi,"Nature, Historical",0,1,1,0,0
1198,Arjun,arjun748@yahoo.com,"City, Historical",Male,3,0,36,Ahmedabad,"City, Historical",0,1,0,0,1
1199,Shruti,shruti828@gmail.com,Nature,Other,3,1,48,Jaipur,Nature,0,0,1,0,0
1200,Neha,neha702@rediffmail.com,"Beach, Nature",Female,1,0,65,Mumbai,"Beach, Nature",1,0,1,0,0
1201,Lakshmi,lakshmi720@rediffmail.com,"City, Adventure",Male,5,1,51,Surat,"City, Adventure",0,0,0,1,1
1202,Aditya,aditya622@hotmail.com,"Historical, Nature",Other,5,1,32,Bangalore,"Historical, Nature",0,1,1,0,0
1203,Arjun,arjun376@yahoo.com,City,Female,5,0,42,Bangalore,City,0,0,0,0,1
1204,Suresh,suresh994@gmail.com,"Adventure, Historical",Other,2,1,25,Hyderabad,"Adventure, Historical",0,1,0,1,0
1205,Nisha,nisha495@outlook.com,"Beach, City",Male,1,1,43,Chennai,"Beach, City",1,0,0,0,1
1206,Nisha,nisha952@rediffmail.com,"Nature, Adventure",Female,4,2,21,Pune,"Nature, Adventure",0,0,1,1,0
1207,Aarav,aarav631@hotmail.com,"Adventure, Historical",Female,2,0,64,Bangalore,"Adventure, Historical",0,1,0,1,0
1208,Kiran,kiran364@gmail.com,"Beach, Nature",Female,2,0,50,Bangalore,"Beach, Nature",1,0,1,0,0
1209,Deepa,deepa127@hotmail.com,"Beach, Historical",Male,4,0,48,Kolkata,"Beach, Historical",1,1,0,0,0
1210,Suresh,suresh307@outlook.com,Nature,Male,3,0,46,Jaipur,Nature,0,0,1,0,0
1211,Kavya,kavya144@outlook.com,Nature,Male,2,2,30,Delhi,Nature,0,0,1,0,0
1212,Diya,diya292@gmail.com,"Adventure, City",Female,2,0,20,Bangalore,"Adventure, City",0,0,0,1,1
1213,Diya,diya972@hotmail.com,"Beach, City",Male,2,1,61,Bangalore,"Beach, City",1,0,0,0,1
1214,Rahul,rahul770@hotmail.com,City,Other,5,2,42,Bangalore,City,0,0,0,0,1
1215,Ayaan,ayaan981@gmail.com,"Beach, Historical",Male,2,1,61,Chennai,"Beach, Historical",1,1,0,0,0
1216,Vihaan,vihaan695@outlook.com,Nature,Other,3,0,36,Hyderabad,Nature,0,0,1,0,0
1217,Shruti,shruti85@hotmail.com,"City, Nature",Other,2,1,33,Hyderabad,"City, Nature",0,0,1,0,1
1218,Ayaan,ayaan885@outlook.com,"City, Nature",Other,4,0,63,Delhi,"City, Nature",0,0,1,0,1
1219,Neha,neha626@yahoo.com,"Beach, Adventure",Other,3,0,25,Bangalore,"Beach, Adventure",1,0,0,1,0
1220,Kiran,kiran40@outlook.com,"Beach, Adventure",Male,2,1,23,Mumbai,"Beach, Adventure",1,0,0,1,0
1221,Vikram,vikram418@rediffmail.com,"Nature, Historical",Other,3,0,39,Kolkata,"Nature, Historical",0,1,1,0,0
1222,Tanvi,tanvi63@rediffmail.com,Nature,Other,1,0,41,Hyderabad,Nature,0,0,1,0,0
1223,Amit,amit729@hotmail.com,"City, Nature",Female,4,0,18,Mumbai,"City, Nature",0,0,1,0,1
1224,Rahul,rahul218@outlook.com,Adventure,Female,5,0,29,Hyderabad,Adventure,0,0,0,1,0
1225,Shruti,shruti373@outlook.com,"Nature, Historical",Male,1,0,53,Bangalore,"Nature, Historical",0,1,1,0,0
1226,Rohit,rohit370@outlook.com,"City, Historical, Adventure",Other,3,0,35,Chennai,"City, Historical, Adventure",0,1,0,1,1
1227,Geeta,geeta394@gmail.com,"Beach, Nature",Male,3,1,20,Surat,"Beach, Nature",1,0,1,0,0
1228,Diya,diya198@hotmail.com,"Beach, Nature",Male,5,1,37,Jaipur,"Beach, Nature",1,0,1,0,0
1229,Diya,diya547@yahoo.com,"Nature, Adventure",Male,2,1,34,Ahmedabad,"Nature, Adventure",0,0,1,1,0
1230,Amit,amit917@outlook.com,Historical,Other,3,2,22,Jaipur,Historical,0,1,0,0,0
1231,Deepa,deepa537@rediffmail.com,"Beach, Historical",Male,3,1,26,Hyderabad,"Beach, Historical",1,1,0,0,0
1232,Aditya,aditya979@rediffmail.com,"Nature, Adventure",Other,2,2,49,Ahmedabad,"Nature, Adventure",0,0,1,1,0
1233,Neha,neha995@gmail.com,"Historical, Nature",Female,4,0,42,Kolkata,"Historical, Nature",0,1,1,0,0
1234,Rekha,rekha279@yahoo.com,"Historical, Nature",Male,2,0,62,Mumbai,"Historical, Nature",0,1,1,0,0
1235,Neha,neha467@rediffmail.com,City,Female,2,0,63,Hyderabad,City,0,0,0,0,1
1236,Mohan,mohan122@yahoo.com,"City, Nature",Male,3,0,58,Bangalore,"City, Nature",0,0,1,0,1
1237,Sneha,sneha950@yahoo.com,"Beach, City",Male,3,0,31,Ahmedabad,"Beach, City",1,0,0,0,1
1238,Ayaan,ayaan2@outlook.com,"Nature, Adventure, Beach",Female,2,2,53,Hyderabad,"Nature, Adventure, Beach",1,0,1,1,0
1239,Krishna,krishna419@rediffmail.com,"Nature, Historical",Female,5,1,18,Pune,"Nature, Historical",0,1,1,0,0
1240,Kiara,kiara749@outlook.com,"Historical, Nature",Female,5,1,55,Delhi,"Historical, Nature",0,1,1,0,0
1241,Vikram,vikram969@outlook.com,"Nature, Adventure, Beach",Other,2,0,38,Hyderabad,"Nature, Adventure, Beach",1,0,1,1,0
1242,Aadhya,aadhya596@hotmail.com,"Adventure, City",Female,2,1,41,Bangalore,"Adventure, City",0,0,0,1,1
1243,Tanvi,tanvi96@hotmail.com,"Historical, Nature",Female,2,2,30,Surat,"Historical, Nature",0,1,1,0,0
1244,Shruti,shruti966@yahoo.com,"Nature, Historical",Male,2,2,43,Surat,"Nature, Historical",0,1,1,0,0
1245,Diya,diya72@yahoo.com,"City, Historical",Female,2,2,43,Delhi,"City, Historical",0,1,0,0,1
1246,Anjali,anjali141@gmail.com,"Nature, Adventure, Beach",Male,2,0,18,Mumbai,"Nature, Adventure, Beach",1,0,1,1,0
1247,Krishna,krishna255@gmail.com,"Beach, City",Male,5,1,18,Delhi,"Beach, City",1,0,0,0,1
1248,Ritika,ritika754@outlook.com,"City, Historical",Male,1,1,46,Bangalore,"City, Historical",0,1,0,0,1
1249,Nisha,nisha340@hotmail.com,"Adventure, City",Male,1,1,58,Ahmedabad,"Adventure, City",0,0,0,1,1
1250,Ayaan,ayaan22@gmail.com,"Beach, Nature",Other,2,1,44,Bangalore,"Beach, Nature",1,0,1,0,0
1251,Aarav,aarav935@yahoo.com,"Beach, Historical",Male,2,0,59,Hyderabad,"Beach, Historical",1,1,0,0,0
1252,Kiara,kiara944@hotmail.com,"Beach, Nature",Female,2,0,24,Hyderabad,"Beach, Nature",1,0,1,0,0
1253,Amit,amit79@rediffmail.com,"Adventure, Historical",Male,2,2,23,Mumbai,"Adventure, Historical",0,1,0,1,0
1254,Rekha,rekha155@yahoo.com,Nature,Other,2,0,45,Bangalore,Nature,0,0,1,0,0
1255,Nisha,nisha640@outlook.com,"City, Adventure",Male,2,0,41,Hyderabad,"City, Adventure",0,0,0,1,1
1256,Arjun,arjun808@gmail.com,"Adventure, City",Other,1,0,46,Jaipur,"Adventure, City",0,0,0,1,1
1257,Arjun,arjun116@rediffmail.com,Nature,Other,2,0,26,Bangalore,Nature,0,0,1,0,0
1258,Vikram,vikram362@outlook.com,Adventure,Female,2,3,56,Pune,Adventure,0,0,0,1,0
1259,Krishna,krishna822@yahoo.com,Beach,Female,3,1,49,Ahmedabad,Beach,1,0,0,0,0
1260,Ritika,ritika842@yahoo.com,Beach,Male,3,0,54,Chennai,Beach,1,0,0,0,0
1261,Sai,sai241@outlook.com,"Beach, Historical",Male,5,0,53,Jaipur,"Beach, Historical",1,1,0,0,0
1262,Krishna,krishna944@gmail.com,"Nature, Adventure",Female,2,2,26,Hyderabad,"Nature, Adventure",0,0,1,1,0
1263,Divya,divya148@rediffmail.com,Nature,Male,2,0,65,Bangalore,Nature,0,0,1,0,0
1264,Ayaan,ayaan986@yahoo.com,Beach,Other,1,3,41,Mumbai,Beach,1,0,0,0,0
1265,Reyansh,reyansh679@rediffmail.com,"City, Historical",Female,4,2,19,Bangalore,"City, Historical",0,1,0,0,1
1266,Suresh,suresh145@gmail.com,"City, Nature",Male,1,2,44,Bangalore,"City, Nature",0,0,1,0,1
1267,Ananya,ananya482@yahoo.com,City,Other,5,0,64,Pune,City,0,0,0,0,1
1268,Pooja,pooja801@gmail.com,"Nature, Historical",Male,2,2,20,Surat,"Nature, Historical",0,1,1,0,0
1269,Ananya,ananya516@yahoo.com,"Beach, Historical",Female,4,1,47,Ahmedabad,"Beach, Historical",1,1,0,0,0
1270,Priya,priya942@rediffmail.com,City,Female,3,0,28,Hyderabad,City,0,0,0,0,1
1271,Sai,sai535@hotmail.com,"Adventure, City",Other,2,1,32,Kolkata,"Adventure, City",0,0,0,1,1
1272,Ananya,ananya843@rediffmail.com,"Nature, Adventure, Beach",Male,4,0,38,Kolkata,"Nature, Adventure, Beach",1,0,1,1,0
1273,Vikram,vikram169@gmail.com,"City, Adventure",Other,2,0,24,Delhi,"City, Adventure",0,0,0,1,1
1274,Suresh,suresh618@outlook.com,"Beach, Historical",Male,2,1,22,Chennai,"Beach, Historical",1,1,0,0,0
1275,Rekha,rekha12@outlook.com,"Beach, Adventure",Other,2,2,33,Hyderabad,"Beach, Adventure",1,0,0,1,0
1276,Sai,sai584@rediffmail.com,"Nature, Adventure",Other,5,0,21,Pune,"Nature, Adventure",0,0,1,1,0
1277,Sai,sai967@outlook.com,"Beach, Historical",Female,4,3,50,Chennai,"Beach, Historical",1,1,0,0,0
1278,Rahul,rahul770@hotmail.com,"City, Adventure",Male,3,0,44,Ahmedabad,"City, Adventure",0,0,0,1,1
1279,Reyansh,reyansh515@yahoo.com,"Beach, Historical",Other,4,0,20,Hyderabad,"Beach, Historical",1,1,0,0,0
1280,Kavya,kavya156@hotmail.com,"City, Historical",Other,1,1,31,Bangalore,"City, Historical",0,1,0,0,1
1281,Kavya,kavya987@rediffmail.com,City,Other,3,1,39,Jaipur,City,0,0,0,0,1
1282,Krishna,krishna348@outlook.com,"City, Adventure",Other,4,0,63,Kolkata,"City, Adventure",0,0,0,1,1
1283,Riya,riya214@rediffmail.com,"Nature, Adventure, Beach",Male,5,1,49,Delhi,"Nature, Adventure, Beach",1,0,1,1,0
1284,Aarav,aarav147@outlook.com,"Beach, Historical, Nature",Male,2,0,28,Hyderabad,"Beach, Historical, Nature",1,1,1,0,0
1285,Kavya,kavya70@outlook.com,"City, Historical, Adventure",Female,2,0,63,Jaipur,"City, Historical, Adventure",0,1,0,1,1
1286,Priya,priya485@outlook.com,Historical,Other,5,2,54,Jaipur,Historical,0,1,0,0,0
1287,Aditya,aditya373@outlook.com,Beach,Female,4,2,26,Jaipur,Beach,1,0,0,0,0
1288,Suresh,suresh525@rediffmail.com,"Adventure, Historical",Female,1,0,46,Hyderabad,"Adventure, Historical",0,1,0,1,0
1289,Aditya,aditya636@gmail.com,"City, Nature",Other,4,0,24,Hyderabad,"City, Nature",0,0,1,0,1
1290,Vikram,vikram163@rediffmail.com,Beach,Male,2,2,60,Delhi,Beach,1,0,0,0,0
1291,Amit,amit478@hotmail.com,"Beach, Historical, Nature",Female,1,0,24,Kolkata,"Beach, Historical, Nature",1,1,1,0,0
1292,Lakshmi,lakshmi205@hotmail.com,"Adventure, Historical",Male,2,3,49,Chennai,"Adventure, Historical",0,1,0,1,0
1293,Tanvi,tanvi118@outlook.com,Historical,Male,3,2,27,Chennai,Historical,0,1,0,0,0
1294,Rahul,rahul582@gmail.com,"Nature, Adventure, Beach",Female,1,2,45,Jaipur,"Nature, Adventure, Beach",1,0,1,1,0
1295,Aadhya,aadhya56@yahoo.com,"Beach, Historical",Other,2,0,29,Delhi,"Beach, Historical",1,1,0,0,0
1296,Ishaan,ishaan71@outlook.com,Beach,Male,2,1,44,Ahmedabad,Beach,1,0,0,0,0
1297,Aadhya,aadhya686@outlook.com,"Historical, Nature",Male,1,2,39,Hyderabad,"Historical, Nature",0,1,1,0,0
1298,Kavya,kavya204@outlook.com,Nature,Female,2,1,28,Kolkata,Nature,0,0,1,0,0
1299,Amit,amit935@rediffmail.com,Beach,Male,3,2,30,Delhi,Beach,1,0,0,0,0
1300,Geeta,geeta632@yahoo.com,"Adventure, Historical",Other,5,2,65,Pune,"Adventure, Historical",0,1,0,1,0
1301,Aarav,aarav155@hotmail.com,"Adventure, City",Female,4,0,61,Kolkata,"Adventure, City",0,0,0,1,1
1302,Priya,priya534@gmail.com,Historical,Male,3,1,55,Delhi,Historical,0,1,0,0,0
1303,Aditya,aditya224@yahoo.com,Nature,Other,3,0,42,Chennai,Nature,0,0,1,0,0
1304,Amit,amit215@yahoo.com,"City, Historical, Adventure",Male,2,0,37,Hyderabad,"City, Historical, Adventure",0,1,0,1,1
1305,Neha,neha839@gmail.com,Adventure,Other,5,0,40,Pune,Adventure,0,0,0,1,0
1306,Ritika,ritika437@rediffmail.com,"Adventure, Historical",Male,5,0,41,Bangalore,"Adventure, Historical",0,1,0,1,0
1307,Mohan,mohan610@yahoo.com,"Beach, Historical, Nature",Female,2,2,62,Kolkata,"Beach, Historical, Nature",1,1,1,0,0
1308,Meera,meera719@rediffmail.com,"Beach, Nature",Male,4,0,59,Mumbai,"Beach, Nature",1,0,1,0,0
1309,Usha,usha955@hotmail.com,"Beach, Nature",Female,3,1,52,Delhi,"Beach, Nature",1,0,1,0,0
1310,Pooja,pooja516@rediffmail.com,"Nature, Adventure",Other,2,0,32,Jaipur,"Nature, Adventure",0,0,1,1,0
1311,Mohan,mohan391@gmail.com,"Beach, Adventure",Female,5,0,47,Kolkata,"Beach, Adventure",1,0,0,1,0
1312,Kiran,kiran8@outlook.com,"City, Nature",Other,2,2,34,Hyderabad,"City, Nature",0,0,1,0,1
1313,Deepa,deepa690@yahoo.com,"Beach, Historical",Female,1,0,41,Ahmedabad,"Beach, Historical",1,1,0,0,0
1314,Rekha,rekha326@outlook.com,"Historical, Nature",Other,5,0,43,Chennai,"Historical, Nature",0,1,1,0,0
1315,Usha,usha660@hotmail.com,"Nature, Adventure",Other,2,2,42,Bangalore,"Nature, Adventure",0,0,1,1,0
1316,Kiran,kiran926@outlook.com,City,Male,2,0,26,Ahmedabad,City,0,0,0,0,1
1317,Ayaan,ayaan647@rediffmail.com,Beach,Other,5,2,28,Pune,Beach,1,0,0,0,0
1318,Aadhya,aadhya96@gmail.com,"Beach, Historical",Female,1,1,27,Mumbai,"Beach, Historical",1,1,0,0,0
1319,Usha,usha725@rediffmail.com,"City, Historical",Other,2,1,26,Jaipur,"City, Historical",0,1,0,0,1
1320,Amit,amit192@yahoo.com,"City, Nature",Female,2,2,64,Kolkata,"City, Nature",0,0,1,0,1
1321,Priya,priya676@gmail.com,"Beach, City",Male,5,1,58,Surat,"Beach, City",1,0,0,0,1
1322,Reyansh,reyansh114@hotmail.com,"Nature, Adventure, Beach",Male,1,0,29,Delhi,"Nature, Adventure, Beach",1,0,1,1,0
1323,Arjun,arjun507@outlook.com,"Beach, Adventure",Female,1,2,44,Delhi,"Beach, Adventure",1,0,0,1,0
1324,Shruti,shruti983@gmail.com,"Beach, Adventure",Other,2,2,58,Jaipur,"Beach, Adventure",1,0,0,1,0
1325,Kavya,kavya185@outlook.com,"Beach, Historical",Male,3,1,20,Delhi,"Beach, Historical",1,1,0,0,0
1326,Rohit,rohit356@hotmail.com,"Nature, Adventure, Beach",Other,3,0,65,Hyderabad,"Nature, Adventure, Beach",1,0,1,1,0
1327,Ayaan,ayaan198@rediffmail.com,"Beach, Historical",Other,1,1,27,Chennai,"Beach, Historical",1,1,0,0,0
1328,Suresh,suresh118@yahoo.com,"Beach, Historical",Female,1,0,62,Bangalore,"Beach, Historical",1,1,0,0,0
1329,Sneha,sneha281@hotmail.com,"Beach, Adventure",Male,2,1,36,Jaipur,"Beach, Adventure",1,0,0,1,0
1330,Shruti,shruti447@rediffmail.com,Beach,Male,2,0,63,Hyderabad,Beach,1,0,0,0,0
1331,Kiran,kiran106@rediffmail.com,"City, Historical, Adventure",Female,2,0,64,Jaipur,"City, Historical, Adventure",0,1,0,1,1
1332,Lakshmi,lakshmi905@hotmail.com,Nature,Other,3,2,57,Delhi,Nature,0,0,1,0,0
1333,Rekha,rekha393@hotmail.com,"Beach, Adventure",Other,2,2,22,Jaipur,"Beach, Adventure",1,0,0,1,0
1334,Kavya,kavya911@gmail.com,City,Female,3,0,59,Ahmedabad,City,0,0,0,0,1
1335,Amit,amit408@gmail.com,"Beach, Nature",Male,4,0,29,Pune,"Beach, Nature",1,0,1,0,0
1336,Riya,riya75@yahoo.com,"City, Adventure",Female,1,0,18,Pune,"City, Adventure",0,0,0,1,1
1337,Aarav,aarav735@outlook.com,"Beach, Adventure",Female,3,0,32,Ahmedabad,"Beach, Adventure",1,0,0,1,0
1338,Arjun,arjun395@outlook.com,"Nature, Adventure, Beach",Male,3,0,35,Surat,"Nature, Adventure, Beach",1,0,1,1,0
1339,Arjun,arjun588@hotmail.com,Nature,Female,4,0,21,Jaipur,Nature,0,0,1,0,0
1340,Shruti,shruti48@outlook.com,Nature,Male,1,0,38,Surat,Nature,0,0,1,0,0
1341,Vikram,vikram243@rediffmail.com,"Beach, Historical",Female,1,2,54,Mumbai,"Beach, Historical",1,1,0,0,0
1342,Divya,divya292@yahoo.com,Beach,Male,4,2,20,Pune,Beach,1,0,0,0,0
1343,Vivaan,vivaan72@hotmail.com,"Beach, Nature",Female,3,0,40,Kolkata,"Beach, Nature",1,0,1,0,0
1344,Sai,sai570@outlook.com,Adventure,Other,1,0,47,Jaipur,Adventure,0,0,0,1,0
1345,Ayaan,ayaan864@outlook.com,"Nature, Adventure, Beach",Male,1,0,18,Bangalore,"Nature, Adventure, Beach",1,0,1,1,0
1346,Reyansh,reyansh331@hotmail.com,"City, Nature",Male,1,1,41,Ahmedabad,"City, Nature",0,0,1,0,1
1347,Aarav,aarav957@gmail.com,"Beach, City",Male,1,2,22,Hyderabad,"Beach, City",1,0,0,0,1
1348,Rohit,rohit705@rediffmail.com,Beach,Female,3,2,55,Jaipur,Beach,1,0,0,0,0
1349,Ayaan,ayaan130@outlook.com,"Adventure, City",Other,4,3,44,Jaipur,"Adventure, City",0,0,0,1,1
1350,Ayaan,ayaan535@rediffmail.com,"City, Nature",Other,2,0,35,Pune,"City, Nature",0,0,1,0,1
1351,Tanvi,tanvi232@gmail.com,"Beach, City",Female,3,0,33,Chennai,"Beach, City",1,0,0,0,1
1352,Arjun,arjun77@hotmail.com,"Nature, Adventure",Male,1,0,42,Chennai,"Nature, Adventure",0,0,1,1,0
1353,Shruti,shruti108@outlook.com,"Beach, Adventure",Other,4,1,38,Hyderabad,"Beach, Adventure",1,0,0,1,0
1354,Divya,divya672@yahoo.com,City,Male,5,0,41,Kolkata,City,0,0,0,0,1
1355,Pooja,pooja889@rediffmail.com,City,Male,4,0,35,Kolkata,City,0,0,0,0,1
1356,Kavya,kavya703@outlook.com,"City, Historical, Adventure",Other,1,0,24,Delhi,"City, Historical, Adventure",0,1,0,1,1
1357,Riya,riya17@hotmail.com,"Historical, Nature",Female,1,1,46,Pune,"Historical, Nature",0,1,1,0,0
1358,Priya,priya122@rediffmail.com,"City, Historical",Female,2,0,50,Kolkata,"City, Historical",0,1,0,0,1
1359,Neha,neha342@gmail.com,Historical,Female,2,0,42,Kolkata,Historical,0,1,0,0,0
1360,Diya,diya302@yahoo.com,Beach,Male,3,1,49,Ahmedabad,Beach,1,0,0,0,0
1361,Lakshmi,lakshmi112@gmail.com,"City, Nature",Male,2,0,20,Surat,"City, Nature",0,0,1,0,1
1362,Sneha,sneha245@gmail.com,"Beach, Historical, Nature",Male,2,2,62,Kolkata,"Beach, Historical, Nature",1,1,1,0,0
1363,Kiran,kiran403@gmail.com,"City, Nature",Other,4,1,49,Chennai,"City, Nature",0,0,1,0,1
1364,Kavya,kavya805@yahoo.com,"City, Adventure",Other,2,1,64,Mumbai,"City, Adventure",0,0,0,1,1
1365,Reyansh,reyansh190@rediffmail.com,"Nature, Adventure, Beach",Female,3,2,62,Chennai,"Nature, Adventure, Beach",1,0,1,1,0
1366,Kavya,kavya323@gmail.com,"Historical, Nature",Male,2,0,18,Jaipur,"Historical, Nature",0,1,1,0,0
1367,Lakshmi,lakshmi343@gmail.com,"Historical, Nature",Female,4,0,18,Surat,"Historical, Nature",0,1,1,0,0
1368,Amit,amit993@hotmail.com,"City, Historical, Adventure",Male,2,0,25,Mumbai,"City, Historical, Adventure",0,1,0,1,1
1369,Vivaan,vivaan581@outlook.com,"City, Nature",Other,3,1,24,Delhi,"City, Nature",0,0,1,0,1
1370,Nisha,nisha824@outlook.com,Historical,Female,3,3,34,Jaipur,Historical,0,1,0,0,0
1371,Priya,priya374@hotmail.com,"Beach, Historical",Female,2,0,51,Surat,"Beach, Historical",1,1,0,0,0
1372,Tanvi,tanvi116@outlook.com,City,Other,3,0,44,Chennai,City,0,0,0,0,1
1373,Ishaan,ishaan366@hotmail.com,"Beach, Historical",Male,3,1,45,Pune,"Beach, Historical",1,1,0,0,0
1374,Aadhya,aadhya763@gmail.com,"Beach, Adventure",Female,3,3,58,Ahmedabad,"Beach, Adventure",1,0,0,1,0
1375,Pooja,pooja982@rediffmail.com,"Historical, Nature",Female,5,0,39,Kolkata,"Historical, Nature",0,1,1,0,0
1376,Geeta,geeta428@outlook.com,"Nature, Historical",Male,1,1,39,Surat,"Nature, Historical",0,1,1,0,0
1377,Ayaan,ayaan444@hotmail.com,"City, Historical, Adventure",Female,2,3,49,Bangalore,"City, Historical, Adventure",0,1,0,1,1
1378,Divya,divya698@yahoo.com,City,Female,3,1,37,Jaipur,City,0,0,0,0,1
1379,Meera,meera67@outlook.com,"Beach, Historical",Female,1,0,55,Delhi,"Beach, Historical",1,1,0,0,0
1380,Vihaan,vihaan501@outlook.com,"Beach, Historical",Female,2,2,21,Hyderabad,"Beach, Historical",1,1,0,0,0
1381,Krishna,krishna359@outlook.com,City,Other,5,1,23,Hyderabad,City,0,0,0,0,1
1382,Ishaan,ishaan751@yahoo.com,Nature,Other,5,0,20,Jaipur,Nature,0,0,1,0,0
1383,Amit,amit255@hotmail.com,Nature,Female,5,0,34,Hyderabad,Nature,0,0,1,0,0
1384,Rekha,rekha319@yahoo.com,"City, Historical, Adventure",Female,3,0,55,Bangalore,"City, Historical, Adventure",0,1,0,1,1
1385,Diya,diya257@yahoo.com,Nature,Other,2,0,37,Surat,Nature,0,0,1,0,0
1386,Divya,divya559@yahoo.com,Beach,Female,1,1,62,Pune,Beach,1,0,0,0,0
1387,Neha,neha958@outlook.com,Historical,Female,2,0,44,Jaipur,Historical,0,1,0,0,0
1388,Vivaan,vivaan935@rediffmail.com,"Beach, Historical",Female,1,0,37,Chennai,"Beach, Historical",1,1,0,0,0
1389,Geeta,geeta525@outlook.com,"Adventure, City",Other,3,1,36,Mumbai,"Adventure, City",0,0,0,1,1
1390,Kiran,kiran129@hotmail.com,"Beach, Historical",Female,4,2,47,Mumbai,"Beach, Historical",1,1,0,0,0
1391,Sai,sai57@outlook.com,"Beach, Nature",Female,3,2,54,Jaipur,"Beach, Nature",1,0,1,0,0
1392,Rohit,rohit886@gmail.com,"Beach, Nature",Other,3,1,63,Mumbai,"Beach, Nature",1,0,1,0,0
1393,Aadhya,aadhya529@yahoo.com,"Beach, Historical, Nature",Other,5,0,61,Bangalore,"Beach, Historical, Nature",1,1,1,0,0
1394,Nisha,nisha644@outlook.com,"Beach, Historical",Female,3,0,22,Mumbai,"Beach, Historical",1,1,0,0,0
1395,Ishaan,ishaan619@gmail.com,City,Male,2,0,19,Ahmedabad,City,0,0,0,0,1
1396,Pooja,pooja401@gmail.com,"Beach, Nature",Female,2,3,33,Ahmedabad,"Beach, Nature",1,0,1,0,0
1397,Priya,priya842@rediffmail.com,Historical,Other,3,0,58,Mumbai,Historical,0,1,0,0,0
1398,Ananya,ananya146@yahoo.com,"Historical, Nature",Other,3,1,48,Jaipur,"Historical, Nature",0,1,1,0,0
1399,Meera,meera297@gmail.com,"City, Historical, Adventure",Female,2,0,42,Delhi,"City, Historical, Adventure",0,1,0,1,1
1400,Divya,divya427@hotmail.com,"Adventure, City",Male,2,0,42,Mumbai,"Adventure, City",0,0,0,1,1
1401,Geeta,geeta311@gmail.com,"Nature, Adventure, Beach",Female,1,2,26,Jaipur,"Nature, Adventure, Beach",1,0,1,1,0
1402,Divya,divya284@gmail.com,"Historical, Nature",Female,3,2,31,Pune,"Historical, Nature",0,1,1,0,0
1403,Anjali,anjali400@rediffmail.com,"City, Historical",Male,3,0,64,Surat,"City, Historical",0,1,0,0,1
1404,Rohit,rohit471@yahoo.com,"Beach, City",Other,2,0,59,Jaipur,"Beach, City",1,0,0,0,1
1405,Vikram,vikram986@hotmail.com,"Nature, Adventure, Beach",Other,2,1,50,Ahmedabad,"Nature, Adventure, Beach",1,0,1,1,0
1406,Priya,priya133@outlook.com,"City, Historical, Adventure",Other,2,1,43,Delhi,"City, Historical, Adventure",0,1,0,1,1
1407,Aditya,aditya31@yahoo.com,"City, Nature",Male,3,0,61,Jaipur,"City, Nature",0,0,1,0,1
1408,Rahul,rahul779@yahoo.com,"City, Nature",Male,4,0,42,Kolkata,"City, Nature",0,0,1,0,1
1409,Arjun,arjun64@rediffmail.com,"Beach, City",Male,1,1,46,Pune,"Beach, City",1,0,0,0,1
1410,Rekha,rekha647@gmail.com,"Historical, Nature",Female,1,0,26,Surat,"Historical, Nature",0,1,1,0,0
1411,Mohan,mohan205@yahoo.com,"Beach, City",Female,2,0,30,Bangalore,"Beach, City",1,0,0,0,1
1412,Lakshmi,lakshmi834@rediffmail.com,"Beach, Adventure",Male,3,1,60,Delhi,"Beach, Adventure",1,0,0,1,0
1413,Aadhya,aadhya35@yahoo.com,"Beach, Historical",Female,4,1,22,Pune,"Beach, Historical",1,1,0,0,0
1414,Ananya,ananya699@rediffmail.com,Adventure,Male,4,1,48,Ahmedabad,Adventure,0,0,0,1,0
1415,Amit,amit366@rediffmail.com,"Beach, Historical, Nature",Male,4,0,58,Kolkata,"Beach, Historical, Nature",1,1,1,0,0
1416,Arjun,arjun583@gmail.com,"Adventure, City",Other,2,0,32,Mumbai,"Adventure, City",0,0,0,1,1
1417,Rekha,rekha554@outlook.com,"Beach, Historical",Male,4,0,34,Kolkata,"Beach, Historical",1,1,0,0,0
1418,Amit,amit70@yahoo.com,"Nature, Historical",Male,3,0,51,Surat,"Nature, Historical",0,1,1,0,0
1419,Neha,neha320@hotmail.com,"Nature, Adventure, Beach",Male,3,2,55,Jaipur,"Nature, Adventure, Beach",1,0,1,1,0
1420,Priya,priya669@gmail.com,"Nature, Adventure",Female,2,0,21,Bangalore,"Nature, Adventure",0,0,1,1,0
1421,Aadhya,aadhya561@outlook.com,"Nature, Adventure",Male,2,2,54,Surat,"Nature, Adventure",0,0,1,1,0
1422,Aditya,aditya355@gmail.com,Nature,Other,3,2,53,Jaipur,Nature,0,0,1,0,0
1423,Krishna,krishna278@gmail.com,"Beach, Nature",Male,2,0,40,Kolkata,"Beach, Nature",1,0,1,0,0
1424,Tanvi,tanvi311@yahoo.com,"Beach, Historical",Male,1,2,30,Ahmedabad,"Beach, Historical",1,1,0,0,0
1425,Rekha,rekha881@hotmail.com,"Beach, Historical",Other,2,0,42,Bangalore,"Beach, Historical",1,1,0,0,0
1426,Lakshmi,lakshmi719@hotmail.com,"Beach, Historical, Nature",Male,1,0,57,Pune,"Beach, Historical, Nature",1,1,1,0,0
1427,Amit,amit199@outlook.com,Nature,Male,2,0,18,Chennai,Nature,0,0,1,0,0
1428,Deepa,deepa766@rediffmail.com,"City, Historical, Adventure",Male,5,0,64,Chennai,"City, Historical, Adventure",0,1,0,1,1
1429,Vihaan,vihaan79@gmail.com,"Adventure, City",Female,2,0,40,Surat,"Adventure, City",0,0,0,1,1
1430,Riya,riya300@yahoo.com,"Nature, Adventure, Beach",Female,2,0,22,Delhi,"Nature, Adventure, Beach",1,0,1,1,0
1431,Priya,priya961@rediffmail.com,"Beach, Adventure",Female,3,2,32,Jaipur,"Beach, Adventure",1,0,0,1,0
1432,Nisha,nisha965@outlook.com,"Beach, Historical, Nature",Female,4,0,35,Pune,"Beach, Historical, Nature",1,1,1,0,0
1433,Ritika,ritika516@gmail.com,"Nature, Adventure",Female,5,1,57,Jaipur,"Nature, Adventure",0,0,1,1,0
1434,Sneha,sneha81@yahoo.com,"Adventure, City",Other,2,1,31,Delhi,"Adventure, City",0,0,0,1,1
1435,Suresh,suresh743@yahoo.com,"Nature, Adventure",Male,3,1,47,Delhi,"Nature, Adventure",0,0,1,1,0
1436,Vivaan,vivaan511@gmail.com,"Beach, City",Female,3,0,23,Mumbai,"Beach, City",1,0,0,0,1
1437,Sneha,sneha876@rediffmail.com,Beach,Female,1,0,46,Mumbai,Beach,1,0,0,0,0
1438,Kiara,kiara211@hotmail.com,"Historical, Nature",Other,2,0,37,Mumbai,"Historical, Nature",0,1,1,0,0
1439,Ritika,ritika782@outlook.com,"Beach, Historical",Other,4,0,34,Surat,"Beach, Historical",1,1,0,0,0
1440,Aadhya,aadhya776@gmail.com,"Adventure, Historical",Other,4,0,45,Mumbai,"Adventure, Historical",0,1,0,1,0
1441,Reyansh,reyansh567@hotmail.com,"Nature, Historical",Other,2,1,54,Ahmedabad,"Nature, Historical",0,1,1,0,0
1442,Priya,priya167@hotmail.com,Historical,Other,5,0,18,Hyderabad,Historical,0,1,0,0,0
1443,Sneha,sneha88@yahoo.com,"Beach, Historical, Nature",Female,2,0,57,Hyderabad,"Beach, Historical, Nature",1,1,1,0,0
1444,Suresh,suresh276@outlook.com,"Nature, Adventure, Beach",Male,1,1,38,Hyderabad,"Nature, Adventure, Beach",1,0,1,1,0
1445,Ananya,ananya455@hotmail.com,"Beach, Historical",Female,1,0,40,Jaipur,"Beach, Historical",1,1,0,0,0
1446,Mohan,mohan224@hotmail.com,"Nature, Adventure",Other,5,0,57,Ahmedabad,"Nature, Adventure",0,0,1,1,0
1447,Rahul,rahul977@gmail.com,Historical,Male,2,2,34,Jaipur,Historical,0,1,0,0,0
1448,Krishna,krishna233@yahoo.com,"Adventure, City",Other,3,0,59,Mumbai,"Adventure, City",0,0,0,1,1
1449,Ananya,ananya701@rediffmail.com,Historical,Other,2,1,32,Mumbai,Historical,0,1,0,0,0
1450,Priya,priya999@outlook.com,"Beach, Historical",Other,4,2,52,Mumbai,"Beach, Historical",1,1,0,0,0
1451,Rekha,rekha241@outlook.com,"Beach, Nature",Male,3,0,22,Chennai,"Beach, Nature",1,0,1,0,0
1452,Aadhya,aadhya334@rediffmail.com,"City, Adventure",Other,2,1,36,Bangalore,"City, Adventure",0,0,0,1,1
1453,Vivaan,vivaan335@rediffmail.com,"City, Adventure",Female,5,2,41,Jaipur,"City, Adventure",0,0,0,1,1
1454,Meera,meera637@gmail.com,"Historical, Nature",Female,1,2,55,Mumbai,"Historical, Nature",0,1,1,0,0
1455,Reyansh,reyansh624@yahoo.com,"Adventure, Historical",Other,3,1,55,Pune,"Adventure, Historical",0,1,0,1,0
1456,Aadhya,aadhya388@rediffmail.com,"Nature, Adventure",Other,3,0,59,Delhi,"Nature, Adventure",0,0,1,1,0
1457,Arjun,arjun982@yahoo.com,"City, Historical, Adventure",Other,5,1,64,Kolkata,"City, Historical, Adventure",0,1,0,1,1
1458,Ritika,ritika751@gmail.com,City,Male,3,1,51,Jaipur,City,0,0,0,0,1
1459,Rahul,rahul276@yahoo.com,"City, Historical, Adventure",Female,5,0,41,Chennai,"City, Historical, Adventure",0,1,0,1,1
1460,Divya,divya323@gmail.com,"City, Nature",Female,3,2,41,Delhi,"City, Nature",0,0,1,0,1
1461,Amit,amit574@rediffmail.com,"City, Historical",Female,3,1,46,Kolkata,"City, Historical",0,1,0,0,1
1462,Kiara,kiara584@yahoo.com,"Beach, Historical, Nature",Male,4,0,55,Bangalore,"Beach, Historical, Nature",1,1,1,0,0
1463,Rekha,rekha267@outlook.com,"Adventure, Historical",Female,1,0,50,Bangalore,"Adventure, Historical",0,1,0,1,0
1464,Sunita,sunita507@yahoo.com,"Historical, Nature",Female,1,0,34,Ahmedabad,"Historical, Nature",0,1,1,0,0
1465,Tanvi,tanvi761@gmail.com,"Adventure, City",Male,4,0,28,Delhi,"Adventure, City",0,0,0,1,1
1466,Krishna,krishna528@rediffmail.com,Beach,Female,2,0,53,Chennai,Beach,1,0,0,0,0
1467,Meera,meera122@outlook.com,"Adventure, Historical",Other,3,0,64,Mumbai,"Adventure, Historical",0,1,0,1,0
1468,Arjun,arjun757@outlook.com,Historical,Female,3,1,45,Hyderabad,Historical,0,1,0,0,0
1469,Tanvi,tanvi717@yahoo.com,"Historical, Nature",Other,4,2,50,Delhi,"Historical, Nature",0,1,1,0,0
1470,Ishaan,ishaan918@gmail.com,"City, Historical, Adventure",Other,2,1,42,Pune,"City, Historical, Adventure",0,1,0,1,1
1471,Pooja,pooja181@rediffmail.com,"City, Historical, Adventure",Female,5,0,37,Jaipur,"City, Historical, Adventure",0,1,0,1,1
1472,Rohit,rohit50@rediffmail.com,City,Other,3,2,45,Hyderabad,City,0,0,0,0,1
1473,Rahul,rahul394@outlook.com,"Historical, Nature",Male,1,2,64,Chennai,"Historical, Nature",0,1,1,0,0
1474,Lakshmi,lakshmi532@outlook.com,"City, Historical, Adventure",Other,2,0,28,Delhi,"City, Historical, Adventure",0,1,0,1,1
1475,Meera,meera281@hotmail.com,Historical,Male,4,0,34,Surat,Historical,0,1,0,0,0
1476,Reyansh,reyansh947@yahoo.com,"Beach, City",Male,1,1,50,Bangalore,"Beach, City",1,0,0,0,1
1477,Vivaan,vivaan613@gmail.com,"Beach, Historical, Nature",Other,4,0,19,Pune,"Beach, Historical, Nature",1,1,1,0,0
1478,Aadhya,aadhya289@rediffmail.com,Nature,Other,2,0,47,Hyderabad,Nature,0,0,1,0,0
1479,Ayaan,ayaan734@gmail.com,Historical,Female,2,0,26,Hyderabad,Historical,0,1,0,0,0
1480,Ayaan,ayaan992@outlook.com,"City, Historical",Other,4,1,38,Bangalore,"City, Historical",0,1,0,0,1
1481,Neha,neha344@outlook.com,Historical,Other,3,1,22,Pune,Historical,0,1,0,0,0
1482,Aditya,aditya444@gmail.com,City,Female,2,1,58,Mumbai,City,0,0,0,0,1
1483,Aarav,aarav252@yahoo.com,"City, Historical, Adventure",Female,4,0,30,Hyderabad,"City, Historical, Adventure",0,1,0,1,1
1484,Tanvi,tanvi156@hotmail.com,"Historical, Nature",Other,2,0,58,Delhi,"Historical, Nature",0,1,1,0,0
1485,Anjali,anjali878@yahoo.com,"Beach, Historical",Female,1,1,31,Bangalore,"Beach, Historical",1,1,0,0,0
1486,Aditya,aditya429@outlook.com,"Nature, Adventure, Beach",Female,3,0,40,Jaipur,"Nature, Adventure, Beach",1,0,1,1,0
1487,Anjali,anjali673@yahoo.com,"Nature, Historical",Male,4,1,49,Kolkata,"Nature, Historical",0,1,1,0,0
1488,Rekha,rekha366@rediffmail.com,Adventure,Female,1,0,36,Kolkata,Adventure,0,0,0,1,0
1489,Pooja,pooja334@yahoo.com,Nature,Male,2,3,60,Delhi,Nature,0,0,1,0,0
1490,Amit,amit714@hotmail.com,"Adventure, City",Female,4,2,56,Kolkata,"Adventure, City",0,0,0,1,1
1491,Riya,riya30@outlook.com,"Beach, City",Other,2,2,44,Mumbai,"Beach, City",1,0,0,0,1
1492,Mohan,mohan791@outlook.com,"Beach, City",Other,2,0,46,Kolkata,"Beach, City",1,0,0,0,1
1493,Kiran,kiran267@gmail.com,"Beach, City",Female,3,0,20,Hyderabad,"Beach, City",1,0,0,0,1
1494,Pooja,pooja420@yahoo.com,"City, Historical, Adventure",Male,3,1,25,Surat,"City, Historical, Adventure",0,1,0,1,1
1495,Usha,usha338@yahoo.com,"Nature, Adventure, Beach",Other,1,1,42,Delhi,"Nature, Adventure, Beach",1,0,1,1,0
1496,Rohit,rohit935@outlook.com,"Beach, Historical, Nature",Male,3,1,41,Ahmedabad,"Beach, Historical, Nature",1,1,1,0,0
1497,Diya,diya161@rediffmail.com,Beach,Other,2,2,41,Pune,Beach,1,0,0,0,0
1498,Deepa,deepa221@rediffmail.com,"City, Nature",Male,1,0,51,Delhi,"City, Nature",0,0,1,0,1
1499,Neha,neha408@hotmail.com,"Nature, Adventure",Male,2,0,58,Chennai,"Nature, Adventure",0,0,1,1,0
1500,Aditya,aditya279@gmail.com,Beach,Other,2,2,35,Delhi,Beach,1,0,0,0,0
1501,Arjun,arjun76@rediffmail.com,Nature,Male,1,2,56,Bangalore,Nature,0,0,1,0,0
1502,Reyansh,reyansh754@rediffmail.com,Beach,Male,4,2,38,Kolkata,Beach,1,0,0,0,0
1503,Neha,neha762@gmail.com,"Nature, Historical",Female,2,0,59,Surat,"Nature, Historical",0,1,1,0,0
1504,Tanvi,tanvi386@outlook.com,Nature,Male,2,0,35,Jaipur,Nature,0,0,1,0,0
1505,Meera,meera930@rediffmail.com,City,Male,2,3,64,Kolkata,City,0,0,0,0,1
1506,Suresh,suresh782@rediffmail.com,"Beach, Nature",Female,2,3,43,Chennai,"Beach, Nature",1,0,1,0,0
1507,Pooja,pooja379@hotmail.com,"City, Historical, Adventure",Male,3,0,58,Delhi,"City, Historical, Adventure",0,1,0,1,1
1508,Reyansh,reyansh575@yahoo.com,"Beach, Adventure",Female,3,0,43,Surat,"Beach, Adventure",1,0,0,1,0
1509,Tanvi,tanvi536@rediffmail.com,"City, Nature",Male,4,0,37,Pune,"City, Nature",0,0,1,0,1
1510,Ishaan,ishaan38@outlook.com,"City, Historical, Adventure",Other,2,0,62,Chennai,"City, Historical, Adventure",0,1,0,1,1
1511,Mohan,mohan814@hotmail.com,"Beach, Historical, Nature",Female,2,1,38,Jaipur,"Beach, Historical, Nature",1,1,1,0,0
1512,Tanvi,tanvi527@rediffmail.com,"City, Historical",Male,2,0,26,Mumbai,"City, Historical",0,1,0,0,1
1513,Kavya,kavya533@gmail.com,"Historical, Nature",Male,2,3,20,Kolkata,"Historical, Nature",0,1,1,0,0
1514,Shruti,shruti175@rediffmail.com,Adventure,Male,3,1,43,Mumbai,Adventure,0,0,0,1,0
1515,Meera,meera121@hotmail.com,"Nature, Historical",Other,5,1,51,Pune,"Nature, Historical",0,1,1,0,0
1516,Usha,usha911@outlook.com,"City, Historical, Adventure",Other,2,0,61,Chennai,"City, Historical, Adventure",0,1,0,1,1
1517,Usha,usha975@outlook.com,City,Other,2,0,39,Bangalore,City,0,0,0,0,1
1518,Kavya,kavya537@hotmail.com,"Beach, Historical",Female,2,0,22,Mumbai,"Beach, Historical",1,1,0,0,0
1519,Nisha,nisha719@yahoo.com,"Beach, Adventure",Other,1,0,24,Mumbai,"Beach, Adventure",1,0,0,1,0
1520,Usha,usha480@rediffmail.com,"Historical, Nature",Male,2,1,32,Pune,"Historical, Nature",0,1,1,0,0
1521,Aarav,aarav951@yahoo.com,"Beach, City",Female,4,2,55,Hyderabad,"Beach, City",1,0,0,0,1
1522,Suresh,suresh640@hotmail.com,"Beach, City",Other,3,1,22,Surat,"Beach, City",1,0,0,0,1
1523,Ishaan,ishaan106@yahoo.com,"Beach, City",Male,2,0,51,Surat,"Beach, City",1,0,0,0,1
1524,Vikram,vikram339@rediffmail.com,"City, Historical, Adventure",Other,2,2,57,Jaipur,"City, Historical, Adventure",0,1,0,1,1
1525,Aadhya,aadhya173@gmail.com,"City, Nature",Male,1,2,27,Bangalore,"City, Nature",0,0,1,0,1
1526,Kavya,kavya487@gmail.com,"Adventure, Historical",Male,4,0,50,Jaipur,"Adventure, Historical",0,1,0,1,0
1527,Lakshmi,lakshmi681@hotmail.com,"Adventure, Historical",Female,3,0,53,Kolkata,"Adventure, Historical",0,1,0,1,0
1528,Vikram,vikram793@hotmail.com,Adventure,Female,2,1,51,Delhi,Adventure,0,0,0,1,0
1529,Rekha,rekha863@yahoo.com,"Historical, Nature",Other,4,1,45,Ahmedabad,"Historical, Nature",0,1,1,0,0
1530,Pooja,pooja502@outlook.com,"Beach, Nature",Other,4,1,29,Mumbai,"Beach, Nature",1,0,1,0,0
1531,Suresh,suresh876@hotmail.com,"City, Adventure",Other,2,1,30,Kolkata,"City, Adventure",0,0,0,1,1
1532,Suresh,suresh184@gmail.com,"Beach, Adventure",Female,2,0,55,Hyderabad,"Beach, Adventure",1,0,0,1,0
1533,Rohit,rohit97@outlook.com,"Beach, City",Other,5,1,20,Hyderabad,"Beach, City",1,0,0,0,1
1534,Tanvi,tanvi408@gmail.com,"Beach, City",Female,3,3,19,Jaipur,"Beach, City",1,0,0,0,1
1535,Rekha,rekha648@hotmail.com,Adventure,Male,2,2,52,Delhi,Adventure,0,0,0,1,0
1536,Aditya,aditya379@gmail.com,"Nature, Adventure, Beach",Other,2,1,26,Delhi,"Nature, Adventure, Beach",1,0,1,1,0
1537,Deepa,deepa855@gmail.com,"Nature, Adventure",Female,3,0,24,Ahmedabad,"Nature, Adventure",0,0,1,1,0
1538,Sneha,sneha874@yahoo.com,"Nature, Adventure, Beach",Other,1,2,38,Bangalore,"Nature, Adventure, Beach",1,0,1,1,0
1539,Geeta,geeta740@outlook.com,City,Male,5,0,60,Mumbai,City,0,0,0,0,1
1540,Arjun,arjun198@rediffmail.com,"Adventure, City",Other,2,0,20,Hyderabad,"Adventure, City",0,0,0,1,1
1541,Rekha,rekha204@rediffmail.com,Nature,Male,3,2,18,Hyderabad,Nature,0,0,1,0,0
1542,Sneha,sneha575@outlook.com,"Beach, Nature",Female,2,2,23,Surat,"Beach, Nature",1,0,1,0,0
1543,Divya,divya91@gmail.com,"City, Historical",Male,3,0,55,Mumbai,"City, Historical",0,1,0,0,1
1544,Kavya,kavya808@gmail.com,"Beach, Adventure",Other,2,0,64,Chennai,"Beach, Adventure",1,0,0,1,0
1545,Nisha,nisha858@yahoo.com,"Adventure, City",Female,1,1,29,Hyderabad,"Adventure, City",0,0,0,1,1
1546,Krishna,krishna579@outlook.com,Nature,Male,4,0,30,Bangalore,Nature,0,0,1,0,0
1547,Meera,meera266@hotmail.com,"Beach, City",Male,2,1,40,Ahmedabad,"Beach, City",1,0,0,0,1
1548,Pooja,pooja850@yahoo.com,"Nature, Adventure",Other,2,1,31,Kolkata,"Nature, Adventure",0,0,1,1,0
1549,Amit,amit662@outlook.com,"Beach, Adventure",Female,3,1,65,Hyderabad,"Beach, Adventure",1,0,0,1,0
1550,Sai,sai526@yahoo.com,"Beach, City",Male,2,0,25,Ahmedabad,"Beach, City",1,0,0,0,1
1551,Ananya,ananya487@yahoo.com,Historical,Other,2,1,60,Surat,Historical,0,1,0,0,0
1552,Aditya,aditya331@gmail.com,"City, Adventure",Male,2,0,39,Delhi,"City, Adventure",0,0,0,1,1
1553,Ananya,ananya936@outlook.com,"Nature, Historical",Male,2,0,19,Jaipur,"Nature, Historical",0,1,1,0,0
1554,Usha,usha468@rediffmail.com,"City, Historical, Adventure",Other,2,0,33,Hyderabad,"City, Historical, Adventure",0,1,0,1,1
1555,Suresh,suresh616@outlook.com,Adventure,Other,2,0,32,Ahmedabad,Adventure,0,0,0,1,0
1556,Reyansh,reyansh432@hotmail.com,"Beach, City",Other,2,0,50,Bangalore,"Beach, City",1,0,0,0,1
1557,Nisha,nisha908@rediffmail.com,City,Male,5,1,26,Bangalore,City,0,0,0,0,1
1558,Rohit,rohit808@gmail.com,"City, Historical",Female,4,0,40,Jaipur,"City, Historical",0,1,0,0,1
1559,Kiran,kiran170@hotmail.com,"Beach, Historical",Other,1,2,37,Hyderabad,"Beach, Historical",1,1,0,0,0
1560,Sai,sai190@yahoo.com,"Beach, Adventure",Female,1,0,61,Ahmedabad,"Beach, Adventure",1,0,0,1,0
1561,Suresh,suresh6@hotmail.com,"Historical, Nature",Female,1,1,43,Chennai,"Historical, Nature",0,1,1,0,0
1562,Tanvi,tanvi685@hotmail.com,Historical,Other,2,2,42,Bangalore,Historical,0,1,0,0,0
1563,Rahul,rahul782@yahoo.com,Beach,Female,4,2,64,Kolkata,Beach,1,0,0,0,0
1564,Rekha,rekha404@rediffmail.com,"City, Historical",Female,2,1,55,Mumbai,"City, Historical",0,1,0,0,1
1565,Kiara,kiara907@rediffmail.com,"Historical, Nature",Male,2,0,18,Surat,"Historical, Nature",0,1,1,0,0
1566,Rekha,rekha770@hotmail.com,"City, Historical",Other,2,0,20,Chennai,"City, Historical",0,1,0,0,1
1567,Nisha,nisha446@gmail.com,"Adventure, Historical",Female,3,0,36,Hyderabad,"Adventure, Historical",0,1,0,1,0
1568,Vikram,vikram692@hotmail.com,"Nature, Adventure",Female,5,0,28,Kolkata,"Nature, Adventure",0,0,1,1,0
1569,Anjali,anjali855@gmail.com,Historical,Male,2,1,59,Kolkata,Historical,0,1,0,0,0
1570,Aarav,aarav165@outlook.com,"Adventure, City",Other,3,1,18,Jaipur,"Adventure, City",0,0,0,1,1
1571,Kiran,kiran433@gmail.com,"Nature, Historical",Female,2,1,56,Jaipur,"Nature, Historical",0,1,1,0,0
1572,Neha,neha382@hotmail.com,"Adventure, Historical",Other,5,0,29,Kolkata,"Adventure, Historical",0,1,0,1,0
1573,Ritika,ritika778@hotmail.com,"City, Historical",Male,1,2,63,Surat,"City, Historical",0,1,0,0,1
1574,Priya,priya203@rediffmail.com,"Nature, Adventure, Beach",Other,4,0,47,Hyderabad,"Nature, Adventure, Beach",1,0,1,1,0
1575,Aditya,aditya125@hotmail.com,Historical,Female,1,1,41,Hyderabad,Historical,0,1,0,0,0
1576,Lakshmi,lakshmi346@outlook.com,"Beach, Historical",Other,2,0,44,Mumbai,"Beach, Historical",1,1,0,0,0
1577,Pooja,pooja333@outlook.com,"Nature, Adventure",Other,1,1,52,Kolkata,"Nature, Adventure",0,0,1,1,0
1578,Riya,riya180@gmail.com,"Beach, Historical, Nature",Male,1,0,49,Kolkata,"Beach, Historical, Nature",1,1,1,0,0
1579,Sneha,sneha354@hotmail.com,"Nature, Adventure, Beach",Male,5,2,64,Ahmedabad,"Nature, Adventure, Beach",1,0,1,1,0
1580,Sunita,sunita470@gmail.com,"City, Historical",Female,2,0,64,Delhi,"City, Historical",0,1,0,0,1
1581,Vikram,vikram525@gmail.com,"Adventure, Historical",Other,3,0,19,Bangalore,"Adventure, Historical",0,1,0,1,0
1582,Priya,priya739@gmail.com,Nature,Male,4,1,37,Surat,Nature,0,0,1,0,0
1583,Neha,neha553@yahoo.com,"Nature, Adventure",Female,3,0,45,Hyderabad,"Nature, Adventure",0,0,1,1,0
1584,Ananya,ananya284@rediffmail.com,"Nature, Adventure",Other,2,0,36,Hyderabad,"Nature, Adventure",0,0,1,1,0
1585,Aarav,aarav417@yahoo.com,"Beach, Historical",Female,3,0,47,Surat,"Beach, Historical",1,1,0,0,0
1586,Rahul,rahul100@yahoo.com,"City, Nature",Male,3,0,57,Hyderabad,"City, Nature",0,0,1,0,1
1587,Rekha,rekha847@hotmail.com,"City, Historical, Adventure",Female,3,0,42,Jaipur,"City, Historical, Adventure",0,1,0,1,1
1588,Mohan,mohan13@outlook.com,"Adventure, Historical",Female,2,0,47,Jaipur,"Adventure, Historical",0,1,0,1,0
1589,Aadhya,aadhya546@yahoo.com,Beach,Female,2,1,54,Delhi,Beach,1,0,0,0,0
1590,Shruti,shruti575@outlook.com,"City, Historical",Male,3,1,37,Hyderabad,"City, Historical",0,1,0,0,1
1591,Rahul,rahul463@hotmail.com,"Beach, Historical",Male,3,0,40,Surat,"Beach, Historical",1,1,0,0,0
1592,Lakshmi,lakshmi426@gmail.com,"Nature, Historical",Other,3,3,42,Ahmedabad,"Nature, Historical",0,1,1,0,0
1593,Krishna,krishna388@rediffmail.com,"Beach, Nature",Male,2,0,25,Surat,"Beach, Nature",1,0,1,0,0
1594,Meera,meera183@yahoo.com,Beach,Other,2,1,44,Surat,Beach,1,0,0,0,0
1595,Sneha,sneha328@outlook.com,"Beach, Nature",Other,4,3,58,Pune,"Beach, Nature",1,0,1,0,0
1596,Neha,neha549@rediffmail.com,Beach,Male,4,0,47,Hyderabad,Beach,1,0,0,0,0
1597,Pooja,pooja161@yahoo.com,Beach,Female,1,2,47,Bangalore,Beach,1,0,0,0,0
1598,Reyansh,reyansh393@rediffmail.com,Nature,Female,2,1,57,Chennai,Nature,0,0,1,0,0
1599,Krishna,krishna625@rediffmail.com,City,Male,3,1,19,Pune,City,0,0,0,0,1
1600,Usha,usha256@yahoo.com,"City, Historical, Adventure",Other,2,0,41,Mumbai,"City, Historical, Adventure",0,1,0,1,1
1601,Rekha,rekha905@hotmail.com,"Beach, Historical, Nature",Other,4,2,28,Jaipur,"Beach, Historical, Nature",1,1,1,0,0
1602,Suresh,suresh741@yahoo.com,"Historical, Nature",Female,5,2,38,Bangalore,"Historical, Nature",0,1,1,0,0
1603,Meera,meera67@gmail.com,"Beach, Adventure",Other,2,0,56,Jaipur,"Beach, Adventure",1,0,0,1,0
1604,Riya,riya816@yahoo.com,Historical,Other,3,2,39,Bangalore,Historical,0,1,0,0,0
1605,Riya,riya474@gmail.com,"Beach, Historical",Other,1,1,51,Jaipur,"Beach, Historical",1,1,0,0,0
1606,Vikram,vikram73@hotmail.com,"Beach, City",Other,3,1,56,Ahmedabad,"Beach, City",1,0,0,0,1
1607,Vivaan,vivaan450@hotmail.com,"Nature, Adventure",Female,4,2,64,Mumbai,"Nature, Adventure",0,0,1,1,0
1608,Suresh,suresh410@rediffmail.com,Historical,Female,4,0,34,Surat,Historical,0,1,0,0,0
1609,Ayaan,ayaan740@yahoo.com,"City, Adventure",Female,3,0,33,Jaipur,"City, Adventure",0,0,0,1,1
1610,Aadhya,aadhya271@gmail.com,"Adventure, Historical",Other,3,0,63,Jaipur,"Adventure, Historical",0,1,0,1,0
1611,Riya,riya776@outlook.com,"Adventure, Historical",Female,3,0,46,Hyderabad,"Adventure, Historical",0,1,0,1,0
1612,Sunita,sunita282@rediffmail.com,"Nature, Adventure",Male,1,0,32,Pune,"Nature, Adventure",0,0,1,1,0
1613,Sunita,sunita372@outlook.com,"Nature, Historical",Other,2,1,48,Jaipur,"Nature, Historical",0,1,1,0,0
1614,Meera,meera159@yahoo.com,"Adventure, City",Other,2,0,58,Chennai,"Adventure, City",0,0,0,1,1
1615,Vivaan,vivaan872@yahoo.com,"City, Historical, Adventure",Female,1,0,41,Ahmedabad,"City, Historical, Adventure",0,1,0,1,1
1616,Anjali,anjali416@hotmail.com,"Nature, Adventure, Beach",Male,5,1,55,Ahmedabad,"Nature, Adventure, Beach",1,0,1,1,0
1617,Rahul,rahul536@outlook.com,Beach,Female,3,2,48,Bangalore,Beach,1,0,0,0,0
1618,Tanvi,tanvi919@hotmail.com,"Beach, Historical",Other,5,0,37,Chennai,"Beach, Historical",1,1,0,0,0
1619,Kiara,kiara154@outlook.com,"Nature, Adventure, Beach",Other,4,1,40,Jaipur,"Nature, Adventure, Beach",1,0,1,1,0
1620,Divya,divya584@gmail.com,City,Male,3,0,20,Kolkata,City,0,0,0,0,1
1621,Reyansh,reyansh975@outlook.com,City,Male,2,3,65,Ahmedabad,City,0,0,0,0,1
1622,Sai,sai994@gmail.com,Historical,Other,3,0,65,Bangalore,Historical,0,1,0,0,0
1623,Riya,riya234@hotmail.com,"Historical, Nature",Male,5,0,35,Delhi,"Historical, Nature",0,1,1,0,0
1624,Diya,diya751@gmail.com,"Adventure, City",Other,2,0,33,Surat,"Adventure, City",0,0,0,1,1
1625,Geeta,geeta489@hotmail.com,"Beach, Nature",Other,4,0,58,Delhi,"Beach, Nature",1,0,1,0,0
1626,Diya,diya490@gmail.com,Historical,Male,2,0,55,Chennai,Historical,0,1,0,0,0
1627,Rekha,rekha499@outlook.com,"City, Historical, Adventure",Male,3,2,25,Jaipur,"City, Historical, Adventure",0,1,0,1,1
1628,Diya,diya604@rediffmail.com,Historical,Male,2,0,35,Jaipur,Historical,0,1,0,0,0
1629,Ananya,ananya337@rediffmail.com,Adventure,Other,2,1,34,Ahmedabad,Adventure,0,0,0,1,0
1630,Riya,riya350@outlook.com,"Beach, Historical, Nature",Other,2,0,29,Jaipur,"Beach, Historical, Nature",1,1,1,0,0
1631,Aarav,aarav327@rediffmail.com,Adventure,Female,2,0,45,Hyderabad,Adventure,0,0,0,1,0
1632,Reyansh,reyansh948@hotmail.com,"Adventure, Historical",Other,3,2,30,Delhi,"Adventure, Historical",0,1,0,1,0
1633,Kiara,kiara219@outlook.com,City,Female,2,1,24,Hyderabad,City,0,0,0,0,1
1634,Usha,usha216@rediffmail.com,"Adventure, City",Female,2,1,28,Bangalore,"Adventure, City",0,0,0,1,1
1635,Usha,usha679@yahoo.com,"Adventure, Historical",Other,5,1,44,Hyderabad,"Adventure, Historical",0,1,0,1,0
1636,Kiara,kiara956@outlook.com,Adventure,Female,2,0,64,Pune,Adventure,0,0,0,1,0
1637,Rahul,rahul461@outlook.com,Nature,Other,2,0,43,Mumbai,Nature,0,0,1,0,0
1638,Deepa,deepa363@yahoo.com,Historical,Female,1,1,31,Hyderabad,Historical,0,1,0,0,0
1639,Meera,meera853@outlook.com,"Beach, Historical",Female,2,0,53,Ahmedabad,"Beach, Historical",1,1,0,0,0
1640,Diya,diya817@yahoo.com,"Nature, Adventure, Beach",Other,2,0,22,Chennai,"Nature, Adventure, Beach",1,0,1,1,0
1641,Kavya,kavya334@hotmail.com,"City, Historical, Adventure",Female,5,2,60,Kolkata,"City, Historical, Adventure",0,1,0,1,1
1642,Shruti,shruti256@outlook.com,"Nature, Adventure, Beach",Other,2,0,58,Pune,"Nature, Adventure, Beach",1,0,1,1,0
1643,Sneha,sneha551@outlook.com,Historical,Female,1,0,65,Delhi,Historical,0,1,0,0,0
1644,Rahul,rahul794@hotmail.com,"Adventure, City",Male,3,1,53,Delhi,"Adventure, City",0,0,0,1,1
1645,Pooja,pooja252@outlook.com,"City, Historical, Adventure",Other,4,0,51,Hyderabad,"City, Historical, Adventure",0,1,0,1,1
1646,Vivaan,vivaan144@gmail.com,"Adventure, Historical",Female,5,0,31,Bangalore,"Adventure, Historical",0,1,0,1,0
1647,Rahul,rahul480@yahoo.com,Historical,Female,2,1,63,Hyderabad,Historical,0,1,0,0,0
1648,Priya,priya619@gmail.com,"Adventure, City",Male,3,0,49,Mumbai,"Adventure, City",0,0,0,1,1
1649,Anjali,anjali62@rediffmail.com,"City, Adventure",Male,3,3,50,Pune,"City, Adventure",0,0,0,1,1
1650,Ritika,ritika504@outlook.com,"City, Historical, Adventure",Female,3,1,54,Delhi,"City, Historical, Adventure",0,1,0,1,1
1651,Mohan,mohan800@gmail.com,"Beach, Historical, Nature",Male,4,2,23,Surat,"Beach, Historical, Nature",1,1,1,0,0
1652,Divya,divya625@yahoo.com,"City, Historical",Other,2,0,46,Bangalore,"City, Historical",0,1,0,0,1
1653,Rohit,rohit75@yahoo.com,"City, Historical, Adventure",Female,2,2,65,Kolkata,"City, Historical, Adventure",0,1,0,1,1
1654,Vivaan,vivaan412@rediffmail.com,"Nature, Historical",Male,3,0,18,Chennai,"Nature, Historical",0,1,1,0,0
1655,Rahul,rahul438@yahoo.com,"Beach, City",Male,3,1,52,Jaipur,"Beach, City",1,0,0,0,1
1656,Diya,diya789@rediffmail.com,"City, Adventure",Other,4,0,27,Chennai,"City, Adventure",0,0,0,1,1
1657,Nisha,nisha186@gmail.com,"Beach, Historical",Other,3,2,26,Ahmedabad,"Beach, Historical",1,1,0,0,0
1658,Amit,amit978@gmail.com,"Adventure, Historical",Female,5,1,30,Hyderabad,"Adventure, Historical",0,1,0,1,0
1659,Kavya,kavya435@outlook.com,"City, Nature",Male,4,0,46,Delhi,"City, Nature",0,0,1,0,1
1660,Vikram,vikram27@hotmail.com,"Beach, Adventure",Female,1,0,30,Chennai,"Beach, Adventure",1,0,0,1,0
1661,Vikram,vikram605@gmail.com,"City, Historical",Male,3,1,51,Delhi,"City, Historical",0,1,0,0,1
1662,Kavya,kavya775@yahoo.com,"Beach, Nature",Female,3,0,38,Kolkata,"Beach, Nature",1,0,1,0,0
1663,Diya,diya216@gmail.com,City,Female,2,1,47,Mumbai,City,0,0,0,0,1
1664,Aarav,aarav390@hotmail.com,Beach,Male,2,2,22,Kolkata,Beach,1,0,0,0,0
1665,Nisha,nisha235@gmail.com,Beach,Female,1,3,64,Pune,Beach,1,0,0,0,0
1666,Aditya,aditya145@yahoo.com,"Historical, Nature",Other,1,1,26,Jaipur,"Historical, Nature",0,1,1,0,0
1667,Aditya,aditya63@rediffmail.com,"Beach, Adventure",Other,3,0,44,Bangalore,"Beach, Adventure",1,0,0,1,0
1668,Deepa,deepa177@yahoo.com,City,Male,3,2,29,Pune,City,0,0,0,0,1
1669,Ayaan,ayaan806@yahoo.com,"Beach, Historical",Female,2,0,41,Hyderabad,"Beach, Historical",1,1,0,0,0
1670,Usha,usha329@gmail.com,"Beach, Historical",Female,1,0,65,Bangalore,"Beach, Historical",1,1,0,0,0
1671,Deepa,deepa48@rediffmail.com,Beach,Other,3,0,24,Mumbai,Beach,1,0,0,0,0
1672,Amit,amit919@yahoo.com,"City, Historical",Female,5,0,48,Jaipur,"City, Historical",0,1,0,0,1
1673,Deepa,deepa877@rediffmail.com,Historical,Male,4,2,18,Hyderabad,Historical,0,1,0,0,0
1674,Tanvi,tanvi481@outlook.com,"Adventure, City",Female,3,0,57,Delhi,"Adventure, City",0,0,0,1,1
1675,Tanvi,tanvi505@rediffmail.com,"Beach, Adventure",Male,2,0,27,Chennai,"Beach, Adventure",1,0,0,1,0
1676,Sai,sai762@gmail.com,Beach,Female,4,0,32,Hyderabad,Beach,1,0,0,0,0
1677,Ananya,ananya748@outlook.com,"Adventure, Historical",Other,5,1,51,Ahmedabad,"Adventure, Historical",0,1,0,1,0
1678,Sunita,sunita905@outlook.com,"Adventure, City",Female,2,1,55,Mumbai,"Adventure, City",0,0,0,1,1
1679,Vikram,vikram648@gmail.com,"Beach, Adventure",Male,1,1,33,Bangalore,"Beach, Adventure",1,0,0,1,0
1680,Kiran,kiran331@gmail.com,"City, Historical, Adventure",Female,2,0,58,Surat,"City, Historical, Adventure",0,1,0,1,1
1681,Kiran,kiran463@yahoo.com,Historical,Other,2,0,65,Hyderabad,Historical,0,1,0,0,0
1682,Neha,neha947@outlook.com,"Adventure, Historical",Male,2,2,49,Ahmedabad,"Adventure, Historical",0,1,0,1,0
1683,Divya,divya680@gmail.com,"Adventure, Historical",Other,2,2,45,Mumbai,"Adventure, Historical",0,1,0,1,0
1684,Ritika,ritika130@gmail.com,"City, Nature",Female,4,0,63,Hyderabad,"City, Nature",0,0,1,0,1
1685,Krishna,krishna895@outlook.com,"Nature, Historical",Female,2,3,23,Ahmedabad,"Nature, Historical",0,1,1,0,0
1686,Ananya,ananya408@rediffmail.com,"Beach, Adventure",Male,4,0,19,Chennai,"Beach, Adventure",1,0,0,1,0
1687,Amit,amit539@rediffmail.com,"Adventure, City",Other,4,1,52,Pune,"Adventure, City",0,0,0,1,1
1688,Ritika,ritika236@rediffmail.com,"Historical, Nature",Female,2,1,58,Surat,"Historical, Nature",0,1,1,0,0
1689,Kiara,kiara864@yahoo.com,"Beach, Historical, Nature",Other,2,0,21,Kolkata,"Beach, Historical, Nature",1,1,1,0,0
1690,Meera,meera400@rediffmail.com,Nature,Female,2,0,37,Mumbai,Nature,0,0,1,0,0
1691,Arjun,arjun258@rediffmail.com,"Nature, Historical",Male,5,1,22,Mumbai,"Nature, Historical",0,1,1,0,0
1692,Deepa,deepa144@yahoo.com,Adventure,Male,4,2,33,Kolkata,Adventure,0,0,0,1,0
1693,Kavya,kavya662@hotmail.com,Beach,Other,2,2,22,Chennai,Beach,1,0,0,0,0
1694,Sneha,sneha144@hotmail.com,"Beach, Nature",Other,3,2,27,Chennai,"Beach, Nature",1,0,1,0,0
1695,Pooja,pooja146@outlook.com,"Adventure, Historical",Male,3,1,51,Delhi,"Adventure, Historical",0,1,0,1,0
1696,Rekha,rekha483@yahoo.com,Historical,Female,4,1,57,Jaipur,Historical,0,1,0,0,0
1697,Ishaan,ishaan73@outlook.com,"Beach, City",Male,2,2,25,Jaipur,"Beach, City",1,0,0,0,1
1698,Lakshmi,lakshmi600@yahoo.com,Adventure,Female,2,0,64,Surat,Adventure,0,0,0,1,0
1699,Rekha,rekha886@outlook.com,"City, Nature",Other,2,1,45,Kolkata,"City, Nature",0,0,1,0,1
1700,Vihaan,vihaan654@gmail.com,"Beach, City",Other,3,2,58,Ahmedabad,"Beach, City",1,0,0,0,1
1701,Rohit,rohit430@outlook.com,"City, Adventure",Male,1,1,49,Chennai,"City, Adventure",0,0,0,1,1
1702,Geeta,geeta507@yahoo.com,"City, Historical, Adventure",Female,3,0,63,Jaipur,"City, Historical, Adventure",0,1,0,1,1
1703,Mohan,mohan622@rediffmail.com,Beach,Other,3,2,42,Mumbai,Beach,1,0,0,0,0
1704,Rekha,rekha111@rediffmail.com,"Beach, Nature",Other,1,3,33,Pune,"Beach, Nature",1,0,1,0,0
1705,Geeta,geeta689@rediffmail.com,Nature,Female,3,0,59,Jaipur,Nature,0,0,1,0,0
1706,Divya,divya588@rediffmail.com,"Nature, Adventure",Female,4,1,45,Mumbai,"Nature, Adventure",0,0,1,1,0
1707,Aadhya,aadhya581@yahoo.com,"Beach, Historical",Other,5,0,44,Mumbai,"Beach, Historical",1,1,0,0,0
1708,Divya,divya870@outlook.com,"City, Adventure",Other,2,3,33,Hyderabad,"City, Adventure",0,0,0,1,1
1709,Pooja,pooja803@gmail.com,"Adventure, Historical",Female,3,1,28,Chennai,"Adventure, Historical",0,1,0,1,0
1710,Mohan,mohan790@rediffmail.com,"Adventure, Historical",Other,2,0,29,Jaipur,"Adventure, Historical",0,1,0,1,0
1711,Sai,sai342@outlook.com,"Nature, Adventure, Beach",Other,3,2,32,Pune,"Nature, Adventure, Beach",1,0,1,1,0
1712,Nisha,nisha104@gmail.com,Beach,Female,3,1,42,Chennai,Beach,1,0,0,0,0
1713,Priya,priya877@hotmail.com,"City, Adventure",Female,4,2,28,Bangalore,"City, Adventure",0,0,0,1,1
1714,Rahul,rahul17@gmail.com,"Beach, Adventure",Other,2,1,59,Ahmedabad,"Beach, Adventure",1,0,0,1,0
1715,Meera,meera775@rediffmail.com,"Beach, Historical, Nature",Male,2,1,30,Delhi,"Beach, Historical, Nature",1,1,1,0,0
1716,Sai,sai729@rediffmail.com,Beach,Female,1,0,40,Kolkata,Beach,1,0,0,0,0
1717,Krishna,krishna944@hotmail.com,"Beach, Nature",Other,4,2,36,Surat,"Beach, Nature",1,0,1,0,0
1718,Sunita,sunita995@gmail.com,"Adventure, Historical",Male,2,0,53,Bangalore,"Adventure, Historical",0,1,0,1,0
1719,Sneha,sneha27@hotmail.com,"City, Nature",Other,5,0,32,Jaipur,"City, Nature",0,0,1,0,1
1720,Aadhya,aadhya149@gmail.com,"Nature, Historical",Male,5,2,48,Jaipur,"Nature, Historical",0,1,1,0,0
1721,Deepa,deepa570@rediffmail.com,"City, Historical, Adventure",Male,2,2,55,Kolkata,"City, Historical, Adventure",0,1,0,1,1
1722,Sunita,sunita910@hotmail.com,"Beach, City",Other,4,0,34,Kolkata,"Beach, City",1,0,0,0,1
1723,Suresh,suresh374@yahoo.com,"Adventure, Historical",Other,2,3,26,Pune,"Adventure, Historical",0,1,0,1,0
1724,Riya,riya815@rediffmail.com,"City, Historical, Adventure",Male,1,2,50,Jaipur,"City, Historical, Adventure",0,1,0,1,1
1725,Ritika,ritika322@gmail.com,"Nature, Adventure, Beach",Male,3,1,59,Ahmedabad,"Nature, Adventure, Beach",1,0,1,1,0
1726,Kiara,kiara477@outlook.com,"City, Historical, Adventure",Male,2,0,55,Kolkata,"City, Historical, Adventure",0,1,0,1,1
1727,Arjun,arjun977@yahoo.com,"Beach, Historical",Other,2,1,40,Jaipur,"Beach, Historical",1,1,0,0,0
1728,Ishaan,ishaan66@outlook.com,"City, Historical",Other,2,0,64,Mumbai,"City, Historical",0,1,0,0,1
1729,Rekha,rekha503@hotmail.com,"Adventure, City",Female,2,0,52,Hyderabad,"Adventure, City",0,0,0,1,1
1730,Rohit,rohit239@rediffmail.com,City,Female,1,1,61,Surat,City,0,0,0,0,1
1731,Rahul,rahul884@gmail.com,"Nature, Adventure, Beach",Male,3,0,25,Delhi,"Nature, Adventure, Beach",1,0,1,1,0
1732,Usha,usha66@rediffmail.com,Nature,Other,2,0,56,Bangalore,Nature,0,0,1,0,0
1733,Ananya,ananya31@hotmail.com,"Beach, Nature",Female,1,2,54,Kolkata,"Beach, Nature",1,0,1,0,0
1734,Deepa,deepa391@hotmail.com,"Adventure, City",Female,2,0,29,Kolkata,"Adventure, City",0,0,0,1,1
1735,Priya,priya512@gmail.com,"Historical, Nature",Female,2,0,59,Delhi,"Historical, Nature",0,1,1,0,0
1736,Rohit,rohit463@gmail.com,City,Female,1,1,53,Mumbai,City,0,0,0,0,1
1737,Suresh,suresh98@yahoo.com,"Beach, Historical",Other,1,0,37,Mumbai,"Beach, Historical",1,1,0,0,0
1738,Sunita,sunita577@outlook.com,"City, Historical",Male,2,1,29,Ahmedabad,"City, Historical",0,1,0,0,1
1739,Aadhya,aadhya354@gmail.com,"Adventure, City",Other,2,0,46,Bangalore,"Adventure, City",0,0,0,1,1
1740,Neha,neha153@hotmail.com,"Beach, Historical",Other,1,1,25,Hyderabad,"Beach, Historical",1,1,0,0,0
1741,Meera,meera111@outlook.com,"Historical, Nature",Other,3,2,49,Chennai,"Historical, Nature",0,1,1,0,0
1742,Rekha,rekha159@rediffmail.com,"Adventure, Historical",Female,5,1,42,Jaipur,"Adventure, Historical",0,1,0,1,0
1743,Ayaan,ayaan685@rediffmail.com,"City, Historical",Female,2,0,49,Chennai,"City, Historical",0,1,0,0,1
1744,Kiran,kiran43@outlook.com,"Nature, Adventure",Female,4,2,63,Surat,"Nature, Adventure",0,0,1,1,0
1745,Reyansh,reyansh869@rediffmail.com,"City, Historical",Other,3,2,54,Surat,"City, Historical",0,1,0,0,1
1746,Ritika,ritika535@hotmail.com,"Beach, Historical, Nature",Other,2,0,46,Chennai,"Beach, Historical, Nature",1,1,1,0,0
1747,Meera,meera967@hotmail.com,Beach,Female,2,0,49,Delhi,Beach,1,0,0,0,0
1748,Rahul,rahul575@hotmail.com,"Nature, Adventure, Beach",Female,2,3,36,Mumbai,"Nature, Adventure, Beach",1,0,1,1,0
1749,Anjali,anjali852@gmail.com,"Beach, Adventure",Male,2,1,54,Ahmedabad,"Beach, Adventure",1,0,0,1,0
1750,Ananya,ananya657@outlook.com,"Nature, Adventure",Other,1,3,42,Chennai,"Nature, Adventure",0,0,1,1,0
1751,Amit,amit988@rediffmail.com,"Nature, Adventure",Other,4,1,51,Bangalore,"Nature, Adventure",0,0,1,1,0
1752,Neha,neha380@gmail.com,"Beach, Adventure",Male,2,0,32,Pune,"Beach, Adventure",1,0,0,1,0
1753,Arjun,arjun732@yahoo.com,Adventure,Male,3,1,20,Kolkata,Adventure,0,0,0,1,0
1754,Aadhya,aadhya922@gmail.com,"Nature, Historical",Male,5,1,39,Bangalore,"Nature, Historical",0,1,1,0,0
1755,Vikram,vikram847@yahoo.com,"City, Adventure",Female,1,0,33,Surat,"City, Adventure",0,0,0,1,1
1756,Priya,priya904@hotmail.com,"City, Historical, Adventure",Other,4,1,31,Hyderabad,"City, Historical, Adventure",0,1,0,1,1
1757,Deepa,deepa707@gmail.com,Nature,Female,2,2,30,Jaipur,Nature,0,0,1,0,0
1758,Priya,priya615@gmail.com,Beach,Male,3,0,60,Chennai,Beach,1,0,0,0,0
1759,Arjun,arjun653@gmail.com,"Beach, Nature",Male,5,0,29,Ahmedabad,"Beach, Nature",1,0,1,0,0
1760,Rahul,rahul172@outlook.com,Beach,Female,3,0,54,Hyderabad,Beach,1,0,0,0,0
1761,Reyansh,reyansh780@gmail.com,Beach,Male,5,1,49,Chennai,Beach,1,0,0,0,0
1762,Krishna,krishna531@gmail.com,Adventure,Female,1,0,42,Bangalore,Adventure,0,0,0,1,0
1763,Sai,sai781@gmail.com,"City, Nature",Female,3,0,27,Jaipur,"City, Nature",0,0,1,0,1
1764,Rekha,rekha788@gmail.com,City,Male,4,1,20,Surat,City,0,0,0,0,1
1765,Aarav,aarav972@yahoo.com,"Adventure, Historical",Female,5,0,30,Mumbai,"Adventure, Historical",0,1,0,1,0
1766,Kiran,kiran390@yahoo.com,"Nature, Historical",Other,1,0,30,Pune,"Nature, Historical",0,1,1,0,0
1767,Pooja,pooja26@hotmail.com,"City, Historical",Male,3,0,28,Bangalore,"City, Historical",0,1,0,0,1
1768,Mohan,mohan988@outlook.com,"Nature, Adventure",Male,3,0,52,Mumbai,"Nature, Adventure",0,0,1,1,0
1769,Usha,usha738@yahoo.com,"Adventure, Historical",Female,1,2,61,Chennai,"Adventure, Historical",0,1,0,1,0
1770,Aarav,aarav391@gmail.com,"City, Historical, Adventure",Male,4,1,25,Chennai,"City, Historical, Adventure",0,1,0,1,1
1771,Aditya,aditya578@rediffmail.com,"City, Historical",Male,3,2,54,Kolkata,"City, Historical",0,1,0,0,1
1772,Meera,meera703@rediffmail.com,Beach,Female,5,0,49,Surat,Beach,1,0,0,0,0
1773,Priya,priya354@hotmail.com,Adventure,Male,2,2,32,Bangalore,Adventure,0,0,0,1,0
1774,Meera,meera653@yahoo.com,Beach,Female,4,0,19,Kolkata,Beach,1,0,0,0,0
1775,Nisha,nisha148@gmail.com,Historical,Female,3,1,32,Kolkata,Historical,0,1,0,0,0
1776,Krishna,krishna861@outlook.com,"Beach, Adventure",Female,2,0,64,Jaipur,"Beach, Adventure",1,0,0,1,0
1777,Pooja,pooja976@hotmail.com,Historical,Female,2,1,26,Ahmedabad,Historical,0,1,0,0,0
1778,Aadhya,aadhya252@yahoo.com,"Beach, Adventure",Other,2,2,60,Surat,"Beach, Adventure",1,0,0,1,0
1779,Suresh,suresh922@hotmail.com,"Beach, Historical, Nature",Female,2,0,43,Bangalore,"Beach, Historical, Nature",1,1,1,0,0
1780,Tanvi,tanvi112@rediffmail.com,Historical,Female,5,3,57,Kolkata,Historical,0,1,0,0,0
1781,Vihaan,vihaan205@yahoo.com,"Adventure, Historical",Other,4,1,51,Kolkata,"Adventure, Historical",0,1,0,1,0
1782,Ananya,ananya966@hotmail.com,"Beach, Historical",Other,2,1,29,Hyderabad,"Beach, Historical",1,1,0,0,0
1783,Sunita,sunita788@yahoo.com,Beach,Other,4,0,44,Pune,Beach,1,0,0,0,0
1784,Divya,divya252@yahoo.com,Adventure,Female,3,1,51,Mumbai,Adventure,0,0,0,1,0
1785,Reyansh,reyansh806@gmail.com,"City, Historical",Male,1,2,21,Pune,"City, Historical",0,1,0,0,1
1786,Sai,sai321@outlook.com,"Beach, Adventure",Other,2,0,22,Pune,"Beach, Adventure",1,0,0,1,0
1787,Usha,usha932@outlook.com,"City, Historical, Adventure",Female,2,1,36,Hyderabad,"City, Historical, Adventure",0,1,0,1,1
1788,Reyansh,reyansh822@rediffmail.com,"Historical, Nature",Male,2,0,57,Kolkata,"Historical, Nature",0,1,1,0,0
1789,Kavya,kavya576@rediffmail.com,Adventure,Other,5,1,33,Delhi,Adventure,0,0,0,1,0
1790,Ishaan,ishaan932@hotmail.com,"Beach, Nature",Male,1,0,42,Jaipur,"Beach, Nature",1,0,1,0,0
1791,Kavya,kavya786@gmail.com,"City, Historical, Adventure",Other,5,0,46,Surat,"City, Historical, Adventure",0,1,0,1,1
1792,Sunita,sunita187@hotmail.com,"Beach, Historical",Female,5,1,39,Delhi,"Beach, Historical",1,1,0,0,0
1793,Suresh,suresh71@yahoo.com,"Adventure, City",Other,2,0,27,Delhi,"Adventure, City",0,0,0,1,1
1794,Diya,diya985@outlook.com,"Nature, Historical",Other,4,2,40,Surat,"Nature, Historical",0,1,1,0,0
1795,Shruti,shruti17@rediffmail.com,"City, Historical, Adventure",Female,5,0,34,Chennai,"City, Historical, Adventure",0,1,0,1,1
1796,Neha,neha287@rediffmail.com,"Beach, Historical",Female,2,0,59,Chennai,"Beach, Historical",1,1,0,0,0
1797,Nisha,nisha270@hotmail.com,Nature,Female,1,1,60,Jaipur,Nature,0,0,1,0,0
1798,Sai,sai341@rediffmail.com,"Nature, Adventure",Male,4,2,18,Surat,"Nature, Adventure",0,0,1,1,0
1799,Vivaan,vivaan310@hotmail.com,"Beach, Adventure",Female,2,0,61,Hyderabad,"Beach, Adventure",1,0,0,1,0
1800,Vikram,vikram344@outlook.com,City,Female,2,0,40,Hyderabad,City,0,0,0,0,1
1801,Mohan,mohan198@hotmail.com,"Nature, Historical",Female,1,0,60,Delhi,"Nature, Historical",0,1,1,0,0
1802,Rahul,rahul883@rediffmail.com,"Beach, Nature",Male,4,2,24,Chennai,"Beach, Nature",1,0,1,0,0
1803,Arjun,arjun182@outlook.com,"City, Historical",Male,3,0,23,Delhi,"City, Historical",0,1,0,0,1
1804,Aarav,aarav741@gmail.com,"Adventure, Historical",Other,1,1,47,Pune,"Adventure, Historical",0,1,0,1,0
1805,Reyansh,reyansh628@gmail.com,"Nature, Adventure",Other,1,2,23,Bangalore,"Nature, Adventure",0,0,1,1,0
1806,Sai,sai736@gmail.com,"Beach, Historical",Female,4,0,21,Delhi,"Beach, Historical",1,1,0,0,0
1807,Vikram,vikram329@rediffmail.com,"Beach, Adventure",Female,4,1,49,Surat,"Beach, Adventure",1,0,0,1,0
1808,Ananya,ananya481@outlook.com,"City, Historical, Adventure",Male,2,1,23,Bangalore,"City, Historical, Adventure",0,1,0,1,1
1809,Diya,diya270@yahoo.com,"Beach, Historical, Nature",Other,5,1,62,Delhi,"Beach, Historical, Nature",1,1,1,0,0
1810,Diya,diya192@outlook.com,"City, Nature",Male,2,2,36,Surat,"City, Nature",0,0,1,0,1
1811,Deepa,deepa519@outlook.com,"Beach, Adventure",Female,2,0,33,Ahmedabad,"Beach, Adventure",1,0,0,1,0
1812,Aarav,aarav671@outlook.com,"Nature, Historical",Male,1,0,40,Mumbai,"Nature, Historical",0,1,1,0,0
1813,Usha,usha774@hotmail.com,"City, Historical",Other,4,1,18,Delhi,"City, Historical",0,1,0,0,1
1814,Rahul,rahul603@outlook.com,"Nature, Adventure, Beach",Other,5,1,64,Pune,"Nature, Adventure, Beach",1,0,1,1,0
1815,Pooja,pooja367@hotmail.com,"City, Adventure",Female,2,0,52,Chennai,"City, Adventure",0,0,0,1,1
1816,Kiara,kiara602@yahoo.com,"Nature, Adventure",Other,2,0,47,Pune,"Nature, Adventure",0,0,1,1,0
1817,Kiran,kiran475@hotmail.com,Historical,Male,1,1,44,Mumbai,Historical,0,1,0,0,0
1818,Krishna,krishna808@outlook.com,Beach,Other,1,0,45,Bangalore,Beach,1,0,0,0,0
1819,Ishaan,ishaan608@yahoo.com,"Beach, Adventure",Male,1,0,35,Pune,"Beach, Adventure",1,0,0,1,0
1820,Diya,diya23@hotmail.com,Beach,Male,2,3,53,Hyderabad,Beach,1,0,0,0,0
1821,Kiara,kiara195@hotmail.com,"Nature, Adventure, Beach",Other,2,0,28,Jaipur,"Nature, Adventure, Beach",1,0,1,1,0
1822,Vihaan,vihaan362@gmail.com,"City, Historical",Female,3,1,27,Chennai,"City, Historical",0,1,0,0,1
1823,Anjali,anjali966@hotmail.com,"Beach, Adventure",Female,2,3,58,Bangalore,"Beach, Adventure",1,0,0,1,0
1824,Rohit,rohit646@outlook.com,"Nature, Adventure, Beach",Female,3,1,51,Hyderabad,"Nature, Adventure, Beach",1,0,1,1,0
1825,Rohit,rohit743@outlook.com,"Adventure, City",Female,3,0,19,Jaipur,"Adventure, City",0,0,0,1,1
1826,Suresh,suresh428@yahoo.com,"Beach, Adventure",Female,3,2,38,Jaipur,"Beach, Adventure",1,0,0,1,0
1827,Sneha,sneha569@outlook.com,"City, Historical, Adventure",Female,3,2,38,Surat,"City, Historical, Adventure",0,1,0,1,1
1828,Kiara,kiara726@rediffmail.com,"Nature, Adventure, Beach",Male,4,0,54,Jaipur,"Nature, Adventure, Beach",1,0,1,1,0
1829,Vivaan,vivaan321@rediffmail.com,"Beach, Nature",Female,4,1,23,Ahmedabad,"Beach, Nature",1,0,1,0,0
1830,Shruti,shruti474@rediffmail.com,"Beach, City",Male,2,1,35,Bangalore,"Beach, City",1,0,0,0,1
1831,Suresh,suresh869@gmail.com,Adventure,Male,2,0,40,Surat,Adventure,0,0,0,1,0
1832,Tanvi,tanvi576@yahoo.com,"Beach, City",Female,2,0,52,Chennai,"Beach, City",1,0,0,0,1
1833,Diya,diya981@rediffmail.com,"Nature, Adventure, Beach",Male,2,0,30,Ahmedabad,"Nature, Adventure, Beach",1,0,1,1,0
1834,Neha,neha290@yahoo.com,Beach,Female,3,2,37,Hyderabad,Beach,1,0,0,0,0
1835,Aadhya,aadhya148@outlook.com,"Beach, Historical",Male,3,1,23,Pune,"Beach, Historical",1,1,0,0,0
1836,Divya,divya795@yahoo.com,Historical,Other,2,0,46,Pune,Historical,0,1,0,0,0
1837,Reyansh,reyansh960@outlook.com,Historical,Female,2,1,36,Bangalore,Historical,0,1,0,0,0
1838,Geeta,geeta132@outlook.com,"Beach, Historical",Male,1,0,48,Pune,"Beach, Historical",1,1,0,0,0
1839,Ishaan,ishaan323@hotmail.com,"Beach, Historical, Nature",Male,3,1,43,Bangalore,"Beach, Historical, Nature",1,1,1,0,0
1840,Rahul,rahul628@gmail.com,"Nature, Historical",Female,3,1,50,Mumbai,"Nature, Historical",0,1,1,0,0
1841,Krishna,krishna509@gmail.com,"City, Historical",Male,2,1,63,Chennai,"City, Historical",0,1,0,0,1
1842,Sai,sai773@outlook.com,"City, Adventure",Female,1,0,22,Jaipur,"City, Adventure",0,0,0,1,1
1843,Kiran,kiran559@gmail.com,City,Female,3,0,27,Ahmedabad,City,0,0,0,0,1
1844,Sai,sai834@yahoo.com,Historical,Male,1,2,34,Chennai,Historical,0,1,0,0,0
1845,Riya,riya58@rediffmail.com,"Beach, Historical",Male,3,1,48,Mumbai,"Beach, Historical",1,1,0,0,0
1846,Aditya,aditya225@yahoo.com,"Adventure, City",Male,3,0,58,Kolkata,"Adventure, City",0,0,0,1,1
1847,Vivaan,vivaan523@outlook.com,Adventure,Male,3,1,53,Delhi,Adventure,0,0,0,1,0
1848,Aditya,aditya205@rediffmail.com,"Nature, Adventure",Male,2,0,40,Delhi,"Nature, Adventure",0,0,1,1,0
1849,Geeta,geeta903@outlook.com,City,Male,2,0,18,Surat,City,0,0,0,0,1
1850,Meera,meera273@rediffmail.com,"City, Adventure",Other,2,2,56,Hyderabad,"City, Adventure",0,0,0,1,1
1851,Rohit,rohit201@outlook.com,"Beach, City",Female,1,0,19,Jaipur,"Beach, City",1,0,0,0,1
1852,Rekha,rekha991@rediffmail.com,Beach,Male,2,0,24,Chennai,Beach,1,0,0,0,0
1853,Diya,diya778@rediffmail.com,"Nature, Historical",Other,3,2,37,Pune,"Nature, Historical",0,1,1,0,0
1854,Divya,divya56@yahoo.com,"City, Historical, Adventure",Female,2,0,18,Chennai,"City, Historical, Adventure",0,1,0,1,1
1855,Ananya,ananya882@outlook.com,"Beach, Adventure",Female,5,0,38,Jaipur,"Beach, Adventure",1,0,0,1,0
1856,Kiran,kiran617@yahoo.com,Adventure,Female,3,0,60,Chennai,Adventure,0,0,0,1,0
1857,Arjun,arjun632@gmail.com,"Beach, Historical",Male,3,2,35,Mumbai,"Beach, Historical",1,1,0,0,0
1858,Nisha,nisha456@hotmail.com,"City, Historical, Adventure",Male,1,0,59,Chennai,"City, Historical, Adventure",0,1,0,1,1
1859,Lakshmi,lakshmi760@outlook.com,"City, Historical",Female,2,0,20,Delhi,"City, Historical",0,1,0,0,1
1860,Nisha,nisha146@outlook.com,Historical,Male,1,1,61,Mumbai,Historical,0,1,0,0,0
1861,Tanvi,tanvi179@gmail.com,"Beach, Nature",Male,3,0,55,Ahmedabad,"Beach, Nature",1,0,1,0,0
1862,Sneha,sneha277@gmail.com,"City, Historical, Adventure",Female,1,1,31,Delhi,"City, Historical, Adventure",0,1,0,1,1
1863,Kiran,kiran695@hotmail.com,"Beach, Historical",Male,2,2,44,Bangalore,"Beach, Historical",1,1,0,0,0
1864,Aarav,aarav591@gmail.com,"City, Historical",Female,3,1,30,Hyderabad,"City, Historical",0,1,0,0,1
1865,Vivaan,vivaan688@outlook.com,"Beach, Adventure",Male,3,2,59,Mumbai,"Beach, Adventure",1,0,0,1,0
1866,Sunita,sunita856@hotmail.com,"Beach, Historical, Nature",Other,2,0,65,Mumbai,"Beach, Historical, Nature",1,1,1,0,0
1867,Meera,meera373@gmail.com,"Nature, Adventure, Beach",Female,2,0,28,Pune,"Nature, Adventure, Beach",1,0,1,1,0
1868,Suresh,suresh744@rediffmail.com,"Beach, Historical, Nature",Male,2,1,44,Bangalore,"Beach, Historical, Nature",1,1,1,0,0
1869,Geeta,geeta412@outlook.com,Historical,Female,4,0,61,Jaipur,Historical,0,1,0,0,0
1870,Ritika,ritika418@outlook.com,Nature,Male,3,2,39,Pune,Nature,0,0,1,0,0
1871,Divya,divya462@rediffmail.com,"Historical, Nature",Male,2,2,58,Bangalore,"Historical, Nature",0,1,1,0,0
1872,Rekha,rekha350@rediffmail.com,"Historical, Nature",Other,1,2,31,Kolkata,"Historical, Nature",0,1,1,0,0
1873,Sai,sai844@hotmail.com,"Beach, Nature",Other,3,1,54,Mumbai,"Beach, Nature",1,0,1,0,0
1874,Priya,priya957@rediffmail.com,"Historical, Nature",Other,2,1,39,Jaipur,"Historical, Nature",0,1,1,0,0
1875,Ayaan,ayaan334@outlook.com,"Beach, Historical, Nature",Female,3,2,32,Surat,"Beach, Historical, Nature",1,1,1,0,0
1876,Amit,amit768@hotmail.com,"Beach, Nature",Male,3,0,62,Chennai,"Beach, Nature",1,0,1,0,0
1877,Aarav,aarav915@rediffmail.com,"Beach, Nature",Female,1,0,37,Chennai,"Beach, Nature",1,0,1,0,0
1878,Kiran,kiran311@yahoo.com,"Beach, Historical, Nature",Other,1,2,19,Mumbai,"Beach, Historical, Nature",1,1,1,0,0
1879,Vivaan,vivaan303@gmail.com,"Beach, Adventure",Male,4,1,22,Hyderabad,"Beach, Adventure",1,0,0,1,0
1880,Pooja,pooja974@gmail.com,Nature,Female,3,0,56,Hyderabad,Nature,0,0,1,0,0
1881,Rohit,rohit398@outlook.com,"Beach, Adventure",Female,2,1,48,Surat,"Beach, Adventure",1,0,0,1,0
1882,Geeta,geeta43@hotmail.com,"Nature, Adventure",Female,2,0,62,Jaipur,"Nature, Adventure",0,0,1,1,0
1883,Vikram,vikram771@rediffmail.com,"Beach, Nature",Female,3,1,40,Jaipur,"Beach, Nature",1,0,1,0,0
1884,Vivaan,vivaan390@gmail.com,Adventure,Male,2,1,23,Chennai,Adventure,0,0,0,1,0
1885,Reyansh,reyansh466@hotmail.com,"Adventure, Historical",Male,3,0,38,Hyderabad,"Adventure, Historical",0,1,0,1,0
1886,Mohan,mohan796@hotmail.com,"Beach, Adventure",Other,2,0,26,Surat,"Beach, Adventure",1,0,0,1,0
1887,Vivaan,vivaan958@rediffmail.com,Historical,Male,3,0,62,Surat,Historical,0,1,0,0,0
1888,Vikram,vikram821@rediffmail.com,"Nature, Adventure",Female,3,1,49,Bangalore,"Nature, Adventure",0,0,1,1,0
1889,Pooja,pooja301@yahoo.com,"Nature, Adventure",Female,3,0,61,Bangalore,"Nature, Adventure",0,0,1,1,0
1890,Arjun,arjun204@hotmail.com,Adventure,Male,1,1,59,Bangalore,Adventure,0,0,0,1,0
1891,Vikram,vikram45@outlook.com,"Historical, Nature",Male,2,1,49,Chennai,"Historical, Nature",0,1,1,0,0
1892,Pooja,pooja828@gmail.com,"Beach, Nature",Male,1,1,56,Surat,"Beach, Nature",1,0,1,0,0
1893,Vivaan,vivaan449@hotmail.com,"City, Adventure",Other,2,1,62,Pune,"City, Adventure",0,0,0,1,1
1894,Ritika,ritika109@hotmail.com,Adventure,Male,2,1,45,Delhi,Adventure,0,0,0,1,0
1895,Arjun,arjun90@outlook.com,"City, Adventure",Female,2,2,26,Delhi,"City, Adventure",0,0,0,1,1
1896,Vivaan,vivaan166@gmail.com,"City, Historical, Adventure",Male,3,0,52,Pune,"City, Historical, Adventure",0,1,0,1,1
1897,Mohan,mohan270@hotmail.com,"City, Historical",Other,2,0,53,Mumbai,"City, Historical",0,1,0,0,1
1898,Kiara,kiara208@yahoo.com,"Nature, Historical",Male,3,0,41,Mumbai,"Nature, Historical",0,1,1,0,0
1899,Neha,neha808@gmail.com,"Beach, Nature",Other,3,1,18,Hyderabad,"Beach, Nature",1,0,1,0,0
1900,Krishna,krishna328@yahoo.com,Adventure,Male,2,0,48,Chennai,Adventure,0,0,0,1,0
1901,Reyansh,reyansh177@hotmail.com,"Beach, Historical, Nature",Other,3,2,22,Bangalore,"Beach, Historical, Nature",1,1,1,0,0
1902,Krishna,krishna879@rediffmail.com,"Adventure, City",Male,2,3,22,Surat,"Adventure, City",0,0,0,1,1
1903,Kavya,kavya253@hotmail.com,"City, Adventure",Male,4,0,45,Mumbai,"City, Adventure",0,0,0,1,1
1904,Rahul,rahul800@hotmail.com,"Beach, Historical",Male,3,2,43,Jaipur,"Beach, Historical",1,1,0,0,0
1905,Rekha,rekha857@yahoo.com,"Adventure, City",Female,3,2,44,Bangalore,"Adventure, City",0,0,0,1,1
1906,Riya,riya614@rediffmail.com,"Nature, Historical",Female,4,0,19,Kolkata,"Nature, Historical",0,1,1,0,0
1907,Arjun,arjun576@gmail.com,"Adventure, City",Other,1,0,35,Jaipur,"Adventure, City",0,0,0,1,1
1908,Rohit,rohit311@rediffmail.com,"Nature, Adventure, Beach",Female,5,2,48,Ahmedabad,"Nature, Adventure, Beach",1,0,1,1,0
1909,Shruti,shruti396@rediffmail.com,"Beach, Historical, Nature",Other,3,1,54,Bangalore,"Beach, Historical, Nature",1,1,1,0,0
1910,Tanvi,tanvi346@gmail.com,Adventure,Female,3,1,22,Hyderabad,Adventure,0,0,0,1,0
1911,Sneha,sneha957@outlook.com,"Nature, Historical",Other,3,0,38,Chennai,"Nature, Historical",0,1,1,0,0
1912,Sunita,sunita196@outlook.com,"Nature, Historical",Male,4,1,44,Hyderabad,"Nature, Historical",0,1,1,0,0
1913,Priya,priya613@hotmail.com,"Beach, Adventure",Other,4,0,62,Hyderabad,"Beach, Adventure",1,0,0,1,0
1914,Diya,diya704@outlook.com,"Beach, Historical, Nature",Other,2,2,55,Ahmedabad,"Beach, Historical, Nature",1,1,1,0,0
1915,Ananya,ananya121@outlook.com,"City, Nature",Male,3,1,39,Bangalore,"City, Nature",0,0,1,0,1
1916,Shruti,shruti384@yahoo.com,Beach,Female,3,2,47,Ahmedabad,Beach,1,0,0,0,0
1917,Rohit,rohit150@outlook.com,"Nature, Adventure, Beach",Male,2,3,53,Kolkata,"Nature, Adventure, Beach",1,0,1,1,0
1918,Aarav,aarav69@yahoo.com,"Beach, City",Female,2,3,55,Hyderabad,"Beach, City",1,0,0,0,1
1919,Neha,neha582@hotmail.com,"Beach, Adventure",Female,1,0,49,Surat,"Beach, Adventure",1,0,0,1,0
1920,Reyansh,reyansh488@hotmail.com,Beach,Female,1,0,41,Mumbai,Beach,1,0,0,0,0
1921,Aditya,aditya868@gmail.com,"Beach, City",Male,3,0,24,Kolkata,"Beach, City",1,0,0,0,1
1922,Aadhya,aadhya41@rediffmail.com,"Nature, Adventure",Male,1,3,64,Hyderabad,"Nature, Adventure",0,0,1,1,0
1923,Meera,meera441@yahoo.com,"City, Nature",Male,3,1,35,Ahmedabad,"City, Nature",0,0,1,0,1
1924,Amit,amit861@yahoo.com,"Adventure, City",Male,3,0,32,Bangalore,"Adventure, City",0,0,0,1,1
1925,Vikram,vikram209@rediffmail.com,"Nature, Adventure, Beach",Male,5,0,65,Surat,"Nature, Adventure, Beach",1,0,1,1,0
1926,Sneha,sneha829@hotmail.com,"Beach, Nature",Male,2,0,33,Jaipur,"Beach, Nature",1,0,1,0,0
1927,Usha,usha170@yahoo.com,"City, Nature",Female,1,0,37,Kolkata,"City, Nature",0,0,1,0,1
1928,Geeta,geeta882@rediffmail.com,Beach,Female,2,0,23,Kolkata,Beach,1,0,0,0,0
1929,Pooja,pooja454@yahoo.com,Beach,Other,4,0,35,Chennai,Beach,1,0,0,0,0
1930,Shruti,shruti448@rediffmail.com,"Adventure, Historical",Female,1,1,42,Jaipur,"Adventure, Historical",0,1,0,1,0
1931,Rekha,rekha211@outlook.com,"Adventure, City",Other,1,2,61,Kolkata,"Adventure, City",0,0,0,1,1
1932,Kavya,kavya807@hotmail.com,"Beach, Adventure",Male,2,0,33,Hyderabad,"Beach, Adventure",1,0,0,1,0
1933,Kiara,kiara389@rediffmail.com,Adventure,Male,3,1,59,Delhi,Adventure,0,0,0,1,0
1934,Pooja,pooja731@gmail.com,Beach,Other,2,0,49,Kolkata,Beach,1,0,0,0,0
1935,Pooja,pooja932@hotmail.com,"City, Historical",Female,2,0,41,Hyderabad,"City, Historical",0,1,0,0,1
1936,Tanvi,tanvi162@yahoo.com,"City, Nature",Other,3,1,30,Mumbai,"City, Nature",0,0,1,0,1
1937,Vikram,vikram374@gmail.com,"City, Nature",Male,3,0,57,Ahmedabad,"City, Nature",0,0,1,0,1
1938,Vihaan,vihaan257@gmail.com,City,Female,2,0,45,Hyderabad,City,0,0,0,0,1
1939,Ananya,ananya235@hotmail.com,"Nature, Historical",Male,3,0,23,Surat,"Nature, Historical",0,1,1,0,0
1940,Vihaan,vihaan587@yahoo.com,"Nature, Historical",Other,2,0,28,Chennai,"Nature, Historical",0,1,1,0,0
1941,Vivaan,vivaan828@yahoo.com,"Nature, Adventure, Beach",Other,1,1,35,Bangalore,"Nature, Adventure, Beach",1,0,1,1,0
1942,Ritika,ritika128@hotmail.com,"Beach, Historical, Nature",Female,3,0,29,Chennai,"Beach, Historical, Nature",1,1,1,0,0
1943,Aarav,aarav334@yahoo.com,"Beach, City",Other,4,1,21,Kolkata,"Beach, City",1,0,0,0,1
1944,Krishna,krishna172@gmail.com,Adventure,Male,4,0,56,Pune,Adventure,0,0,0,1,0
1945,Sunita,sunita802@outlook.com,Historical,Male,2,1,63,Chennai,Historical,0,1,0,0,0
1946,Kavya,kavya656@rediffmail.com,"Nature, Adventure",Male,5,0,36,Jaipur,"Nature, Adventure",0,0,1,1,0
1947,Anjali,anjali819@hotmail.com,Beach,Other,3,0,51,Jaipur,Beach,1,0,0,0,0
1948,Anjali,anjali363@rediffmail.com,"City, Historical, Adventure",Other,4,0,34,Ahmedabad,"City, Historical, Adventure",0,1,0,1,1
1949,Deepa,deepa171@rediffmail.com,Adventure,Male,4,0,56,Pune,Adventure,0,0,0,1,0
1950,Nisha,nisha119@rediffmail.com,Nature,Female,2,0,38,Jaipur,Nature,0,0,1,0,0
1951,Diya,diya769@gmail.com,"Beach, Adventure",Female,4,1,46,Surat,"Beach, Adventure",1,0,0,1,0
1952,Krishna,krishna665@outlook.com,Beach,Male,1,2,46,Hyderabad,Beach,1,0,0,0,0
1953,Shruti,shruti409@hotmail.com,Historical,Female,4,0,44,Mumbai,Historical,0,1,0,0,0
1954,Riya,riya971@yahoo.com,"Beach, Nature",Female,2,0,42,Kolkata,"Beach, Nature",1,0,1,0,0
1955,Arjun,arjun613@outlook.com,"City, Adventure",Other,3,0,48,Delhi,"City, Adventure",0,0,0,1,1
1956,Amit,amit340@yahoo.com,"Nature, Historical",Other,2,3,27,Ahmedabad,"Nature, Historical",0,1,1,0,0
1957,Sneha,sneha62@gmail.com,City,Male,3,0,46,Kolkata,City,0,0,0,0,1
1958,Rohit,rohit818@rediffmail.com,Historical,Female,3,0,21,Ahmedabad,Historical,0,1,0,0,0
1959,Geeta,geeta127@hotmail.com,Adventure,Female,4,0,53,Surat,Adventure,0,0,0,1,0
1960,Neha,neha69@yahoo.com,Beach,Female,3,0,64,Hyderabad,Beach,1,0,0,0,0
1961,Ishaan,ishaan146@yahoo.com,"City, Historical",Other,2,0,20,Mumbai,"City, Historical",0,1,0,0,1
1962,Nisha,nisha13@yahoo.com,"Beach, Adventure",Female,3,0,27,Kolkata,"Beach, Adventure",1,0,0,1,0
1963,Mohan,mohan582@outlook.com,"Beach, Adventure",Male,5,0,20,Hyderabad,"Beach, Adventure",1,0,0,1,0
1964,Tanvi,tanvi806@gmail.com,"City, Nature",Female,5,0,61,Jaipur,"City, Nature",0,0,1,0,1
1965,Ayaan,ayaan82@hotmail.com,"Adventure, Historical",Other,3,0,48,Hyderabad,"Adventure, Historical",0,1,0,1,0
1966,Sunita,sunita572@rediffmail.com,"Adventure, Historical",Other,3,1,60,Surat,"Adventure, Historical",0,1,0,1,0
1967,Anjali,anjali699@outlook.com,"Nature, Adventure, Beach",Male,2,0,48,Hyderabad,"Nature, Adventure, Beach",1,0,1,1,0
1968,Rohit,rohit963@rediffmail.com,"Nature, Historical",Female,5,3,21,Surat,"Nature, Historical",0,1,1,0,0
1969,Nisha,nisha821@outlook.com,"Beach, Nature",Male,3,2,32,Chennai,"Beach, Nature",1,0,1,0,0
1970,Divya,divya927@yahoo.com,"Beach, Nature",Other,3,0,65,Kolkata,"Beach, Nature",1,0,1,0,0
1971,Deepa,deepa581@outlook.com,"Nature, Historical",Male,2,1,60,Delhi,"Nature, Historical",0,1,1,0,0
1972,Rahul,rahul949@gmail.com,Nature,Female,4,0,48,Mumbai,Nature,0,0,1,0,0
1973,Rohit,rohit961@outlook.com,"Beach, Nature",Female,2,2,49,Kolkata,"Beach, Nature",1,0,1,0,0
1974,Geeta,geeta220@hotmail.com,Nature,Male,2,1,28,Pune,Nature,0,0,1,0,0
1975,Kavya,kavya613@outlook.com,"City, Historical, Adventure",Female,4,0,23,Mumbai,"City, Historical, Adventure",0,1,0,1,1
1976,Ishaan,ishaan554@hotmail.com,Adventure,Male,5,2,62,Bangalore,Adventure,0,0,0,1,0
1977,Vihaan,vihaan3@hotmail.com,"Historical, Nature",Male,1,3,41,Pune,"Historical, Nature",0,1,1,0,0
1978,Sunita,sunita90@gmail.com,"Historical, Nature",Female,2,0,55,Delhi,"Historical, Nature",0,1,1,0,0
1979,Aditya,aditya630@gmail.com,"Beach, Adventure",Male,4,2,49,Delhi,"Beach, Adventure",1,0,0,1,0
1980,Sneha,sneha608@outlook.com,"Nature, Adventure, Beach",Other,1,1,26,Delhi,"Nature, Adventure, Beach",1,0,1,1,0
1981,Divya,divya621@outlook.com,"Historical, Nature",Other,4,1,49,Surat,"Historical, Nature",0,1,1,0,0
1982,Kiara,kiara706@outlook.com,"Nature, Adventure",Female,4,1,62,Jaipur,"Nature, Adventure",0,0,1,1,0
1983,Pooja,pooja368@rediffmail.com,"Nature, Historical",Female,3,2,44,Chennai,"Nature, Historical",0,1,1,0,0
1984,Nisha,nisha683@outlook.com,"Beach, Adventure",Male,2,1,20,Delhi,"Beach, Adventure",1,0,0,1,0
1985,Vihaan,vihaan602@gmail.com,"Adventure, City",Male,5,0,64,Delhi,"Adventure, City",0,0,0,1,1
1986,Meera,meera789@outlook.com,"Adventure, Historical",Other,2,0,44,Delhi,"Adventure, Historical",0,1,0,1,0
1987,Mohan,mohan747@rediffmail.com,"Nature, Historical",Other,2,0,20,Pune,"Nature, Historical",0,1,1,0,0
1988,Kavya,kavya401@yahoo.com,"City, Adventure",Male,1,2,34,Kolkata,"City, Adventure",0,0,0,1,1
1989,Ananya,ananya833@hotmail.com,Historical,Other,5,2,38,Jaipur,Historical,0,1,0,0,0
1990,Krishna,krishna836@outlook.com,Nature,Other,2,2,54,Bangalore,Nature,0,0,1,0,0
1991,Aarav,aarav891@yahoo.com,"Beach, City",Female,1,2,39,Bangalore,"Beach, City",1,0,0,0,1
1992,Aditya,aditya906@yahoo.com,"City, Nature",Other,3,3,30,Bangalore,"City, Nature",0,0,1,0,1
1993,Deepa,deepa40@gmail.com,"City, Adventure",Other,2,1,39,Mumbai,"City, Adventure",0,0,0,1,1
1994,Reyansh,reyansh495@rediffmail.com,"Beach, Adventure",Male,1,1,65,Ahmedabad,"Beach, Adventure",1,0,0,1,0
1995,Sneha,sneha544@hotmail.com,City,Other,3,1,45,Mumbai,City,0,0,0,0,1
1996,Divya,divya988@rediffmail.com,"Beach, Historical, Nature",Female,3,1,20,Hyderabad,"Beach, Historical, Nature",1,1,1,0,0
1997,Rohit,rohit19@hotmail.com,"City, Historical, Adventure",Other,5,0,44,Jaipur,"City, Historical, Adventure",0,1,0,1,1
1998,Rekha,rekha586@yahoo.com,"Adventure, Historical",Other,2,0,59,Mumbai,"Adventure, Historical",0,1,0,1,0
1999,Kiara,kiara685@rediffmail.com,"Beach, City",Female,2,1,20,Chennai,"Beach, City",1,0,0,0,1
2000,Pooja,pooja245@hotmail.com,"Beach, Historical",Female,1,0,35,Ahmedabad,"Beach, Historical",1,1,0,0,0
2001,Ritika,ritika963@hotmail.com,"Beach, Historical",Other,4,1,58,Hyderabad,"Beach, Historical",1,1,0,0,0
2002,Rekha,rekha680@gmail.com,Adventure,Other,2,1,36,Delhi,Adventure,0,0,0,1,0
2003,Riya,riya948@hotmail.com,"Beach, Historical, Nature",Other,2,1,30,Mumbai,"Beach, Historical, Nature",1,1,1,0,0
2004,Lakshmi,lakshmi82@outlook.com,"City, Nature",Female,1,0,65,Hyderabad,"City, Nature",0,0,1,0,1
2005,Kavya,kavya674@outlook.com,"Beach, City",Female,2,0,64,Bangalore,"Beach, City",1,0,0,0,1
2006,Suresh,suresh100@outlook.com,"Nature, Historical",Other,3,1,22,Bangalore,"Nature, Historical",0,1,1,0,0
2007,Ayaan,ayaan874@gmail.com,"City, Nature",Male,4,2,35,Bangalore,"City, Nature",0,0,1,0,1
2008,Ayaan,ayaan784@hotmail.com,"Adventure, Historical",Male,3,2,52,Jaipur,"Adventure, Historical",0,1,0,1,0
2009,Neha,neha126@hotmail.com,"Nature, Adventure, Beach",Female,4,0,23,Pune,"Nature, Adventure, Beach",1,0,1,1,0
2010,Ananya,ananya398@yahoo.com,"Beach, Historical, Nature",Female,3,2,57,Delhi,"Beach, Historical, Nature",1,1,1,0,0
2011,Arjun,arjun167@yahoo.com,"Adventure, Historical",Male,3,1,30,Jaipur,"Adventure, Historical",0,1,0,1,0
2012,Amit,amit31@outlook.com,Beach,Female,1,1,43,Chennai,Beach,1,0,0,0,0
2013,Kavya,kavya195@rediffmail.com,Adventure,Other,3,0,65,Chennai,Adventure,0,0,0,1,0
2014,Shruti,shruti571@hotmail.com,Beach,Female,3,0,20,Mumbai,Beach,1,0,0,0,0
2015,Pooja,pooja193@gmail.com,"City, Historical, Adventure",Female,1,1,41,Pune,"City, Historical, Adventure",0,1,0,1,1
2016,Deepa,deepa768@gmail.com,"Adventure, Historical",Female,1,2,56,Ahmedabad,"Adventure, Historical",0,1,0,1,0
2017,Mohan,mohan785@gmail.com,"City, Historical, Adventure",Male,2,1,53,Pune,"City, Historical, Adventure",0,1,0,1,1
2018,Ayaan,ayaan640@gmail.com,"Adventure, Historical",Male,2,2,36,Mumbai,"Adventure, Historical",0,1,0,1,0
2019,Reyansh,reyansh57@outlook.com,"Adventure, City",Other,2,0,27,Hyderabad,"Adventure, City",0,0,0,1,1
2020,Rohit,rohit871@hotmail.com,"City, Historical",Other,2,0,65,Hyderabad,"City, Historical",0,1,0,0,1
2021,Deepa,deepa24@gmail.com,"Nature, Historical",Female,2,0,26,Ahmedabad,"Nature, Historical",0,1,1,0,0
2022,Rekha,rekha614@gmail.com,"City, Adventure",Male,1,0,39,Pune,"City, Adventure",0,0,0,1,1
2023,Ayaan,ayaan188@rediffmail.com,"Beach, Adventure",Other,4,0,35,Hyderabad,"Beach, Adventure",1,0,0,1,0
2024,Mohan,mohan773@rediffmail.com,"City, Historical",Other,3,1,62,Ahmedabad,"City, Historical",0,1,0,0,1
2025,Nisha,nisha929@rediffmail.com,"Nature, Historical",Male,4,1,20,Hyderabad,"Nature, Historical",0,1,1,0,0
2026,Deepa,deepa96@outlook.com,"Beach, City",Other,1,0,55,Mumbai,"Beach, City",1,0,0,0,1
2027,Reyansh,reyansh913@hotmail.com,"Nature, Adventure",Female,4,0,24,Hyderabad,"Nature, Adventure",0,0,1,1,0
2028,Kavya,kavya606@rediffmail.com,"City, Nature",Male,2,0,54,Delhi,"City, Nature",0,0,1,0,1
2029,Vivaan,vivaan482@yahoo.com,"Adventure, City",Male,3,2,61,Ahmedabad,"Adventure, City",0,0,0,1,1
2030,Riya,riya418@gmail.com,City,Female,3,1,30,Jaipur,City,0,0,0,0,1
2031,Mohan,mohan244@gmail.com,Nature,Male,3,0,51,Hyderabad,Nature,0,0,1,0,0
2032,Amit,amit140@hotmail.com,"City, Historical, Adventure",Female,5,0,33,Surat,"City, Historical, Adventure",0,1,0,1,1
2033,Ayaan,ayaan724@hotmail.com,"Beach, City",Other,3,0,25,Kolkata,"Beach, City",1,0,0,0,1
2034,Geeta,geeta196@outlook.com,"Adventure, City",Other,2,1,25,Chennai,"Adventure, City",0,0,0,1,1
2035,Krishna,krishna729@gmail.com,"City, Nature",Male,3,1,61,Kolkata,"City, Nature",0,0,1,0,1
2036,Krishna,krishna989@yahoo.com,"Beach, City",Male,3,1,63,Delhi,"Beach, City",1,0,0,0,1
2037,Aarav,aarav424@gmail.com,"Adventure, Historical",Male,2,0,59,Delhi,"Adventure, Historical",0,1,0,1,0
2038,Suresh,suresh333@hotmail.com,Beach,Other,3,0,60,Chennai,Beach,1,0,0,0,0
2039,Ishaan,ishaan212@hotmail.com,"City, Adventure",Male,4,2,60,Chennai,"City, Adventure",0,0,0,1,1
2040,Shruti,shruti501@outlook.com,Nature,Male,2,0,28,Mumbai,Nature,0,0,1,0,0
2041,Vihaan,vihaan767@hotmail.com,City,Female,2,0,36,Bangalore,City,0,0,0,0,1
2042,Meera,meera287@yahoo.com,Nature,Male,2,1,22,Surat,Nature,0,0,1,0,0
2043,Divya,divya357@outlook.com,"City, Nature",Female,2,2,48,Kolkata,"City, Nature",0,0,1,0,1
2044,Sneha,sneha165@hotmail.com,"City, Nature",Female,5,0,33,Jaipur,"City, Nature",0,0,1,0,1
2045,Vikram,vikram225@rediffmail.com,City,Other,5,0,64,Pune,City,0,0,0,0,1
2046,Anjali,anjali261@gmail.com,"Beach, City",Other,3,0,43,Mumbai,"Beach, City",1,0,0,0,1
2047,Arjun,arjun581@gmail.com,"City, Nature",Female,2,0,60,Ahmedabad,"City, Nature",0,0,1,0,1
2048,Usha,usha589@rediffmail.com,"Historical, Nature",Other,2,1,27,Mumbai,"Historical, Nature",0,1,1,0,0
2049,Rahul,rahul787@rediffmail.com,Nature,Other,2,0,29,Delhi,Nature,0,0,1,0,0
2050,Nisha,nisha739@hotmail.com,"Beach, City",Other,4,1,58,Kolkata,"Beach, City",1,0,0,0,1
2051,Rekha,rekha579@rediffmail.com,"City, Adventure",Male,2,1,33,Pune,"City, Adventure",0,0,0,1,1
2052,Aditya,aditya879@outlook.com,"City, Adventure",Female,4,1,49,Chennai,"City, Adventure",0,0,0,1,1
2053,Lakshmi,lakshmi981@rediffmail.com,"Beach, Historical",Other,1,1,26,Chennai,"Beach, Historical",1,1,0,0,0
2054,Deepa,deepa888@gmail.com,"Beach, Adventure",Female,2,3,22,Delhi,"Beach, Adventure",1,0,0,1,0
2055,Mohan,mohan452@yahoo.com,"City, Nature",Other,2,0,20,Hyderabad,"City, Nature",0,0,1,0,1
2056,Aarav,aarav941@rediffmail.com,Nature,Male,5,1,46,Chennai,Nature,0,0,1,0,0
2057,Sai,sai349@yahoo.com,"Nature, Adventure, Beach",Male,1,0,56,Ahmedabad,"Nature, Adventure, Beach",1,0,1,1,0
2058,Riya,riya46@hotmail.com,"Beach, City",Other,2,1,64,Mumbai,"Beach, City",1,0,0,0,1
2059,Shruti,shruti837@yahoo.com,Nature,Female,1,1,32,Surat,Nature,0,0,1,0,0
2060,Sneha,sneha1@hotmail.com,"City, Adventure",Female,4,1,28,Mumbai,"City, Adventure",0,0,0,1,1
2061,Reyansh,reyansh643@rediffmail.com,"Beach, Historical",Other,2,0,28,Chennai,"Beach, Historical",1,1,0,0,0
2062,Aditya,aditya751@yahoo.com,"Beach, Adventure",Male,2,0,21,Jaipur,"Beach, Adventure",1,0,0,1,0
2063,Kiara,kiara634@yahoo.com,"Nature, Adventure",Male,3,1,41,Hyderabad,"Nature, Adventure",0,0,1,1,0
2064,Lakshmi,lakshmi158@gmail.com,"Historical, Nature",Female,2,0,20,Ahmedabad,"Historical, Nature",0,1,1,0,0
2065,Ananya,ananya701@hotmail.com,"Beach, Nature",Male,4,0,27,Kolkata,"Beach, Nature",1,0,1,0,0
2066,Reyansh,reyansh446@yahoo.com,"Historical, Nature",Female,3,1,61,Ahmedabad,"Historical, Nature",0,1,1,0,0
2067,Geeta,geeta921@rediffmail.com,"Adventure, Historical",Female,2,3,52,Surat,"Adventure, Historical",0,1,0,1,0
2068,Aadhya,aadhya977@hotmail.com,Nature,Male,3,2,35,Pune,Nature,0,0,1,0,0
2069,Priya,priya621@yahoo.com,"Beach, Historical",Male,2,0,52,Jaipur,"Beach, Historical",1,1,0,0,0
2070,Sai,sai896@rediffmail.com,"Beach, Nature",Other,1,0,65,Ahmedabad,"Beach, Nature",1,0,1,0,0
2071,Ayaan,ayaan574@hotmail.com,Beach,Other,3,1,26,Mumbai,Beach,1,0,0,0,0
2072,Anjali,anjali185@rediffmail.com,"City, Nature",Male,2,0,56,Ahmedabad,"City, Nature",0,0,1,0,1
2073,Arjun,arjun248@rediffmail.com,"Beach, Historical, Nature",Male,2,1,34,Hyderabad,"Beach, Historical, Nature",1,1,1,0,0
2074,Rohit,rohit563@yahoo.com,"Historical, Nature",Male,2,2,31,Bangalore,"Historical, Nature",0,1,1,0,0
2075,Kiara,kiara716@gmail.com,City,Male,3,0,64,Ahmedabad,City,0,0,0,0,1
2076,Sai,sai756@outlook.com,Historical,Male,3,3,39,Mumbai,Historical,0,1,0,0,0
2077,Aditya,aditya784@gmail.com,"Beach, Historical",Other,3,2,64,Mumbai,"Beach, Historical",1,1,0,0,0
2078,Sai,sai331@yahoo.com,"City, Historical, Adventure",Male,1,0,24,Jaipur,"City, Historical, Adventure",0,1,0,1,1
2079,Ritika,ritika664@outlook.com,"Nature, Adventure",Other,3,1,64,Bangalore,"Nature, Adventure",0,0,1,1,0
2080,Amit,amit321@hotmail.com,"Beach, Nature",Other,3,1,34,Bangalore,"Beach, Nature",1,0,1,0,0
2081,Sai,sai559@yahoo.com,"Nature, Adventure, Beach",Other,3,0,49,Ahmedabad,"Nature, Adventure, Beach",1,0,1,1,0
2082,Arjun,arjun155@yahoo.com,"Nature, Historical",Other,3,0,42,Jaipur,"Nature, Historical",0,1,1,0,0
2083,Aditya,aditya520@hotmail.com,Historical,Male,1,0,60,Hyderabad,Historical,0,1,0,0,0
2084,Riya,riya387@outlook.com,"Adventure, Historical",Male,2,1,51,Bangalore,"Adventure, Historical",0,1,0,1,0
2085,Kiran,kiran387@rediffmail.com,"Beach, Nature",Male,2,2,50,Chennai,"Beach, Nature",1,0,1,0,0
2086,Rahul,rahul379@gmail.com,"City, Adventure",Female,4,2,42,Mumbai,"City, Adventure",0,0,0,1,1
2087,Mohan,mohan732@gmail.com,Adventure,Male,2,0,56,Surat,Adventure,0,0,0,1,0
2088,Mohan,mohan472@rediffmail.com,"City, Adventure",Male,4,1,51,Bangalore,"City, Adventure",0,0,0,1,1
2089,Krishna,krishna67@gmail.com,"Beach, City",Male,5,2,34,Ahmedabad,"Beach, City",1,0,0,0,1
2090,Ayaan,ayaan912@rediffmail.com,City,Other,1,1,34,Bangalore,City,0,0,0,0,1
2091,Mohan,mohan972@hotmail.com,Adventure,Male,3,0,30,Ahmedabad,Adventure,0,0,0,1,0
2092,Arjun,arjun410@outlook.com,"City, Nature",Male,3,0,43,Surat,"City, Nature",0,0,1,0,1
2093,Meera,meera744@yahoo.com,City,Other,3,1,37,Kolkata,City,0,0,0,0,1
2094,Nisha,nisha163@gmail.com,"City, Nature",Female,4,0,64,Ahmedabad,"City, Nature",0,0,1,0,1
2095,Lakshmi,lakshmi220@gmail.com,"Nature, Historical",Female,1,2,42,Hyderabad,"Nature, Historical",0,1,1,0,0
2096,Vikram,vikram161@outlook.com,"City, Adventure",Female,4,0,43,Chennai,"City, Adventure",0,0,0,1,1
2097,Suresh,suresh349@rediffmail.com,"Historical, Nature",Female,2,2,64,Mumbai,"Historical, Nature",0,1,1,0,0
2098,Sai,sai482@hotmail.com,"Nature, Historical",Female,4,2,50,Surat,"Nature, Historical",0,1,1,0,0
2099,Anjali,anjali518@gmail.com,"City, Nature",Other,1,0,62,Ahmedabad,"City, Nature",0,0,1,0,1
2100,Anjali,anjali183@outlook.com,"Adventure, Historical",Other,5,0,62,Mumbai,"Adventure, Historical",0,1,0,1,0
2101,Rohit,rohit39@outlook.com,"Nature, Adventure",Female,2,2,31,Pune,"Nature, Adventure",0,0,1,1,0
2102,Diya,diya849@rediffmail.com,"Beach, City",Other,2,1,43,Chennai,"Beach, City",1,0,0,0,1
2103,Ishaan,ishaan826@gmail.com,"City, Historical",Male,3,0,47,Delhi,"City, Historical",0,1,0,0,1
2104,Ritika,ritika50@rediffmail.com,"Beach, Adventure",Male,3,1,30,Jaipur,"Beach, Adventure",1,0,0,1,0
2105,Aadhya,aadhya138@hotmail.com,"Adventure, Historical",Male,1,0,20,Delhi,"Adventure, Historical",0,1,0,1,0
2106,Sai,sai941@rediffmail.com,City,Female,4,0,42,Delhi,City,0,0,0,0,1
2107,Divya,divya984@rediffmail.com,Nature,Other,3,1,18,Mumbai,Nature,0,0,1,0,0
2108,Ananya,ananya214@gmail.com,"Beach, Historical",Other,1,1,25,Ahmedabad,"Beach, Historical",1,1,0,0,0
2109,Krishna,krishna858@rediffmail.com,City,Male,2,0,48,Jaipur,City,0,0,0,0,1
2110,Priya,priya747@outlook.com,"Nature, Adventure, Beach",Male,5,2,18,Surat,"Nature, Adventure, Beach",1,0,1,1,0
2111,Aadhya,aadhya402@outlook.com,"Nature, Adventure, Beach",Female,1,0,37,Surat,"Nature, Adventure, Beach",1,0,1,1,0
2112,Arjun,arjun828@gmail.com,City,Other,4,0,52,Hyderabad,City,0,0,0,0,1
2113,Kiara,kiara237@hotmail.com,City,Female,2,0,26,Kolkata,City,0,0,0,0,1
2114,Diya,diya175@yahoo.com,"Beach, Adventure",Other,3,0,33,Jaipur,"Beach, Adventure",1,0,0,1,0
2115,Sneha,sneha344@outlook.com,Nature,Male,1,2,62,Hyderabad,Nature,0,0,1,0,0
2116,Krishna,krishna533@rediffmail.com,Nature,Other,1,0,19,Pune,Nature,0,0,1,0,0
2117,Riya,riya505@hotmail.com,Nature,Female,5,1,51,Delhi,Nature,0,0,1,0,0
2118,Ayaan,ayaan765@yahoo.com,Nature,Male,5,2,21,Ahmedabad,Nature,0,0,1,0,0
2119,Aadhya,aadhya370@hotmail.com,Beach,Other,1,2,19,Kolkata,Beach,1,0,0,0,0
2120,Ishaan,ishaan702@hotmail.com,"City, Historical",Female,5,0,29,Chennai,"City, Historical",0,1,0,0,1
2121,Priya,priya920@outlook.com,"City, Adventure",Male,4,1,29,Kolkata,"City, Adventure",0,0,0,1,1
2122,Sunita,sunita112@hotmail.com,Adventure,Female,4,1,27,Surat,Adventure,0,0,0,1,0
2123,Aadhya,aadhya538@outlook.com,"Nature, Historical",Other,5,0,37,Ahmedabad,"Nature, Historical",0,1,1,0,0
2124,Aarav,aarav813@rediffmail.com,Historical,Male,2,0,60,Ahmedabad,Historical,0,1,0,0,0
2125,Anjali,anjali140@hotmail.com,"Nature, Adventure",Male,2,0,64,Delhi,"Nature, Adventure",0,0,1,1,0
2126,Vihaan,vihaan105@outlook.com,Historical,Other,3,1,21,Ahmedabad,Historical,0,1,0,0,0
2127,Suresh,suresh579@rediffmail.com,"City, Historical",Female,2,0,19,Jaipur,"City, Historical",0,1,0,0,1
2128,Priya,priya597@yahoo.com,Beach,Other,3,1,58,Kolkata,Beach,1,0,0,0,0
2129,Usha,usha587@hotmail.com,"Nature, Historical",Other,3,1,65,Jaipur,"Nature, Historical",0,1,1,0,0
2130,Sai,sai911@rediffmail.com,"Nature, Historical",Male,3,0,42,Surat,"Nature, Historical",0,1,1,0,0
2131,Riya,riya151@outlook.com,"City, Historical, Adventure",Male,2,1,37,Surat,"City, Historical, Adventure",0,1,0,1,1
2132,Usha,usha812@yahoo.com,"Historical, Nature",Male,1,2,32,Hyderabad,"Historical, Nature",0,1,1,0,0
2133,Ishaan,ishaan795@hotmail.com,Beach,Other,3,2,44,Surat,Beach,1,0,0,0,0
2134,Vivaan,vivaan572@hotmail.com,"Adventure, City",Female,3,0,44,Mumbai,"Adventure, City",0,0,0,1,1
2135,Pooja,pooja179@yahoo.com,"Nature, Historical",Other,5,1,51,Surat,"Nature, Historical",0,1,1,0,0
2136,Kiara,kiara334@rediffmail.com,"City, Adventure",Other,2,3,26,Ahmedabad,"City, Adventure",0,0,0,1,1
2137,Vivaan,vivaan857@outlook.com,"Beach, Historical",Female,5,2,25,Bangalore,"Beach, Historical",1,1,0,0,0
2138,Sunita,sunita625@hotmail.com,"Adventure, Historical",Male,3,2,27,Kolkata,"Adventure, Historical",0,1,0,1,0
2139,Geeta,geeta782@outlook.com,"Beach, Historical, Nature",Other,1,1,23,Ahmedabad,"Beach, Historical, Nature",1,1,1,0,0
2140,Vikram,vikram587@hotmail.com,"City, Adventure",Female,3,2,31,Mumbai,"City, Adventure",0,0,0,1,1
2141,Mohan,mohan494@hotmail.com,"Beach, Nature",Other,4,2,30,Ahmedabad,"Beach, Nature",1,0,1,0,0
2142,Rahul,rahul586@outlook.com,"Beach, Nature",Female,4,1,43,Ahmedabad,"Beach, Nature",1,0,1,0,0
2143,Ishaan,ishaan247@rediffmail.com,"Nature, Historical",Other,2,2,19,Bangalore,"Nature, Historical",0,1,1,0,0
2144,Tanvi,tanvi771@yahoo.com,"Beach, Historical",Male,3,1,56,Kolkata,"Beach, Historical",1,1,0,0,0
2145,Vikram,vikram65@gmail.com,"Beach, Nature",Female,3,0,60,Chennai,"Beach, Nature",1,0,1,0,0
2146,Usha,usha343@gmail.com,"Nature, Adventure",Male,2,0,59,Hyderabad,"Nature, Adventure",0,0,1,1,0
2147,Sai,sai301@rediffmail.com,"City, Historical",Other,2,0,29,Ahmedabad,"City, Historical",0,1,0,0,1
2148,Diya,diya893@rediffmail.com,Historical,Other,2,0,64,Pune,Historical,0,1,0,0,0
2149,Kiara,kiara653@outlook.com,"Beach, City",Male,4,0,56,Hyderabad,"Beach, City",1,0,0,0,1
2150,Kiran,kiran167@gmail.com,Historical,Male,3,1,44,Bangalore,Historical,0,1,0,0,0
2151,Rekha,rekha141@outlook.com,"Beach, Historical",Other,4,1,49,Jaipur,"Beach, Historical",1,1,0,0,0
2152,Vikram,vikram946@gmail.com,"Historical, Nature",Other,3,1,34,Mumbai,"Historical, Nature",0,1,1,0,0
2153,Kiran,kiran960@rediffmail.com,"Beach, Historical, Nature",Female,1,0,30,Jaipur,"Beach, Historical, Nature",1,1,1,0,0
2154,Kiara,kiara92@yahoo.com,"Adventure, Historical",Female,3,0,40,Kolkata,"Adventure, Historical",0,1,0,1,0
2155,Reyansh,reyansh479@rediffmail.com,"City, Historical",Female,1,2,28,Delhi,"City, Historical",0,1,0,0,1
2156,Sai,sai618@yahoo.com,"Beach, Historical",Female,1,1,33,Ahmedabad,"Beach, Historical",1,1,0,0,0
2157,Rahul,rahul136@hotmail.com,Adventure,Other,3,0,25,Chennai,Adventure,0,0,0,1,0
2158,Aadhya,aadhya459@gmail.com,"Beach, Historical, Nature",Female,2,1,64,Bangalore,"Beach, Historical, Nature",1,1,1,0,0
2159,Geeta,geeta331@gmail.com,"Adventure, City",Female,2,0,24,Kolkata,"Adventure, City",0,0,0,1,1
2160,Sneha,sneha292@gmail.com,"City, Nature",Female,2,0,24,Kolkata,"City, Nature",0,0,1,0,1
2161,Tanvi,tanvi548@gmail.com,"Adventure, City",Female,3,0,50,Bangalore,"Adventure, City",0,0,0,1,1
2162,Ananya,ananya77@gmail.com,"Historical, Nature",Other,1,0,55,Ahmedabad,"Historical, Nature",0,1,1,0,0
2163,Ananya,ananya105@yahoo.com,"Beach, City",Other,5,0,54,Ahmedabad,"Beach, City",1,0,0,0,1
2164,Rohit,rohit753@hotmail.com,"Nature, Adventure, Beach",Female,2,0,32,Ahmedabad,"Nature, Adventure, Beach",1,0,1,1,0
2165,Riya,riya898@gmail.com,City,Male,3,3,44,Mumbai,City,0,0,0,0,1
2166,Rohit,rohit235@rediffmail.com,Historical,Other,1,2,55,Ahmedabad,Historical,0,1,0,0,0
2167,Lakshmi,lakshmi413@gmail.com,Historical,Female,3,0,49,Chennai,Historical,0,1,0,0,0
2168,Kiran,kiran531@yahoo.com,"Beach, Historical",Female,4,0,27,Delhi,"Beach, Historical",1,1,0,0,0
2169,Kavya,kavya185@yahoo.com,"City, Adventure",Female,3,0,43,Pune,"City, Adventure",0,0,0,1,1
2170,Aarav,aarav796@outlook.com,"Beach, Historical, Nature",Female,5,1,43,Surat,"Beach, Historical, Nature",1,1,1,0,0
2171,Ishaan,ishaan751@gmail.com,City,Other,4,0,54,Bangalore,City,0,0,0,0,1
2172,Rahul,rahul582@hotmail.com,Historical,Other,5,1,52,Hyderabad,Historical,0,1,0,0,0
2173,Riya,riya441@rediffmail.com,"Nature, Adventure, Beach",Other,2,1,19,Bangalore,"Nature, Adventure, Beach",1,0,1,1,0
2174,Krishna,krishna914@gmail.com,"Adventure, Historical",Male,5,1,32,Ahmedabad,"Adventure, Historical",0,1,0,1,0
2175,Lakshmi,lakshmi999@rediffmail.com,"Beach, City",Other,5,1,37,Surat,"Beach, City",1,0,0,0,1
2176,Rohit,rohit867@rediffmail.com,City,Other,3,1,36,Pune,City,0,0,0,0,1
2177,Pooja,pooja642@rediffmail.com,City,Female,5,1,20,Jaipur,City,0,0,0,0,1
2178,Sai,sai366@yahoo.com,"City, Nature",Other,2,0,30,Ahmedabad,"City, Nature",0,0,1,0,1
2179,Ananya,ananya27@rediffmail.com,Historical,Female,2,0,57,Delhi,Historical,0,1,0,0,0
2180,Divya,divya507@rediffmail.com,"Beach, Historical, Nature",Female,2,0,57,Surat,"Beach, Historical, Nature",1,1,1,0,0
2181,Lakshmi,lakshmi518@hotmail.com,"Adventure, City",Male,2,1,49,Mumbai,"Adventure, City",0,0,0,1,1
2182,Ritika,ritika326@rediffmail.com,"Beach, Historical",Female,3,1,33,Pune,"Beach, Historical",1,1,0,0,0
2183,Vihaan,vihaan713@outlook.com,"Beach, Historical",Other,4,0,42,Kolkata,"Beach, Historical",1,1,0,0,0
2184,Usha,usha340@hotmail.com,"City, Historical, Adventure",Male,1,0,35,Ahmedabad,"City, Historical, Adventure",0,1,0,1,1
2185,Ananya,ananya798@outlook.com,"City, Adventure",Female,2,2,43,Jaipur,"City, Adventure",0,0,0,1,1
2186,Geeta,geeta404@yahoo.com,"Adventure, City",Female,4,1,29,Chennai,"Adventure, City",0,0,0,1,1
2187,Krishna,krishna700@rediffmail.com,"City, Historical, Adventure",Female,4,2,32,Chennai,"City, Historical, Adventure",0,1,0,1,1
2188,Ritika,ritika984@rediffmail.com,"Beach, Nature",Female,2,0,61,Pune,"Beach, Nature",1,0,1,0,0
2189,Ananya,ananya546@outlook.com,Adventure,Male,5,0,28,Surat,Adventure,0,0,0,1,0
2190,Kavya,kavya414@rediffmail.com,"City, Nature",Other,2,1,61,Pune,"City, Nature",0,0,1,0,1
2191,Reyansh,reyansh229@rediffmail.com,"Beach, Nature",Other,3,0,19,Jaipur,"Beach, Nature",1,0,1,0,0
2192,Anjali,anjali270@hotmail.com,"Beach, Historical, Nature",Female,1,0,49,Hyderabad,"Beach, Historical, Nature",1,1,1,0,0
2193,Priya,priya230@gmail.com,"Beach, Adventure",Female,3,0,61,Ahmedabad,"Beach, Adventure",1,0,0,1,0
2194,Sunita,sunita77@gmail.com,Adventure,Other,2,0,51,Pune,Adventure,0,0,0,1,0
2195,Geeta,geeta242@outlook.com,"Nature, Adventure",Male,4,0,37,Delhi,"Nature, Adventure",0,0,1,1,0
2196,Rahul,rahul301@hotmail.com,"Beach, Nature",Female,4,0,31,Bangalore,"Beach, Nature",1,0,1,0,0
2197,Suresh,suresh635@yahoo.com,Nature,Female,3,3,24,Chennai,Nature,0,0,1,0,0
2198,Lakshmi,lakshmi459@outlook.com,"Nature, Adventure",Male,5,0,27,Delhi,"Nature, Adventure",0,0,1,1,0
2199,Meera,meera974@gmail.com,"Nature, Adventure",Female,2,0,51,Delhi,"Nature, Adventure",0,0,1,1,0
2200,Geeta,geeta537@hotmail.com,"Beach, Historical, Nature",Male,3,2,48,Mumbai,"Beach, Historical, Nature",1,1,1,0,0
2201,Sneha,sneha370@yahoo.com,"City, Nature",Other,3,2,40,Kolkata,"City, Nature",0,0,1,0,1
2202,Kavya,kavya912@yahoo.com,"Adventure, Historical",Other,4,2,45,Kolkata,"Adventure, Historical",0,1,0,1,0
2203,Vihaan,vihaan979@outlook.com,"City, Historical, Adventure",Other,2,1,52,Jaipur,"City, Historical, Adventure",0,1,0,1,1
2204,Sneha,sneha306@yahoo.com,"Adventure, City",Female,3,1,65,Hyderabad,"Adventure, City",0,0,0,1,1
2205,Ritika,ritika648@outlook.com,"City, Historical, Adventure",Female,5,2,38,Surat,"City, Historical, Adventure",0,1,0,1,1
2206,Meera,meera183@rediffmail.com,"Adventure, City",Female,5,2,23,Kolkata,"Adventure, City",0,0,0,1,1
2207,Rohit,rohit27@yahoo.com,"Beach, Historical",Male,1,2,41,Chennai,"Beach, Historical",1,1,0,0,0
2208,Geeta,geeta663@yahoo.com,"City, Historical",Male,1,2,25,Pune,"City, Historical",0,1,0,0,1
2209,Rahul,rahul71@yahoo.com,"Beach, Historical",Female,2,0,31,Kolkata,"Beach, Historical",1,1,0,0,0
2210,Mohan,mohan756@yahoo.com,"Beach, Nature",Female,2,2,51,Surat,"Beach, Nature",1,0,1,0,0
2211,Vikram,vikram396@rediffmail.com,"Nature, Adventure, Beach",Other,2,0,62,Chennai,"Nature, Adventure, Beach",1,0,1,1,0
2212,Lakshmi,lakshmi460@hotmail.com,"Nature, Historical",Other,2,1,26,Pune,"Nature, Historical",0,1,1,0,0
2213,Neha,neha757@yahoo.com,"City, Adventure",Female,2,3,51,Chennai,"City, Adventure",0,0,0,1,1
2214,Ananya,ananya725@rediffmail.com,"Beach, Nature",Other,1,2,26,Chennai,"Beach, Nature",1,0,1,0,0
2215,Rekha,rekha147@gmail.com,"Nature, Historical",Other,1,0,18,Delhi,"Nature, Historical",0,1,1,0,0
2216,Anjali,anjali251@hotmail.com,"Beach, City",Female,2,1,47,Pune,"Beach, City",1,0,0,0,1
2217,Vivaan,vivaan546@yahoo.com,Adventure,Female,3,0,47,Bangalore,Adventure,0,0,0,1,0
2218,Ananya,ananya922@outlook.com,Adventure,Female,2,1,41,Ahmedabad,Adventure,0,0,0,1,0
2219,Sneha,sneha496@yahoo.com,Beach,Male,4,2,38,Bangalore,Beach,1,0,0,0,0
2220,Usha,usha93@rediffmail.com,Historical,Female,4,1,64,Delhi,Historical,0,1,0,0,0
2221,Kiran,kiran55@rediffmail.com,"Historical, Nature",Other,2,0,48,Bangalore,"Historical, Nature",0,1,1,0,0
2222,Arjun,arjun469@yahoo.com,"Beach, Adventure",Female,4,1,54,Surat,"Beach, Adventure",1,0,0,1,0
2223,Ananya,ananya980@gmail.com,"Adventure, Historical",Male,2,1,54,Surat,"Adventure, Historical",0,1,0,1,0
2224,Aadhya,aadhya759@hotmail.com,"Historical, Nature",Male,3,2,60,Surat,"Historical, Nature",0,1,1,0,0
2225,Arjun,arjun656@outlook.com,"City, Nature",Other,3,0,28,Pune,"City, Nature",0,0,1,0,1
2226,Suresh,suresh720@yahoo.com,"City, Historical, Adventure",Other,2,1,37,Hyderabad,"City, Historical, Adventure",0,1,0,1,1
2227,Deepa,deepa126@hotmail.com,Historical,Other,3,0,28,Kolkata,Historical,0,1,0,0,0
2228,Meera,meera254@gmail.com,"City, Historical, Adventure",Female,2,0,49,Surat,"City, Historical, Adventure",0,1,0,1,1
2229,Ayaan,ayaan185@hotmail.com,"Nature, Adventure, Beach",Other,2,0,29,Jaipur,"Nature, Adventure, Beach",1,0,1,1,0
2230,Arjun,arjun166@gmail.com,"Adventure, Historical",Male,3,1,51,Jaipur,"Adventure, Historical",0,1,0,1,0
2231,Ayaan,ayaan220@hotmail.com,"Adventure, Historical",Male,3,1,51,Chennai,"Adventure, Historical",0,1,0,1,0
2232,Krishna,krishna153@gmail.com,"Beach, Nature",Male,4,0,64,Mumbai,"Beach, Nature",1,0,1,0,0
2233,Mohan,mohan193@yahoo.com,"Nature, Adventure",Male,2,1,56,Jaipur,"Nature, Adventure",0,0,1,1,0
2234,Anjali,anjali516@rediffmail.com,"City, Historical, Adventure",Female,2,0,65,Pune,"City, Historical, Adventure",0,1,0,1,1
2235,Neha,neha366@yahoo.com,"City, Nature",Other,3,2,20,Chennai,"City, Nature",0,0,1,0,1
2236,Vivaan,vivaan285@outlook.com,"City, Nature",Female,3,2,54,Pune,"City, Nature",0,0,1,0,1
2237,Ayaan,ayaan472@gmail.com,"City, Adventure",Male,5,2,54,Delhi,"City, Adventure",0,0,0,1,1
2238,Vivaan,vivaan798@yahoo.com,"City, Historical, Adventure",Male,4,1,55,Pune,"City, Historical, Adventure",0,1,0,1,1
2239,Vivaan,vivaan95@outlook.com,"Beach, Adventure",Female,2,2,50,Chennai,"Beach, Adventure",1,0,0,1,0
2240,Vihaan,vihaan627@yahoo.com,"Beach, Historical",Other,2,0,31,Surat,"Beach, Historical",1,1,0,0,0
2241,Shruti,shruti96@rediffmail.com,"Beach, Nature",Male,2,1,64,Bangalore,"Beach, Nature",1,0,1,0,0
2242,Ayaan,ayaan213@yahoo.com,"Beach, Nature",Other,5,3,44,Jaipur,"Beach, Nature",1,0,1,0,0
2243,Krishna,krishna55@gmail.com,"Nature, Adventure, Beach",Other,3,0,42,Kolkata,"Nature, Adventure, Beach",1,0,1,1,0
2244,Reyansh,reyansh133@yahoo.com,"Nature, Adventure",Male,3,0,26,Pune,"Nature, Adventure",0,0,1,1,0
2245,Anjali,anjali779@hotmail.com,"City, Nature",Male,5,1,31,Mumbai,"City, Nature",0,0,1,0,1
2246,Meera,meera586@yahoo.com,Nature,Female,2,1,60,Bangalore,Nature,0,0,1,0,0
2247,Divya,divya667@outlook.com,City,Male,1,2,29,Delhi,City,0,0,0,0,1
2248,Sai,sai292@gmail.com,"Beach, Historical, Nature",Other,2,1,39,Mumbai,"Beach, Historical, Nature",1,1,1,0,0
2249,Sunita,sunita681@outlook.com,"Adventure, City",Male,3,0,19,Surat,"Adventure, City",0,0,0,1,1
2250,Diya,diya718@outlook.com,"City, Adventure",Other,2,2,65,Mumbai,"City, Adventure",0,0,0,1,1
2251,Aadhya,aadhya733@rediffmail.com,"Nature, Adventure, Beach",Female,1,1,49,Mumbai,"Nature, Adventure, Beach",1,0,1,1,0
2252,Reyansh,reyansh235@hotmail.com,"Beach, Nature",Male,2,0,40,Ahmedabad,"Beach, Nature",1,0,1,0,0
2253,Rahul,rahul553@outlook.com,Beach,Female,4,0,19,Hyderabad,Beach,1,0,0,0,0
2254,Arjun,arjun910@yahoo.com,"Beach, Historical",Male,5,2,45,Delhi,"Beach, Historical",1,1,0,0,0
2255,Suresh,suresh629@yahoo.com,Adventure,Male,3,0,28,Surat,Adventure,0,0,0,1,0
2256,Usha,usha63@hotmail.com,"City, Historical",Female,2,1,44,Chennai,"City, Historical",0,1,0,0,1
2257,Krishna,krishna130@outlook.com,City,Other,5,0,38,Hyderabad,City,0,0,0,0,1
2258,Kavya,kavya848@gmail.com,"City, Nature",Other,3,0,33,Mumbai,"City, Nature",0,0,1,0,1
2259,Ayaan,ayaan18@rediffmail.com,"City, Adventure",Female,5,1,58,Jaipur,"City, Adventure",0,0,0,1,1
2260,Suresh,suresh434@outlook.com,"Nature, Adventure, Beach",Male,2,1,40,Pune,"Nature, Adventure, Beach",1,0,1,1,0
2261,Meera,meera436@yahoo.com,"City, Nature",Female,2,0,34,Jaipur,"City, Nature",0,0,1,0,1
2262,Lakshmi,lakshmi3@gmail.com,"Nature, Adventure",Other,1,0,50,Delhi,"Nature, Adventure",0,0,1,1,0
2263,Aditya,aditya213@gmail.com,Nature,Other,2,0,35,Delhi,Nature,0,0,1,0,0
2264,Shruti,shruti166@hotmail.com,City,Male,3,1,64,Pune,City,0,0,0,0,1
2265,Pooja,pooja110@yahoo.com,"City, Historical, Adventure",Male,4,0,39,Mumbai,"City, Historical, Adventure",0,1,0,1,1
2266,Divya,divya87@yahoo.com,City,Male,2,0,21,Jaipur,City,0,0,0,0,1
2267,Kiara,kiara341@gmail.com,"Nature, Adventure",Female,2,1,35,Jaipur,"Nature, Adventure",0,0,1,1,0
2268,Nisha,nisha205@hotmail.com,"Historical, Nature",Male,3,0,54,Kolkata,"Historical, Nature",0,1,1,0,0
2269,Ananya,ananya358@rediffmail.com,City,Other,2,0,45,Surat,City,0,0,0,0,1
2270,Priya,priya509@gmail.com,"Beach, Adventure",Male,3,0,60,Chennai,"Beach, Adventure",1,0,0,1,0
2271,Rekha,rekha413@yahoo.com,Historical,Female,4,2,45,Bangalore,Historical,0,1,0,0,0
2272,Sai,sai362@rediffmail.com,"City, Historical",Other,2,0,48,Mumbai,"City, Historical",0,1,0,0,1
2273,Aditya,aditya59@outlook.com,Beach,Female,2,0,39,Surat,Beach,1,0,0,0,0
2274,Vivaan,vivaan774@gmail.com,"Beach, Nature",Male,2,0,47,Delhi,"Beach, Nature",1,0,1,0,0
2275,Priya,priya39@gmail.com,"Beach, City",Other,2,1,53,Delhi,"Beach, City",1,0,0,0,1
2276,Sunita,sunita776@outlook.com,"City, Historical, Adventure",Male,2,1,63,Delhi,"City, Historical, Adventure",0,1,0,1,1
2277,Rahul,rahul804@yahoo.com,"Nature, Adventure",Female,3,1,55,Hyderabad,"Nature, Adventure",0,0,1,1,0
2278,Rekha,rekha842@hotmail.com,Beach,Other,3,0,32,Delhi,Beach,1,0,0,0,0
2279,Diya,diya475@rediffmail.com,Historical,Other,1,0,56,Ahmedabad,Historical,0,1,0,0,0
2280,Meera,meera105@hotmail.com,Beach,Male,1,0,21,Jaipur,Beach,1,0,0,0,0
2281,Tanvi,tanvi585@outlook.com,"City, Nature",Male,4,1,45,Bangalore,"City, Nature",0,0,1,0,1
2282,Aadhya,aadhya755@rediffmail.com,"City, Historical, Adventure",Other,2,1,25,Surat,"City, Historical, Adventure",0,1,0,1,1
2283,Pooja,pooja827@gmail.com,"City, Historical",Other,4,0,45,Bangalore,"City, Historical",0,1,0,0,1
2284,Vivaan,vivaan220@hotmail.com,"Nature, Adventure",Other,2,2,28,Delhi,"Nature, Adventure",0,0,1,1,0
2285,Sai,sai421@gmail.com,"Historical, Nature",Other,3,0,60,Hyderabad,"Historical, Nature",0,1,1,0,0
2286,Reyansh,reyansh871@rediffmail.com,"City, Historical",Male,2,1,57,Surat,"City, Historical",0,1,0,0,1
2287,Neha,neha610@rediffmail.com,"City, Historical, Adventure",Female,5,2,23,Jaipur,"City, Historical, Adventure",0,1,0,1,1
2288,Vivaan,vivaan749@rediffmail.com,City,Other,3,0,60,Ahmedabad,City,0,0,0,0,1
2289,Vivaan,vivaan835@gmail.com,"Beach, Historical, Nature",Female,4,0,26,Bangalore,"Beach, Historical, Nature",1,1,1,0,0
2290,Ayaan,ayaan463@outlook.com,City,Other,3,0,46,Ahmedabad,City,0,0,0,0,1
2291,Suresh,suresh449@gmail.com,"Beach, Historical, Nature",Male,1,0,52,Mumbai,"Beach, Historical, Nature",1,1,1,0,0
2292,Deepa,deepa486@outlook.com,Adventure,Other,1,2,30,Kolkata,Adventure,0,0,0,1,0
2293,Sunita,sunita88@outlook.com,"Nature, Adventure, Beach",Female,1,1,23,Bangalore,"Nature, Adventure, Beach",1,0,1,1,0
2294,Neha,neha913@hotmail.com,"City, Historical, Adventure",Female,4,1,45,Ahmedabad,"City, Historical, Adventure",0,1,0,1,1
2295,Neha,neha155@hotmail.com,Beach,Other,5,1,48,Mumbai,Beach,1,0,0,0,0
2296,Sneha,sneha45@rediffmail.com,"City, Adventure",Male,3,0,23,Surat,"City, Adventure",0,0,0,1,1
2297,Lakshmi,lakshmi116@outlook.com,Nature,Male,2,1,33,Bangalore,Nature,0,0,1,0,0
2298,Shruti,shruti291@rediffmail.com,"Beach, Historical, Nature",Male,2,0,24,Jaipur,"Beach, Historical, Nature",1,1,1,0,0
2299,Geeta,geeta818@hotmail.com,"Historical, Nature",Female,3,2,44,Hyderabad,"Historical, Nature",0,1,1,0,0
2300,Usha,usha386@hotmail.com,"Beach, Historical, Nature",Male,3,2,45,Mumbai,"Beach, Historical, Nature",1,1,1,0,0
2301,Sneha,sneha464@rediffmail.com,"Nature, Historical",Male,1,0,53,Pune,"Nature, Historical",0,1,1,0,0
2302,Reyansh,reyansh396@yahoo.com,"Historical, Nature",Female,3,0,58,Kolkata,"Historical, Nature",0,1,1,0,0
2303,Sneha,sneha556@rediffmail.com,"Adventure, City",Male,3,1,32,Hyderabad,"Adventure, City",0,0,0,1,1
2304,Ritika,ritika410@rediffmail.com,City,Male,3,2,26,Hyderabad,City,0,0,0,0,1
2305,Kiran,kiran492@yahoo.com,City,Female,3,0,19,Surat,City,0,0,0,0,1
2306,Arjun,arjun92@outlook.com,"City, Historical",Male,5,0,64,Chennai,"City, Historical",0,1,0,0,1
2307,Amit,amit678@rediffmail.com,"Historical, Nature",Male,3,0,31,Jaipur,"Historical, Nature",0,1,1,0,0
2308,Deepa,deepa916@gmail.com,"Adventure, Historical",Male,5,0,34,Pune,"Adventure, Historical",0,1,0,1,0
2309,Mohan,mohan524@gmail.com,Beach,Female,4,1,28,Pune,Beach,1,0,0,0,0
2310,Sneha,sneha769@outlook.com,Adventure,Male,2,1,45,Pune,Adventure,0,0,0,1,0
2311,Aditya,aditya894@yahoo.com,"Nature, Historical",Female,1,1,43,Delhi,"Nature, Historical",0,1,1,0,0
2312,Tanvi,tanvi774@hotmail.com,"City, Historical",Other,1,0,52,Surat,"City, Historical",0,1,0,0,1
2313,Ritika,ritika646@gmail.com,"Beach, Historical, Nature",Other,5,1,43,Jaipur,"Beach, Historical, Nature",1,1,1,0,0
2314,Mohan,mohan149@gmail.com,"Beach, City",Male,2,0,24,Chennai,"Beach, City",1,0,0,0,1
2315,Rahul,rahul638@yahoo.com,Beach,Other,2,0,45,Surat,Beach,1,0,0,0,0
2316,Ritika,ritika633@yahoo.com,"City, Historical, Adventure",Female,3,1,37,Ahmedabad,"City, Historical, Adventure",0,1,0,1,1
2317,Vikram,vikram581@outlook.com,"City, Historical",Female,2,0,38,Mumbai,"City, Historical",0,1,0,0,1
2318,Ayaan,ayaan128@rediffmail.com,"Adventure, City",Other,3,0,61,Jaipur,"Adventure, City",0,0,0,1,1
2319,Suresh,suresh253@hotmail.com,"Nature, Adventure",Female,1,0,45,Mumbai,"Nature, Adventure",0,0,1,1,0
2320,Kiara,kiara853@rediffmail.com,"Beach, Historical, Nature",Other,4,0,38,Chennai,"Beach, Historical, Nature",1,1,1,0,0
2321,Deepa,deepa727@yahoo.com,"Beach, Nature",Other,3,0,56,Mumbai,"Beach, Nature",1,0,1,0,0
2322,Vikram,vikram498@gmail.com,"Nature, Adventure",Male,3,1,37,Bangalore,"Nature, Adventure",0,0,1,1,0
2323,Nisha,nisha544@rediffmail.com,"Beach, City",Male,1,2,42,Hyderabad,"Beach, City",1,0,0,0,1
2324,Mohan,mohan629@hotmail.com,Nature,Female,2,0,45,Hyderabad,Nature,0,0,1,0,0
2325,Kavya,kavya15@outlook.com,"Adventure, Historical",Female,4,0,46,Pune,"Adventure, Historical",0,1,0,1,0
2326,Ritika,ritika914@gmail.com,"City, Historical, Adventure",Female,4,0,38,Chennai,"City, Historical, Adventure",0,1,0,1,1
2327,Diya,diya801@rediffmail.com,"Nature, Adventure, Beach",Male,2,0,41,Hyderabad,"Nature, Adventure, Beach",1,0,1,1,0
2328,Kiran,kiran897@hotmail.com,"Adventure, City",Other,2,0,62,Hyderabad,"Adventure, City",0,0,0,1,1
2329,Vihaan,vihaan112@hotmail.com,"Adventure, Historical",Other,3,0,21,Mumbai,"Adventure, Historical",0,1,0,1,0
2330,Lakshmi,lakshmi165@yahoo.com,"Beach, Nature",Male,2,0,46,Kolkata,"Beach, Nature",1,0,1,0,0
2331,Tanvi,tanvi711@hotmail.com,"Nature, Historical",Female,1,0,22,Kolkata,"Nature, Historical",0,1,1,0,0
2332,Vivaan,vivaan107@gmail.com,"Historical, Nature",Female,3,0,41,Ahmedabad,"Historical, Nature",0,1,1,0,0
2333,Priya,priya547@rediffmail.com,Beach,Male,1,2,52,Mumbai,Beach,1,0,0,0,0
2334,Reyansh,reyansh486@rediffmail.com,City,Female,2,0,53,Bangalore,City,0,0,0,0,1
2335,Diya,diya896@gmail.com,"Historical, Nature",Other,3,2,46,Mumbai,"Historical, Nature",0,1,1,0,0
2336,Sneha,sneha457@yahoo.com,Nature,Female,4,1,45,Delhi,Nature,0,0,1,0,0
2337,Ishaan,ishaan748@gmail.com,"Historical, Nature",Male,2,0,65,Jaipur,"Historical, Nature",0,1,1,0,0
2338,Rohit,rohit234@hotmail.com,"City, Adventure",Other,3,0,52,Mumbai,"City, Adventure",0,0,0,1,1
2339,Divya,divya568@outlook.com,"Historical, Nature",Female,5,2,29,Hyderabad,"Historical, Nature",0,1,1,0,0
2340,Krishna,krishna127@rediffmail.com,"City, Nature",Other,2,0,35,Mumbai,"City, Nature",0,0,1,0,1
2341,Aditya,aditya693@hotmail.com,"Beach, City",Female,3,0,47,Pune,"Beach, City",1,0,0,0,1
2342,Ishaan,ishaan891@yahoo.com,"City, Historical",Male,1,0,63,Jaipur,"City, Historical",0,1,0,0,1
2343,Meera,meera789@rediffmail.com,"Nature, Adventure, Beach",Other,3,0,57,Delhi,"Nature, Adventure, Beach",1,0,1,1,0
2344,Pooja,pooja449@hotmail.com,"Beach, Adventure",Male,3,1,61,Bangalore,"Beach, Adventure",1,0,0,1,0
2345,Shruti,shruti174@gmail.com,"Beach, Adventure",Other,3,1,22,Jaipur,"Beach, Adventure",1,0,0,1,0
2346,Amit,amit732@gmail.com,"Beach, Historical, Nature",Male,4,0,42,Chennai,"Beach, Historical, Nature",1,1,1,0,0
2347,Aditya,aditya262@outlook.com,"Beach, Adventure",Male,2,3,32,Pune,"Beach, Adventure",1,0,0,1,0
2348,Ritika,ritika516@yahoo.com,"Beach, City",Other,4,0,32,Hyderabad,"Beach, City",1,0,0,0,1
2349,Aarav,aarav37@gmail.com,City,Male,3,0,48,Ahmedabad,City,0,0,0,0,1
2350,Meera,meera527@gmail.com,Nature,Female,5,0,34,Pune,Nature,0,0,1,0,0
2351,Priya,priya269@hotmail.com,"Nature, Adventure",Other,2,1,41,Delhi,"Nature, Adventure",0,0,1,1,0
2352,Tanvi,tanvi618@rediffmail.com,"Beach, Adventure",Female,3,1,18,Pune,"Beach, Adventure",1,0,0,1,0
2353,Riya,riya660@rediffmail.com,"Beach, Nature",Male,3,3,50,Hyderabad,"Beach, Nature",1,0,1,0,0
2354,Ritika,ritika753@hotmail.com,"Nature, Adventure, Beach",Other,3,3,51,Ahmedabad,"Nature, Adventure, Beach",1,0,1,1,0
2355,Ishaan,ishaan907@rediffmail.com,"Nature, Adventure",Female,5,0,55,Bangalore,"Nature, Adventure",0,0,1,1,0
2356,Tanvi,tanvi108@outlook.com,Historical,Other,1,0,20,Delhi,Historical,0,1,0,0,0
2357,Rekha,rekha554@hotmail.com,"Beach, City",Male,2,2,53,Chennai,"Beach, City",1,0,0,0,1
2358,Geeta,geeta461@yahoo.com,City,Male,2,2,27,Delhi,City,0,0,0,0,1
2359,Mohan,mohan512@gmail.com,Beach,Male,5,1,29,Ahmedabad,Beach,1,0,0,0,0
2360,Neha,neha947@gmail.com,"City, Historical, Adventure",Other,5,0,25,Mumbai,"City, Historical, Adventure",0,1,0,1,1
2361,Ayaan,ayaan16@yahoo.com,"City, Nature",Male,4,0,62,Ahmedabad,"City, Nature",0,0,1,0,1
2362,Vikram,vikram473@hotmail.com,Beach,Male,1,0,58,Surat,Beach,1,0,0,0,0
2363,Mohan,mohan942@hotmail.com,Beach,Male,1,0,36,Chennai,Beach,1,0,0,0,0
2364,Suresh,suresh393@gmail.com,"Nature, Historical",Male,5,0,53,Hyderabad,"Nature, Historical",0,1,1,0,0
2365,Rahul,rahul666@yahoo.com,"City, Historical",Other,3,0,48,Hyderabad,"City, Historical",0,1,0,0,1
2366,Deepa,deepa802@rediffmail.com,"Adventure, City",Male,2,0,55,Pune,"Adventure, City",0,0,0,1,1
2367,Reyansh,reyansh36@gmail.com,"Beach, Adventure",Other,4,0,43,Bangalore,"Beach, Adventure",1,0,0,1,0
2368,Aarav,aarav379@outlook.com,"Adventure, Historical",Other,3,0,22,Pune,"Adventure, Historical",0,1,0,1,0
2369,Vivaan,vivaan925@gmail.com,Nature,Female,5,1,45,Hyderabad,Nature,0,0,1,0,0
2370,Sai,sai76@gmail.com,Beach,Female,2,0,23,Chennai,Beach,1,0,0,0,0
2371,Meera,meera2@hotmail.com,"Beach, Historical, Nature",Female,1,1,55,Hyderabad,"Beach, Historical, Nature",1,1,1,0,0
2372,Usha,usha481@gmail.com,City,Other,1,1,30,Kolkata,City,0,0,0,0,1
2373,Deepa,deepa562@yahoo.com,"Nature, Historical",Other,1,1,54,Surat,"Nature, Historical",0,1,1,0,0
2374,Usha,usha415@yahoo.com,Beach,Other,2,0,32,Ahmedabad,Beach,1,0,0,0,0
2375,Lakshmi,lakshmi572@rediffmail.com,City,Other,3,0,61,Jaipur,City,0,0,0,0,1
2376,Usha,usha75@outlook.com,"Beach, Historical",Female,4,0,41,Jaipur,"Beach, Historical",1,1,0,0,0
2377,Arjun,arjun584@hotmail.com,Beach,Male,3,0,19,Delhi,Beach,1,0,0,0,0
2378,Krishna,krishna442@outlook.com,Historical,Other,3,1,29,Kolkata,Historical,0,1,0,0,0
2379,Aarav,aarav310@gmail.com,"Beach, Historical, Nature",Male,4,3,54,Pune,"Beach, Historical, Nature",1,1,1,0,0
2380,Krishna,krishna964@gmail.com,Historical,Female,2,0,25,Jaipur,Historical,0,1,0,0,0
2381,Shruti,shruti468@outlook.com,"City, Historical",Other,3,0,42,Surat,"City, Historical",0,1,0,0,1
2382,Ananya,ananya803@gmail.com,"Beach, Nature",Other,3,2,53,Bangalore,"Beach, Nature",1,0,1,0,0
2383,Sneha,sneha95@rediffmail.com,"City, Historical, Adventure",Female,5,0,29,Bangalore,"City, Historical, Adventure",0,1,0,1,1
2384,Ishaan,ishaan618@hotmail.com,"Adventure, Historical",Other,3,0,63,Hyderabad,"Adventure, Historical",0,1,0,1,0
2385,Suresh,suresh273@yahoo.com,"Beach, Nature",Other,2,0,49,Mumbai,"Beach, Nature",1,0,1,0,0
2386,Rahul,rahul446@rediffmail.com,"Adventure, City",Male,4,0,41,Jaipur,"Adventure, City",0,0,0,1,1
2387,Aarav,aarav728@rediffmail.com,"Beach, Historical",Other,1,1,32,Pune,"Beach, Historical",1,1,0,0,0
2388,Deepa,deepa282@gmail.com,Historical,Male,2,0,48,Bangalore,Historical,0,1,0,0,0
2389,Neha,neha167@rediffmail.com,"Nature, Adventure, Beach",Female,4,2,35,Mumbai,"Nature, Adventure, Beach",1,0,1,1,0
2390,Vihaan,vihaan92@hotmail.com,City,Other,5,2,29,Bangalore,City,0,0,0,0,1
2391,Priya,priya735@hotmail.com,"City, Nature",Male,1,0,42,Ahmedabad,"City, Nature",0,0,1,0,1
2392,Suresh,suresh7@hotmail.com,"City, Historical",Male,4,2,59,Mumbai,"City, Historical",0,1,0,0,1
2393,Sai,sai119@rediffmail.com,"City, Adventure",Male,3,2,24,Delhi,"City, Adventure",0,0,0,1,1
2394,Rahul,rahul191@hotmail.com,"City, Historical",Other,4,1,32,Jaipur,"City, Historical",0,1,0,0,1
2395,Vihaan,vihaan841@rediffmail.com,"Adventure, City",Male,1,0,45,Surat,"Adventure, City",0,0,0,1,1
2396,Rahul,rahul697@gmail.com,"Beach, Historical",Female,2,1,59,Delhi,"Beach, Historical",1,1,0,0,0
2397,Neha,neha588@outlook.com,"Beach, Historical, Nature",Other,2,0,59,Bangalore,"Beach, Historical, Nature",1,1,1,0,0
2398,Sunita,sunita535@hotmail.com,Nature,Other,3,0,44,Pune,Nature,0,0,1,0,0
2399,Krishna,krishna610@outlook.com,"Beach, City",Female,4,0,64,Delhi,"Beach, City",1,0,0,0,1
2400,Usha,usha813@rediffmail.com,"Adventure, City",Female,2,0,52,Delhi,"Adventure, City",0,0,0,1,1
2401,Aadhya,aadhya924@gmail.com,"Nature, Adventure",Female,2,0,53,Surat,"Nature, Adventure",0,0,1,1,0
2402,Kiran,kiran228@yahoo.com,"City, Historical",Female,4,0,64,Pune,"City, Historical",0,1,0,0,1
2403,Pooja,pooja263@rediffmail.com,"City, Nature",Female,4,0,51,Mumbai,"City, Nature",0,0,1,0,1
2404,Kiran,kiran883@outlook.com,"Beach, Historical, Nature",Female,1,0,30,Surat,"Beach, Historical, Nature",1,1,1,0,0
2405,Mohan,mohan225@outlook.com,"Nature, Historical",Other,3,1,29,Pune,"Nature, Historical",0,1,1,0,0
2406,Kiara,kiara392@outlook.com,Beach,Male,3,0,21,Jaipur,Beach,1,0,0,0,0
2407,Pooja,pooja950@outlook.com,"Nature, Adventure",Female,2,1,40,Delhi,"Nature, Adventure",0,0,1,1,0
2408,Suresh,suresh984@hotmail.com,"Historical, Nature",Male,3,1,18,Surat,"Historical, Nature",0,1,1,0,0
2409,Aditya,aditya554@outlook.com,"Adventure, Historical",Male,1,1,37,Mumbai,"Adventure, Historical",0,1,0,1,0
2410,Rekha,rekha105@yahoo.com,"Beach, Nature",Male,5,0,50,Kolkata,"Beach, Nature",1,0,1,0,0
2411,Reyansh,reyansh616@gmail.com,"Adventure, City",Female,4,1,46,Kolkata,"Adventure, City",0,0,0,1,1
2412,Vihaan,vihaan704@yahoo.com,"Historical, Nature",Other,1,1,41,Chennai,"Historical, Nature",0,1,1,0,0
2413,Rahul,rahul838@outlook.com,"City, Historical",Other,2,0,23,Bangalore,"City, Historical",0,1,0,0,1
2414,Ananya,ananya449@outlook.com,"City, Historical, Adventure",Female,4,0,28,Kolkata,"City, Historical, Adventure",0,1,0,1,1
2415,Vihaan,vihaan81@outlook.com,"Beach, Nature",Female,2,1,29,Pune,"Beach, Nature",1,0,1,0,0
2416,Geeta,geeta266@hotmail.com,"Nature, Adventure, Beach",Female,1,0,49,Delhi,"Nature, Adventure, Beach",1,0,1,1,0
2417,Pooja,pooja722@yahoo.com,"Adventure, City",Female,3,0,40,Surat,"Adventure, City",0,0,0,1,1
2418,Suresh,suresh660@gmail.com,"City, Nature",Other,4,0,18,Kolkata,"City, Nature",0,0,1,0,1
2419,Meera,meera981@rediffmail.com,"Beach, Adventure",Female,4,0,62,Surat,"Beach, Adventure",1,0,0,1,0
2420,Ayaan,ayaan4@outlook.com,"City, Adventure",Male,5,2,45,Mumbai,"City, Adventure",0,0,0,1,1
2421,Neha,neha627@outlook.com,"City, Historical",Male,3,1,24,Chennai,"City, Historical",0,1,0,0,1
2422,Rohit,rohit902@rediffmail.com,"Nature, Adventure, Beach",Male,5,0,33,Pune,"Nature, Adventure, Beach",1,0,1,1,0
2423,Sunita,sunita349@yahoo.com,"Nature, Adventure",Female,2,0,44,Jaipur,"Nature, Adventure",0,0,1,1,0
2424,Sunita,sunita964@rediffmail.com,"Beach, Historical",Other,1,1,53,Mumbai,"Beach, Historical",1,1,0,0,0
2425,Arjun,arjun560@hotmail.com,Historical,Female,2,1,33,Jaipur,Historical,0,1,0,0,0
2426,Neha,neha274@yahoo.com,"Beach, Adventure",Other,2,2,37,Surat,"Beach, Adventure",1,0,0,1,0
2427,Suresh,suresh883@yahoo.com,"Beach, Historical",Male,2,0,28,Pune,"Beach, Historical",1,1,0,0,0
2428,Rahul,rahul9@yahoo.com,"Historical, Nature",Other,2,0,49,Chennai,"Historical, Nature",0,1,1,0,0
2429,Vikram,vikram321@outlook.com,"Adventure, City",Female,2,0,52,Hyderabad,"Adventure, City",0,0,0,1,1
2430,Ananya,ananya597@gmail.com,"Historical, Nature",Other,5,1,27,Chennai,"Historical, Nature",0,1,1,0,0
2431,Kiara,kiara316@outlook.com,"Beach, Nature",Male,1,2,54,Mumbai,"Beach, Nature",1,0,1,0,0
2432,Deepa,deepa860@gmail.com,"City, Adventure",Male,1,1,52,Ahmedabad,"City, Adventure",0,0,0,1,1
2433,Deepa,deepa523@outlook.com,"City, Nature",Male,2,2,23,Kolkata,"City, Nature",0,0,1,0,1
2434,Kiran,kiran455@yahoo.com,"Adventure, City",Other,5,0,61,Pune,"Adventure, City",0,0,0,1,1
2435,Divya,divya343@rediffmail.com,"Beach, Historical, Nature",Other,2,2,29,Delhi,"Beach, Historical, Nature",1,1,1,0,0
2436,Kavya,kavya608@rediffmail.com,Nature,Female,2,0,33,Kolkata,Nature,0,0,1,0,0
2437,Ananya,ananya817@gmail.com,"Adventure, City",Female,2,1,22,Hyderabad,"Adventure, City",0,0,0,1,1
2438,Divya,divya475@gmail.com,"Nature, Adventure, Beach",Male,1,0,23,Pune,"Nature, Adventure, Beach",1,0,1,1,0
2439,Kavya,kavya232@rediffmail.com,"Beach, Historical",Male,2,1,28,Delhi,"Beach, Historical",1,1,0,0,0
2440,Rekha,rekha743@yahoo.com,"City, Historical",Female,5,1,25,Ahmedabad,"City, Historical",0,1,0,0,1
2441,Sunita,sunita932@hotmail.com,"Beach, Historical",Other,2,0,24,Delhi,"Beach, Historical",1,1,0,0,0
2442,Neha,neha448@yahoo.com,"Beach, Historical, Nature",Female,2,1,64,Surat,"Beach, Historical, Nature",1,1,1,0,0
2443,Rahul,rahul583@hotmail.com,Adventure,Male,3,0,53,Ahmedabad,Adventure,0,0,0,1,0
2444,Aditya,aditya726@gmail.com,"Adventure, Historical",Male,2,1,62,Surat,"Adventure, Historical",0,1,0,1,0
2445,Aadhya,aadhya69@rediffmail.com,Beach,Other,5,1,55,Jaipur,Beach,1,0,0,0,0
2446,Ananya,ananya823@rediffmail.com,"Beach, City",Female,5,0,21,Delhi,"Beach, City",1,0,0,0,1
2447,Neha,neha142@yahoo.com,Adventure,Male,1,0,31,Surat,Adventure,0,0,0,1,0
2448,Meera,meera550@yahoo.com,"City, Nature",Male,3,0,34,Delhi,"City, Nature",0,0,1,0,1
2449,Sneha,sneha286@hotmail.com,"Beach, City",Other,2,0,65,Ahmedabad,"Beach, City",1,0,0,0,1
2450,Ayaan,ayaan68@hotmail.com,"City, Adventure",Other,3,0,18,Bangalore,"City, Adventure",0,0,0,1,1
2451,Aarav,aarav131@gmail.com,"Beach, Adventure",Male,2,1,27,Chennai,"Beach, Adventure",1,0,0,1,0
2452,Krishna,krishna134@hotmail.com,Adventure,Female,4,0,24,Chennai,Adventure,0,0,0,1,0
2453,Suresh,suresh736@yahoo.com,"Nature, Adventure",Male,3,0,21,Kolkata,"Nature, Adventure",0,0,1,1,0
2454,Priya,priya406@yahoo.com,"Beach, Historical",Other,5,0,63,Surat,"Beach, Historical",1,1,0,0,0
2455,Kiara,kiara958@hotmail.com,Historical,Female,2,2,24,Surat,Historical,0,1,0,0,0
2456,Ritika,ritika230@yahoo.com,"City, Historical",Other,1,0,56,Delhi,"City, Historical",0,1,0,0,1
2457,Deepa,deepa700@gmail.com,Adventure,Female,2,1,28,Surat,Adventure,0,0,0,1,0
2458,Anjali,anjali224@gmail.com,"Beach, Historical",Female,2,3,52,Hyderabad,"Beach, Historical",1,1,0,0,0
2459,Arjun,arjun635@hotmail.com,Beach,Male,2,0,30,Delhi,Beach,1,0,0,0,0
2460,Deepa,deepa499@gmail.com,City,Male,2,1,41,Kolkata,City,0,0,0,0,1
2461,Kiran,kiran472@gmail.com,Beach,Male,3,2,23,Surat,Beach,1,0,0,0,0
2462,Neha,neha824@hotmail.com,"City, Adventure",Female,1,1,34,Hyderabad,"City, Adventure",0,0,0,1,1
2463,Aditya,aditya452@hotmail.com,Beach,Male,3,1,30,Chennai,Beach,1,0,0,0,0
2464,Sunita,sunita427@outlook.com,"Beach, Historical",Female,3,0,47,Chennai,"Beach, Historical",1,1,0,0,0
2465,Krishna,krishna867@yahoo.com,Beach,Male,2,2,23,Hyderabad,Beach,1,0,0,0,0
2466,Ishaan,ishaan262@yahoo.com,Nature,Other,1,2,39,Ahmedabad,Nature,0,0,1,0,0
2467,Rahul,rahul273@yahoo.com,"Beach, Nature",Other,3,1,20,Ahmedabad,"Beach, Nature",1,0,1,0,0
2468,Shruti,shruti972@rediffmail.com,"Nature, Adventure, Beach",Male,3,2,27,Chennai,"Nature, Adventure, Beach",1,0,1,1,0
2469,Nisha,nisha930@gmail.com,"Nature, Adventure, Beach",Other,3,0,30,Ahmedabad,"Nature, Adventure, Beach",1,0,1,1,0
2470,Rohit,rohit825@yahoo.com,"Adventure, City",Other,5,3,47,Bangalore,"Adventure, City",0,0,0,1,1
2471,Suresh,suresh683@gmail.com,"City, Adventure",Other,2,0,30,Mumbai,"City, Adventure",0,0,0,1,1
2472,Riya,riya80@gmail.com,"City, Adventure",Other,3,0,41,Hyderabad,"City, Adventure",0,0,0,1,1
2473,Suresh,suresh885@hotmail.com,Beach,Other,3,0,39,Jaipur,Beach,1,0,0,0,0
2474,Kiran,kiran601@outlook.com,"Adventure, Historical",Male,2,0,41,Surat,"Adventure, Historical",0,1,0,1,0
2475,Tanvi,tanvi878@outlook.com,Beach,Female,5,1,50,Kolkata,Beach,1,0,0,0,0
2476,Arjun,arjun442@yahoo.com,"Beach, City",Male,1,0,41,Mumbai,"Beach, City",1,0,0,0,1
2477,Ritika,ritika715@gmail.com,"City, Historical, Adventure",Female,5,2,37,Ahmedabad,"City, Historical, Adventure",0,1,0,1,1
2478,Sai,sai835@outlook.com,"Historical, Nature",Female,3,0,41,Surat,"Historical, Nature",0,1,1,0,0
2479,Vikram,vikram407@outlook.com,Historical,Male,1,2,18,Jaipur,Historical,0,1,0,0,0
2480,Sneha,sneha140@yahoo.com,"City, Adventure",Other,3,0,29,Kolkata,"City, Adventure",0,0,0,1,1
2481,Ayaan,ayaan956@outlook.com,"Nature, Adventure",Other,5,1,55,Chennai,"Nature, Adventure",0,0,1,1,0
2482,Riya,riya812@yahoo.com,Nature,Male,2,0,37,Chennai,Nature,0,0,1,0,0
2483,Vihaan,vihaan464@rediffmail.com,Nature,Male,3,0,24,Mumbai,Nature,0,0,1,0,0
2484,Vivaan,vivaan547@gmail.com,Adventure,Other,4,2,27,Delhi,Adventure,0,0,0,1,0
2485,Sai,sai378@rediffmail.com,Historical,Male,5,1,38,Bangalore,Historical,0,1,0,0,0
2486,Aadhya,aadhya372@outlook.com,"Historical, Nature",Female,4,1,47,Hyderabad,"Historical, Nature",0,1,1,0,0
2487,Sneha,sneha865@hotmail.com,"Nature, Adventure",Male,2,1,28,Mumbai,"Nature, Adventure",0,0,1,1,0
2488,Anjali,anjali421@outlook.com,"Adventure, City",Male,5,0,26,Surat,"Adventure, City",0,0,0,1,1
2489,Lakshmi,lakshmi410@outlook.com,Nature,Male,2,0,35,Mumbai,Nature,0,0,1,0,0
2490,Aditya,aditya948@outlook.com,"Adventure, City",Female,5,0,41,Pune,"Adventure, City",0,0,0,1,1
2491,Anjali,anjali675@gmail.com,"Nature, Adventure",Male,5,0,61,Bangalore,"Nature, Adventure",0,0,1,1,0
2492,Krishna,krishna68@outlook.com,"Historical, Nature",Female,2,2,30,Delhi,"Historical, Nature",0,1,1,0,0
2493,Lakshmi,lakshmi28@rediffmail.com,"Nature, Historical",Male,5,1,25,Chennai,"Nature, Historical",0,1,1,0,0
2494,Kiran,kiran542@gmail.com,Adventure,Male,5,0,30,Kolkata,Adventure,0,0,0,1,0
2495,Usha,usha355@outlook.com,"Adventure, City",Other,4,0,64,Mumbai,"Adventure, City",0,0,0,1,1
2496,Rekha,rekha661@yahoo.com,"City, Historical, Adventure",Other,3,0,33,Pune,"City, Historical, Adventure",0,1,0,1,1
2497,Krishna,krishna737@outlook.com,"Nature, Adventure, Beach",Female,4,2,61,Chennai,"Nature, Adventure, Beach",1,0,1,1,0
2498,Riya,riya152@yahoo.com,"Adventure, City",Other,3,2,32,Surat,"Adventure, City",0,0,0,1,1
2499,Diya,diya916@rediffmail.com,"Nature, Adventure, Beach",Other,2,0,48,Chennai,"Nature, Adventure, Beach",1,0,1,1,0
2500,Amit,amit231@yahoo.com,"City, Nature",Female,2,1,20,Jaipur,"City, Nature",0,0,1,0,1
2501,Kiran,kiran94@gmail.com,"Beach, Historical, Nature",Female,1,0,56,Jaipur,"Beach, Historical, Nature",1,1,1,0,0
2502,Ayaan,ayaan783@rediffmail.com,"Historical, Nature",Male,2,0,49,Delhi,"Historical, Nature",0,1,1,0,0
2503,Ishaan,ishaan406@gmail.com,"City, Adventure",Other,4,2,53,Chennai,"City, Adventure",0,0,0,1,1
2504,Mohan,mohan695@rediffmail.com,"Historical, Nature",Other,1,2,60,Kolkata,"Historical, Nature",0,1,1,0,0
2505,Priya,priya547@outlook.com,Beach,Female,2,0,34,Bangalore,Beach,1,0,0,0,0
2506,Ishaan,ishaan215@yahoo.com,"Adventure, City",Male,5,2,50,Mumbai,"Adventure, City",0,0,0,1,1
2507,Reyansh,reyansh773@rediffmail.com,"Nature, Historical",Female,5,0,60,Surat,"Nature, Historical",0,1,1,0,0
2508,Ishaan,ishaan735@yahoo.com,"Historical, Nature",Other,5,0,42,Bangalore,"Historical, Nature",0,1,1,0,0
2509,Usha,usha346@yahoo.com,"City, Adventure",Other,1,0,58,Jaipur,"City, Adventure",0,0,0,1,1
2510,Riya,riya69@gmail.com,"Beach, Historical, Nature",Male,2,1,49,Hyderabad,"Beach, Historical, Nature",1,1,1,0,0
2511,Reyansh,reyansh848@yahoo.com,"Beach, Historical",Female,3,0,53,Hyderabad,"Beach, Historical",1,1,0,0,0
2512,Ayaan,ayaan669@rediffmail.com,"Adventure, Historical",Male,1,1,32,Kolkata,"Adventure, Historical",0,1,0,1,0
2513,Ananya,ananya411@gmail.com,City,Female,3,0,64,Jaipur,City,0,0,0,0,1
2514,Suresh,suresh396@gmail.com,"Adventure, Historical",Other,2,0,41,Pune,"Adventure, Historical",0,1,0,1,0
2515,Priya,priya583@gmail.com,"Historical, Nature",Other,3,0,45,Hyderabad,"Historical, Nature",0,1,1,0,0
2516,Arjun,arjun80@rediffmail.com,"Adventure, Historical",Female,2,0,60,Delhi,"Adventure, Historical",0,1,0,1,0
2517,Sunita,sunita739@hotmail.com,"City, Historical, Adventure",Male,3,0,49,Pune,"City, Historical, Adventure",0,1,0,1,1
2518,Ananya,ananya62@hotmail.com,"Beach, Historical",Male,1,0,28,Mumbai,"Beach, Historical",1,1,0,0,0
2519,Arjun,arjun638@hotmail.com,"Beach, Nature",Male,3,0,37,Delhi,"Beach, Nature",1,0,1,0,0
2520,Diya,diya586@yahoo.com,Nature,Other,2,1,59,Jaipur,Nature,0,0,1,0,0
2521,Kiran,kiran38@rediffmail.com,City,Female,2,0,49,Jaipur,City,0,0,0,0,1
2522,Kiara,kiara82@rediffmail.com,"Historical, Nature",Male,2,0,19,Jaipur,"Historical, Nature",0,1,1,0,0
2523,Rohit,rohit713@rediffmail.com,City,Other,3,1,44,Pune,City,0,0,0,0,1
2524,Riya,riya861@yahoo.com,"City, Historical, Adventure",Other,3,0,56,Delhi,"City, Historical, Adventure",0,1,0,1,1
2525,Vikram,vikram337@outlook.com,"Beach, Adventure",Male,5,1,55,Pune,"Beach, Adventure",1,0,0,1,0
2526,Ananya,ananya239@gmail.com,"Adventure, City",Male,2,1,40,Mumbai,"Adventure, City",0,0,0,1,1
2527,Amit,amit498@hotmail.com,"Beach, City",Female,3,0,36,Jaipur,"Beach, City",1,0,0,0,1
2528,Aarav,aarav729@gmail.com,"Beach, Historical",Male,2,1,43,Hyderabad,"Beach, Historical",1,1,0,0,0
2529,Nisha,nisha558@hotmail.com,Adventure,Female,2,0,46,Hyderabad,Adventure,0,0,0,1,0
2530,Sai,sai430@yahoo.com,Beach,Female,2,3,34,Pune,Beach,1,0,0,0,0
2531,Aditya,aditya24@hotmail.com,"City, Nature",Female,2,0,30,Mumbai,"City, Nature",0,0,1,0,1
2532,Geeta,geeta757@hotmail.com,"Beach, City",Other,2,0,47,Jaipur,"Beach, City",1,0,0,0,1
2533,Sai,sai113@rediffmail.com,"City, Adventure",Male,3,0,38,Chennai,"City, Adventure",0,0,0,1,1
2534,Vihaan,vihaan712@outlook.com,"City, Historical, Adventure",Female,3,0,40,Delhi,"City, Historical, Adventure",0,1,0,1,1
2535,Kavya,kavya542@yahoo.com,Historical,Female,3,0,33,Delhi,Historical,0,1,0,0,0
2536,Rahul,rahul629@outlook.com,City,Other,4,2,39,Surat,City,0,0,0,0,1
2537,Kiran,kiran358@outlook.com,Nature,Other,2,0,39,Hyderabad,Nature,0,0,1,0,0
2538,Meera,meera764@yahoo.com,"Nature, Historical",Other,2,0,37,Surat,"Nature, Historical",0,1,1,0,0
2539,Ayaan,ayaan406@rediffmail.com,"Nature, Adventure, Beach",Other,2,1,63,Hyderabad,"Nature, Adventure, Beach",1,0,1,1,0
2540,Sneha,sneha593@hotmail.com,"Nature, Historical",Male,3,0,44,Hyderabad,"Nature, Historical",0,1,1,0,0
2541,Vivaan,vivaan539@rediffmail.com,"Historical, Nature",Male,2,1,50,Kolkata,"Historical, Nature",0,1,1,0,0
2542,Krishna,krishna620@hotmail.com,"Beach, Adventure",Other,3,1,51,Surat,"Beach, Adventure",1,0,0,1,0
2543,Sneha,sneha103@yahoo.com,"Historical, Nature",Male,5,3,54,Jaipur,"Historical, Nature",0,1,1,0,0
2544,Krishna,krishna63@yahoo.com,"Beach, Nature",Female,4,0,37,Ahmedabad,"Beach, Nature",1,0,1,0,0
2545,Amit,amit198@outlook.com,Nature,Female,2,2,26,Bangalore,Nature,0,0,1,0,0
2546,Aditya,aditya251@gmail.com,"Nature, Adventure",Female,2,0,37,Kolkata,"Nature, Adventure",0,0,1,1,0
2547,Arjun,arjun152@rediffmail.com,"City, Nature",Other,1,0,65,Pune,"City, Nature",0,0,1,0,1
2548,Reyansh,reyansh140@gmail.com,"Beach, Adventure",Other,4,0,43,Pune,"Beach, Adventure",1,0,0,1,0
2549,Anjali,anjali724@rediffmail.com,Beach,Male,2,0,61,Jaipur,Beach,1,0,0,0,0
2550,Aarav,aarav569@hotmail.com,"City, Historical",Other,3,2,34,Pune,"City, Historical",0,1,0,0,1
2551,Mohan,mohan306@yahoo.com,"Beach, City",Other,2,0,23,Delhi,"Beach, City",1,0,0,0,1
2552,Kiara,kiara957@rediffmail.com,"Beach, Historical, Nature",Female,1,0,29,Chennai,"Beach, Historical, Nature",1,1,1,0,0
2553,Deepa,deepa162@yahoo.com,"Nature, Adventure",Male,2,0,29,Hyderabad,"Nature, Adventure",0,0,1,1,0
2554,Deepa,deepa213@gmail.com,"Beach, Historical",Female,2,0,55,Kolkata,"Beach, Historical",1,1,0,0,0
2555,Neha,neha760@hotmail.com,"Beach, Historical, Nature",Male,1,2,59,Pune,"Beach, Historical, Nature",1,1,1,0,0
2556,Ishaan,ishaan583@outlook.com,Beach,Other,5,0,59,Delhi,Beach,1,0,0,0,0
2557,Shruti,shruti449@outlook.com,"City, Historical",Female,2,3,37,Chennai,"City, Historical",0,1,0,0,1
2558,Rahul,rahul60@yahoo.com,"City, Nature",Other,4,2,21,Bangalore,"City, Nature",0,0,1,0,1
2559,Kavya,kavya835@rediffmail.com,"Nature, Adventure, Beach",Female,2,0,46,Pune,"Nature, Adventure, Beach",1,0,1,1,0
2560,Kavya,kavya204@yahoo.com,"Adventure, City",Other,5,1,32,Mumbai,"Adventure, City",0,0,0,1,1
2561,Krishna,krishna17@yahoo.com,"Adventure, Historical",Female,3,0,31,Mumbai,"Adventure, Historical",0,1,0,1,0
2562,Kiara,kiara23@yahoo.com,"Beach, Adventure",Female,2,0,64,Delhi,"Beach, Adventure",1,0,0,1,0
2563,Lakshmi,lakshmi803@hotmail.com,"City, Adventure",Male,2,0,48,Surat,"City, Adventure",0,0,0,1,1
2564,Usha,usha356@outlook.com,"City, Nature",Other,1,0,41,Chennai,"City, Nature",0,0,1,0,1
2565,Vihaan,vihaan81@yahoo.com,"City, Nature",Other,3,1,49,Bangalore,"City, Nature",0,0,1,0,1
2566,Riya,riya30@yahoo.com,"Beach, City",Other,5,2,20,Bangalore,"Beach, City",1,0,0,0,1
2567,Ritika,ritika304@hotmail.com,"City, Historical",Other,4,2,19,Delhi,"City, Historical",0,1,0,0,1
2568,Divya,divya735@yahoo.com,"Historical, Nature",Other,4,0,41,Mumbai,"Historical, Nature",0,1,1,0,0
2569,Pooja,pooja834@hotmail.com,"Beach, City",Other,4,0,24,Jaipur,"Beach, City",1,0,0,0,1
2570,Shruti,shruti329@outlook.com,Nature,Male,3,2,29,Hyderabad,Nature,0,0,1,0,0
2571,Vihaan,vihaan396@outlook.com,"Beach, Historical, Nature",Male,3,2,27,Jaipur,"Beach, Historical, Nature",1,1,1,0,0
2572,Ishaan,ishaan348@rediffmail.com,"City, Historical",Male,2,1,55,Pune,"City, Historical",0,1,0,0,1
2573,Vikram,vikram404@rediffmail.com,"Nature, Historical",Other,2,1,65,Bangalore,"Nature, Historical",0,1,1,0,0
2574,Riya,riya498@yahoo.com,"Beach, Adventure",Female,3,2,29,Delhi,"Beach, Adventure",1,0,0,1,0
2575,Krishna,krishna87@gmail.com,"Nature, Adventure",Male,3,3,20,Chennai,"Nature, Adventure",0,0,1,1,0
2576,Amit,amit705@rediffmail.com,Nature,Other,3,1,22,Jaipur,Nature,0,0,1,0,0
2577,Vihaan,vihaan884@hotmail.com,"Nature, Historical",Other,1,1,32,Surat,"Nature, Historical",0,1,1,0,0
2578,Ishaan,ishaan361@gmail.com,"City, Historical, Adventure",Other,3,1,29,Surat,"City, Historical, Adventure",0,1,0,1,1
2579,Rahul,rahul753@gmail.com,Adventure,Male,2,0,49,Kolkata,Adventure,0,0,0,1,0
2580,Priya,priya256@yahoo.com,"Beach, Historical, Nature",Female,2,0,36,Bangalore,"Beach, Historical, Nature",1,1,1,0,0
2581,Ishaan,ishaan116@hotmail.com,"Historical, Nature",Female,3,1,34,Surat,"Historical, Nature",0,1,1,0,0
2582,Vikram,vikram871@yahoo.com,"Beach, Adventure",Other,3,1,30,Chennai,"Beach, Adventure",1,0,0,1,0
2583,Meera,meera302@outlook.com,Historical,Male,2,2,49,Ahmedabad,Historical,0,1,0,0,0
2584,Rekha,rekha595@outlook.com,"Beach, Historical",Female,2,2,18,Pune,"Beach, Historical",1,1,0,0,0
2585,Usha,usha700@hotmail.com,City,Other,2,1,38,Chennai,City,0,0,0,0,1
2586,Pooja,pooja509@outlook.com,"Nature, Adventure, Beach",Other,5,0,58,Chennai,"Nature, Adventure, Beach",1,0,1,1,0
2587,Kavya,kavya971@rediffmail.com,"Adventure, Historical",Female,2,0,49,Jaipur,"Adventure, Historical",0,1,0,1,0
2588,Rahul,rahul814@yahoo.com,"Historical, Nature",Female,3,0,23,Kolkata,"Historical, Nature",0,1,1,0,0
2589,Amit,amit556@gmail.com,"Adventure, City",Other,1,1,54,Bangalore,"Adventure, City",0,0,0,1,1
2590,Ishaan,ishaan607@outlook.com,"Beach, Nature",Male,2,2,44,Chennai,"Beach, Nature",1,0,1,0,0
2591,Aditya,aditya156@rediffmail.com,"Adventure, Historical",Female,4,1,43,Chennai,"Adventure, Historical",0,1,0,1,0
2592,Lakshmi,lakshmi251@hotmail.com,"Adventure, City",Other,2,2,64,Hyderabad,"Adventure, City",0,0,0,1,1
2593,Ananya,ananya44@hotmail.com,Beach,Male,2,0,50,Mumbai,Beach,1,0,0,0,0
2594,Mohan,mohan348@gmail.com,"Beach, Adventure",Male,3,0,52,Mumbai,"Beach, Adventure",1,0,0,1,0
2595,Aditya,aditya280@rediffmail.com,"Beach, Historical, Nature",Male,3,0,59,Delhi,"Beach, Historical, Nature",1,1,1,0,0
2596,Ananya,ananya871@yahoo.com,"Beach, Nature",Male,4,0,36,Ahmedabad,"Beach, Nature",1,0,1,0,0
2597,Ayaan,ayaan729@outlook.com,"Beach, Historical, Nature",Male,4,1,52,Jaipur,"Beach, Historical, Nature",1,1,1,0,0
2598,Kiran,kiran306@gmail.com,"Beach, Nature",Other,1,0,53,Ahmedabad,"Beach, Nature",1,0,1,0,0
2599,Vihaan,vihaan399@outlook.com,"Nature, Historical",Male,4,1,20,Kolkata,"Nature, Historical",0,1,1,0,0
2600,Ananya,ananya584@rediffmail.com,Adventure,Female,3,0,38,Ahmedabad,Adventure,0,0,0,1,0
2601,Rahul,rahul795@hotmail.com,Beach,Female,5,0,37,Delhi,Beach,1,0,0,0,0
2602,Rekha,rekha446@yahoo.com,"Beach, Adventure",Female,3,0,27,Kolkata,"Beach, Adventure",1,0,0,1,0
2603,Ishaan,ishaan184@gmail.com,"Beach, Adventure",Male,1,1,20,Hyderabad,"Beach, Adventure",1,0,0,1,0
2604,Kavya,kavya627@outlook.com,"Beach, Historical, Nature",Male,4,0,64,Jaipur,"Beach, Historical, Nature",1,1,1,0,0
2605,Neha,neha940@rediffmail.com,"Beach, Nature",Male,2,1,27,Kolkata,"Beach, Nature",1,0,1,0,0
2606,Geeta,geeta625@rediffmail.com,"Nature, Adventure, Beach",Female,3,1,59,Bangalore,"Nature, Adventure, Beach",1,0,1,1,0
2607,Neha,neha716@yahoo.com,"Beach, Nature",Other,3,0,45,Kolkata,"Beach, Nature",1,0,1,0,0
2608,Deepa,deepa22@yahoo.com,"Beach, Historical",Male,1,2,65,Bangalore,"Beach, Historical",1,1,0,0,0
2609,Ritika,ritika345@yahoo.com,"Beach, Historical, Nature",Female,2,0,38,Mumbai,"Beach, Historical, Nature",1,1,1,0,0
2610,Rahul,rahul830@yahoo.com,"Beach, City",Male,4,2,53,Mumbai,"Beach, City",1,0,0,0,1
2611,Amit,amit567@yahoo.com,Nature,Other,2,1,57,Mumbai,Nature,0,0,1,0,0
2612,Vihaan,vihaan462@hotmail.com,"Beach, Historical, Nature",Other,2,2,45,Chennai,"Beach, Historical, Nature",1,1,1,0,0
2613,Kiara,kiara182@rediffmail.com,"Beach, Adventure",Other,3,0,31,Chennai,"Beach, Adventure",1,0,0,1,0
2614,Tanvi,tanvi418@gmail.com,City,Female,3,2,52,Kolkata,City,0,0,0,0,1
2615,Ananya,ananya408@hotmail.com,"Beach, Nature",Male,2,0,24,Mumbai,"Beach, Nature",1,0,1,0,0
2616,Arjun,arjun195@yahoo.com,City,Male,2,0,56,Bangalore,City,0,0,0,0,1
2617,Reyansh,reyansh690@rediffmail.com,City,Other,5,0,29,Jaipur,City,0,0,0,0,1
2618,Rekha,rekha746@gmail.com,City,Female,2,2,65,Mumbai,City,0,0,0,0,1
2619,Kiran,kiran976@hotmail.com,Adventure,Female,1,0,58,Pune,Adventure,0,0,0,1,0
2620,Geeta,geeta172@gmail.com,"Beach, Historical, Nature",Other,1,1,35,Chennai,"Beach, Historical, Nature",1,1,1,0,0
2621,Arjun,arjun637@yahoo.com,Historical,Other,2,0,47,Ahmedabad,Historical,0,1,0,0,0
2622,Ayaan,ayaan361@rediffmail.com,Nature,Other,4,1,52,Hyderabad,Nature,0,0,1,0,0
2623,Amit,amit677@hotmail.com,"Historical, Nature",Other,3,3,64,Bangalore,"Historical, Nature",0,1,1,0,0
2624,Kiran,kiran386@outlook.com,Beach,Other,2,0,40,Surat,Beach,1,0,0,0,0
2625,Reyansh,reyansh142@outlook.com,Historical,Male,2,1,54,Bangalore,Historical,0,1,0,0,0
2626,Rohit,rohit334@yahoo.com,"Nature, Adventure, Beach",Female,3,1,18,Jaipur,"Nature, Adventure, Beach",1,0,1,1,0
2627,Nisha,nisha908@yahoo.com,"City, Historical, Adventure",Other,1,0,48,Bangalore,"City, Historical, Adventure",0,1,0,1,1
2628,Usha,usha422@hotmail.com,"City, Historical, Adventure",Female,1,0,57,Kolkata,"City, Historical, Adventure",0,1,0,1,1
2629,Shruti,shruti23@rediffmail.com,"Beach, Historical",Other,4,0,61,Jaipur,"Beach, Historical",1,1,0,0,0
2630,Priya,priya573@outlook.com,"Nature, Adventure, Beach",Other,2,0,50,Chennai,"Nature, Adventure, Beach",1,0,1,1,0
2631,Rekha,rekha822@rediffmail.com,"Nature, Historical",Male,2,0,47,Ahmedabad,"Nature, Historical",0,1,1,0,0
2632,Rohit,rohit212@hotmail.com,"City, Historical, Adventure",Other,4,0,42,Hyderabad,"City, Historical, Adventure",0,1,0,1,1
2633,Geeta,geeta547@gmail.com,"Beach, City",Female,2,2,28,Ahmedabad,"Beach, City",1,0,0,0,1
2634,Kiran,kiran897@gmail.com,"Adventure, Historical",Male,1,2,20,Bangalore,"Adventure, Historical",0,1,0,1,0
2635,Kiran,kiran143@hotmail.com,"Nature, Adventure",Female,2,1,21,Mumbai,"Nature, Adventure",0,0,1,1,0
2636,Ritika,ritika184@outlook.com,"Beach, Historical, Nature",Female,2,0,32,Mumbai,"Beach, Historical, Nature",1,1,1,0,0
2637,Mohan,mohan899@rediffmail.com,"City, Historical, Adventure",Other,2,1,20,Pune,"City, Historical, Adventure",0,1,0,1,1
2638,Tanvi,tanvi313@rediffmail.com,"Beach, Historical, Nature",Male,3,1,34,Delhi,"Beach, Historical, Nature",1,1,1,0,0
2639,Mohan,mohan356@hotmail.com,"City, Nature",Male,1,3,41,Mumbai,"City, Nature",0,0,1,0,1
2640,Vihaan,vihaan1@yahoo.com,"Nature, Adventure",Other,2,0,61,Kolkata,"Nature, Adventure",0,0,1,1,0
2641,Reyansh,reyansh607@rediffmail.com,"City, Adventure",Other,2,2,40,Kolkata,"City, Adventure",0,0,0,1,1
2642,Meera,meera100@rediffmail.com,"Beach, City",Other,2,0,52,Hyderabad,"Beach, City",1,0,0,0,1
2643,Lakshmi,lakshmi460@rediffmail.com,"Nature, Adventure",Other,4,2,19,Delhi,"Nature, Adventure",0,0,1,1,0
2644,Anjali,anjali484@yahoo.com,Nature,Other,4,0,58,Chennai,Nature,0,0,1,0,0
2645,Lakshmi,lakshmi382@gmail.com,"Nature, Adventure",Male,2,0,34,Bangalore,"Nature, Adventure",0,0,1,1,0
2646,Rekha,rekha610@gmail.com,Beach,Female,2,0,45,Ahmedabad,Beach,1,0,0,0,0
2647,Kiran,kiran839@outlook.com,"Historical, Nature",Female,5,0,26,Delhi,"Historical, Nature",0,1,1,0,0
2648,Rahul,rahul933@outlook.com,"Nature, Adventure, Beach",Other,2,0,38,Kolkata,"Nature, Adventure, Beach",1,0,1,1,0
2649,Ananya,ananya189@yahoo.com,"Beach, Nature",Other,1,0,58,Hyderabad,"Beach, Nature",1,0,1,0,0
2650,Pooja,pooja813@gmail.com,"Beach, City",Female,2,2,37,Ahmedabad,"Beach, City",1,0,0,0,1
2651,Meera,meera702@outlook.com,"City, Adventure",Other,2,0,28,Delhi,"City, Adventure",0,0,0,1,1
2652,Kiara,kiara548@yahoo.com,"Adventure, Historical",Male,2,0,26,Hyderabad,"Adventure, Historical",0,1,0,1,0
2653,Rohit,rohit747@outlook.com,"Beach, Adventure",Male,2,2,56,Mumbai,"Beach, Adventure",1,0,0,1,0
2654,Aarav,aarav759@yahoo.com,Beach,Male,3,2,22,Jaipur,Beach,1,0,0,0,0
2655,Riya,riya946@yahoo.com,Historical,Female,2,1,52,Ahmedabad,Historical,0,1,0,0,0
2656,Riya,riya633@outlook.com,"Beach, Historical, Nature",Female,3,0,38,Bangalore,"Beach, Historical, Nature",1,1,1,0,0
2657,Ananya,ananya599@outlook.com,"Historical, Nature",Other,4,0,38,Delhi,"Historical, Nature",0,1,1,0,0
2658,Kiran,kiran119@rediffmail.com,"Adventure, Historical",Female,2,0,22,Mumbai,"Adventure, Historical",0,1,0,1,0
2659,Rohit,rohit939@gmail.com,City,Other,1,0,23,Hyderabad,City,0,0,0,0,1
2660,Pooja,pooja466@outlook.com,"Beach, City",Female,2,0,31,Pune,"Beach, City",1,0,0,0,1
2661,Ishaan,ishaan305@hotmail.com,City,Other,3,1,25,Jaipur,City,0,0,0,0,1
2662,Ayaan,ayaan365@rediffmail.com,"Nature, Historical",Other,4,1,30,Hyderabad,"Nature, Historical",0,1,1,0,0
2663,Meera,meera868@rediffmail.com,"Beach, Adventure",Male,2,0,52,Mumbai,"Beach, Adventure",1,0,0,1,0
2664,Kiara,kiara200@gmail.com,City,Male,2,2,22,Chennai,City,0,0,0,0,1
2665,Riya,riya846@rediffmail.com,"Nature, Adventure, Beach",Male,2,0,48,Ahmedabad,"Nature, Adventure, Beach",1,0,1,1,0
2666,Ritika,ritika911@yahoo.com,"Beach, Historical, Nature",Male,2,0,52,Jaipur,"Beach, Historical, Nature",1,1,1,0,0
2667,Diya,diya10@outlook.com,"Beach, Historical, Nature",Female,2,1,38,Bangalore,"Beach, Historical, Nature",1,1,1,0,0
2668,Ayaan,ayaan456@outlook.com,Nature,Female,4,0,38,Chennai,Nature,0,0,1,0,0
2669,Tanvi,tanvi832@rediffmail.com,"Nature, Adventure",Male,3,2,40,Kolkata,"Nature, Adventure",0,0,1,1,0
2670,Tanvi,tanvi193@outlook.com,"Beach, City",Female,2,1,46,Kolkata,"Beach, City",1,0,0,0,1
2671,Kavya,kavya607@hotmail.com,"City, Historical, Adventure",Male,5,0,43,Bangalore,"City, Historical, Adventure",0,1,0,1,1
2672,Geeta,geeta620@rediffmail.com,"Beach, City",Female,3,0,39,Mumbai,"Beach, City",1,0,0,0,1
2673,Usha,usha602@rediffmail.com,"City, Historical, Adventure",Male,3,0,52,Surat,"City, Historical, Adventure",0,1,0,1,1
2674,Mohan,mohan349@hotmail.com,"City, Nature",Other,1,2,61,Pune,"City, Nature",0,0,1,0,1
2675,Kavya,kavya98@gmail.com,"Beach, Historical, Nature",Other,2,1,36,Bangalore,"Beach, Historical, Nature",1,1,1,0,0
2676,Meera,meera400@outlook.com,City,Other,2,1,60,Surat,City,0,0,0,0,1
2677,Divya,divya597@outlook.com,Historical,Male,3,2,49,Pune,Historical,0,1,0,0,0
2678,Sunita,sunita357@rediffmail.com,"Adventure, City",Other,3,2,21,Bangalore,"Adventure, City",0,0,0,1,1
2679,Ishaan,ishaan74@hotmail.com,"City, Historical, Adventure",Female,3,1,60,Delhi,"City, Historical, Adventure",0,1,0,1,1
2680,Krishna,krishna307@rediffmail.com,"Beach, Historical, Nature",Male,3,2,46,Delhi,"Beach, Historical, Nature",1,1,1,0,0
2681,Divya,divya15@outlook.com,"City, Historical, Adventure",Other,2,3,39,Delhi,"City, Historical, Adventure",0,1,0,1,1
2682,Sneha,sneha814@yahoo.com,Nature,Female,4,0,43,Ahmedabad,Nature,0,0,1,0,0
2683,Reyansh,reyansh85@yahoo.com,"Beach, Adventure",Other,1,1,39,Kolkata,"Beach, Adventure",1,0,0,1,0
2684,Ritika,ritika117@gmail.com,"City, Historical, Adventure",Male,3,3,52,Delhi,"City, Historical, Adventure",0,1,0,1,1
2685,Sneha,sneha968@outlook.com,"City, Historical, Adventure",Male,4,0,57,Surat,"City, Historical, Adventure",0,1,0,1,1
2686,Kavya,kavya854@gmail.com,Historical,Female,3,0,27,Ahmedabad,Historical,0,1,0,0,0
2687,Lakshmi,lakshmi947@hotmail.com,"City, Historical, Adventure",Male,2,2,23,Pune,"City, Historical, Adventure",0,1,0,1,1
2688,Neha,neha552@gmail.com,Historical,Other,1,2,38,Chennai,Historical,0,1,0,0,0
2689,Krishna,krishna690@hotmail.com,"Beach, Historical",Other,3,0,33,Surat,"Beach, Historical",1,1,0,0,0
2690,Sai,sai11@yahoo.com,"Beach, Historical, Nature",Male,4,3,37,Bangalore,"Beach, Historical, Nature",1,1,1,0,0
2691,Rahul,rahul358@gmail.com,"City, Nature",Other,2,1,62,Ahmedabad,"City, Nature",0,0,1,0,1
2692,Rahul,rahul847@rediffmail.com,"Beach, Nature",Other,3,0,38,Mumbai,"Beach, Nature",1,0,1,0,0
2693,Krishna,krishna307@yahoo.com,Historical,Male,2,2,62,Ahmedabad,Historical,0,1,0,0,0
2694,Shruti,shruti211@hotmail.com,Beach,Male,5,0,62,Pune,Beach,1,0,0,0,0
2695,Neha,neha738@rediffmail.com,Beach,Other,2,0,57,Mumbai,Beach,1,0,0,0,0
2696,Aarav,aarav642@outlook.com,"Beach, Historical, Nature",Female,5,3,45,Delhi,"Beach, Historical, Nature",1,1,1,0,0
2697,Suresh,suresh649@outlook.com,Historical,Other,2,1,42,Kolkata,Historical,0,1,0,0,0
2698,Riya,riya599@hotmail.com,"City, Historical, Adventure",Male,2,2,25,Delhi,"City, Historical, Adventure",0,1,0,1,1
2699,Vikram,vikram298@yahoo.com,Beach,Other,3,1,50,Chennai,Beach,1,0,0,0,0
2700,Tanvi,tanvi498@yahoo.com,Historical,Male,4,1,44,Kolkata,Historical,0,1,0,0,0
2701,Deepa,deepa5@outlook.com,"City, Nature",Female,2,0,34,Hyderabad,"City, Nature",0,0,1,0,1
2702,Arjun,arjun837@hotmail.com,"City, Historical",Male,4,1,62,Jaipur,"City, Historical",0,1,0,0,1
2703,Rahul,rahul650@yahoo.com,"Adventure, Historical",Other,4,1,37,Kolkata,"Adventure, Historical",0,1,0,1,0
2704,Priya,priya44@outlook.com,"Beach, Nature",Male,2,1,18,Bangalore,"Beach, Nature",1,0,1,0,0
2705,Shruti,shruti220@gmail.com,"Beach, City",Male,2,0,26,Ahmedabad,"Beach, City",1,0,0,0,1
2706,Reyansh,reyansh270@outlook.com,"Beach, City",Female,1,1,32,Surat,"Beach, City",1,0,0,0,1
2707,Rahul,rahul814@yahoo.com,"Beach, Historical",Other,2,2,44,Jaipur,"Beach, Historical",1,1,0,0,0
2708,Kiran,kiran267@rediffmail.com,"Beach, Historical",Other,2,1,35,Surat,"Beach, Historical",1,1,0,0,0
2709,Neha,neha466@outlook.com,"Adventure, Historical",Female,1,1,39,Ahmedabad,"Adventure, Historical",0,1,0,1,0
2710,Divya,divya140@hotmail.com,"Beach, Nature",Female,2,0,59,Kolkata,"Beach, Nature",1,0,1,0,0
2711,Mohan,mohan983@rediffmail.com,"Beach, Nature",Male,4,2,35,Mumbai,"Beach, Nature",1,0,1,0,0
2712,Diya,diya313@yahoo.com,"City, Historical, Adventure",Other,4,2,50,Jaipur,"City, Historical, Adventure",0,1,0,1,1
2713,Aadhya,aadhya562@hotmail.com,Historical,Other,3,3,32,Chennai,Historical,0,1,0,0,0
2714,Aadhya,aadhya415@outlook.com,Adventure,Female,1,0,32,Mumbai,Adventure,0,0,0,1,0
2715,Rekha,rekha13@rediffmail.com,"Beach, Nature",Female,2,2,44,Mumbai,"Beach, Nature",1,0,1,0,0
2716,Ananya,ananya559@yahoo.com,Beach,Male,2,2,20,Hyderabad,Beach,1,0,0,0,0
2717,Arjun,arjun671@yahoo.com,"City, Nature",Male,3,1,40,Jaipur,"City, Nature",0,0,1,0,1
2718,Divya,divya138@gmail.com,"Beach, City",Female,1,0,62,Jaipur,"Beach, City",1,0,0,0,1
2719,Geeta,geeta859@outlook.com,"Beach, Nature",Other,2,0,33,Ahmedabad,"Beach, Nature",1,0,1,0,0
2720,Arjun,arjun61@rediffmail.com,Adventure,Other,3,0,58,Bangalore,Adventure,0,0,0,1,0
2721,Ishaan,ishaan769@outlook.com,"Beach, Historical, Nature",Female,1,1,53,Jaipur,"Beach, Historical, Nature",1,1,1,0,0
2722,Ishaan,ishaan763@hotmail.com,"Beach, City",Other,2,0,41,Delhi,"Beach, City",1,0,0,0,1
2723,Shruti,shruti863@outlook.com,"Adventure, City",Male,2,0,62,Chennai,"Adventure, City",0,0,0,1,1
2724,Ananya,ananya430@gmail.com,"Beach, Nature",Other,4,0,30,Hyderabad,"Beach, Nature",1,0,1,0,0
2725,Vikram,vikram539@hotmail.com,"Beach, Nature",Other,2,0,18,Bangalore,"Beach, Nature",1,0,1,0,0
2726,Ritika,ritika409@hotmail.com,"Historical, Nature",Male,5,0,20,Mumbai,"Historical, Nature",0,1,1,0,0
2727,Rekha,rekha344@yahoo.com,Beach,Female,3,0,41,Chennai,Beach,1,0,0,0,0
2728,Deepa,deepa982@rediffmail.com,"City, Historical, Adventure",Male,1,0,56,Pune,"City, Historical, Adventure",0,1,0,1,1
2729,Vivaan,vivaan62@gmail.com,Adventure,Male,1,3,54,Mumbai,Adventure,0,0,0,1,0
2730,Vivaan,vivaan818@hotmail.com,"Beach, Adventure",Other,2,0,20,Jaipur,"Beach, Adventure",1,0,0,1,0
2731,Kavya,kavya165@gmail.com,"Beach, Nature",Male,3,0,20,Ahmedabad,"Beach, Nature",1,0,1,0,0
2732,Tanvi,tanvi906@gmail.com,Beach,Female,1,0,34,Pune,Beach,1,0,0,0,0
2733,Sneha,sneha762@hotmail.com,"Beach, Nature",Female,1,0,22,Jaipur,"Beach, Nature",1,0,1,0,0
2734,Aarav,aarav466@outlook.com,"Nature, Historical",Male,2,3,27,Chennai,"Nature, Historical",0,1,1,0,0
2735,Nisha,nisha301@yahoo.com,"Historical, Nature",Female,1,1,18,Bangalore,"Historical, Nature",0,1,1,0,0
2736,Rohit,rohit186@yahoo.com,"City, Historical, Adventure",Female,4,0,64,Mumbai,"City, Historical, Adventure",0,1,0,1,1
2737,Geeta,geeta279@outlook.com,Historical,Female,4,0,19,Chennai,Historical,0,1,0,0,0
2738,Ananya,ananya431@outlook.com,"Adventure, Historical",Male,2,0,44,Delhi,"Adventure, Historical",0,1,0,1,0
2739,Divya,divya618@outlook.com,"Beach, Historical, Nature",Male,5,1,35,Pune,"Beach, Historical, Nature",1,1,1,0,0
2740,Amit,amit599@rediffmail.com,"City, Adventure",Male,2,0,24,Surat,"City, Adventure",0,0,0,1,1
2741,Ayaan,ayaan328@rediffmail.com,"City, Historical, Adventure",Male,2,0,43,Hyderabad,"City, Historical, Adventure",0,1,0,1,1
2742,Rekha,rekha822@rediffmail.com,Nature,Female,2,0,50,Kolkata,Nature,0,0,1,0,0
2743,Krishna,krishna220@hotmail.com,Beach,Male,5,1,35,Hyderabad,Beach,1,0,0,0,0
2744,Divya,divya266@gmail.com,City,Other,2,2,53,Delhi,City,0,0,0,0,1
2745,Sunita,sunita113@rediffmail.com,"Nature, Adventure",Female,2,2,26,Delhi,"Nature, Adventure",0,0,1,1,0
2746,Lakshmi,lakshmi308@gmail.com,"Nature, Adventure",Female,3,1,51,Chennai,"Nature, Adventure",0,0,1,1,0
2747,Kiran,kiran623@yahoo.com,"Beach, Adventure",Female,5,0,35,Ahmedabad,"Beach, Adventure",1,0,0,1,0
2748,Lakshmi,lakshmi277@hotmail.com,"Nature, Adventure",Other,2,0,51,Kolkata,"Nature, Adventure",0,0,1,1,0
2749,Rahul,rahul281@hotmail.com,"Historical, Nature",Male,3,0,22,Bangalore,"Historical, Nature",0,1,1,0,0
2750,Diya,diya762@hotmail.com,"Adventure, City",Male,2,0,31,Chennai,"Adventure, City",0,0,0,1,1
2751,Aarav,aarav63@gmail.com,"Beach, Historical",Other,3,0,36,Kolkata,"Beach, Historical",1,1,0,0,0
2752,Divya,divya246@rediffmail.com,"Beach, Nature",Other,1,1,54,Surat,"Beach, Nature",1,0,1,0,0
2753,Sai,sai125@outlook.com,"Beach, Nature",Female,4,0,23,Kolkata,"Beach, Nature",1,0,1,0,0
2754,Sunita,sunita772@yahoo.com,"City, Nature",Male,3,0,47,Surat,"City, Nature",0,0,1,0,1
2755,Ritika,ritika968@rediffmail.com,Historical,Other,3,0,18,Ahmedabad,Historical,0,1,0,0,0
2756,Rohit,rohit308@rediffmail.com,"City, Historical",Other,2,3,42,Chennai,"City, Historical",0,1,0,0,1
2757,Aditya,aditya52@gmail.com,"Nature, Adventure, Beach",Other,3,1,33,Kolkata,"Nature, Adventure, Beach",1,0,1,1,0
2758,Ayaan,ayaan912@gmail.com,"City, Nature",Female,1,0,23,Pune,"City, Nature",0,0,1,0,1
2759,Sai,sai679@rediffmail.com,"Beach, Historical, Nature",Other,2,0,50,Bangalore,"Beach, Historical, Nature",1,1,1,0,0
2760,Sunita,sunita986@outlook.com,"Adventure, City",Male,2,0,60,Mumbai,"Adventure, City",0,0,0,1,1
2761,Arjun,arjun372@yahoo.com,"Adventure, Historical",Male,2,0,46,Pune,"Adventure, Historical",0,1,0,1,0
2762,Vikram,vikram967@rediffmail.com,"Nature, Adventure, Beach",Other,2,1,63,Hyderabad,"Nature, Adventure, Beach",1,0,1,1,0
2763,Kiran,kiran443@hotmail.com,"Adventure, City",Other,1,0,26,Hyderabad,"Adventure, City",0,0,0,1,1
2764,Vivaan,vivaan830@yahoo.com,"Beach, Historical, Nature",Male,3,0,26,Chennai,"Beach, Historical, Nature",1,1,1,0,0
2765,Neha,neha458@rediffmail.com,"Nature, Historical",Male,1,2,27,Mumbai,"Nature, Historical",0,1,1,0,0
2766,Anjali,anjali355@rediffmail.com,"City, Historical",Female,2,0,26,Jaipur,"City, Historical",0,1,0,0,1
2767,Kiara,kiara809@outlook.com,"Beach, Adventure",Female,2,3,32,Pune,"Beach, Adventure",1,0,0,1,0
2768,Divya,divya18@gmail.com,"Nature, Historical",Male,2,0,53,Bangalore,"Nature, Historical",0,1,1,0,0
2769,Mohan,mohan719@outlook.com,"Beach, Nature",Other,1,0,22,Bangalore,"Beach, Nature",1,0,1,0,0
2770,Rahul,rahul355@rediffmail.com,"Beach, Historical",Female,3,2,25,Mumbai,"Beach, Historical",1,1,0,0,0
2771,Vihaan,vihaan476@rediffmail.com,"Historical, Nature",Male,1,0,19,Mumbai,"Historical, Nature",0,1,1,0,0
2772,Sai,sai131@rediffmail.com,"City, Nature",Other,1,0,23,Bangalore,"City, Nature",0,0,1,0,1
2773,Diya,diya926@yahoo.com,"City, Historical, Adventure",Other,5,1,22,Pune,"City, Historical, Adventure",0,1,0,1,1
2774,Sai,sai129@gmail.com,"Beach, City",Other,3,0,65,Kolkata,"Beach, City",1,0,0,0,1
2775,Lakshmi,lakshmi770@outlook.com,"City, Nature",Other,5,1,37,Kolkata,"City, Nature",0,0,1,0,1
2776,Aditya,aditya994@outlook.com,"Historical, Nature",Male,5,0,32,Hyderabad,"Historical, Nature",0,1,1,0,0
2777,Vikram,vikram846@gmail.com,"Beach, Nature",Other,1,0,41,Jaipur,"Beach, Nature",1,0,1,0,0
2778,Aadhya,aadhya988@outlook.com,Adventure,Male,2,0,44,Delhi,Adventure,0,0,0,1,0
2779,Shruti,shruti420@rediffmail.com,"Historical, Nature",Male,5,1,65,Bangalore,"Historical, Nature",0,1,1,0,0
2780,Divya,divya685@yahoo.com,Beach,Female,5,1,44,Kolkata,Beach,1,0,0,0,0
2781,Amit,amit955@hotmail.com,"Adventure, City",Male,2,0,57,Jaipur,"Adventure, City",0,0,0,1,1
2782,Deepa,deepa873@rediffmail.com,Historical,Other,4,0,57,Hyderabad,Historical,0,1,0,0,0
2783,Tanvi,tanvi479@gmail.com,"Historical, Nature",Other,1,0,18,Mumbai,"Historical, Nature",0,1,1,0,0
2784,Deepa,deepa999@gmail.com,City,Female,3,0,37,Bangalore,City,0,0,0,0,1
2785,Krishna,krishna241@outlook.com,"Beach, City",Male,2,0,44,Kolkata,"Beach, City",1,0,0,0,1
2786,Mohan,mohan157@gmail.com,"Adventure, City",Male,2,1,34,Surat,"Adventure, City",0,0,0,1,1
2787,Amit,amit168@outlook.com,"Beach, City",Other,4,0,43,Hyderabad,"Beach, City",1,0,0,0,1
2788,Meera,meera659@gmail.com,"Beach, Nature",Male,3,1,30,Ahmedabad,"Beach, Nature",1,0,1,0,0
2789,Mohan,mohan83@rediffmail.com,"Adventure, City",Female,2,2,45,Chennai,"Adventure, City",0,0,0,1,1
2790,Nisha,nisha231@outlook.com,"City, Historical, Adventure",Female,3,2,29,Delhi,"City, Historical, Adventure",0,1,0,1,1
2791,Anjali,anjali530@outlook.com,"City, Historical, Adventure",Female,3,3,43,Hyderabad,"City, Historical, Adventure",0,1,0,1,1
2792,Vivaan,vivaan356@gmail.com,"Beach, Nature",Male,2,0,41,Hyderabad,"Beach, Nature",1,0,1,0,0
2793,Diya,diya673@outlook.com,"City, Historical",Other,2,2,25,Kolkata,"City, Historical",0,1,0,0,1
2794,Vihaan,vihaan319@rediffmail.com,City,Female,1,2,49,Bangalore,City,0,0,0,0,1
2795,Reyansh,reyansh731@rediffmail.com,Beach,Male,5,0,21,Chennai,Beach,1,0,0,0,0
2796,Reyansh,reyansh609@hotmail.com,"Beach, Historical, Nature",Other,3,2,21,Delhi,"Beach, Historical, Nature",1,1,1,0,0
2797,Sai,sai827@outlook.com,"Nature, Adventure",Male,2,2,48,Delhi,"Nature, Adventure",0,0,1,1,0
2798,Riya,riya110@hotmail.com,"Beach, Nature",Other,4,1,53,Kolkata,"Beach, Nature",1,0,1,0,0
2799,Aditya,aditya800@gmail.com,Beach,Male,4,2,61,Surat,Beach,1,0,0,0,0
2800,Vihaan,vihaan740@rediffmail.com,"Beach, City",Male,3,0,58,Jaipur,"Beach, City",1,0,0,0,1
2801,Anjali,anjali337@outlook.com,"Beach, Historical",Other,1,0,46,Pune,"Beach, Historical",1,1,0,0,0
2802,Kiara,kiara346@rediffmail.com,"Historical, Nature",Other,1,0,28,Ahmedabad,"Historical, Nature",0,1,1,0,0
2803,Anjali,anjali693@hotmail.com,City,Other,1,0,47,Surat,City,0,0,0,0,1
2804,Vihaan,vihaan733@yahoo.com,Historical,Male,5,0,19,Ahmedabad,Historical,0,1,0,0,0
2805,Neha,neha114@rediffmail.com,Adventure,Male,1,0,56,Surat,Adventure,0,0,0,1,0
2806,Vikram,vikram258@hotmail.com,Adventure,Male,3,0,32,Mumbai,Adventure,0,0,0,1,0
2807,Pooja,pooja900@hotmail.com,"Beach, Historical, Nature",Male,4,0,36,Ahmedabad,"Beach, Historical, Nature",1,1,1,0,0
2808,Aarav,aarav690@rediffmail.com,"City, Adventure",Female,2,3,20,Mumbai,"City, Adventure",0,0,0,1,1
2809,Kavya,kavya667@outlook.com,"Nature, Historical",Male,4,0,43,Bangalore,"Nature, Historical",0,1,1,0,0
2810,Kavya,kavya994@gmail.com,Beach,Other,1,3,56,Kolkata,Beach,1,0,0,0,0
2811,Mohan,mohan361@hotmail.com,"Beach, City",Female,3,0,46,Pune,"Beach, City",1,0,0,0,1
2812,Arjun,arjun448@rediffmail.com,"Beach, Nature",Male,3,3,41,Bangalore,"Beach, Nature",1,0,1,0,0
2813,Sai,sai330@gmail.com,"Beach, Nature",Female,4,2,42,Delhi,"Beach, Nature",1,0,1,0,0
2814,Aarav,aarav492@gmail.com,"Beach, Adventure",Male,2,3,59,Ahmedabad,"Beach, Adventure",1,0,0,1,0
2815,Priya,priya915@yahoo.com,"Nature, Historical",Male,3,1,57,Ahmedabad,"Nature, Historical",0,1,1,0,0
2816,Kiara,kiara592@yahoo.com,"Nature, Historical",Other,4,1,32,Mumbai,"Nature, Historical",0,1,1,0,0
2817,Aarav,aarav309@gmail.com,Nature,Other,4,0,18,Pune,Nature,0,0,1,0,0
2818,Kiara,kiara48@yahoo.com,"Beach, Nature",Female,5,0,64,Pune,"Beach, Nature",1,0,1,0,0
2819,Mohan,mohan398@outlook.com,Beach,Other,4,0,57,Pune,Beach,1,0,0,0,0
2820,Kiara,kiara318@rediffmail.com,"City, Historical",Male,1,0,25,Hyderabad,"City, Historical",0,1,0,0,1
2821,Shruti,shruti431@outlook.com,"Adventure, City",Female,3,2,45,Delhi,"Adventure, City",0,0,0,1,1
2822,Rahul,rahul484@yahoo.com,"Beach, Historical, Nature",Female,2,1,25,Bangalore,"Beach, Historical, Nature",1,1,1,0,0
2823,Ritika,ritika789@gmail.com,Historical,Female,2,0,32,Surat,Historical,0,1,0,0,0
2824,Suresh,suresh784@rediffmail.com,Adventure,Other,1,0,27,Kolkata,Adventure,0,0,0,1,0
2825,Aditya,aditya781@rediffmail.com,Historical,Male,2,0,27,Hyderabad,Historical,0,1,0,0,0
2826,Meera,meera446@outlook.com,"Beach, City",Female,4,0,20,Pune,"Beach, City",1,0,0,0,1
2827,Arjun,arjun453@gmail.com,"Beach, Historical",Female,2,2,47,Delhi,"Beach, Historical",1,1,0,0,0
2828,Suresh,suresh394@outlook.com,Adventure,Other,5,1,48,Mumbai,Adventure,0,0,0,1,0
2829,Aadhya,aadhya101@hotmail.com,"Adventure, Historical",Female,5,1,29,Jaipur,"Adventure, Historical",0,1,0,1,0
2830,Meera,meera842@gmail.com,"Nature, Historical",Other,4,1,60,Bangalore,"Nature, Historical",0,1,1,0,0
2831,Vikram,vikram52@yahoo.com,"City, Historical, Adventure",Male,2,1,43,Ahmedabad,"City, Historical, Adventure",0,1,0,1,1
2832,Kiran,kiran152@hotmail.com,"Historical, Nature",Other,3,0,20,Jaipur,"Historical, Nature",0,1,1,0,0
2833,Deepa,deepa439@outlook.com,"Adventure, City",Male,2,2,61,Chennai,"Adventure, City",0,0,0,1,1
2834,Ishaan,ishaan490@gmail.com,"Beach, Adventure",Female,2,1,43,Jaipur,"Beach, Adventure",1,0,0,1,0
2835,Deepa,deepa709@yahoo.com,"City, Adventure",Other,1,2,45,Ahmedabad,"City, Adventure",0,0,0,1,1
2836,Tanvi,tanvi622@gmail.com,Nature,Other,3,2,51,Ahmedabad,Nature,0,0,1,0,0
2837,Kiran,kiran606@yahoo.com,"Historical, Nature",Male,3,2,33,Hyderabad,"Historical, Nature",0,1,1,0,0
2838,Aarav,aarav356@gmail.com,City,Other,4,0,54,Kolkata,City,0,0,0,0,1
2839,Sai,sai980@outlook.com,"Nature, Adventure, Beach",Female,2,0,18,Pune,"Nature, Adventure, Beach",1,0,1,1,0
2840,Diya,diya699@outlook.com,Nature,Female,1,0,56,Jaipur,Nature,0,0,1,0,0
2841,Shruti,shruti728@outlook.com,"City, Adventure",Female,2,2,55,Mumbai,"City, Adventure",0,0,0,1,1
2842,Riya,riya852@rediffmail.com,"Beach, City",Male,4,0,43,Bangalore,"Beach, City",1,0,0,0,1
2843,Divya,divya747@yahoo.com,"Historical, Nature",Male,3,0,59,Bangalore,"Historical, Nature",0,1,1,0,0
2844,Tanvi,tanvi106@gmail.com,"City, Historical",Female,4,1,49,Kolkata,"City, Historical",0,1,0,0,1
2845,Rekha,rekha124@hotmail.com,"Beach, Nature",Female,2,1,28,Surat,"Beach, Nature",1,0,1,0,0
2846,Ritika,ritika381@gmail.com,"Nature, Historical",Female,4,0,53,Chennai,"Nature, Historical",0,1,1,0,0
2847,Aditya,aditya384@yahoo.com,"Beach, Nature",Female,5,0,55,Bangalore,"Beach, Nature",1,0,1,0,0
2848,Ananya,ananya31@yahoo.com,Nature,Other,4,0,35,Bangalore,Nature,0,0,1,0,0
2849,Kiran,kiran276@hotmail.com,"City, Historical",Male,2,0,22,Jaipur,"City, Historical",0,1,0,0,1
2850,Divya,divya905@gmail.com,"Beach, Adventure",Male,2,0,20,Pune,"Beach, Adventure",1,0,0,1,0
2851,Aarav,aarav964@gmail.com,"Nature, Historical",Other,2,0,47,Bangalore,"Nature, Historical",0,1,1,0,0
2852,Priya,priya939@outlook.com,Beach,Other,2,0,46,Bangalore,Beach,1,0,0,0,0
2853,Sunita,sunita286@hotmail.com,Nature,Male,5,0,32,Surat,Nature,0,0,1,0,0
2854,Aditya,aditya760@hotmail.com,"Adventure, Historical",Female,1,2,57,Surat,"Adventure, Historical",0,1,0,1,0
2855,Mohan,mohan333@gmail.com,"Nature, Adventure, Beach",Male,3,0,47,Bangalore,"Nature, Adventure, Beach",1,0,1,1,0
2856,Shruti,shruti185@rediffmail.com,"City, Historical",Male,4,0,42,Chennai,"City, Historical",0,1,0,0,1
2857,Amit,amit668@gmail.com,"Nature, Historical",Other,4,0,45,Kolkata,"Nature, Historical",0,1,1,0,0
2858,Pooja,pooja405@outlook.com,"Historical, Nature",Female,4,1,37,Pune,"Historical, Nature",0,1,1,0,0
2859,Aadhya,aadhya603@hotmail.com,"Beach, City",Other,3,1,19,Jaipur,"Beach, City",1,0,0,0,1
2860,Aarav,aarav518@rediffmail.com,Nature,Female,4,0,49,Pune,Nature,0,0,1,0,0
2861,Deepa,deepa867@gmail.com,"Historical, Nature",Male,3,1,24,Surat,"Historical, Nature",0,1,1,0,0
2862,Kavya,kavya610@gmail.com,"Historical, Nature",Male,4,2,37,Chennai,"Historical, Nature",0,1,1,0,0
2863,Usha,usha34@outlook.com,"Beach, City",Other,3,0,32,Bangalore,"Beach, City",1,0,0,0,1
2864,Kavya,kavya357@yahoo.com,"City, Nature",Male,2,3,33,Pune,"City, Nature",0,0,1,0,1
2865,Arjun,arjun42@yahoo.com,"City, Adventure",Other,4,0,21,Delhi,"City, Adventure",0,0,0,1,1
2866,Usha,usha906@yahoo.com,"Adventure, Historical",Female,2,1,20,Chennai,"Adventure, Historical",0,1,0,1,0
2867,Kiran,kiran595@rediffmail.com,"Beach, Historical, Nature",Other,2,2,57,Chennai,"Beach, Historical, Nature",1,1,1,0,0
2868,Riya,riya198@yahoo.com,"Nature, Historical",Male,2,0,45,Bangalore,"Nature, Historical",0,1,1,0,0
2869,Aarav,aarav832@rediffmail.com,"Beach, Historical",Female,3,1,59,Chennai,"Beach, Historical",1,1,0,0,0
2870,Ayaan,ayaan130@outlook.com,"Beach, City",Male,2,1,46,Pune,"Beach, City",1,0,0,0,1
2871,Rekha,rekha403@outlook.com,"Nature, Adventure, Beach",Other,3,3,25,Bangalore,"Nature, Adventure, Beach",1,0,1,1,0
2872,Riya,riya991@hotmail.com,Beach,Male,1,0,55,Pune,Beach,1,0,0,0,0
2873,Sneha,sneha164@gmail.com,"Beach, Historical",Female,2,1,35,Delhi,"Beach, Historical",1,1,0,0,0
2874,Sunita,sunita209@hotmail.com,"Adventure, Historical",Other,5,0,26,Bangalore,"Adventure, Historical",0,1,0,1,0
2875,Kiran,kiran458@gmail.com,"City, Nature",Male,2,0,43,Bangalore,"City, Nature",0,0,1,0,1
2876,Lakshmi,lakshmi876@outlook.com,Adventure,Female,2,2,58,Kolkata,Adventure,0,0,0,1,0
2877,Priya,priya393@gmail.com,"Adventure, City",Other,1,1,25,Jaipur,"Adventure, City",0,0,0,1,1
2878,Kiara,kiara28@gmail.com,"City, Historical, Adventure",Other,2,1,52,Hyderabad,"City, Historical, Adventure",0,1,0,1,1
2879,Rahul,rahul896@yahoo.com,"Beach, City",Male,2,1,22,Pune,"Beach, City",1,0,0,0,1
2880,Kiara,kiara881@outlook.com,"City, Adventure",Male,2,0,64,Bangalore,"City, Adventure",0,0,0,1,1
2881,Reyansh,reyansh596@gmail.com,"Nature, Historical",Male,3,0,46,Jaipur,"Nature, Historical",0,1,1,0,0
2882,Geeta,geeta473@yahoo.com,"Beach, City",Female,3,0,62,Hyderabad,"Beach, City",1,0,0,0,1
2883,Krishna,krishna158@gmail.com,City,Other,2,2,58,Pune,City,0,0,0,0,1
2884,Ritika,ritika811@gmail.com,"City, Historical, Adventure",Male,3,3,37,Ahmedabad,"City, Historical, Adventure",0,1,0,1,1
2885,Tanvi,tanvi505@gmail.com,Nature,Female,3,2,30,Chennai,Nature,0,0,1,0,0
2886,Riya,riya776@yahoo.com,"City, Historical, Adventure",Other,5,0,24,Pune,"City, Historical, Adventure",0,1,0,1,1
2887,Usha,usha966@gmail.com,"Historical, Nature",Female,2,1,36,Kolkata,"Historical, Nature",0,1,1,0,0
2888,Sneha,sneha59@rediffmail.com,"Adventure, Historical",Other,3,2,65,Ahmedabad,"Adventure, Historical",0,1,0,1,0
2889,Anjali,anjali197@rediffmail.com,"Historical, Nature",Female,3,1,48,Bangalore,"Historical, Nature",0,1,1,0,0
2890,Kiran,kiran808@yahoo.com,"Beach, Historical",Other,3,0,26,Surat,"Beach, Historical",1,1,0,0,0
2891,Kavya,kavya372@outlook.com,"Beach, Adventure",Other,4,1,23,Surat,"Beach, Adventure",1,0,0,1,0
2892,Kiran,kiran173@rediffmail.com,"Historical, Nature",Male,2,0,24,Ahmedabad,"Historical, Nature",0,1,1,0,0
2893,Ananya,ananya362@hotmail.com,"Historical, Nature",Female,2,1,30,Surat,"Historical, Nature",0,1,1,0,0
2894,Priya,priya902@yahoo.com,"Beach, Historical",Male,4,0,28,Chennai,"Beach, Historical",1,1,0,0,0
2895,Sneha,sneha90@outlook.com,"City, Historical, Adventure",Other,2,0,18,Surat,"City, Historical, Adventure",0,1,0,1,1
2896,Deepa,deepa404@yahoo.com,Historical,Male,1,0,34,Pune,Historical,0,1,0,0,0
2897,Vihaan,vihaan986@rediffmail.com,"City, Adventure",Female,2,0,36,Mumbai,"City, Adventure",0,0,0,1,1
2898,Vivaan,vivaan735@yahoo.com,"Nature, Adventure, Beach",Male,1,1,54,Chennai,"Nature, Adventure, Beach",1,0,1,1,0
2899,Riya,riya380@yahoo.com,"Beach, Historical, Nature",Other,2,0,47,Delhi,"Beach, Historical, Nature",1,1,1,0,0
2900,Sai,sai973@rediffmail.com,"City, Nature",Female,4,1,44,Mumbai,"City, Nature",0,0,1,0,1
2901,Anjali,anjali148@hotmail.com,Adventure,Other,1,0,43,Delhi,Adventure,0,0,0,1,0
2902,Deepa,deepa851@gmail.com,Adventure,Female,4,0,31,Ahmedabad,Adventure,0,0,0,1,0
2903,Amit,amit11@gmail.com,"City, Historical, Adventure",Female,2,0,35,Kolkata,"City, Historical, Adventure",0,1,0,1,1
2904,Sai,sai456@hotmail.com,"Adventure, City",Male,3,0,30,Kolkata,"Adventure, City",0,0,0,1,1
2905,Ayaan,ayaan13@rediffmail.com,"Beach, City",Female,3,3,37,Bangalore,"Beach, City",1,0,0,0,1
2906,Diya,diya733@gmail.com,Beach,Female,2,2,25,Chennai,Beach,1,0,0,0,0
2907,Divya,divya183@hotmail.com,Adventure,Other,4,1,48,Kolkata,Adventure,0,0,0,1,0
2908,Aditya,aditya433@yahoo.com,"Beach, City",Other,2,1,20,Hyderabad,"Beach, City",1,0,0,0,1
2909,Lakshmi,lakshmi829@gmail.com,Adventure,Female,4,0,53,Jaipur,Adventure,0,0,0,1,0
2910,Vivaan,vivaan89@hotmail.com,"Nature, Adventure, Beach",Other,3,0,62,Bangalore,"Nature, Adventure, Beach",1,0,1,1,0
2911,Aditya,aditya904@yahoo.com,"Nature, Historical",Other,2,0,35,Delhi,"Nature, Historical",0,1,1,0,0
2912,Shruti,shruti173@yahoo.com,"Beach, City",Female,2,0,30,Ahmedabad,"Beach, City",1,0,0,0,1
2913,Vikram,vikram587@outlook.com,Historical,Other,4,0,40,Hyderabad,Historical,0,1,0,0,0
2914,Ritika,ritika379@yahoo.com,Beach,Male,2,1,35,Jaipur,Beach,1,0,0,0,0
2915,Ananya,ananya203@rediffmail.com,Nature,Other,3,0,18,Mumbai,Nature,0,0,1,0,0
2916,Rekha,rekha348@yahoo.com,City,Female,3,0,65,Hyderabad,City,0,0,0,0,1
2917,Ananya,ananya94@hotmail.com,"Beach, City",Male,2,1,19,Mumbai,"Beach, City",1,0,0,0,1
2918,Geeta,geeta800@yahoo.com,Adventure,Other,1,1,21,Hyderabad,Adventure,0,0,0,1,0
2919,Shruti,shruti867@hotmail.com,"Beach, Nature",Female,2,1,51,Hyderabad,"Beach, Nature",1,0,1,0,0
2920,Sneha,sneha218@hotmail.com,"Nature, Adventure",Female,3,0,46,Pune,"Nature, Adventure",0,0,1,1,0
2921,Deepa,deepa263@hotmail.com,Historical,Male,3,0,32,Kolkata,Historical,0,1,0,0,0
2922,Mohan,mohan947@gmail.com,"City, Adventure",Other,2,1,51,Pune,"City, Adventure",0,0,0,1,1
2923,Anjali,anjali765@rediffmail.com,"City, Historical, Adventure",Male,5,0,48,Bangalore,"City, Historical, Adventure",0,1,0,1,1
2924,Sunita,sunita864@gmail.com,"Beach, Historical",Other,2,0,47,Ahmedabad,"Beach, Historical",1,1,0,0,0
2925,Vikram,vikram21@outlook.com,"City, Nature",Female,2,2,20,Pune,"City, Nature",0,0,1,0,1
2926,Aditya,aditya234@yahoo.com,Historical,Female,5,1,33,Chennai,Historical,0,1,0,0,0
2927,Vivaan,vivaan406@hotmail.com,Historical,Other,2,2,48,Delhi,Historical,0,1,0,0,0
2928,Mohan,mohan956@yahoo.com,"Historical, Nature",Other,2,0,48,Surat,"Historical, Nature",0,1,1,0,0
2929,Sneha,sneha795@gmail.com,"Nature, Adventure, Beach",Male,4,0,59,Ahmedabad,"Nature, Adventure, Beach",1,0,1,1,0
2930,Lakshmi,lakshmi337@yahoo.com,City,Female,3,2,20,Kolkata,City,0,0,0,0,1
2931,Tanvi,tanvi770@yahoo.com,"City, Historical, Adventure",Female,2,1,28,Ahmedabad,"City, Historical, Adventure",0,1,0,1,1
2932,Usha,usha890@rediffmail.com,Adventure,Female,1,2,58,Pune,Adventure,0,0,0,1,0
2933,Vivaan,vivaan865@outlook.com,"City, Historical, Adventure",Male,1,0,47,Mumbai,"City, Historical, Adventure",0,1,0,1,1
2934,Priya,priya664@rediffmail.com,Nature,Other,4,1,43,Jaipur,Nature,0,0,1,0,0
2935,Vivaan,vivaan417@hotmail.com,"Beach, Adventure",Male,4,1,43,Bangalore,"Beach, Adventure",1,0,0,1,0
2936,Sunita,sunita954@gmail.com,Adventure,Male,5,1,29,Ahmedabad,Adventure,0,0,0,1,0
2937,Usha,usha83@rediffmail.com,"Beach, Historical, Nature",Male,2,1,44,Pune,"Beach, Historical, Nature",1,1,1,0,0
2938,Aadhya,aadhya792@yahoo.com,Historical,Male,2,2,18,Ahmedabad,Historical,0,1,0,0,0
2939,Lakshmi,lakshmi843@outlook.com,"Nature, Adventure, Beach",Female,2,1,28,Mumbai,"Nature, Adventure, Beach",1,0,1,1,0
2940,Aadhya,aadhya736@rediffmail.com,"Beach, Historical, Nature",Other,5,0,23,Chennai,"Beach, Historical, Nature",1,1,1,0,0
2941,Rahul,rahul310@rediffmail.com,"Beach, Historical",Male,2,1,57,Kolkata,"Beach, Historical",1,1,0,0,0
2942,Pooja,pooja28@hotmail.com,"Nature, Adventure, Beach",Male,1,0,52,Jaipur,"Nature, Adventure, Beach",1,0,1,1,0
2943,Diya,diya3@outlook.com,"Beach, City",Other,3,3,35,Chennai,"Beach, City",1,0,0,0,1
2944,Mohan,mohan935@rediffmail.com,"Beach, City",Other,4,2,62,Bangalore,"Beach, City",1,0,0,0,1
2945,Arjun,arjun478@rediffmail.com,"Beach, Nature",Female,2,2,18,Kolkata,"Beach, Nature",1,0,1,0,0
2946,Vikram,vikram977@outlook.com,"City, Nature",Other,1,2,51,Surat,"City, Nature",0,0,1,0,1
2947,Vihaan,vihaan106@hotmail.com,"Beach, City",Other,5,1,59,Ahmedabad,"Beach, City",1,0,0,0,1
2948,Sai,sai337@gmail.com,"Beach, Adventure",Female,4,0,21,Surat,"Beach, Adventure",1,0,0,1,0
2949,Ishaan,ishaan423@outlook.com,"Nature, Adventure",Female,4,0,50,Ahmedabad,"Nature, Adventure",0,0,1,1,0
2950,Aditya,aditya531@gmail.com,Historical,Male,2,1,56,Kolkata,Historical,0,1,0,0,0
2951,Mohan,mohan179@outlook.com,"Nature, Historical",Other,2,2,60,Mumbai,"Nature, Historical",0,1,1,0,0
2952,Divya,divya151@rediffmail.com,City,Other,3,0,54,Bangalore,City,0,0,0,0,1
2953,Divya,divya647@outlook.com,"City, Historical",Male,2,0,55,Delhi,"City, Historical",0,1,0,0,1
2954,Rekha,rekha906@hotmail.com,"Beach, Nature",Male,4,0,26,Mumbai,"Beach, Nature",1,0,1,0,0
2955,Mohan,mohan34@rediffmail.com,"Adventure, City",Male,2,0,21,Bangalore,"Adventure, City",0,0,0,1,1
2956,Deepa,deepa200@outlook.com,"Beach, City",Female,2,2,42,Bangalore,"Beach, City",1,0,0,0,1
2957,Priya,priya343@rediffmail.com,Adventure,Male,1,0,65,Hyderabad,Adventure,0,0,0,1,0
2958,Ishaan,ishaan306@yahoo.com,"City, Adventure",Male,2,0,23,Bangalore,"City, Adventure",0,0,0,1,1
2959,Kiara,kiara470@outlook.com,"City, Nature",Male,2,2,54,Jaipur,"City, Nature",0,0,1,0,1
2960,Kiran,kiran843@gmail.com,"City, Nature",Other,2,1,18,Bangalore,"City, Nature",0,0,1,0,1
2961,Meera,meera249@hotmail.com,"Adventure, Historical",Male,4,2,37,Mumbai,"Adventure, Historical",0,1,0,1,0
2962,Amit,amit364@yahoo.com,Nature,Female,3,0,52,Jaipur,Nature,0,0,1,0,0
2963,Suresh,suresh798@outlook.com,"Beach, Historical",Male,4,2,35,Ahmedabad,"Beach, Historical",1,1,0,0,0
2964,Ritika,ritika151@gmail.com,"City, Adventure",Other,3,3,33,Ahmedabad,"City, Adventure",0,0,0,1,1
2965,Suresh,suresh284@hotmail.com,Nature,Male,5,3,32,Kolkata,Nature,0,0,1,0,0
2966,Aditya,aditya391@hotmail.com,Historical,Other,4,3,44,Hyderabad,Historical,0,1,0,0,0
2967,Geeta,geeta76@yahoo.com,"City, Adventure",Other,2,2,60,Bangalore,"City, Adventure",0,0,0,1,1
2968,Krishna,krishna767@gmail.com,"Beach, City",Male,3,0,28,Kolkata,"Beach, City",1,0,0,0,1
2969,Sunita,sunita635@yahoo.com,"Beach, Historical",Female,2,0,47,Surat,"Beach, Historical",1,1,0,0,0
2970,Geeta,geeta418@yahoo.com,"Beach, Adventure",Female,2,3,56,Bangalore,"Beach, Adventure",1,0,0,1,0
2971,Geeta,geeta937@rediffmail.com,"Beach, Historical, Nature",Male,2,1,65,Jaipur,"Beach, Historical, Nature",1,1,1,0,0
2972,Kiran,kiran570@rediffmail.com,Historical,Other,2,1,41,Kolkata,Historical,0,1,0,0,0
2973,Aarav,aarav309@gmail.com,"City, Nature",Female,3,0,34,Surat,"City, Nature",0,0,1,0,1
2974,Riya,riya98@outlook.com,"Beach, Adventure",Other,3,0,56,Delhi,"Beach, Adventure",1,0,0,1,0
2975,Ishaan,ishaan130@hotmail.com,"Beach, Historical",Male,1,0,37,Mumbai,"Beach, Historical",1,1,0,0,0
2976,Divya,divya953@hotmail.com,"Adventure, City",Other,3,2,37,Chennai,"Adventure, City",0,0,0,1,1
2977,Aditya,aditya892@outlook.com,"City, Historical, Adventure",Male,2,0,31,Ahmedabad,"City, Historical, Adventure",0,1,0,1,1
2978,Sunita,sunita508@outlook.com,"Adventure, City",Other,4,0,20,Surat,"Adventure, City",0,0,0,1,1
2979,Usha,usha554@hotmail.com,"Adventure, Historical",Other,2,0,60,Bangalore,"Adventure, Historical",0,1,0,1,0
2980,Meera,meera931@gmail.com,"Adventure, Historical",Other,5,1,21,Ahmedabad,"Adventure, Historical",0,1,0,1,0
2981,Ananya,ananya240@outlook.com,"City, Nature",Male,3,0,45,Kolkata,"City, Nature",0,0,1,0,1
2982,Rekha,rekha966@gmail.com,"Nature, Adventure, Beach",Female,3,1,26,Surat,"Nature, Adventure, Beach",1,0,1,1,0
2983,Ritika,ritika944@gmail.com,"City, Adventure",Female,3,2,23,Jaipur,"City, Adventure",0,0,0,1,1
2984,Suresh,suresh252@gmail.com,Historical,Other,2,0,51,Kolkata,Historical,0,1,0,0,0
2985,Sunita,sunita342@hotmail.com,"Adventure, City",Other,5,1,36,Mumbai,"Adventure, City",0,0,0,1,1
2986,Nisha,nisha254@outlook.com,Adventure,Female,1,0,32,Delhi,Adventure,0,0,0,1,0
2987,Diya,diya494@rediffmail.com,"Adventure, Historical",Female,1,0,49,Jaipur,"Adventure, Historical",0,1,0,1,0
2988,Diya,diya658@yahoo.com,"City, Historical",Female,5,0,32,Kolkata,"City, Historical",0,1,0,0,1
2989,Sai,sai776@rediffmail.com,"Historical, Nature",Male,1,0,57,Surat,"Historical, Nature",0,1,1,0,0
2990,Rekha,rekha740@gmail.com,"City, Historical, Adventure",Male,3,0,47,Mumbai,"City, Historical, Adventure",0,1,0,1,1
2991,Diya,diya306@yahoo.com,"Nature, Historical",Female,2,0,53,Surat,"Nature, Historical",0,1,1,0,0
2992,Aarav,aarav799@outlook.com,Adventure,Female,1,1,52,Kolkata,Adventure,0,0,0,1,0
2993,Krishna,krishna794@yahoo.com,"Adventure, Historical",Male,5,2,62,Jaipur,"Adventure, Historical",0,1,0,1,0
2994,Deepa,deepa330@gmail.com,"Nature, Adventure, Beach",Male,4,1,62,Ahmedabad,"Nature, Adventure, Beach",1,0,1,1,0
2995,Amit,amit92@hotmail.com,"City, Nature",Other,2,1,40,Delhi,"City, Nature",0,0,1,0,1
2996,Sneha,sneha361@hotmail.com,"Beach, Adventure",Female,1,2,53,Pune,"Beach, Adventure",1,0,0,1,0
2997,Neha,neha2@outlook.com,"City, Adventure",Other,3,1,24,Pune,"City, Adventure",0,0,0,1,1
2998,Pooja,pooja267@outlook.com,"Nature, Adventure, Beach",Female,3,0,60,Delhi,"Nature, Adventure, Beach",1,0,1,1,0
2999,Kiran,kiran49@hotmail.com,Adventure,Male,1,0,33,Mumbai,Adventure,0,0,0,1,0
3000,Nisha,nisha327@outlook.com,"Beach, Nature",Other,2,0,33,Surat,"Beach, Nature",1,0,1,0,0
3001,Ritika,ritika154@yahoo.com,"City, Historical",Other,1,0,42,Kolkata,"City, Historical",0,1,0,0,1
3002,Kavya,kavya786@gmail.com,"City, Nature",Other,2,2,53,Kolkata,"City, Nature",0,0,1,0,1
3003,Sneha,sneha644@gmail.com,Historical,Other,3,0,38,Bangalore,Historical,0,1,0,0,0
3004,Rekha,rekha715@outlook.com,"City, Historical",Female,2,0,56,Chennai,"City, Historical",0,1,0,0,1
3005,Aadhya,aadhya740@yahoo.com,"Adventure, Historical",Other,2,0,30,Surat,"Adventure, Historical",0,1,0,1,0
3006,Divya,divya308@outlook.com,"Beach, Historical",Other,5,2,45,Jaipur,"Beach, Historical",1,1,0,0,0
3007,Aditya,aditya518@rediffmail.com,"Beach, Historical, Nature",Female,5,0,28,Mumbai,"Beach, Historical, Nature",1,1,1,0,0
3008,Ayaan,ayaan614@rediffmail.com,"City, Historical",Other,4,2,58,Hyderabad,"City, Historical",0,1,0,0,1
3009,Kiara,kiara81@gmail.com,"Beach, Adventure",Other,4,0,42,Kolkata,"Beach, Adventure",1,0,0,1,0
3010,Reyansh,reyansh99@outlook.com,"Beach, Historical, Nature",Female,3,1,39,Bangalore,"Beach, Historical, Nature",1,1,1,0,0
3011,Kiran,kiran247@yahoo.com,"Beach, Nature",Male,3,0,36,Jaipur,"Beach, Nature",1,0,1,0,0
3012,Kavya,kavya151@gmail.com,"Adventure, Historical",Male,3,0,18,Jaipur,"Adventure, Historical",0,1,0,1,0
3013,Tanvi,tanvi975@outlook.com,"City, Adventure",Other,2,0,62,Mumbai,"City, Adventure",0,0,0,1,1
3014,Ritika,ritika696@yahoo.com,"Beach, Adventure",Male,2,0,42,Delhi,"Beach, Adventure",1,0,0,1,0
3015,Usha,usha587@outlook.com,"City, Nature",Other,2,2,49,Kolkata,"City, Nature",0,0,1,0,1
3016,Deepa,deepa136@hotmail.com,"Historical, Nature",Male,2,1,42,Mumbai,"Historical, Nature",0,1,1,0,0
3017,Suresh,suresh238@gmail.com,"Adventure, City",Other,2,1,37,Mumbai,"Adventure, City",0,0,0,1,1
3018,Krishna,krishna383@hotmail.com,"Beach, Historical, Nature",Female,1,2,51,Kolkata,"Beach, Historical, Nature",1,1,1,0,0
3019,Vihaan,vihaan339@gmail.com,Beach,Male,1,0,45,Mumbai,Beach,1,0,0,0,0
3020,Suresh,suresh46@yahoo.com,City,Other,1,1,35,Mumbai,City,0,0,0,0,1
3021,Usha,usha559@rediffmail.com,"Beach, Nature",Male,4,1,55,Delhi,"Beach, Nature",1,0,1,0,0
3022,Kavya,kavya61@yahoo.com,"Beach, Historical",Male,2,0,34,Pune,"Beach, Historical",1,1,0,0,0
3023,Kavya,kavya706@yahoo.com,Historical,Female,3,1,41,Chennai,Historical,0,1,0,0,0
3024,Ayaan,ayaan589@yahoo.com,Beach,Male,1,1,45,Mumbai,Beach,1,0,0,0,0
3025,Krishna,krishna884@hotmail.com,"City, Adventure",Female,5,1,34,Hyderabad,"City, Adventure",0,0,0,1,1
3026,Geeta,geeta975@yahoo.com,"Nature, Adventure",Female,2,1,56,Hyderabad,"Nature, Adventure",0,0,1,1,0
3027,Meera,meera948@outlook.com,"City, Nature",Other,1,1,58,Ahmedabad,"City, Nature",0,0,1,0,1
3028,Ayaan,ayaan736@rediffmail.com,"Nature, Adventure, Beach",Female,2,0,31,Hyderabad,"Nature, Adventure, Beach",1,0,1,1,0
3029,Meera,meera781@outlook.com,Beach,Female,2,0,61,Pune,Beach,1,0,0,0,0
3030,Ishaan,ishaan127@hotmail.com,"Nature, Adventure, Beach",Female,1,1,42,Mumbai,"Nature, Adventure, Beach",1,0,1,1,0
3031,Riya,riya993@hotmail.com,"Beach, Nature",Female,4,0,45,Mumbai,"Beach, Nature",1,0,1,0,0
3032,Pooja,pooja11@outlook.com,Historical,Other,2,0,43,Mumbai,Historical,0,1,0,0,0
3033,Krishna,krishna202@outlook.com,"City, Historical",Female,3,0,41,Chennai,"City, Historical",0,1,0,0,1
3034,Aarav,aarav70@hotmail.com,"City, Nature",Other,3,3,45,Jaipur,"City, Nature",0,0,1,0,1
3035,Reyansh,reyansh324@hotmail.com,"Nature, Adventure",Female,3,1,41,Bangalore,"Nature, Adventure",0,0,1,1,0
3036,Ananya,ananya262@outlook.com,"City, Historical",Male,2,0,46,Surat,"City, Historical",0,1,0,0,1
3037,Priya,priya58@hotmail.com,"Beach, City",Other,3,0,61,Pune,"Beach, City",1,0,0,0,1
3038,Divya,divya598@gmail.com,"Adventure, Historical",Other,2,1,65,Delhi,"Adventure, Historical",0,1,0,1,0
3039,Anjali,anjali653@rediffmail.com,"Beach, Historical, Nature",Female,2,1,37,Kolkata,"Beach, Historical, Nature",1,1,1,0,0
3040,Geeta,geeta220@hotmail.com,"Adventure, Historical",Female,4,1,30,Pune,"Adventure, Historical",0,1,0,1,0
3041,Rekha,rekha507@outlook.com,"Beach, Historical, Nature",Female,2,3,41,Jaipur,"Beach, Historical, Nature",1,1,1,0,0
3042,Vihaan,vihaan791@yahoo.com,"City, Nature",Other,3,2,64,Delhi,"City, Nature",0,0,1,0,1
3043,Ritika,ritika272@yahoo.com,"Beach, Historical",Other,1,0,19,Surat,"Beach, Historical",1,1,0,0,0
3044,Suresh,suresh443@hotmail.com,"City, Nature",Male,2,2,62,Surat,"City, Nature",0,0,1,0,1
3045,Tanvi,tanvi218@yahoo.com,"Beach, Adventure",Other,5,0,34,Mumbai,"Beach, Adventure",1,0,0,1,0
3046,Ananya,ananya890@rediffmail.com,"Adventure, City",Female,2,0,43,Jaipur,"Adventure, City",0,0,0,1,1
3047,Vikram,vikram633@rediffmail.com,"Historical, Nature",Female,2,0,33,Surat,"Historical, Nature",0,1,1,0,0
3048,Kavya,kavya230@rediffmail.com,"Adventure, Historical",Other,1,0,61,Bangalore,"Adventure, Historical",0,1,0,1,0
3049,Vivaan,vivaan590@gmail.com,"Beach, City",Other,5,0,57,Chennai,"Beach, City",1,0,0,0,1
3050,Kiara,kiara780@yahoo.com,City,Female,2,0,37,Jaipur,City,0,0,0,0,1
3051,Arjun,arjun620@rediffmail.com,City,Male,4,0,61,Jaipur,City,0,0,0,0,1
3052,Rohit,rohit840@outlook.com,"City, Historical",Female,4,1,26,Kolkata,"City, Historical",0,1,0,0,1
3053,Vihaan,vihaan937@hotmail.com,"Adventure, Historical",Female,3,1,22,Chennai,"Adventure, Historical",0,1,0,1,0
3054,Mohan,mohan983@yahoo.com,"Beach, Nature",Male,1,2,36,Chennai,"Beach, Nature",1,0,1,0,0
3055,Aadhya,aadhya690@yahoo.com,"Historical, Nature",Female,5,1,27,Bangalore,"Historical, Nature",0,1,1,0,0
3056,Shruti,shruti461@hotmail.com,Historical,Male,2,0,64,Ahmedabad,Historical,0,1,0,0,0
3057,Aditya,aditya978@hotmail.com,Beach,Female,3,0,46,Mumbai,Beach,1,0,0,0,0
3058,Aadhya,aadhya572@outlook.com,"Nature, Adventure",Male,2,0,57,Pune,"Nature, Adventure",0,0,1,1,0
3059,Kavya,kavya639@rediffmail.com,"Nature, Historical",Male,3,0,20,Jaipur,"Nature, Historical",0,1,1,0,0
3060,Nisha,nisha746@gmail.com,"Adventure, City",Female,2,1,45,Jaipur,"Adventure, City",0,0,0,1,1
3061,Suresh,suresh519@yahoo.com,Nature,Female,2,0,18,Kolkata,Nature,0,0,1,0,0
3062,Kavya,kavya15@gmail.com,"City, Nature",Other,2,2,60,Pune,"City, Nature",0,0,1,0,1
3063,Kiran,kiran905@outlook.com,Nature,Other,1,1,35,Pune,Nature,0,0,1,0,0
3064,Rekha,rekha498@rediffmail.com,"Beach, Adventure",Male,3,0,55,Surat,"Beach, Adventure",1,0,0,1,0
3065,Shruti,shruti767@rediffmail.com,"Beach, Historical, Nature",Other,2,3,22,Hyderabad,"Beach, Historical, Nature",1,1,1,0,0
3066,Rekha,rekha936@rediffmail.com,Nature,Male,3,1,38,Pune,Nature,0,0,1,0,0
3067,Aarav,aarav888@outlook.com,"Nature, Adventure, Beach",Other,4,0,44,Kolkata,"Nature, Adventure, Beach",1,0,1,1,0
3068,Meera,meera222@yahoo.com,"Adventure, City",Other,2,1,42,Delhi,"Adventure, City",0,0,0,1,1
3069,Krishna,krishna104@yahoo.com,"Beach, Historical, Nature",Other,3,2,59,Delhi,"Beach, Historical, Nature",1,1,1,0,0
3070,Reyansh,reyansh338@rediffmail.com,"Nature, Historical",Other,5,0,19,Mumbai,"Nature, Historical",0,1,1,0,0
3071,Arjun,arjun187@hotmail.com,Nature,Other,3,2,28,Bangalore,Nature,0,0,1,0,0
3072,Diya,diya837@rediffmail.com,City,Other,5,2,37,Bangalore,City,0,0,0,0,1
3073,Kavya,kavya350@hotmail.com,Historical,Other,3,0,50,Ahmedabad,Historical,0,1,0,0,0
3074,Anjali,anjali145@yahoo.com,"Beach, Adventure",Female,3,1,48,Mumbai,"Beach, Adventure",1,0,0,1,0
3075,Rohit,rohit674@rediffmail.com,"Nature, Historical",Male,2,0,62,Delhi,"Nature, Historical",0,1,1,0,0
3076,Diya,diya715@outlook.com,"City, Historical, Adventure",Other,2,0,65,Surat,"City, Historical, Adventure",0,1,0,1,1
3077,Rekha,rekha550@outlook.com,Beach,Male,4,0,45,Jaipur,Beach,1,0,0,0,0
3078,Usha,usha276@rediffmail.com,Beach,Male,4,1,18,Surat,Beach,1,0,0,0,0
3079,Pooja,pooja158@yahoo.com,Beach,Male,1,1,54,Bangalore,Beach,1,0,0,0,0
3080,Deepa,deepa86@hotmail.com,Beach,Male,1,0,40,Pune,Beach,1,0,0,0,0
3081,Pooja,pooja701@rediffmail.com,Nature,Female,2,1,51,Kolkata,Nature,0,0,1,0,0
3082,Rahul,rahul336@outlook.com,Adventure,Female,1,3,34,Jaipur,Adventure,0,0,0,1,0
3083,Lakshmi,lakshmi282@gmail.com,"Beach, Historical",Male,2,0,51,Kolkata,"Beach, Historical",1,1,0,0,0
3084,Anjali,anjali877@yahoo.com,"Nature, Historical",Other,1,0,42,Pune,"Nature, Historical",0,1,1,0,0
3085,Priya,priya333@gmail.com,"Adventure, City",Male,4,2,34,Delhi,"Adventure, City",0,0,0,1,1
3086,Neha,neha603@rediffmail.com,Adventure,Female,1,2,30,Chennai,Adventure,0,0,0,1,0
3087,Anjali,anjali417@rediffmail.com,Nature,Male,3,0,38,Jaipur,Nature,0,0,1,0,0
3088,Aditya,aditya748@gmail.com,Historical,Male,5,0,20,Surat,Historical,0,1,0,0,0
3089,Nisha,nisha830@outlook.com,"Adventure, City",Male,3,0,29,Mumbai,"Adventure, City",0,0,0,1,1
3090,Rohit,rohit749@gmail.com,"Beach, Historical, Nature",Other,3,0,56,Hyderabad,"Beach, Historical, Nature",1,1,1,0,0
3091,Arjun,arjun218@outlook.com,"City, Historical, Adventure",Male,3,0,22,Surat,"City, Historical, Adventure",0,1,0,1,1
3092,Tanvi,tanvi611@hotmail.com,"City, Historical, Adventure",Female,1,0,27,Ahmedabad,"City, Historical, Adventure",0,1,0,1,1
3093,Sneha,sneha113@yahoo.com,"City, Adventure",Female,3,1,37,Pune,"City, Adventure",0,0,0,1,1
3094,Aditya,aditya476@yahoo.com,"City, Adventure",Female,4,0,50,Mumbai,"City, Adventure",0,0,0,1,1
3095,Sunita,sunita330@hotmail.com,"City, Nature",Other,2,0,39,Surat,"City, Nature",0,0,1,0,1
3096,Mohan,mohan47@yahoo.com,Nature,Male,2,1,35,Bangalore,Nature,0,0,1,0,0
3097,Aditya,aditya821@yahoo.com,"City, Historical",Female,5,1,26,Pune,"City, Historical",0,1,0,0,1
3098,Anjali,anjali288@rediffmail.com,"Beach, Historical",Female,2,0,20,Chennai,"Beach, Historical",1,1,0,0,0
3099,Reyansh,reyansh578@hotmail.com,Historical,Female,2,0,41,Surat,Historical,0,1,0,0,0
3100,Suresh,suresh979@gmail.com,"Nature, Historical",Male,3,0,35,Ahmedabad,"Nature, Historical",0,1,1,0,0
3101,Kavya,kavya207@gmail.com,City,Other,4,0,56,Pune,City,0,0,0,0,1
3102,Anjali,anjali895@hotmail.com,City,Female,1,0,33,Chennai,City,0,0,0,0,1
3103,Kavya,kavya995@hotmail.com,"Beach, Historical",Other,3,1,42,Surat,"Beach, Historical",1,1,0,0,0
3104,Sneha,sneha170@hotmail.com,Nature,Female,2,1,24,Jaipur,Nature,0,0,1,0,0
3105,Diya,diya717@gmail.com,Beach,Female,2,1,60,Delhi,Beach,1,0,0,0,0
3106,Suresh,suresh95@rediffmail.com,"City, Historical",Female,3,0,27,Kolkata,"City, Historical",0,1,0,0,1
3107,Suresh,suresh842@outlook.com,"City, Historical, Adventure",Female,2,1,19,Kolkata,"City, Historical, Adventure",0,1,0,1,1
3108,Ishaan,ishaan242@yahoo.com,Historical,Other,1,1,25,Jaipur,Historical,0,1,0,0,0
3109,Usha,usha515@rediffmail.com,"Beach, Historical",Male,4,0,61,Surat,"Beach, Historical",1,1,0,0,0
3110,Vihaan,vihaan37@hotmail.com,"Adventure, Historical",Female,4,1,58,Jaipur,"Adventure, Historical",0,1,0,1,0
3111,Vihaan,vihaan688@rediffmail.com,"Beach, City",Female,5,1,63,Hyderabad,"Beach, City",1,0,0,0,1
3112,Arjun,arjun643@hotmail.com,Nature,Female,2,0,51,Delhi,Nature,0,0,1,0,0
3113,Ritika,ritika554@rediffmail.com,"Nature, Adventure",Female,3,0,22,Pune,"Nature, Adventure",0,0,1,1,0
3114,Geeta,geeta67@outlook.com,Adventure,Other,1,1,41,Ahmedabad,Adventure,0,0,0,1,0
3115,Rekha,rekha781@hotmail.com,"Historical, Nature",Female,4,0,34,Ahmedabad,"Historical, Nature",0,1,1,0,0
3116,Neha,neha454@hotmail.com,"Beach, Adventure",Other,1,0,19,Jaipur,"Beach, Adventure",1,0,0,1,0
3117,Kiran,kiran82@yahoo.com,"City, Nature",Other,2,0,25,Surat,"City, Nature",0,0,1,0,1
3118,Vivaan,vivaan648@outlook.com,"City, Historical",Other,4,1,27,Surat,"City, Historical",0,1,0,0,1
3119,Ritika,ritika536@hotmail.com,"Beach, Nature",Other,4,2,19,Jaipur,"Beach, Nature",1,0,1,0,0
3120,Aarav,aarav938@hotmail.com,Beach,Other,4,3,20,Delhi,Beach,1,0,0,0,0
3121,Vihaan,vihaan466@rediffmail.com,"Adventure, City",Male,2,0,53,Bangalore,"Adventure, City",0,0,0,1,1
3122,Vikram,vikram567@rediffmail.com,"City, Nature",Male,2,1,60,Kolkata,"City, Nature",0,0,1,0,1
3123,Nisha,nisha623@hotmail.com,"Nature, Adventure",Male,3,0,49,Pune,"Nature, Adventure",0,0,1,1,0
3124,Divya,divya524@rediffmail.com,Nature,Other,4,2,30,Pune,Nature,0,0,1,0,0
3125,Amit,amit708@hotmail.com,"Beach, Historical",Female,2,1,28,Chennai,"Beach, Historical",1,1,0,0,0
3126,Reyansh,reyansh331@outlook.com,"Adventure, Historical",Other,1,2,38,Jaipur,"Adventure, Historical",0,1,0,1,0
3127,Aditya,aditya367@yahoo.com,"City, Historical",Other,2,1,65,Chennai,"City, Historical",0,1,0,0,1
3128,Anjali,anjali281@outlook.com,"Beach, City",Male,2,3,52,Chennai,"Beach, City",1,0,0,0,1
3129,Reyansh,reyansh996@gmail.com,"Nature, Historical",Male,2,0,21,Delhi,"Nature, Historical",0,1,1,0,0
3130,Ishaan,ishaan959@yahoo.com,"Adventure, Historical",Male,2,1,46,Delhi,"Adventure, Historical",0,1,0,1,0
3131,Rahul,rahul643@hotmail.com,"Beach, Historical, Nature",Other,1,0,58,Jaipur,"Beach, Historical, Nature",1,1,1,0,0
3132,Pooja,pooja633@hotmail.com,"Beach, Historical, Nature",Male,4,0,58,Hyderabad,"Beach, Historical, Nature",1,1,1,0,0
3133,Sneha,sneha366@hotmail.com,City,Female,2,3,54,Hyderabad,City,0,0,0,0,1
3134,Vivaan,vivaan937@yahoo.com,Nature,Other,4,3,19,Delhi,Nature,0,0,1,0,0
3135,Lakshmi,lakshmi224@yahoo.com,"Nature, Adventure, Beach",Female,2,1,50,Chennai,"Nature, Adventure, Beach",1,0,1,1,0
3136,Ayaan,ayaan364@rediffmail.com,Adventure,Female,2,2,56,Bangalore,Adventure,0,0,0,1,0
3137,Pooja,pooja240@gmail.com,City,Female,5,1,31,Mumbai,City,0,0,0,0,1
3138,Krishna,krishna579@gmail.com,"Adventure, Historical",Other,2,1,37,Bangalore,"Adventure, Historical",0,1,0,1,0
3139,Kiara,kiara233@yahoo.com,"Nature, Historical",Male,2,3,41,Delhi,"Nature, Historical",0,1,1,0,0
3140,Mohan,mohan356@outlook.com,"Beach, Historical, Nature",Male,3,2,19,Jaipur,"Beach, Historical, Nature",1,1,1,0,0
3141,Aadhya,aadhya308@outlook.com,Beach,Female,3,0,64,Delhi,Beach,1,0,0,0,0
3142,Amit,amit761@rediffmail.com,"City, Adventure",Other,2,0,58,Jaipur,"City, Adventure",0,0,0,1,1
3143,Sneha,sneha759@rediffmail.com,"Beach, Nature",Female,1,0,18,Bangalore,"Beach, Nature",1,0,1,0,0
3144,Kavya,kavya79@rediffmail.com,"Beach, Nature",Female,3,0,36,Delhi,"Beach, Nature",1,0,1,0,0
3145,Kiara,kiara807@outlook.com,"Beach, City",Other,2,1,21,Surat,"Beach, City",1,0,0,0,1
3146,Priya,priya837@rediffmail.com,"Beach, Adventure",Other,2,0,19,Bangalore,"Beach, Adventure",1,0,0,1,0
3147,Geeta,geeta830@yahoo.com,"Beach, Historical, Nature",Female,2,1,33,Chennai,"Beach, Historical, Nature",1,1,1,0,0
3148,Vivaan,vivaan832@yahoo.com,Nature,Other,2,2,19,Surat,Nature,0,0,1,0,0
3149,Geeta,geeta394@yahoo.com,"Beach, Nature",Other,4,0,46,Jaipur,"Beach, Nature",1,0,1,0,0
3150,Ayaan,ayaan615@hotmail.com,Nature,Female,2,0,26,Pune,Nature,0,0,1,0,0
3151,Kiran,kiran938@yahoo.com,"Beach, City",Male,4,2,26,Bangalore,"Beach, City",1,0,0,0,1
3152,Krishna,krishna697@yahoo.com,"Beach, City",Other,3,0,31,Jaipur,"Beach, City",1,0,0,0,1
3153,Lakshmi,lakshmi568@yahoo.com,Nature,Female,2,1,24,Jaipur,Nature,0,0,1,0,0
3154,Pooja,pooja630@gmail.com,"Adventure, Historical",Male,3,0,43,Delhi,"Adventure, Historical",0,1,0,1,0
3155,Sneha,sneha301@gmail.com,"Nature, Adventure, Beach",Male,2,1,40,Delhi,"Nature, Adventure, Beach",1,0,1,1,0
3156,Divya,divya312@hotmail.com,"City, Adventure",Female,4,0,42,Mumbai,"City, Adventure",0,0,0,1,1
3157,Ayaan,ayaan563@hotmail.com,"City, Nature",Female,4,0,22,Surat,"City, Nature",0,0,1,0,1
3158,Geeta,geeta802@outlook.com,Beach,Other,3,0,28,Bangalore,Beach,1,0,0,0,0
3159,Shruti,shruti702@hotmail.com,Beach,Female,4,0,20,Mumbai,Beach,1,0,0,0,0
3160,Aadhya,aadhya950@rediffmail.com,"Adventure, Historical",Male,5,1,39,Pune,"Adventure, Historical",0,1,0,1,0
3161,Arjun,arjun747@yahoo.com,"Beach, City",Female,5,0,53,Kolkata,"Beach, City",1,0,0,0,1
3162,Tanvi,tanvi145@yahoo.com,"Beach, Historical, Nature",Other,2,0,48,Chennai,"Beach, Historical, Nature",1,1,1,0,0
3163,Kiara,kiara68@outlook.com,"City, Adventure",Female,2,1,23,Pune,"City, Adventure",0,0,0,1,1
3164,Tanvi,tanvi300@rediffmail.com,"Beach, Adventure",Male,2,0,62,Surat,"Beach, Adventure",1,0,0,1,0
3165,Divya,divya539@rediffmail.com,Historical,Other,4,0,26,Mumbai,Historical,0,1,0,0,0
3166,Meera,meera15@rediffmail.com,"Adventure, Historical",Female,2,0,45,Kolkata,"Adventure, Historical",0,1,0,1,0
3167,Reyansh,reyansh527@yahoo.com,"Nature, Adventure",Other,3,0,21,Mumbai,"Nature, Adventure",0,0,1,1,0
3168,Reyansh,reyansh741@rediffmail.com,Adventure,Male,1,0,23,Pune,Adventure,0,0,0,1,0
3169,Sai,sai961@gmail.com,"Beach, City",Male,2,1,28,Delhi,"Beach, City",1,0,0,0,1
3170,Aarav,aarav498@rediffmail.com,"City, Historical",Other,2,0,60,Kolkata,"City, Historical",0,1,0,0,1
3171,Anjali,anjali328@hotmail.com,"Nature, Historical",Male,2,0,21,Kolkata,"Nature, Historical",0,1,1,0,0
3172,Mohan,mohan668@gmail.com,"Adventure, City",Female,4,1,33,Delhi,"Adventure, City",0,0,0,1,1
3173,Suresh,suresh965@outlook.com,"Historical, Nature",Other,3,0,20,Mumbai,"Historical, Nature",0,1,1,0,0
3174,Ananya,ananya200@gmail.com,"Historical, Nature",Other,2,0,59,Pune,"Historical, Nature",0,1,1,0,0
3175,Vivaan,vivaan692@outlook.com,"Adventure, City",Male,2,0,36,Bangalore,"Adventure, City",0,0,0,1,1
3176,Vivaan,vivaan414@hotmail.com,Adventure,Male,1,0,38,Surat,Adventure,0,0,0,1,0
3177,Sunita,sunita146@gmail.com,"Beach, Nature",Female,2,0,65,Ahmedabad,"Beach, Nature",1,0,1,0,0
3178,Ishaan,ishaan132@yahoo.com,"Adventure, City",Female,1,3,32,Surat,"Adventure, City",0,0,0,1,1
3179,Krishna,krishna189@yahoo.com,"Nature, Adventure",Female,2,1,24,Surat,"Nature, Adventure",0,0,1,1,0
3180,Aditya,aditya871@gmail.com,"Beach, Nature",Male,2,0,32,Surat,"Beach, Nature",1,0,1,0,0
3181,Reyansh,reyansh198@yahoo.com,"Historical, Nature",Female,2,0,25,Chennai,"Historical, Nature",0,1,1,0,0
3182,Kavya,kavya250@rediffmail.com,"Beach, City",Female,4,0,36,Pune,"Beach, City",1,0,0,0,1
3183,Krishna,krishna222@outlook.com,"Historical, Nature",Other,2,1,37,Surat,"Historical, Nature",0,1,1,0,0
3184,Pooja,pooja439@gmail.com,"Historical, Nature",Female,3,0,30,Hyderabad,"Historical, Nature",0,1,1,0,0
3185,Ananya,ananya764@gmail.com,"City, Historical, Adventure",Female,2,1,58,Jaipur,"City, Historical, Adventure",0,1,0,1,1
3186,Riya,riya284@rediffmail.com,"Beach, Historical, Nature",Other,3,0,48,Chennai,"Beach, Historical, Nature",1,1,1,0,0
3187,Amit,amit415@gmail.com,"Adventure, Historical",Other,2,0,43,Pune,"Adventure, Historical",0,1,0,1,0
3188,Rohit,rohit577@gmail.com,"Beach, City",Female,4,0,28,Pune,"Beach, City",1,0,0,0,1
3189,Riya,riya894@rediffmail.com,"Nature, Adventure",Other,5,0,24,Hyderabad,"Nature, Adventure",0,0,1,1,0
3190,Tanvi,tanvi802@outlook.com,"City, Nature",Male,2,1,41,Bangalore,"City, Nature",0,0,1,0,1
3191,Meera,meera900@hotmail.com,"Beach, City",Female,2,0,32,Pune,"Beach, City",1,0,0,0,1
3192,Aadhya,aadhya575@rediffmail.com,Nature,Male,4,2,54,Ahmedabad,Nature,0,0,1,0,0
3193,Rohit,rohit766@yahoo.com,"Adventure, City",Female,2,2,42,Jaipur,"Adventure, City",0,0,0,1,1
3194,Geeta,geeta155@outlook.com,"Beach, Nature",Female,2,0,47,Kolkata,"Beach, Nature",1,0,1,0,0
3195,Diya,diya763@rediffmail.com,"City, Nature",Female,2,2,36,Kolkata,"City, Nature",0,0,1,0,1
3196,Mohan,mohan337@rediffmail.com,Nature,Male,3,0,24,Kolkata,Nature,0,0,1,0,0
3197,Ritika,ritika151@outlook.com,"City, Historical, Adventure",Female,3,0,56,Ahmedabad,"City, Historical, Adventure",0,1,0,1,1
3198,Arjun,arjun426@gmail.com,"City, Adventure",Male,3,1,24,Kolkata,"City, Adventure",0,0,0,1,1
3199,Neha,neha672@yahoo.com,Historical,Male,1,0,31,Jaipur,Historical,0,1,0,0,0
3200,Krishna,krishna389@gmail.com,Adventure,Other,2,2,18,Delhi,Adventure,0,0,0,1,0
3201,Sneha,sneha550@rediffmail.com,Nature,Female,5,2,19,Ahmedabad,Nature,0,0,1,0,0
3202,Krishna,krishna396@outlook.com,"City, Historical, Adventure",Male,1,3,36,Kolkata,"City, Historical, Adventure",0,1,0,1,1
3203,Diya,diya607@outlook.com,Historical,Female,2,1,27,Surat,Historical,0,1,0,0,0
3204,Kavya,kavya398@outlook.com,"City, Adventure",Female,2,2,56,Delhi,"City, Adventure",0,0,0,1,1
3205,Divya,divya143@rediffmail.com,"City, Historical, Adventure",Other,4,0,43,Surat,"City, Historical, Adventure",0,1,0,1,1
3206,Priya,priya518@gmail.com,"Beach, Nature",Male,3,1,42,Hyderabad,"Beach, Nature",1,0,1,0,0
3207,Sunita,sunita472@gmail.com,"Nature, Adventure, Beach",Female,2,1,44,Ahmedabad,"Nature, Adventure, Beach",1,0,1,1,0
3208,Kiara,kiara224@outlook.com,"City, Nature",Other,1,0,42,Delhi,"City, Nature",0,0,1,0,1
3209,Kavya,kavya359@rediffmail.com,"Beach, Historical",Male,2,1,54,Surat,"Beach, Historical",1,1,0,0,0
3210,Sneha,sneha749@rediffmail.com,"Nature, Adventure",Male,2,0,35,Chennai,"Nature, Adventure",0,0,1,1,0
3211,Tanvi,tanvi940@hotmail.com,Adventure,Other,4,3,35,Ahmedabad,Adventure,0,0,0,1,0
3212,Reyansh,reyansh289@gmail.com,"City, Historical, Adventure",Other,4,0,64,Mumbai,"City, Historical, Adventure",0,1,0,1,1
3213,Arjun,arjun886@hotmail.com,Adventure,Other,2,0,34,Ahmedabad,Adventure,0,0,0,1,0
3214,Sai,sai107@hotmail.com,"Beach, Historical",Female,3,1,60,Delhi,"Beach, Historical",1,1,0,0,0
3215,Vivaan,vivaan49@outlook.com,"Historical, Nature",Male,2,1,44,Kolkata,"Historical, Nature",0,1,1,0,0
3216,Ayaan,ayaan414@rediffmail.com,"Nature, Adventure",Other,5,2,56,Mumbai,"Nature, Adventure",0,0,1,1,0
3217,Riya,riya299@yahoo.com,"Beach, Nature",Male,2,2,39,Hyderabad,"Beach, Nature",1,0,1,0,0
3218,Mohan,mohan268@yahoo.com,"Nature, Adventure",Male,2,0,21,Jaipur,"Nature, Adventure",0,0,1,1,0
3219,Sunita,sunita688@gmail.com,Adventure,Other,1,2,42,Mumbai,Adventure,0,0,0,1,0
3220,Sai,sai332@hotmail.com,"Beach, Nature",Other,4,2,25,Chennai,"Beach, Nature",1,0,1,0,0
3221,Krishna,krishna802@gmail.com,"City, Historical, Adventure",Other,2,2,19,Bangalore,"City, Historical, Adventure",0,1,0,1,1
3222,Nisha,nisha928@hotmail.com,"Beach, Historical",Male,5,1,59,Delhi,"Beach, Historical",1,1,0,0,0
3223,Meera,meera95@gmail.com,"Adventure, City",Other,2,1,38,Bangalore,"Adventure, City",0,0,0,1,1
3224,Shruti,shruti957@gmail.com,"Nature, Adventure, Beach",Male,5,0,50,Pune,"Nature, Adventure, Beach",1,0,1,1,0
3225,Shruti,shruti390@outlook.com,Nature,Male,3,0,23,Mumbai,Nature,0,0,1,0,0
3226,Shruti,shruti309@rediffmail.com,"Beach, Nature",Other,5,0,54,Hyderabad,"Beach, Nature",1,0,1,0,0
3227,Kavya,kavya256@yahoo.com,"Beach, Nature",Female,2,0,63,Chennai,"Beach, Nature",1,0,1,0,0
3228,Sai,sai943@outlook.com,"Beach, Adventure",Female,1,1,45,Bangalore,"Beach, Adventure",1,0,0,1,0
3229,Vikram,vikram69@hotmail.com,"Beach, Historical, Nature",Female,4,0,38,Bangalore,"Beach, Historical, Nature",1,1,1,0,0
3230,Shruti,shruti758@outlook.com,"City, Historical",Male,1,0,49,Delhi,"City, Historical",0,1,0,0,1
3231,Divya,divya598@rediffmail.com,"Nature, Adventure, Beach",Other,3,1,40,Kolkata,"Nature, Adventure, Beach",1,0,1,1,0
3232,Vikram,vikram620@outlook.com,City,Other,5,1,21,Mumbai,City,0,0,0,0,1
3233,Suresh,suresh109@rediffmail.com,"Adventure, Historical",Female,2,2,43,Chennai,"Adventure, Historical",0,1,0,1,0
3234,Suresh,suresh373@rediffmail.com,"Nature, Historical",Male,4,0,58,Delhi,"Nature, Historical",0,1,1,0,0
3235,Divya,divya160@hotmail.com,Beach,Male,4,0,41,Mumbai,Beach,1,0,0,0,0
3236,Priya,priya392@gmail.com,Adventure,Male,3,0,59,Hyderabad,Adventure,0,0,0,1,0
3237,Ayaan,ayaan859@yahoo.com,"Beach, Historical",Female,3,3,44,Bangalore,"Beach, Historical",1,1,0,0,0
3238,Priya,priya42@rediffmail.com,Historical,Male,4,0,58,Kolkata,Historical,0,1,0,0,0
3239,Deepa,deepa555@rediffmail.com,"Nature, Adventure",Other,2,3,24,Jaipur,"Nature, Adventure",0,0,1,1,0
3240,Krishna,krishna550@yahoo.com,"Beach, Historical",Female,2,0,64,Delhi,"Beach, Historical",1,1,0,0,0
3241,Ayaan,ayaan360@yahoo.com,"Adventure, City",Male,1,0,29,Ahmedabad,"Adventure, City",0,0,0,1,1
3242,Ishaan,ishaan291@gmail.com,"Beach, Historical, Nature",Female,2,2,51,Chennai,"Beach, Historical, Nature",1,1,1,0,0
3243,Amit,amit621@rediffmail.com,"Nature, Adventure, Beach",Female,1,0,20,Ahmedabad,"Nature, Adventure, Beach",1,0,1,1,0
3244,Sneha,sneha464@rediffmail.com,"Beach, Nature",Male,2,2,63,Delhi,"Beach, Nature",1,0,1,0,0
3245,Riya,riya356@gmail.com,"Adventure, Historical",Male,2,1,46,Bangalore,"Adventure, Historical",0,1,0,1,0
3246,Kavya,kavya785@rediffmail.com,"City, Historical, Adventure",Male,5,0,45,Hyderabad,"City, Historical, Adventure",0,1,0,1,1
3247,Ayaan,ayaan655@outlook.com,Adventure,Other,5,1,47,Ahmedabad,Adventure,0,0,0,1,0
3248,Riya,riya30@yahoo.com,"Beach, Historical, Nature",Male,4,0,37,Delhi,"Beach, Historical, Nature",1,1,1,0,0
3249,Usha,usha295@outlook.com,"City, Nature",Female,1,0,26,Ahmedabad,"City, Nature",0,0,1,0,1
3250,Reyansh,reyansh953@outlook.com,"Nature, Historical",Female,3,2,36,Bangalore,"Nature, Historical",0,1,1,0,0
3251,Mohan,mohan38@yahoo.com,"City, Historical",Other,3,1,57,Chennai,"City, Historical",0,1,0,0,1
3252,Vivaan,vivaan395@yahoo.com,"City, Adventure",Female,5,1,63,Mumbai,"City, Adventure",0,0,0,1,1
3253,Kiara,kiara476@rediffmail.com,"City, Historical, Adventure",Male,3,0,60,Surat,"City, Historical, Adventure",0,1,0,1,1
3254,Pooja,pooja257@yahoo.com,Beach,Other,3,0,39,Ahmedabad,Beach,1,0,0,0,0
3255,Rahul,rahul981@outlook.com,Adventure,Female,3,0,19,Ahmedabad,Adventure,0,0,0,1,0
3256,Sneha,sneha192@rediffmail.com,"Beach, Historical",Female,3,0,58,Mumbai,"Beach, Historical",1,1,0,0,0
3257,Nisha,nisha368@yahoo.com,City,Other,4,0,42,Delhi,City,0,0,0,0,1
3258,Vihaan,vihaan398@outlook.com,Nature,Female,2,0,35,Pune,Nature,0,0,1,0,0
3259,Pooja,pooja916@gmail.com,"City, Historical",Female,2,0,23,Chennai,"City, Historical",0,1,0,0,1
3260,Deepa,deepa680@rediffmail.com,"City, Historical",Female,3,1,26,Pune,"City, Historical",0,1,0,0,1
3261,Kiara,kiara651@gmail.com,City,Female,2,1,57,Surat,City,0,0,0,0,1
3262,Kavya,kavya656@rediffmail.com,Beach,Female,2,0,49,Bangalore,Beach,1,0,0,0,0
3263,Rahul,rahul822@gmail.com,"Beach, Historical, Nature",Female,3,0,27,Hyderabad,"Beach, Historical, Nature",1,1,1,0,0
3264,Ananya,ananya218@outlook.com,City,Male,4,0,47,Bangalore,City,0,0,0,0,1
3265,Nisha,nisha114@outlook.com,"Adventure, Historical",Male,5,0,24,Pune,"Adventure, Historical",0,1,0,1,0
3266,Ritika,ritika347@outlook.com,Historical,Female,4,1,19,Kolkata,Historical,0,1,0,0,0
3267,Ananya,ananya855@hotmail.com,"City, Historical, Adventure",Female,1,0,41,Jaipur,"City, Historical, Adventure",0,1,0,1,1
3268,Vihaan,vihaan245@yahoo.com,"City, Nature",Other,1,2,61,Surat,"City, Nature",0,0,1,0,1
3269,Meera,meera368@yahoo.com,"City, Nature",Male,2,1,26,Ahmedabad,"City, Nature",0,0,1,0,1
3270,Vikram,vikram232@gmail.com,"Beach, City",Male,5,0,45,Kolkata,"Beach, City",1,0,0,0,1
3271,Ananya,ananya927@rediffmail.com,"Nature, Adventure, Beach",Male,2,0,36,Bangalore,"Nature, Adventure, Beach",1,0,1,1,0
3272,Rekha,rekha143@yahoo.com,"Beach, Historical",Female,1,0,29,Delhi,"Beach, Historical",1,1,0,0,0
3273,Amit,amit701@yahoo.com,"City, Historical, Adventure",Male,4,0,31,Jaipur,"City, Historical, Adventure",0,1,0,1,1
3274,Aarav,aarav406@yahoo.com,"Adventure, City",Female,4,3,25,Chennai,"Adventure, City",0,0,0,1,1
3275,Geeta,geeta161@rediffmail.com,"Nature, Adventure",Female,3,2,40,Mumbai,"Nature, Adventure",0,0,1,1,0
3276,Ananya,ananya155@gmail.com,Nature,Male,3,0,54,Chennai,Nature,0,0,1,0,0
3277,Riya,riya217@outlook.com,"Nature, Adventure, Beach",Male,2,0,56,Mumbai,"Nature, Adventure, Beach",1,0,1,1,0
3278,Aarav,aarav60@gmail.com,"Historical, Nature",Other,3,0,24,Kolkata,"Historical, Nature",0,1,1,0,0
3279,Ishaan,ishaan189@outlook.com,Beach,Other,3,0,49,Delhi,Beach,1,0,0,0,0
3280,Neha,neha758@outlook.com,"City, Adventure",Other,2,1,55,Surat,"City, Adventure",0,0,0,1,1
3281,Ishaan,ishaan233@gmail.com,"Nature, Historical",Female,3,3,26,Chennai,"Nature, Historical",0,1,1,0,0
3282,Sai,sai986@hotmail.com,Historical,Female,5,1,22,Hyderabad,Historical,0,1,0,0,0
3283,Rohit,rohit386@outlook.com,Historical,Other,2,0,18,Delhi,Historical,0,1,0,0,0
3284,Usha,usha303@outlook.com,"Beach, Adventure",Other,3,2,23,Jaipur,"Beach, Adventure",1,0,0,1,0
3285,Shruti,shruti439@hotmail.com,Nature,Female,1,0,48,Kolkata,Nature,0,0,1,0,0
3286,Arjun,arjun129@gmail.com,"City, Historical, Adventure",Male,3,2,59,Pune,"City, Historical, Adventure",0,1,0,1,1
3287,Tanvi,tanvi561@gmail.com,Nature,Other,1,1,21,Bangalore,Nature,0,0,1,0,0
3288,Krishna,krishna252@gmail.com,"Beach, Nature",Female,2,1,46,Mumbai,"Beach, Nature",1,0,1,0,0
3289,Vikram,vikram645@hotmail.com,Nature,Male,2,0,30,Jaipur,Nature,0,0,1,0,0
3290,Ayaan,ayaan553@outlook.com,"City, Historical, Adventure",Male,1,0,58,Ahmedabad,"City, Historical, Adventure",0,1,0,1,1
3291,Meera,meera663@rediffmail.com,"City, Adventure",Female,2,0,23,Hyderabad,"City, Adventure",0,0,0,1,1
3292,Ishaan,ishaan621@outlook.com,"Beach, Adventure",Male,1,2,33,Jaipur,"Beach, Adventure",1,0,0,1,0
3293,Rohit,rohit792@yahoo.com,"City, Historical, Adventure",Other,3,1,33,Delhi,"City, Historical, Adventure",0,1,0,1,1
3294,Aadhya,aadhya147@outlook.com,Nature,Female,3,1,42,Kolkata,Nature,0,0,1,0,0
3295,Usha,usha214@yahoo.com,Adventure,Other,3,0,60,Ahmedabad,Adventure,0,0,0,1,0
3296,Diya,diya821@hotmail.com,Nature,Female,3,2,39,Chennai,Nature,0,0,1,0,0
3297,Anjali,anjali143@gmail.com,"Beach, Nature",Male,4,1,19,Kolkata,"Beach, Nature",1,0,1,0,0
3298,Amit,amit168@hotmail.com,Beach,Female,2,0,32,Pune,Beach,1,0,0,0,0
3299,Arjun,arjun825@yahoo.com,Adventure,Male,5,0,40,Chennai,Adventure,0,0,0,1,0
3300,Riya,riya501@outlook.com,Beach,Female,5,0,48,Kolkata,Beach,1,0,0,0,0
3301,Priya,priya542@hotmail.com,City,Female,3,0,35,Surat,City,0,0,0,0,1
3302,Meera,meera726@outlook.com,"Beach, Nature",Male,2,1,38,Mumbai,"Beach, Nature",1,0,1,0,0
3303,Deepa,deepa593@yahoo.com,"City, Historical, Adventure",Female,2,1,39,Delhi,"City, Historical, Adventure",0,1,0,1,1
3304,Ishaan,ishaan839@gmail.com,Nature,Male,4,2,63,Jaipur,Nature,0,0,1,0,0
3305,Ananya,ananya612@yahoo.com,"Adventure, Historical",Other,1,0,31,Hyderabad,"Adventure, Historical",0,1,0,1,0
3306,Sneha,sneha888@yahoo.com,"City, Historical",Male,3,0,60,Pune,"City, Historical",0,1,0,0,1
3307,Aarav,aarav191@yahoo.com,"Beach, Adventure",Female,4,0,62,Mumbai,"Beach, Adventure",1,0,0,1,0
3308,Meera,meera933@outlook.com,Adventure,Other,3,2,26,Pune,Adventure,0,0,0,1,0
3309,Ayaan,ayaan885@rediffmail.com,"Nature, Historical",Other,3,0,31,Chennai,"Nature, Historical",0,1,1,0,0
3310,Usha,usha543@yahoo.com,"City, Historical",Female,2,1,27,Chennai,"City, Historical",0,1,0,0,1
3311,Diya,diya456@yahoo.com,"Nature, Adventure",Other,3,0,22,Kolkata,"Nature, Adventure",0,0,1,1,0
3312,Shruti,shruti410@hotmail.com,"Beach, Historical",Female,2,1,60,Bangalore,"Beach, Historical",1,1,0,0,0
3313,Anjali,anjali437@yahoo.com,"Beach, Historical",Male,1,0,27,Mumbai,"Beach, Historical",1,1,0,0,0
3314,Vihaan,vihaan913@rediffmail.com,"Nature, Historical",Other,5,0,34,Ahmedabad,"Nature, Historical",0,1,1,0,0
3315,Aadhya,aadhya210@yahoo.com,Nature,Female,3,0,50,Bangalore,Nature,0,0,1,0,0
3316,Ritika,ritika620@hotmail.com,Adventure,Other,3,0,31,Kolkata,Adventure,0,0,0,1,0
3317,Aarav,aarav873@outlook.com,"Beach, City",Other,5,2,56,Bangalore,"Beach, City",1,0,0,0,1
3318,Vivaan,vivaan576@outlook.com,Nature,Female,3,2,25,Chennai,Nature,0,0,1,0,0
3319,Ishaan,ishaan268@rediffmail.com,"City, Adventure",Male,5,2,41,Mumbai,"City, Adventure",0,0,0,1,1
3320,Aarav,aarav80@gmail.com,"Adventure, Historical",Female,2,0,51,Mumbai,"Adventure, Historical",0,1,0,1,0
3321,Ritika,ritika899@gmail.com,"Beach, Adventure",Other,3,1,64,Mumbai,"Beach, Adventure",1,0,0,1,0
3322,Meera,meera262@gmail.com,"Nature, Adventure",Female,1,0,40,Kolkata,"Nature, Adventure",0,0,1,1,0
3323,Vikram,vikram916@rediffmail.com,"Adventure, Historical",Male,3,2,30,Ahmedabad,"Adventure, Historical",0,1,0,1,0
3324,Reyansh,reyansh282@rediffmail.com,"Beach, Adventure",Female,2,0,50,Mumbai,"Beach, Adventure",1,0,0,1,0
3325,Diya,diya44@rediffmail.com,"Beach, Historical",Male,5,1,38,Kolkata,"Beach, Historical",1,1,0,0,0
3326,Meera,meera459@gmail.com,Adventure,Female,3,0,56,Mumbai,Adventure,0,0,0,1,0
3327,Ishaan,ishaan910@hotmail.com,"Beach, Nature",Female,4,1,53,Chennai,"Beach, Nature",1,0,1,0,0
3328,Tanvi,tanvi719@gmail.com,Nature,Male,1,1,42,Kolkata,Nature,0,0,1,0,0
3329,Anjali,anjali433@gmail.com,"City, Historical",Other,3,2,42,Jaipur,"City, Historical",0,1,0,0,1
3330,Amit,amit594@rediffmail.com,"Beach, Adventure",Other,2,0,48,Mumbai,"Beach, Adventure",1,0,0,1,0
3331,Rahul,rahul886@gmail.com,"Adventure, Historical",Other,2,0,40,Ahmedabad,"Adventure, Historical",0,1,0,1,0
3332,Arjun,arjun603@outlook.com,Nature,Female,2,0,41,Chennai,Nature,0,0,1,0,0
3333,Suresh,suresh975@yahoo.com,"City, Nature",Other,3,1,50,Bangalore,"City, Nature",0,0,1,0,1
3334,Meera,meera164@hotmail.com,Beach,Other,1,0,62,Jaipur,Beach,1,0,0,0,0
3335,Rohit,rohit573@gmail.com,"City, Historical",Other,2,2,45,Kolkata,"City, Historical",0,1,0,0,1
3336,Mohan,mohan497@rediffmail.com,"Beach, Adventure",Male,4,1,18,Bangalore,"Beach, Adventure",1,0,0,1,0
3337,Neha,neha350@yahoo.com,"Historical, Nature",Female,2,1,45,Surat,"Historical, Nature",0,1,1,0,0
3338,Mohan,mohan831@yahoo.com,"Beach, City",Female,1,0,65,Mumbai,"Beach, City",1,0,0,0,1
3339,Kavya,kavya328@yahoo.com,City,Female,5,0,33,Mumbai,City,0,0,0,0,1
3340,Ritika,ritika479@yahoo.com,"Beach, Historical",Other,5,2,26,Mumbai,"Beach, Historical",1,1,0,0,0
3341,Divya,divya784@yahoo.com,"Beach, Historical, Nature",Other,4,3,48,Jaipur,"Beach, Historical, Nature",1,1,1,0,0
3342,Divya,divya942@gmail.com,"Beach, Nature",Other,2,0,62,Jaipur,"Beach, Nature",1,0,1,0,0
3343,Neha,neha944@hotmail.com,"Beach, Adventure",Male,4,0,46,Delhi,"Beach, Adventure",1,0,0,1,0
3344,Ishaan,ishaan75@gmail.com,"Adventure, City",Other,4,0,36,Hyderabad,"Adventure, City",0,0,0,1,1
3345,Shruti,shruti222@gmail.com,"City, Adventure",Other,3,2,62,Jaipur,"City, Adventure",0,0,0,1,1
3346,Tanvi,tanvi97@rediffmail.com,Nature,Male,3,1,48,Delhi,Nature,0,0,1,0,0
3347,Vikram,vikram374@rediffmail.com,Nature,Female,4,0,47,Kolkata,Nature,0,0,1,0,0
3348,Meera,meera42@rediffmail.com,"Nature, Adventure, Beach",Other,3,1,33,Chennai,"Nature, Adventure, Beach",1,0,1,1,0
3349,Meera,meera798@outlook.com,"Beach, Historical",Male,3,0,28,Hyderabad,"Beach, Historical",1,1,0,0,0
3350,Krishna,krishna691@hotmail.com,"City, Adventure",Male,4,1,62,Bangalore,"City, Adventure",0,0,0,1,1
3351,Krishna,krishna858@gmail.com,"City, Historical, Adventure",Male,4,0,57,Mumbai,"City, Historical, Adventure",0,1,0,1,1
3352,Divya,divya22@outlook.com,"Nature, Historical",Female,3,0,25,Pune,"Nature, Historical",0,1,1,0,0
3353,Shruti,shruti808@rediffmail.com,"Beach, Nature",Male,5,0,65,Delhi,"Beach, Nature",1,0,1,0,0
3354,Aditya,aditya71@hotmail.com,"Adventure, City",Female,1,1,26,Kolkata,"Adventure, City",0,0,0,1,1
3355,Amit,amit574@rediffmail.com,"Beach, Adventure",Other,2,0,39,Surat,"Beach, Adventure",1,0,0,1,0
3356,Divya,divya885@rediffmail.com,"Beach, Adventure",Male,2,1,63,Chennai,"Beach, Adventure",1,0,0,1,0
3357,Amit,amit504@gmail.com,"Nature, Adventure, Beach",Male,1,1,48,Surat,"Nature, Adventure, Beach",1,0,1,1,0
3358,Sai,sai838@outlook.com,Beach,Male,5,1,44,Kolkata,Beach,1,0,0,0,0
3359,Meera,meera696@yahoo.com,"Adventure, City",Male,4,0,49,Bangalore,"Adventure, City",0,0,0,1,1
3360,Deepa,deepa434@outlook.com,"Adventure, City",Other,1,0,39,Hyderabad,"Adventure, City",0,0,0,1,1
3361,Geeta,geeta924@yahoo.com,Adventure,Other,1,0,20,Bangalore,Adventure,0,0,0,1,0
3362,Vivaan,vivaan560@hotmail.com,"Nature, Adventure",Male,2,1,19,Pune,"Nature, Adventure",0,0,1,1,0
3363,Sai,sai604@gmail.com,"Beach, Historical, Nature",Female,2,2,49,Delhi,"Beach, Historical, Nature",1,1,1,0,0
3364,Kiran,kiran978@yahoo.com,"Nature, Adventure",Other,3,0,33,Pune,"Nature, Adventure",0,0,1,1,0
3365,Deepa,deepa866@yahoo.com,Beach,Other,3,2,30,Mumbai,Beach,1,0,0,0,0
3366,Sai,sai929@gmail.com,"Nature, Adventure",Other,1,0,56,Surat,"Nature, Adventure",0,0,1,1,0
3367,Riya,riya68@rediffmail.com,Historical,Other,1,0,37,Ahmedabad,Historical,0,1,0,0,0
3368,Aditya,aditya178@rediffmail.com,"City, Nature",Female,3,0,39,Ahmedabad,"City, Nature",0,0,1,0,1
3369,Rekha,rekha775@yahoo.com,"Nature, Adventure, Beach",Other,1,1,21,Hyderabad,"Nature, Adventure, Beach",1,0,1,1,0
3370,Kiara,kiara649@hotmail.com,Nature,Female,1,1,43,Bangalore,Nature,0,0,1,0,0
3371,Ritika,ritika939@gmail.com,City,Male,1,0,58,Kolkata,City,0,0,0,0,1
3372,Anjali,anjali69@outlook.com,"City, Historical, Adventure",Female,4,2,34,Jaipur,"City, Historical, Adventure",0,1,0,1,1
3373,Aarav,aarav893@outlook.com,"City, Nature",Male,5,2,23,Mumbai,"City, Nature",0,0,1,0,1
3374,Amit,amit698@rediffmail.com,"Beach, Adventure",Other,4,0,57,Kolkata,"Beach, Adventure",1,0,0,1,0
3375,Shruti,shruti953@yahoo.com,"Nature, Adventure, Beach",Female,3,0,26,Delhi,"Nature, Adventure, Beach",1,0,1,1,0
3376,Mohan,mohan599@gmail.com,"Nature, Historical",Male,3,1,48,Kolkata,"Nature, Historical",0,1,1,0,0
3377,Amit,amit664@gmail.com,"Beach, Nature",Female,4,0,62,Delhi,"Beach, Nature",1,0,1,0,0
3378,Neha,neha508@hotmail.com,Beach,Male,3,1,31,Kolkata,Beach,1,0,0,0,0
3379,Riya,riya443@rediffmail.com,City,Other,3,0,64,Kolkata,City,0,0,0,0,1
3380,Kavya,kavya471@hotmail.com,"Historical, Nature",Other,2,0,45,Jaipur,"Historical, Nature",0,1,1,0,0
3381,Neha,neha851@rediffmail.com,"Beach, Historical",Other,3,0,59,Kolkata,"Beach, Historical",1,1,0,0,0
3382,Sai,sai973@hotmail.com,"Adventure, Historical",Male,2,2,56,Ahmedabad,"Adventure, Historical",0,1,0,1,0
3383,Rekha,rekha1@hotmail.com,"Nature, Historical",Other,3,2,54,Ahmedabad,"Nature, Historical",0,1,1,0,0
3384,Reyansh,reyansh139@outlook.com,"Adventure, Historical",Other,2,0,45,Pune,"Adventure, Historical",0,1,0,1,0
3385,Rekha,rekha857@hotmail.com,Beach,Female,1,2,53,Pune,Beach,1,0,0,0,0
3386,Ritika,ritika26@outlook.com,"Beach, Historical",Male,5,2,36,Delhi,"Beach, Historical",1,1,0,0,0
3387,Pooja,pooja112@hotmail.com,"Adventure, Historical",Female,3,0,22,Bangalore,"Adventure, Historical",0,1,0,1,0
3388,Geeta,geeta981@outlook.com,Beach,Female,4,1,46,Delhi,Beach,1,0,0,0,0
3389,Ayaan,ayaan862@outlook.com,City,Female,1,2,41,Mumbai,City,0,0,0,0,1
3390,Aarav,aarav736@rediffmail.com,"Historical, Nature",Female,2,1,29,Ahmedabad,"Historical, Nature",0,1,1,0,0
3391,Pooja,pooja575@hotmail.com,"City, Adventure",Other,2,0,32,Mumbai,"City, Adventure",0,0,0,1,1
3392,Ishaan,ishaan604@yahoo.com,"Beach, Historical",Male,1,2,39,Mumbai,"Beach, Historical",1,1,0,0,0
3393,Arjun,arjun660@rediffmail.com,Beach,Other,1,0,54,Mumbai,Beach,1,0,0,0,0
3394,Kiran,kiran678@rediffmail.com,"City, Adventure",Male,5,0,30,Kolkata,"City, Adventure",0,0,0,1,1
3395,Rekha,rekha216@gmail.com,"Beach, Historical, Nature",Male,2,2,18,Jaipur,"Beach, Historical, Nature",1,1,1,0,0
3396,Diya,diya21@yahoo.com,"Beach, City",Male,5,1,45,Bangalore,"Beach, City",1,0,0,0,1
3397,Priya,priya719@rediffmail.com,Historical,Female,2,2,65,Hyderabad,Historical,0,1,0,0,0
3398,Vivaan,vivaan715@outlook.com,Adventure,Other,1,1,35,Hyderabad,Adventure,0,0,0,1,0
3399,Kiran,kiran969@rediffmail.com,"City, Adventure",Female,3,2,34,Mumbai,"City, Adventure",0,0,0,1,1
3400,Vikram,vikram556@hotmail.com,"Beach, Adventure",Female,3,0,41,Chennai,"Beach, Adventure",1,0,0,1,0
3401,Priya,priya339@gmail.com,"Beach, City",Female,3,2,52,Kolkata,"Beach, City",1,0,0,0,1
3402,Amit,amit950@rediffmail.com,"Beach, Adventure",Other,3,0,30,Hyderabad,"Beach, Adventure",1,0,0,1,0
3403,Mohan,mohan760@yahoo.com,"City, Adventure",Other,3,0,28,Kolkata,"City, Adventure",0,0,0,1,1
3404,Shruti,shruti222@hotmail.com,Beach,Female,3,0,19,Jaipur,Beach,1,0,0,0,0
3405,Tanvi,tanvi374@rediffmail.com,Adventure,Male,5,2,36,Chennai,Adventure,0,0,0,1,0
3406,Kavya,kavya792@hotmail.com,"Nature, Adventure, Beach",Other,2,2,34,Hyderabad,"Nature, Adventure, Beach",1,0,1,1,0
3407,Riya,riya893@hotmail.com,"Nature, Adventure, Beach",Other,2,1,40,Mumbai,"Nature, Adventure, Beach",1,0,1,1,0
3408,Nisha,nisha327@gmail.com,"City, Adventure",Other,1,0,35,Kolkata,"City, Adventure",0,0,0,1,1
3409,Divya,divya170@gmail.com,"Nature, Adventure",Female,2,0,56,Chennai,"Nature, Adventure",0,0,1,1,0
3410,Sunita,sunita47@hotmail.com,Historical,Male,5,0,27,Surat,Historical,0,1,0,0,0
3411,Rahul,rahul277@outlook.com,"Beach, Historical",Male,3,0,44,Bangalore,"Beach, Historical",1,1,0,0,0
3412,Rohit,rohit573@outlook.com,"Beach, Nature",Female,1,0,62,Mumbai,"Beach, Nature",1,0,1,0,0
3413,Nisha,nisha352@gmail.com,"Historical, Nature",Other,1,0,32,Delhi,"Historical, Nature",0,1,1,0,0
3414,Krishna,krishna931@hotmail.com,"Nature, Adventure, Beach",Female,4,1,61,Chennai,"Nature, Adventure, Beach",1,0,1,1,0
3415,Kiara,kiara769@hotmail.com,"Nature, Adventure, Beach",Female,2,2,64,Delhi,"Nature, Adventure, Beach",1,0,1,1,0
3416,Ayaan,ayaan146@yahoo.com,"City, Adventure",Other,1,3,28,Kolkata,"City, Adventure",0,0,0,1,1
3417,Amit,amit190@hotmail.com,"Beach, City",Male,3,2,42,Bangalore,"Beach, City",1,0,0,0,1
3418,Amit,amit114@gmail.com,City,Female,2,1,53,Pune,City,0,0,0,0,1
3419,Amit,amit300@outlook.com,"City, Historical",Female,3,0,20,Surat,"City, Historical",0,1,0,0,1
3420,Sai,sai599@yahoo.com,"Adventure, Historical",Male,1,1,37,Pune,"Adventure, Historical",0,1,0,1,0
3421,Amit,amit321@yahoo.com,Historical,Other,1,1,26,Jaipur,Historical,0,1,0,0,0
3422,Ananya,ananya557@gmail.com,Nature,Female,2,0,42,Delhi,Nature,0,0,1,0,0
3423,Krishna,krishna867@gmail.com,"Adventure, Historical",Female,2,0,64,Bangalore,"Adventure, Historical",0,1,0,1,0
3424,Lakshmi,lakshmi264@gmail.com,"Historical, Nature",Female,1,0,25,Ahmedabad,"Historical, Nature",0,1,1,0,0
3425,Pooja,pooja402@yahoo.com,"Beach, Historical",Other,3,0,54,Chennai,"Beach, Historical",1,1,0,0,0
3426,Sai,sai618@hotmail.com,"City, Nature",Male,4,0,57,Surat,"City, Nature",0,0,1,0,1
3427,Rohit,rohit973@gmail.com,Nature,Other,2,0,39,Mumbai,Nature,0,0,1,0,0
3428,Rohit,rohit739@rediffmail.com,"City, Historical, Adventure",Other,1,2,61,Kolkata,"City, Historical, Adventure",0,1,0,1,1
3429,Pooja,pooja234@gmail.com,"Historical, Nature",Male,2,0,51,Ahmedabad,"Historical, Nature",0,1,1,0,0
3430,Anjali,anjali981@gmail.com,"Nature, Historical",Other,2,2,60,Hyderabad,"Nature, Historical",0,1,1,0,0
3431,Ishaan,ishaan59@yahoo.com,"City, Adventure",Other,4,0,41,Mumbai,"City, Adventure",0,0,0,1,1
3432,Ishaan,ishaan567@yahoo.com,"City, Nature",Male,2,0,41,Pune,"City, Nature",0,0,1,0,1
3433,Pooja,pooja388@hotmail.com,"Historical, Nature",Other,3,0,39,Hyderabad,"Historical, Nature",0,1,1,0,0
3434,Geeta,geeta25@outlook.com,"Beach, City",Male,4,1,63,Chennai,"Beach, City",1,0,0,0,1
3435,Nisha,nisha255@hotmail.com,"Nature, Adventure, Beach",Female,2,2,20,Bangalore,"Nature, Adventure, Beach",1,0,1,1,0
3436,Geeta,geeta496@hotmail.com,"Beach, Nature",Other,3,0,44,Bangalore,"Beach, Nature",1,0,1,0,0
3437,Geeta,geeta118@hotmail.com,"Nature, Adventure, Beach",Male,2,2,39,Delhi,"Nature, Adventure, Beach",1,0,1,1,0
3438,Pooja,pooja219@yahoo.com,City,Male,4,0,57,Delhi,City,0,0,0,0,1
3439,Vihaan,vihaan749@rediffmail.com,Adventure,Male,4,0,24,Surat,Adventure,0,0,0,1,0
3440,Mohan,mohan253@hotmail.com,"City, Historical, Adventure",Male,4,0,61,Jaipur,"City, Historical, Adventure",0,1,0,1,1
3441,Lakshmi,lakshmi797@hotmail.com,"Beach, Nature",Male,2,1,61,Jaipur,"Beach, Nature",1,0,1,0,0
3442,Shruti,shruti2@hotmail.com,"Nature, Historical",Female,4,1,64,Delhi,"Nature, Historical",0,1,1,0,0
3443,Suresh,suresh885@yahoo.com,"Nature, Adventure",Female,2,0,29,Mumbai,"Nature, Adventure",0,0,1,1,0
3444,Krishna,krishna795@hotmail.com,City,Male,3,1,20,Chennai,City,0,0,0,0,1
3445,Nisha,nisha654@outlook.com,"Nature, Adventure",Male,3,1,46,Kolkata,"Nature, Adventure",0,0,1,1,0
3446,Vihaan,vihaan244@gmail.com,"Beach, City",Male,3,1,31,Hyderabad,"Beach, City",1,0,0,0,1
3447,Deepa,deepa702@hotmail.com,"City, Adventure",Female,3,1,64,Bangalore,"City, Adventure",0,0,0,1,1
3448,Riya,riya808@hotmail.com,"Beach, Historical, Nature",Other,1,0,33,Ahmedabad,"Beach, Historical, Nature",1,1,1,0,0
3449,Krishna,krishna458@yahoo.com,"City, Historical",Male,4,0,33,Chennai,"City, Historical",0,1,0,0,1
3450,Sneha,sneha385@gmail.com,"Beach, Nature",Other,2,0,24,Chennai,"Beach, Nature",1,0,1,0,0
3451,Ritika,ritika674@rediffmail.com,"Historical, Nature",Female,4,0,53,Chennai,"Historical, Nature",0,1,1,0,0
3452,Arjun,arjun903@hotmail.com,City,Male,3,1,32,Kolkata,City,0,0,0,0,1
3453,Aarav,aarav244@rediffmail.com,"City, Historical, Adventure",Other,3,0,62,Jaipur,"City, Historical, Adventure",0,1,0,1,1
3454,Riya,riya756@hotmail.com,"Nature, Adventure, Beach",Male,2,1,63,Hyderabad,"Nature, Adventure, Beach",1,0,1,1,0
3455,Shruti,shruti439@hotmail.com,"Historical, Nature",Male,1,0,23,Hyderabad,"Historical, Nature",0,1,1,0,0
3456,Reyansh,reyansh800@gmail.com,Adventure,Male,2,0,35,Ahmedabad,Adventure,0,0,0,1,0
3457,Suresh,suresh893@gmail.com,"Beach, Historical, Nature",Other,2,0,47,Mumbai,"Beach, Historical, Nature",1,1,1,0,0
3458,Anjali,anjali381@gmail.com,"Beach, Nature",Other,4,1,59,Hyderabad,"Beach, Nature",1,0,1,0,0
3459,Suresh,suresh266@outlook.com,Nature,Other,2,1,40,Pune,Nature,0,0,1,0,0
3460,Vikram,vikram843@gmail.com,"Nature, Adventure, Beach",Male,2,0,33,Jaipur,"Nature, Adventure, Beach",1,0,1,1,0
3461,Pooja,pooja752@gmail.com,City,Other,2,0,45,Chennai,City,0,0,0,0,1
3462,Geeta,geeta363@hotmail.com,"Beach, Nature",Male,3,1,42,Jaipur,"Beach, Nature",1,0,1,0,0
3463,Ritika,ritika225@gmail.com,"City, Adventure",Female,2,0,30,Ahmedabad,"City, Adventure",0,0,0,1,1
3464,Anjali,anjali490@outlook.com,"Nature, Adventure",Male,3,0,59,Hyderabad,"Nature, Adventure",0,0,1,1,0
3465,Vikram,vikram985@gmail.com,"Nature, Historical",Female,4,2,29,Jaipur,"Nature, Historical",0,1,1,0,0
3466,Lakshmi,lakshmi210@yahoo.com,"Beach, Historical",Female,5,0,47,Kolkata,"Beach, Historical",1,1,0,0,0
3467,Reyansh,reyansh701@outlook.com,"Historical, Nature",Other,3,0,36,Ahmedabad,"Historical, Nature",0,1,1,0,0
3468,Kiara,kiara116@rediffmail.com,Beach,Other,3,0,44,Hyderabad,Beach,1,0,0,0,0
3469,Tanvi,tanvi28@outlook.com,Beach,Female,2,3,42,Surat,Beach,1,0,0,0,0
3470,Neha,neha925@hotmail.com,"Beach, Historical",Male,2,1,32,Mumbai,"Beach, Historical",1,1,0,0,0
3471,Vivaan,vivaan285@rediffmail.com,"City, Nature",Female,3,2,32,Kolkata,"City, Nature",0,0,1,0,1
3472,Kiara,kiara707@gmail.com,"City, Adventure",Other,5,1,27,Surat,"City, Adventure",0,0,0,1,1
3473,Ayaan,ayaan678@yahoo.com,Adventure,Male,2,1,35,Delhi,Adventure,0,0,0,1,0
3474,Aditya,aditya930@outlook.com,"Nature, Adventure",Female,3,1,55,Delhi,"Nature, Adventure",0,0,1,1,0
3475,Sai,sai557@hotmail.com,"Historical, Nature",Male,3,0,25,Ahmedabad,"Historical, Nature",0,1,1,0,0
3476,Diya,diya21@gmail.com,"Beach, Historical, Nature",Male,2,1,43,Mumbai,"Beach, Historical, Nature",1,1,1,0,0
3477,Tanvi,tanvi343@hotmail.com,City,Other,3,2,51,Hyderabad,City,0,0,0,0,1
3478,Sunita,sunita489@outlook.com,"City, Historical, Adventure",Other,2,1,38,Bangalore,"City, Historical, Adventure",0,1,0,1,1
3479,Krishna,krishna110@hotmail.com,"Beach, Nature",Male,2,2,39,Kolkata,"Beach, Nature",1,0,1,0,0
3480,Amit,amit530@gmail.com,"Beach, Historical, Nature",Other,3,0,18,Kolkata,"Beach, Historical, Nature",1,1,1,0,0
3481,Arjun,arjun505@yahoo.com,"Adventure, Historical",Female,4,0,44,Chennai,"Adventure, Historical",0,1,0,1,0
3482,Reyansh,reyansh173@rediffmail.com,Historical,Female,4,0,29,Kolkata,Historical,0,1,0,0,0
3483,Reyansh,reyansh429@rediffmail.com,"Nature, Historical",Other,2,0,53,Ahmedabad,"Nature, Historical",0,1,1,0,0
3484,Arjun,arjun91@rediffmail.com,"Beach, Adventure",Other,4,1,59,Surat,"Beach, Adventure",1,0,0,1,0
3485,Geeta,geeta55@hotmail.com,City,Male,3,0,31,Mumbai,City,0,0,0,0,1
3486,Shruti,shruti79@hotmail.com,Adventure,Female,2,1,28,Delhi,Adventure,0,0,0,1,0
3487,Vikram,vikram228@yahoo.com,Nature,Male,4,0,48,Surat,Nature,0,0,1,0,0
3488,Anjali,anjali338@outlook.com,"City, Historical, Adventure",Male,4,0,62,Surat,"City, Historical, Adventure",0,1,0,1,1
3489,Vihaan,vihaan249@hotmail.com,"Historical, Nature",Other,2,0,51,Pune,"Historical, Nature",0,1,1,0,0
3490,Neha,neha231@outlook.com,Nature,Male,3,2,53,Delhi,Nature,0,0,1,0,0
3491,Ishaan,ishaan494@outlook.com,"Beach, Adventure",Other,3,0,38,Pune,"Beach, Adventure",1,0,0,1,0
3492,Reyansh,reyansh449@outlook.com,"City, Historical",Other,3,0,53,Delhi,"City, Historical",0,1,0,0,1
3493,Priya,priya853@hotmail.com,Nature,Male,5,0,63,Bangalore,Nature,0,0,1,0,0
3494,Diya,diya416@gmail.com,"Beach, Nature",Other,3,0,56,Hyderabad,"Beach, Nature",1,0,1,0,0
3495,Amit,amit265@gmail.com,"Beach, Adventure",Other,4,0,32,Delhi,"Beach, Adventure",1,0,0,1,0
3496,Rahul,rahul399@yahoo.com,"Nature, Adventure",Other,2,2,48,Surat,"Nature, Adventure",0,0,1,1,0
3497,Kiran,kiran534@outlook.com,"Nature, Adventure, Beach",Male,3,0,60,Hyderabad,"Nature, Adventure, Beach",1,0,1,1,0
3498,Suresh,suresh904@rediffmail.com,"Beach, Historical, Nature",Female,1,0,64,Mumbai,"Beach, Historical, Nature",1,1,1,0,0
3499,Mohan,mohan768@rediffmail.com,"Nature, Adventure, Beach",Male,3,0,58,Chennai,"Nature, Adventure, Beach",1,0,1,1,0
3500,Rohit,rohit667@gmail.com,Nature,Female,3,0,31,Chennai,Nature,0,0,1,0,0
3501,Usha,usha482@yahoo.com,Nature,Female,1,1,25,Jaipur,Nature,0,0,1,0,0
3502,Kiara,kiara724@outlook.com,"Beach, Historical",Other,5,0,59,Bangalore,"Beach, Historical",1,1,0,0,0
3503,Kavya,kavya753@outlook.com,"Beach, Nature",Other,3,2,64,Chennai,"Beach, Nature",1,0,1,0,0
3504,Vihaan,vihaan422@yahoo.com,"Historical, Nature",Other,2,0,18,Delhi,"Historical, Nature",0,1,1,0,0
3505,Ritika,ritika103@outlook.com,"Nature, Historical",Female,2,1,53,Hyderabad,"Nature, Historical",0,1,1,0,0
3506,Ishaan,ishaan686@gmail.com,"Historical, Nature",Other,2,2,41,Mumbai,"Historical, Nature",0,1,1,0,0
3507,Rekha,rekha316@hotmail.com,Nature,Female,3,2,25,Ahmedabad,Nature,0,0,1,0,0
3508,Lakshmi,lakshmi674@gmail.com,"Adventure, Historical",Female,5,0,54,Hyderabad,"Adventure, Historical",0,1,0,1,0
3509,Reyansh,reyansh317@hotmail.com,"City, Adventure",Male,3,1,22,Chennai,"City, Adventure",0,0,0,1,1
3510,Divya,divya40@outlook.com,"Nature, Historical",Other,1,2,23,Surat,"Nature, Historical",0,1,1,0,0
3511,Vihaan,vihaan521@yahoo.com,Beach,Male,3,2,22,Mumbai,Beach,1,0,0,0,0
3512,Diya,diya326@hotmail.com,"Adventure, Historical",Other,2,1,55,Bangalore,"Adventure, Historical",0,1,0,1,0
3513,Aditya,aditya650@yahoo.com,"City, Nature",Female,2,0,55,Kolkata,"City, Nature",0,0,1,0,1
3514,Rekha,rekha178@yahoo.com,"City, Historical, Adventure",Female,2,1,23,Surat,"City, Historical, Adventure",0,1,0,1,1
3515,Priya,priya96@gmail.com,"Beach, Historical, Nature",Male,3,0,57,Chennai,"Beach, Historical, Nature",1,1,1,0,0
3516,Nisha,nisha130@outlook.com,"Adventure, City",Female,1,0,29,Ahmedabad,"Adventure, City",0,0,0,1,1
3517,Diya,diya277@hotmail.com,"Beach, Adventure",Male,4,1,52,Surat,"Beach, Adventure",1,0,0,1,0
3518,Kiara,kiara976@yahoo.com,"Beach, City",Male,2,0,65,Ahmedabad,"Beach, City",1,0,0,0,1
3519,Vikram,vikram447@rediffmail.com,"Beach, City",Other,1,0,41,Hyderabad,"Beach, City",1,0,0,0,1
3520,Ananya,ananya292@yahoo.com,"Beach, Historical, Nature",Male,2,1,26,Ahmedabad,"Beach, Historical, Nature",1,1,1,0,0
3521,Rohit,rohit352@gmail.com,Historical,Female,2,2,19,Surat,Historical,0,1,0,0,0
3522,Amit,amit168@rediffmail.com,City,Other,5,1,48,Mumbai,City,0,0,0,0,1
3523,Riya,riya583@hotmail.com,"Nature, Adventure, Beach",Female,2,0,56,Delhi,"Nature, Adventure, Beach",1,0,1,1,0
3524,Tanvi,tanvi415@outlook.com,"Nature, Adventure",Female,2,2,51,Chennai,"Nature, Adventure",0,0,1,1,0
3525,Aarav,aarav39@rediffmail.com,"City, Historical, Adventure",Female,2,1,47,Chennai,"City, Historical, Adventure",0,1,0,1,1
3526,Sneha,sneha292@rediffmail.com,Beach,Other,2,3,45,Jaipur,Beach,1,0,0,0,0
3527,Geeta,geeta552@rediffmail.com,"City, Historical, Adventure",Female,2,0,24,Jaipur,"City, Historical, Adventure",0,1,0,1,1
3528,Vivaan,vivaan894@hotmail.com,"City, Historical, Adventure",Male,1,0,46,Delhi,"City, Historical, Adventure",0,1,0,1,1
3529,Sai,sai27@yahoo.com,City,Female,4,3,46,Delhi,City,0,0,0,0,1
3530,Rohit,rohit402@hotmail.com,"City, Adventure",Female,2,0,59,Pune,"City, Adventure",0,0,0,1,1
3531,Arjun,arjun556@rediffmail.com,Nature,Male,3,0,60,Hyderabad,Nature,0,0,1,0,0
3532,Priya,priya577@yahoo.com,"Beach, Adventure",Female,3,3,41,Surat,"Beach, Adventure",1,0,0,1,0
3533,Lakshmi,lakshmi590@rediffmail.com,"Adventure, Historical",Male,4,3,35,Pune,"Adventure, Historical",0,1,0,1,0
3534,Vivaan,vivaan662@outlook.com,Nature,Female,4,1,32,Jaipur,Nature,0,0,1,0,0
3535,Rohit,rohit319@gmail.com,"Adventure, City",Other,3,0,29,Ahmedabad,"Adventure, City",0,0,0,1,1
3536,Lakshmi,lakshmi74@hotmail.com,"Beach, Historical, Nature",Other,2,0,46,Delhi,"Beach, Historical, Nature",1,1,1,0,0
3537,Nisha,nisha982@gmail.com,"Adventure, City",Female,1,2,33,Ahmedabad,"Adventure, City",0,0,0,1,1
3538,Rahul,rahul893@hotmail.com,Nature,Other,2,0,37,Ahmedabad,Nature,0,0,1,0,0
3539,Arjun,arjun645@hotmail.com,"City, Nature",Other,3,1,65,Kolkata,"City, Nature",0,0,1,0,1
3540,Mohan,mohan890@gmail.com,Beach,Male,2,0,19,Delhi,Beach,1,0,0,0,0
3541,Vivaan,vivaan789@gmail.com,"Adventure, City",Female,3,0,39,Delhi,"Adventure, City",0,0,0,1,1
3542,Usha,usha665@yahoo.com,"Beach, Historical",Female,3,1,41,Bangalore,"Beach, Historical",1,1,0,0,0
3543,Shruti,shruti471@outlook.com,City,Female,4,0,31,Kolkata,City,0,0,0,0,1
3544,Rahul,rahul425@yahoo.com,"Nature, Adventure",Male,3,0,37,Hyderabad,"Nature, Adventure",0,0,1,1,0
3545,Aadhya,aadhya644@rediffmail.com,"Beach, City",Female,3,1,65,Chennai,"Beach, City",1,0,0,0,1
3546,Kiara,kiara108@rediffmail.com,"City, Historical",Other,5,0,41,Jaipur,"City, Historical",0,1,0,0,1
3547,Deepa,deepa91@hotmail.com,"Nature, Adventure",Female,4,2,46,Hyderabad,"Nature, Adventure",0,0,1,1,0
3548,Sneha,sneha888@outlook.com,Historical,Female,4,0,44,Bangalore,Historical,0,1,0,0,0
3549,Vikram,vikram251@hotmail.com,Historical,Other,2,0,57,Ahmedabad,Historical,0,1,0,0,0
3550,Rekha,rekha501@hotmail.com,"Beach, City",Female,5,2,57,Hyderabad,"Beach, City",1,0,0,0,1
3551,Meera,meera666@yahoo.com,"Nature, Historical",Other,3,0,40,Chennai,"Nature, Historical",0,1,1,0,0
3552,Pooja,pooja768@hotmail.com,"Beach, City",Male,5,2,48,Kolkata,"Beach, City",1,0,0,0,1
3553,Divya,divya430@rediffmail.com,Adventure,Female,1,2,19,Jaipur,Adventure,0,0,0,1,0
3554,Deepa,deepa479@outlook.com,"City, Historical",Female,3,0,37,Delhi,"City, Historical",0,1,0,0,1
3555,Arjun,arjun325@hotmail.com,"Beach, Adventure",Other,4,0,55,Mumbai,"Beach, Adventure",1,0,0,1,0
3556,Aditya,aditya659@gmail.com,"City, Historical, Adventure",Female,3,2,41,Kolkata,"City, Historical, Adventure",0,1,0,1,1
3557,Amit,amit744@rediffmail.com,"Adventure, City",Male,3,1,39,Chennai,"Adventure, City",0,0,0,1,1
3558,Anjali,anjali982@outlook.com,Nature,Female,2,3,30,Bangalore,Nature,0,0,1,0,0
3559,Deepa,deepa441@gmail.com,"Beach, Historical",Male,2,0,54,Delhi,"Beach, Historical",1,1,0,0,0
3560,Arjun,arjun62@yahoo.com,"Nature, Historical",Other,5,1,44,Delhi,"Nature, Historical",0,1,1,0,0
3561,Sai,sai615@rediffmail.com,City,Other,3,0,38,Delhi,City,0,0,0,0,1
3562,Sai,sai561@gmail.com,"Adventure, Historical",Other,2,3,35,Kolkata,"Adventure, Historical",0,1,0,1,0
3563,Lakshmi,lakshmi79@outlook.com,"Nature, Historical",Female,2,2,50,Kolkata,"Nature, Historical",0,1,1,0,0
3564,Neha,neha499@gmail.com,"Beach, City",Other,2,1,43,Kolkata,"Beach, City",1,0,0,0,1
3565,Mohan,mohan907@yahoo.com,"Nature, Adventure, Beach",Male,3,1,41,Kolkata,"Nature, Adventure, Beach",1,0,1,1,0
3566,Rohit,rohit615@rediffmail.com,"City, Adventure",Male,3,1,35,Bangalore,"City, Adventure",0,0,0,1,1
3567,Kiara,kiara709@yahoo.com,"Beach, Historical",Other,2,1,49,Kolkata,"Beach, Historical",1,1,0,0,0
3568,Meera,meera876@gmail.com,"Adventure, Historical",Female,4,1,57,Ahmedabad,"Adventure, Historical",0,1,0,1,0
3569,Lakshmi,lakshmi179@yahoo.com,"City, Historical",Female,1,0,23,Ahmedabad,"City, Historical",0,1,0,0,1
3570,Vikram,vikram386@gmail.com,"Nature, Historical",Female,2,2,31,Ahmedabad,"Nature, Historical",0,1,1,0,0
3571,Geeta,geeta859@gmail.com,"Beach, City",Female,3,1,28,Hyderabad,"Beach, City",1,0,0,0,1
3572,Divya,divya307@outlook.com,"Adventure, City",Male,2,1,36,Delhi,"Adventure, City",0,0,0,1,1
3573,Vivaan,vivaan953@yahoo.com,"City, Nature",Other,2,0,40,Delhi,"City, Nature",0,0,1,0,1
3574,Ritika,ritika938@hotmail.com,Nature,Female,5,2,48,Hyderabad,Nature,0,0,1,0,0
3575,Reyansh,reyansh209@gmail.com,"Beach, Adventure",Female,1,1,18,Bangalore,"Beach, Adventure",1,0,0,1,0
3576,Amit,amit527@outlook.com,"Beach, Adventure",Female,5,3,38,Ahmedabad,"Beach, Adventure",1,0,0,1,0
3577,Sai,sai358@yahoo.com,"Nature, Adventure, Beach",Other,4,0,28,Delhi,"Nature, Adventure, Beach",1,0,1,1,0
3578,Shruti,shruti564@rediffmail.com,"Adventure, Historical",Female,4,2,21,Surat,"Adventure, Historical",0,1,0,1,0
3579,Anjali,anjali311@gmail.com,"Historical, Nature",Other,5,0,51,Delhi,"Historical, Nature",0,1,1,0,0
3580,Vikram,vikram472@outlook.com,"Nature, Adventure, Beach",Male,2,0,24,Surat,"Nature, Adventure, Beach",1,0,1,1,0
3581,Kiara,kiara319@rediffmail.com,"City, Historical, Adventure",Male,3,1,20,Mumbai,"City, Historical, Adventure",0,1,0,1,1
3582,Diya,diya984@rediffmail.com,"City, Historical",Female,4,0,26,Surat,"City, Historical",0,1,0,0,1
3583,Ananya,ananya320@yahoo.com,"Beach, Nature",Other,3,0,47,Chennai,"Beach, Nature",1,0,1,0,0
3584,Vihaan,vihaan861@rediffmail.com,"Beach, Nature",Male,1,0,48,Chennai,"Beach, Nature",1,0,1,0,0
3585,Meera,meera93@gmail.com,"Nature, Historical",Other,2,0,23,Pune,"Nature, Historical",0,1,1,0,0
3586,Amit,amit372@yahoo.com,"Nature, Adventure",Male,2,0,21,Hyderabad,"Nature, Adventure",0,0,1,1,0
3587,Meera,meera11@hotmail.com,Historical,Other,1,1,21,Surat,Historical,0,1,0,0,0
3588,Deepa,deepa370@rediffmail.com,"Beach, Historical, Nature",Female,3,0,47,Kolkata,"Beach, Historical, Nature",1,1,1,0,0
3589,Lakshmi,lakshmi244@outlook.com,"Adventure, Historical",Female,1,1,29,Surat,"Adventure, Historical",0,1,0,1,0
3590,Geeta,geeta101@yahoo.com,Nature,Other,4,1,39,Bangalore,Nature,0,0,1,0,0
3591,Vihaan,vihaan427@outlook.com,"City, Historical",Other,5,2,19,Kolkata,"City, Historical",0,1,0,0,1
3592,Reyansh,reyansh940@hotmail.com,Beach,Other,3,0,62,Ahmedabad,Beach,1,0,0,0,0
3593,Krishna,krishna164@outlook.com,"Adventure, City",Other,1,1,44,Ahmedabad,"Adventure, City",0,0,0,1,1
3594,Krishna,krishna156@gmail.com,Adventure,Female,5,0,59,Kolkata,Adventure,0,0,0,1,0
3595,Usha,usha583@hotmail.com,"Adventure, City",Male,3,1,49,Surat,"Adventure, City",0,0,0,1,1
3596,Sai,sai764@gmail.com,"Beach, Historical",Female,3,0,58,Pune,"Beach, Historical",1,1,0,0,0
3597,Shruti,shruti133@yahoo.com,"Beach, Historical, Nature",Other,2,1,28,Bangalore,"Beach, Historical, Nature",1,1,1,0,0
3598,Vivaan,vivaan48@hotmail.com,"Beach, City",Other,2,0,26,Hyderabad,"Beach, City",1,0,0,0,1
3599,Diya,diya570@hotmail.com,"Beach, Nature",Male,3,0,39,Bangalore,"Beach, Nature",1,0,1,0,0
3600,Aditya,aditya340@rediffmail.com,"Beach, Historical",Other,5,2,51,Kolkata,"Beach, Historical",1,1,0,0,0
3601,Vivaan,vivaan826@hotmail.com,"Nature, Adventure",Female,3,0,29,Hyderabad,"Nature, Adventure",0,0,1,1,0
3602,Aarav,aarav429@outlook.com,"Nature, Historical",Female,2,3,43,Surat,"Nature, Historical",0,1,1,0,0
3603,Rohit,rohit43@rediffmail.com,"Beach, Historical",Female,4,1,64,Surat,"Beach, Historical",1,1,0,0,0
3604,Neha,neha339@hotmail.com,Beach,Other,2,0,42,Pune,Beach,1,0,0,0,0
3605,Amit,amit442@yahoo.com,"City, Nature",Other,3,1,50,Jaipur,"City, Nature",0,0,1,0,1
3606,Vikram,vikram356@hotmail.com,"Nature, Adventure, Beach",Other,4,0,42,Mumbai,"Nature, Adventure, Beach",1,0,1,1,0
3607,Deepa,deepa663@yahoo.com,"Adventure, City",Other,1,0,24,Chennai,"Adventure, City",0,0,0,1,1
3608,Mohan,mohan392@gmail.com,"Beach, City",Female,4,0,46,Delhi,"Beach, City",1,0,0,0,1
3609,Sunita,sunita631@gmail.com,"Beach, Adventure",Other,1,0,64,Hyderabad,"Beach, Adventure",1,0,0,1,0
3610,Anjali,anjali601@outlook.com,"City, Nature",Other,2,1,36,Hyderabad,"City, Nature",0,0,1,0,1
3611,Arjun,arjun604@gmail.com,"Beach, City",Female,4,1,41,Chennai,"Beach, City",1,0,0,0,1
3612,Nisha,nisha452@yahoo.com,"Beach, Historical, Nature",Male,3,2,65,Kolkata,"Beach, Historical, Nature",1,1,1,0,0
3613,Tanvi,tanvi221@gmail.com,"City, Historical, Adventure",Female,3,0,64,Kolkata,"City, Historical, Adventure",0,1,0,1,1
3614,Shruti,shruti9@rediffmail.com,"Beach, City",Other,4,0,58,Ahmedabad,"Beach, City",1,0,0,0,1
3615,Deepa,deepa855@outlook.com,Beach,Other,3,1,28,Pune,Beach,1,0,0,0,0
3616,Ritika,ritika680@yahoo.com,"Historical, Nature",Other,5,1,18,Delhi,"Historical, Nature",0,1,1,0,0
3617,Anjali,anjali224@yahoo.com,"City, Nature",Female,2,0,50,Ahmedabad,"City, Nature",0,0,1,0,1
3618,Rohit,rohit438@rediffmail.com,"Nature, Historical",Other,5,0,44,Jaipur,"Nature, Historical",0,1,1,0,0
3619,Neha,neha19@rediffmail.com,Beach,Female,2,1,48,Hyderabad,Beach,1,0,0,0,0
3620,Sneha,sneha589@outlook.com,"City, Historical, Adventure",Female,2,0,40,Chennai,"City, Historical, Adventure",0,1,0,1,1
3621,Sai,sai961@hotmail.com,"Adventure, Historical",Female,3,1,56,Bangalore,"Adventure, Historical",0,1,0,1,0
3622,Neha,neha717@rediffmail.com,Adventure,Female,3,0,35,Delhi,Adventure,0,0,0,1,0
3623,Arjun,arjun723@outlook.com,City,Female,3,3,28,Kolkata,City,0,0,0,0,1
3624,Pooja,pooja331@gmail.com,"Beach, Nature",Other,3,0,39,Chennai,"Beach, Nature",1,0,1,0,0
3625,Sneha,sneha628@hotmail.com,"City, Adventure",Female,1,0,59,Kolkata,"City, Adventure",0,0,0,1,1
3626,Nisha,nisha909@gmail.com,"Nature, Adventure, Beach",Female,2,1,33,Mumbai,"Nature, Adventure, Beach",1,0,1,1,0
3627,Vihaan,vihaan580@yahoo.com,"City, Adventure",Other,3,0,25,Kolkata,"City, Adventure",0,0,0,1,1
3628,Diya,diya858@gmail.com,"City, Historical",Other,2,0,58,Bangalore,"City, Historical",0,1,0,0,1
3629,Ananya,ananya945@outlook.com,"Adventure, City",Male,3,1,65,Chennai,"Adventure, City",0,0,0,1,1
3630,Nisha,nisha791@rediffmail.com,"Historical, Nature",Female,2,1,54,Ahmedabad,"Historical, Nature",0,1,1,0,0
3631,Priya,priya447@gmail.com,"City, Historical",Other,4,3,35,Mumbai,"City, Historical",0,1,0,0,1
3632,Aadhya,aadhya202@outlook.com,"Beach, Historical, Nature",Male,1,2,32,Jaipur,"Beach, Historical, Nature",1,1,1,0,0
3633,Riya,riya384@rediffmail.com,Beach,Female,5,0,40,Pune,Beach,1,0,0,0,0
3634,Priya,priya280@hotmail.com,"Beach, Historical",Female,2,0,43,Mumbai,"Beach, Historical",1,1,0,0,0
3635,Usha,usha912@hotmail.com,Adventure,Female,5,2,43,Bangalore,Adventure,0,0,0,1,0
3636,Shruti,shruti140@gmail.com,"Adventure, Historical",Other,2,2,37,Surat,"Adventure, Historical",0,1,0,1,0
3637,Sunita,sunita65@gmail.com,"Nature, Adventure, Beach",Other,2,1,40,Kolkata,"Nature, Adventure, Beach",1,0,1,1,0
3638,Pooja,pooja757@yahoo.com,City,Female,3,0,23,Pune,City,0,0,0,0,1
3639,Rahul,rahul740@yahoo.com,"Beach, Historical, Nature",Male,4,1,47,Pune,"Beach, Historical, Nature",1,1,1,0,0
3640,Rahul,rahul563@yahoo.com,"City, Historical",Male,2,0,31,Surat,"City, Historical",0,1,0,0,1
3641,Suresh,suresh408@hotmail.com,City,Female,2,0,46,Ahmedabad,City,0,0,0,0,1
3642,Usha,usha796@gmail.com,Adventure,Female,1,2,54,Surat,Adventure,0,0,0,1,0
3643,Reyansh,reyansh622@rediffmail.com,"City, Historical",Female,2,0,27,Surat,"City, Historical",0,1,0,0,1
3644,Sneha,sneha307@gmail.com,"Nature, Historical",Other,4,0,61,Delhi,"Nature, Historical",0,1,1,0,0
3645,Lakshmi,lakshmi940@outlook.com,"Nature, Adventure, Beach",Other,2,1,33,Ahmedabad,"Nature, Adventure, Beach",1,0,1,1,0
3646,Rohit,rohit679@rediffmail.com,Adventure,Female,2,0,42,Pune,Adventure,0,0,0,1,0
3647,Geeta,geeta920@gmail.com,Adventure,Male,2,0,57,Hyderabad,Adventure,0,0,0,1,0
3648,Aadhya,aadhya654@outlook.com,"City, Nature",Female,3,1,24,Pune,"City, Nature",0,0,1,0,1
3649,Deepa,deepa820@rediffmail.com,"Historical, Nature",Male,3,2,35,Surat,"Historical, Nature",0,1,1,0,0
3650,Vihaan,vihaan499@hotmail.com,"City, Nature",Female,4,0,41,Surat,"City, Nature",0,0,1,0,1
3651,Divya,divya478@gmail.com,"Nature, Adventure",Other,1,0,39,Hyderabad,"Nature, Adventure",0,0,1,1,0
3652,Divya,divya466@yahoo.com,"Nature, Historical",Other,5,0,22,Hyderabad,"Nature, Historical",0,1,1,0,0
3653,Ritika,ritika496@yahoo.com,"Historical, Nature",Female,5,0,50,Pune,"Historical, Nature",0,1,1,0,0
3654,Kiran,kiran261@gmail.com,"City, Nature",Female,2,3,58,Jaipur,"City, Nature",0,0,1,0,1
3655,Nisha,nisha98@hotmail.com,"Beach, Historical, Nature",Female,4,0,31,Surat,"Beach, Historical, Nature",1,1,1,0,0
3656,Rahul,rahul156@yahoo.com,"Adventure, City",Other,2,0,53,Mumbai,"Adventure, City",0,0,0,1,1
3657,Geeta,geeta805@outlook.com,Adventure,Other,3,2,41,Ahmedabad,Adventure,0,0,0,1,0
3658,Reyansh,reyansh670@hotmail.com,Beach,Male,2,2,51,Hyderabad,Beach,1,0,0,0,0
3659,Ayaan,ayaan796@yahoo.com,Nature,Male,2,1,59,Hyderabad,Nature,0,0,1,0,0
3660,Pooja,pooja2@outlook.com,"Beach, Historical",Female,1,0,55,Jaipur,"Beach, Historical",1,1,0,0,0
3661,Reyansh,reyansh261@hotmail.com,"City, Historical, Adventure",Female,3,2,62,Chennai,"City, Historical, Adventure",0,1,0,1,1
3662,Meera,meera128@rediffmail.com,"City, Adventure",Other,2,0,20,Ahmedabad,"City, Adventure",0,0,0,1,1
3663,Aadhya,aadhya512@outlook.com,"City, Adventure",Other,4,0,47,Mumbai,"City, Adventure",0,0,0,1,1
3664,Diya,diya624@hotmail.com,"Beach, Nature",Male,1,0,61,Mumbai,"Beach, Nature",1,0,1,0,0
3665,Aditya,aditya777@gmail.com,Historical,Other,1,0,54,Hyderabad,Historical,0,1,0,0,0
3666,Sunita,sunita35@hotmail.com,"Beach, Historical, Nature",Female,3,0,51,Pune,"Beach, Historical, Nature",1,1,1,0,0
3667,Rahul,rahul697@gmail.com,Beach,Other,2,1,41,Surat,Beach,1,0,0,0,0
3668,Riya,riya681@rediffmail.com,"City, Historical, Adventure",Female,2,1,40,Chennai,"City, Historical, Adventure",0,1,0,1,1
3669,Lakshmi,lakshmi499@yahoo.com,"City, Adventure",Other,4,1,56,Kolkata,"City, Adventure",0,0,0,1,1
3670,Aditya,aditya501@gmail.com,Historical,Male,1,1,35,Delhi,Historical,0,1,0,0,0
3671,Aadhya,aadhya237@outlook.com,"Beach, Nature",Male,3,0,30,Mumbai,"Beach, Nature",1,0,1,0,0
3672,Rekha,rekha480@outlook.com,"Historical, Nature",Female,3,3,32,Kolkata,"Historical, Nature",0,1,1,0,0
3673,Kiran,kiran872@yahoo.com,"Adventure, Historical",Female,3,1,44,Jaipur,"Adventure, Historical",0,1,0,1,0
3674,Arjun,arjun974@outlook.com,City,Male,2,1,60,Mumbai,City,0,0,0,0,1
3675,Vihaan,vihaan937@hotmail.com,"City, Nature",Female,4,0,41,Ahmedabad,"City, Nature",0,0,1,0,1
3676,Ishaan,ishaan400@gmail.com,City,Male,5,0,60,Kolkata,City,0,0,0,0,1
3677,Riya,riya919@hotmail.com,"City, Historical, Adventure",Female,3,2,27,Ahmedabad,"City, Historical, Adventure",0,1,0,1,1
3678,Anjali,anjali400@hotmail.com,"City, Historical, Adventure",Male,1,0,26,Chennai,"City, Historical, Adventure",0,1,0,1,1
3679,Kavya,kavya78@outlook.com,"Historical, Nature",Female,4,2,23,Delhi,"Historical, Nature",0,1,1,0,0
3680,Geeta,geeta501@rediffmail.com,"City, Historical, Adventure",Male,4,2,37,Kolkata,"City, Historical, Adventure",0,1,0,1,1
3681,Rahul,rahul463@outlook.com,"Beach, City",Female,5,1,29,Pune,"Beach, City",1,0,0,0,1
3682,Rahul,rahul287@outlook.com,"City, Historical",Male,3,2,62,Ahmedabad,"City, Historical",0,1,0,0,1
3683,Rohit,rohit88@yahoo.com,Beach,Female,2,3,61,Pune,Beach,1,0,0,0,0
3684,Ishaan,ishaan60@yahoo.com,"Beach, Historical, Nature",Other,3,0,55,Chennai,"Beach, Historical, Nature",1,1,1,0,0
3685,Pooja,pooja858@hotmail.com,City,Female,4,1,35,Jaipur,City,0,0,0,0,1
3686,Sai,sai267@hotmail.com,"Adventure, City",Male,1,0,60,Ahmedabad,"Adventure, City",0,0,0,1,1
3687,Riya,riya204@yahoo.com,"Adventure, Historical",Female,5,2,25,Bangalore,"Adventure, Historical",0,1,0,1,0
3688,Pooja,pooja174@rediffmail.com,"Beach, Adventure",Female,1,0,48,Kolkata,"Beach, Adventure",1,0,0,1,0
3689,Meera,meera480@hotmail.com,"Nature, Adventure",Other,3,3,60,Jaipur,"Nature, Adventure",0,0,1,1,0
3690,Lakshmi,lakshmi112@rediffmail.com,"City, Nature",Female,2,1,41,Mumbai,"City, Nature",0,0,1,0,1
3691,Tanvi,tanvi432@hotmail.com,"City, Historical",Other,2,3,49,Bangalore,"City, Historical",0,1,0,0,1
3692,Aditya,aditya289@rediffmail.com,City,Other,2,0,37,Delhi,City,0,0,0,0,1
3693,Neha,neha400@rediffmail.com,"City, Nature",Male,2,2,28,Kolkata,"City, Nature",0,0,1,0,1
3694,Nisha,nisha671@outlook.com,Beach,Female,3,0,24,Surat,Beach,1,0,0,0,0
3695,Usha,usha86@hotmail.com,"Nature, Adventure",Female,3,1,32,Surat,"Nature, Adventure",0,0,1,1,0
3696,Vivaan,vivaan397@outlook.com,"City, Historical, Adventure",Male,5,1,49,Mumbai,"City, Historical, Adventure",0,1,0,1,1
3697,Kiara,kiara306@yahoo.com,"Adventure, Historical",Other,5,1,56,Jaipur,"Adventure, Historical",0,1,0,1,0
3698,Vihaan,vihaan127@rediffmail.com,"City, Historical",Other,4,1,24,Chennai,"City, Historical",0,1,0,0,1
3699,Kiran,kiran558@yahoo.com,"City, Historical, Adventure",Female,2,0,35,Bangalore,"City, Historical, Adventure",0,1,0,1,1
3700,Ayaan,ayaan984@outlook.com,"City, Nature",Male,3,1,43,Bangalore,"City, Nature",0,0,1,0,1
3701,Rohit,rohit976@yahoo.com,Beach,Male,1,0,54,Mumbai,Beach,1,0,0,0,0
3702,Mohan,mohan725@rediffmail.com,Historical,Female,4,1,27,Surat,Historical,0,1,0,0,0
3703,Kiara,kiara204@outlook.com,"Beach, Historical, Nature",Male,4,2,30,Surat,"Beach, Historical, Nature",1,1,1,0,0
3704,Sai,sai5@hotmail.com,"City, Adventure",Female,2,2,23,Jaipur,"City, Adventure",0,0,0,1,1
3705,Nisha,nisha347@outlook.com,Beach,Other,2,1,40,Delhi,Beach,1,0,0,0,0
3706,Vivaan,vivaan898@yahoo.com,"City, Historical",Female,1,2,23,Bangalore,"City, Historical",0,1,0,0,1
3707,Ritika,ritika251@yahoo.com,"City, Historical",Other,2,1,58,Surat,"City, Historical",0,1,0,0,1
3708,Tanvi,tanvi580@rediffmail.com,"Beach, Historical",Male,2,1,56,Jaipur,"Beach, Historical",1,1,0,0,0
3709,Reyansh,reyansh505@hotmail.com,"City, Historical",Female,3,0,40,Kolkata,"City, Historical",0,1,0,0,1
3710,Neha,neha463@gmail.com,"City, Historical, Adventure",Female,1,0,62,Kolkata,"City, Historical, Adventure",0,1,0,1,1
3711,Aarav,aarav338@gmail.com,Beach,Female,3,0,58,Ahmedabad,Beach,1,0,0,0,0
3712,Geeta,geeta329@yahoo.com,"City, Nature",Female,2,0,53,Jaipur,"City, Nature",0,0,1,0,1
3713,Kiran,kiran469@hotmail.com,Nature,Male,1,0,37,Pune,Nature,0,0,1,0,0
3714,Geeta,geeta819@hotmail.com,"City, Nature",Male,3,0,33,Mumbai,"City, Nature",0,0,1,0,1
3715,Kiara,kiara232@yahoo.com,"Beach, City",Other,4,1,64,Jaipur,"Beach, City",1,0,0,0,1
3716,Rohit,rohit935@hotmail.com,"Beach, City",Female,1,0,52,Hyderabad,"Beach, City",1,0,0,0,1
3717,Ritika,ritika880@gmail.com,"City, Historical, Adventure",Female,3,3,64,Chennai,"City, Historical, Adventure",0,1,0,1,1
3718,Ayaan,ayaan555@gmail.com,"City, Adventure",Female,1,0,36,Bangalore,"City, Adventure",0,0,0,1,1
3719,Tanvi,tanvi53@hotmail.com,"Nature, Adventure, Beach",Other,4,0,55,Hyderabad,"Nature, Adventure, Beach",1,0,1,1,0
3720,Tanvi,tanvi424@gmail.com,"Beach, Nature",Male,1,3,54,Jaipur,"Beach, Nature",1,0,1,0,0
3721,Kiran,kiran315@hotmail.com,"City, Adventure",Female,3,0,39,Jaipur,"City, Adventure",0,0,0,1,1
3722,Ishaan,ishaan525@rediffmail.com,Historical,Male,2,1,31,Hyderabad,Historical,0,1,0,0,0
3723,Neha,neha346@outlook.com,"Beach, Historical",Male,3,1,34,Kolkata,"Beach, Historical",1,1,0,0,0
3724,Anjali,anjali879@outlook.com,Nature,Male,4,0,55,Surat,Nature,0,0,1,0,0
3725,Ananya,ananya945@hotmail.com,"City, Historical",Male,3,2,53,Jaipur,"City, Historical",0,1,0,0,1
3726,Aditya,aditya640@hotmail.com,Historical,Female,2,0,20,Chennai,Historical,0,1,0,0,0
3727,Sunita,sunita579@hotmail.com,"Adventure, City",Female,2,0,29,Jaipur,"Adventure, City",0,0,0,1,1
3728,Arjun,arjun687@gmail.com,"Nature, Adventure",Female,4,3,25,Bangalore,"Nature, Adventure",0,0,1,1,0
3729,Mohan,mohan612@hotmail.com,"Historical, Nature",Male,3,0,52,Bangalore,"Historical, Nature",0,1,1,0,0
3730,Meera,meera207@yahoo.com,"City, Nature",Male,3,1,21,Bangalore,"City, Nature",0,0,1,0,1
3731,Aadhya,aadhya632@rediffmail.com,"City, Nature",Female,2,0,43,Mumbai,"City, Nature",0,0,1,0,1
3732,Vikram,vikram580@outlook.com,"City, Nature",Other,5,0,40,Bangalore,"City, Nature",0,0,1,0,1
3733,Diya,diya350@hotmail.com,"Beach, Historical, Nature",Female,2,0,37,Delhi,"Beach, Historical, Nature",1,1,1,0,0
3734,Krishna,krishna518@outlook.com,"City, Nature",Female,3,0,42,Hyderabad,"City, Nature",0,0,1,0,1
3735,Priya,priya544@rediffmail.com,"Adventure, Historical",Female,3,1,39,Chennai,"Adventure, Historical",0,1,0,1,0
3736,Reyansh,reyansh120@rediffmail.com,City,Male,2,0,37,Bangalore,City,0,0,0,0,1
3737,Anjali,anjali822@gmail.com,"Adventure, Historical",Male,5,0,37,Bangalore,"Adventure, Historical",0,1,0,1,0
3738,Suresh,suresh342@gmail.com,Adventure,Other,4,3,53,Ahmedabad,Adventure,0,0,0,1,0
3739,Pooja,pooja558@hotmail.com,"Beach, Historical",Other,2,0,55,Bangalore,"Beach, Historical",1,1,0,0,0
3740,Kavya,kavya126@yahoo.com,"City, Historical",Female,1,2,57,Pune,"City, Historical",0,1,0,0,1
3741,Mohan,mohan411@hotmail.com,"Beach, Adventure",Other,4,1,52,Jaipur,"Beach, Adventure",1,0,0,1,0
3742,Sunita,sunita538@hotmail.com,"Historical, Nature",Other,2,2,62,Delhi,"Historical, Nature",0,1,1,0,0
3743,Priya,priya821@yahoo.com,"Nature, Historical",Other,2,0,54,Delhi,"Nature, Historical",0,1,1,0,0
3744,Tanvi,tanvi938@rediffmail.com,Beach,Female,2,0,33,Chennai,Beach,1,0,0,0,0
3745,Ananya,ananya555@rediffmail.com,City,Male,2,0,23,Mumbai,City,0,0,0,0,1
3746,Ananya,ananya540@hotmail.com,"Nature, Historical",Female,3,0,19,Bangalore,"Nature, Historical",0,1,1,0,0
3747,Kavya,kavya749@gmail.com,"City, Historical",Other,4,0,41,Hyderabad,"City, Historical",0,1,0,0,1
3748,Arjun,arjun408@outlook.com,City,Female,3,1,62,Delhi,City,0,0,0,0,1
3749,Vihaan,vihaan890@outlook.com,Beach,Female,1,0,59,Mumbai,Beach,1,0,0,0,0
3750,Reyansh,reyansh365@yahoo.com,Beach,Other,3,0,35,Bangalore,Beach,1,0,0,0,0
3751,Vihaan,vihaan236@hotmail.com,"Nature, Adventure",Female,3,1,36,Ahmedabad,"Nature, Adventure",0,0,1,1,0
3752,Diya,diya207@gmail.com,"City, Historical, Adventure",Female,3,0,33,Ahmedabad,"City, Historical, Adventure",0,1,0,1,1
3753,Aadhya,aadhya408@rediffmail.com,"Beach, Historical",Female,1,0,34,Pune,"Beach, Historical",1,1,0,0,0
3754,Pooja,pooja609@yahoo.com,"City, Nature",Male,2,0,65,Ahmedabad,"City, Nature",0,0,1,0,1
3755,Rohit,rohit513@gmail.com,"Nature, Adventure, Beach",Other,2,0,20,Delhi,"Nature, Adventure, Beach",1,0,1,1,0
3756,Sunita,sunita443@hotmail.com,"Nature, Adventure, Beach",Female,3,0,26,Pune,"Nature, Adventure, Beach",1,0,1,1,0
3757,Arjun,arjun586@yahoo.com,"Nature, Adventure",Male,4,0,64,Pune,"Nature, Adventure",0,0,1,1,0
3758,Krishna,krishna244@yahoo.com,"Adventure, City",Other,2,0,35,Surat,"Adventure, City",0,0,0,1,1
3759,Diya,diya773@hotmail.com,"City, Historical, Adventure",Female,3,1,24,Pune,"City, Historical, Adventure",0,1,0,1,1
3760,Ritika,ritika988@outlook.com,"Adventure, Historical",Male,1,2,56,Jaipur,"Adventure, Historical",0,1,0,1,0
3761,Sai,sai290@rediffmail.com,"Historical, Nature",Male,5,0,47,Hyderabad,"Historical, Nature",0,1,1,0,0
3762,Ayaan,ayaan811@outlook.com,"Historical, Nature",Female,3,0,33,Surat,"Historical, Nature",0,1,1,0,0
3763,Deepa,deepa163@hotmail.com,"Adventure, City",Female,3,1,52,Chennai,"Adventure, City",0,0,0,1,1
3764,Arjun,arjun183@outlook.com,"City, Historical, Adventure",Female,3,0,59,Kolkata,"City, Historical, Adventure",0,1,0,1,1
3765,Divya,divya492@yahoo.com,"Beach, City",Female,2,0,58,Pune,"Beach, City",1,0,0,0,1
3766,Nisha,nisha638@hotmail.com,City,Female,2,3,42,Pune,City,0,0,0,0,1
3767,Tanvi,tanvi113@outlook.com,Beach,Other,4,0,51,Mumbai,Beach,1,0,0,0,0
3768,Kavya,kavya629@rediffmail.com,"Nature, Adventure",Male,2,1,19,Hyderabad,"Nature, Adventure",0,0,1,1,0
3769,Krishna,krishna301@hotmail.com,"City, Historical, Adventure",Female,5,1,64,Mumbai,"City, Historical, Adventure",0,1,0,1,1
3770,Sunita,sunita294@gmail.com,"Nature, Adventure, Beach",Male,2,0,32,Jaipur,"Nature, Adventure, Beach",1,0,1,1,0
3771,Deepa,deepa131@outlook.com,"Historical, Nature",Female,2,1,62,Bangalore,"Historical, Nature",0,1,1,0,0
3772,Krishna,krishna375@outlook.com,"Nature, Adventure, Beach",Male,5,0,56,Chennai,"Nature, Adventure, Beach",1,0,1,1,0
3773,Vihaan,vihaan610@gmail.com,"Beach, City",Other,5,2,61,Pune,"Beach, City",1,0,0,0,1
3774,Ishaan,ishaan478@yahoo.com,"Beach, Nature",Other,1,0,29,Kolkata,"Beach, Nature",1,0,1,0,0
3775,Nisha,nisha934@gmail.com,"Beach, City",Female,5,0,54,Mumbai,"Beach, City",1,0,0,0,1
3776,Aarav,aarav650@gmail.com,City,Female,1,1,32,Chennai,City,0,0,0,0,1
3777,Rohit,rohit626@rediffmail.com,"Beach, City",Female,4,0,54,Ahmedabad,"Beach, City",1,0,0,0,1
3778,Riya,riya855@outlook.com,"Nature, Adventure, Beach",Female,3,2,48,Jaipur,"Nature, Adventure, Beach",1,0,1,1,0
3779,Sai,sai362@yahoo.com,"Nature, Adventure, Beach",Male,4,0,28,Hyderabad,"Nature, Adventure, Beach",1,0,1,1,0
3780,Divya,divya747@yahoo.com,Beach,Female,1,1,27,Surat,Beach,1,0,0,0,0
3781,Sunita,sunita17@rediffmail.com,"Nature, Adventure",Other,5,0,37,Jaipur,"Nature, Adventure",0,0,1,1,0
3782,Deepa,deepa70@outlook.com,"Nature, Historical",Male,2,0,65,Pune,"Nature, Historical",0,1,1,0,0
3783,Rahul,rahul267@gmail.com,"Nature, Historical",Male,3,0,57,Jaipur,"Nature, Historical",0,1,1,0,0
3784,Rekha,rekha148@gmail.com,Nature,Female,5,2,35,Surat,Nature,0,0,1,0,0
3785,Kiara,kiara637@yahoo.com,"Nature, Historical",Male,3,0,19,Hyderabad,"Nature, Historical",0,1,1,0,0
3786,Rahul,rahul875@yahoo.com,"City, Historical, Adventure",Male,4,1,29,Ahmedabad,"City, Historical, Adventure",0,1,0,1,1
3787,Tanvi,tanvi572@yahoo.com,"Adventure, Historical",Female,2,2,50,Delhi,"Adventure, Historical",0,1,0,1,0
3788,Kiara,kiara253@gmail.com,Adventure,Male,2,0,61,Chennai,Adventure,0,0,0,1,0
3789,Vihaan,vihaan186@yahoo.com,Nature,Female,1,0,36,Jaipur,Nature,0,0,1,0,0
3790,Priya,priya23@rediffmail.com,"Beach, Historical, Nature",Female,2,2,28,Mumbai,"Beach, Historical, Nature",1,1,1,0,0
3791,Riya,riya236@outlook.com,"Nature, Adventure",Female,5,0,26,Chennai,"Nature, Adventure",0,0,1,1,0
3792,Krishna,krishna335@gmail.com,"Beach, Historical",Female,3,0,40,Pune,"Beach, Historical",1,1,0,0,0
3793,Ritika,ritika880@hotmail.com,"Nature, Adventure",Other,5,0,62,Mumbai,"Nature, Adventure",0,0,1,1,0
3794,Sneha,sneha156@yahoo.com,"Nature, Historical",Female,2,0,55,Surat,"Nature, Historical",0,1,1,0,0
3795,Kavya,kavya381@outlook.com,"City, Historical",Male,2,1,20,Jaipur,"City, Historical",0,1,0,0,1
3796,Anjali,anjali78@rediffmail.com,"City, Historical",Male,4,1,40,Mumbai,"City, Historical",0,1,0,0,1
3797,Amit,amit733@yahoo.com,"Nature, Historical",Other,5,2,22,Surat,"Nature, Historical",0,1,1,0,0
3798,Tanvi,tanvi113@outlook.com,Adventure,Female,2,2,43,Kolkata,Adventure,0,0,0,1,0
3799,Kiara,kiara178@rediffmail.com,"Adventure, City",Female,2,0,45,Delhi,"Adventure, City",0,0,0,1,1
3800,Deepa,deepa138@gmail.com,"Beach, Historical, Nature",Other,2,2,45,Chennai,"Beach, Historical, Nature",1,1,1,0,0
3801,Rahul,rahul135@gmail.com,"Beach, Historical",Female,2,0,20,Hyderabad,"Beach, Historical",1,1,0,0,0
3802,Ishaan,ishaan57@outlook.com,"Nature, Adventure, Beach",Other,3,1,40,Kolkata,"Nature, Adventure, Beach",1,0,1,1,0
3803,Rekha,rekha457@hotmail.com,"City, Historical",Female,2,0,45,Mumbai,"City, Historical",0,1,0,0,1
3804,Neha,neha44@rediffmail.com,"Nature, Adventure",Male,1,2,44,Delhi,"Nature, Adventure",0,0,1,1,0
3805,Vihaan,vihaan751@yahoo.com,"Nature, Adventure, Beach",Male,2,1,50,Ahmedabad,"Nature, Adventure, Beach",1,0,1,1,0
3806,Reyansh,reyansh551@rediffmail.com,"Beach, Adventure",Male,2,3,43,Delhi,"Beach, Adventure",1,0,0,1,0
3807,Vikram,vikram961@yahoo.com,"Beach, Historical, Nature",Other,1,3,48,Ahmedabad,"Beach, Historical, Nature",1,1,1,0,0
3808,Amit,amit91@rediffmail.com,"City, Adventure",Female,5,0,40,Mumbai,"City, Adventure",0,0,0,1,1
3809,Geeta,geeta391@outlook.com,Beach,Other,3,0,48,Bangalore,Beach,1,0,0,0,0
3810,Anjali,anjali36@gmail.com,Adventure,Male,3,0,18,Ahmedabad,Adventure,0,0,0,1,0
3811,Ayaan,ayaan690@outlook.com,Historical,Male,3,0,40,Kolkata,Historical,0,1,0,0,0
3812,Meera,meera19@hotmail.com,City,Male,3,1,19,Ahmedabad,City,0,0,0,0,1
3813,Kiara,kiara51@hotmail.com,"Nature, Adventure, Beach",Female,5,1,56,Surat,"Nature, Adventure, Beach",1,0,1,1,0
3814,Sunita,sunita381@gmail.com,"Beach, City",Female,5,1,31,Kolkata,"Beach, City",1,0,0,0,1
3815,Divya,divya914@gmail.com,"Beach, City",Female,2,1,45,Kolkata,"Beach, City",1,0,0,0,1
3816,Anjali,anjali528@hotmail.com,Historical,Female,1,1,49,Delhi,Historical,0,1,0,0,0
3817,Sai,sai436@outlook.com,"City, Adventure",Female,1,1,41,Kolkata,"City, Adventure",0,0,0,1,1
3818,Aadhya,aadhya311@yahoo.com,"City, Historical",Other,1,1,46,Chennai,"City, Historical",0,1,0,0,1
3819,Geeta,geeta955@yahoo.com,"Beach, Historical",Other,1,0,40,Kolkata,"Beach, Historical",1,1,0,0,0
3820,Rohit,rohit777@yahoo.com,"City, Nature",Female,3,0,33,Mumbai,"City, Nature",0,0,1,0,1
3821,Diya,diya102@hotmail.com,Adventure,Other,3,0,28,Kolkata,Adventure,0,0,0,1,0
3822,Reyansh,reyansh381@outlook.com,"Beach, Historical, Nature",Female,3,0,24,Bangalore,"Beach, Historical, Nature",1,1,1,0,0
3823,Priya,priya681@gmail.com,"Adventure, City",Female,5,0,38,Mumbai,"Adventure, City",0,0,0,1,1
3824,Vihaan,vihaan351@outlook.com,"City, Historical, Adventure",Male,3,1,20,Surat,"City, Historical, Adventure",0,1,0,1,1
3825,Geeta,geeta941@rediffmail.com,"Beach, Adventure",Other,4,0,47,Chennai,"Beach, Adventure",1,0,0,1,0
3826,Anjali,anjali523@hotmail.com,"Adventure, City",Female,2,0,18,Chennai,"Adventure, City",0,0,0,1,1
3827,Meera,meera255@rediffmail.com,"City, Nature",Other,1,0,23,Hyderabad,"City, Nature",0,0,1,0,1
3828,Kiara,kiara321@yahoo.com,"Nature, Adventure, Beach",Female,3,0,19,Jaipur,"Nature, Adventure, Beach",1,0,1,1,0
3829,Sneha,sneha109@hotmail.com,"City, Historical, Adventure",Other,5,0,35,Kolkata,"City, Historical, Adventure",0,1,0,1,1
3830,Vikram,vikram157@rediffmail.com,"Nature, Adventure, Beach",Female,3,0,51,Surat,"Nature, Adventure, Beach",1,0,1,1,0
3831,Vikram,vikram161@yahoo.com,"Adventure, Historical",Male,2,0,43,Mumbai,"Adventure, Historical",0,1,0,1,0
3832,Aarav,aarav170@yahoo.com,"City, Nature",Male,1,2,36,Mumbai,"City, Nature",0,0,1,0,1
3833,Suresh,suresh392@hotmail.com,Historical,Male,2,0,41,Ahmedabad,Historical,0,1,0,0,0
3834,Sunita,sunita755@gmail.com,"Beach, City",Male,5,2,28,Ahmedabad,"Beach, City",1,0,0,0,1
3835,Aarav,aarav345@gmail.com,Nature,Female,2,1,25,Bangalore,Nature,0,0,1,0,0
3836,Aadhya,aadhya594@yahoo.com,Adventure,Other,3,1,49,Surat,Adventure,0,0,0,1,0
3837,Aditya,aditya598@rediffmail.com,Beach,Male,2,0,48,Kolkata,Beach,1,0,0,0,0
3838,Usha,usha331@rediffmail.com,"Nature, Historical",Female,2,0,28,Hyderabad,"Nature, Historical",0,1,1,0,0
3839,Mohan,mohan153@outlook.com,"Beach, Historical, Nature",Other,4,0,22,Chennai,"Beach, Historical, Nature",1,1,1,0,0
3840,Divya,divya241@hotmail.com,"City, Historical",Female,2,0,22,Delhi,"City, Historical",0,1,0,0,1
3841,Ritika,ritika33@yahoo.com,Beach,Other,2,1,25,Hyderabad,Beach,1,0,0,0,0
3842,Ayaan,ayaan619@yahoo.com,"City, Historical, Adventure",Female,1,0,34,Jaipur,"City, Historical, Adventure",0,1,0,1,1
3843,Sai,sai895@rediffmail.com,"City, Historical, Adventure",Other,1,0,55,Surat,"City, Historical, Adventure",0,1,0,1,1
3844,Krishna,krishna752@outlook.com,Beach,Other,3,0,37,Jaipur,Beach,1,0,0,0,0
3845,Deepa,deepa574@rediffmail.com,"Beach, Adventure",Female,1,0,34,Delhi,"Beach, Adventure",1,0,0,1,0
3846,Sneha,sneha96@yahoo.com,"City, Historical",Other,1,2,53,Delhi,"City, Historical",0,1,0,0,1
3847,Nisha,nisha10@outlook.com,"City, Historical",Other,3,0,58,Delhi,"City, Historical",0,1,0,0,1
3848,Pooja,pooja895@rediffmail.com,"Beach, Historical",Female,2,0,41,Kolkata,"Beach, Historical",1,1,0,0,0
3849,Aarav,aarav587@outlook.com,"Nature, Adventure",Female,2,0,50,Jaipur,"Nature, Adventure",0,0,1,1,0
3850,Anjali,anjali218@gmail.com,"Beach, Historical",Male,1,2,40,Kolkata,"Beach, Historical",1,1,0,0,0
3851,Sneha,sneha323@hotmail.com,"Adventure, City",Male,2,1,48,Surat,"Adventure, City",0,0,0,1,1
3852,Sneha,sneha810@gmail.com,Historical,Other,2,0,46,Hyderabad,Historical,0,1,0,0,0
3853,Priya,priya634@rediffmail.com,"Nature, Adventure, Beach",Other,2,1,32,Chennai,"Nature, Adventure, Beach",1,0,1,1,0
3854,Rekha,rekha110@yahoo.com,Beach,Other,5,1,23,Bangalore,Beach,1,0,0,0,0
3855,Kiran,kiran987@outlook.com,"City, Historical",Male,4,0,28,Kolkata,"City, Historical",0,1,0,0,1
3856,Pooja,pooja360@yahoo.com,"City, Historical",Other,3,0,49,Kolkata,"City, Historical",0,1,0,0,1
3857,Riya,riya90@gmail.com,"City, Historical",Male,5,1,59,Pune,"City, Historical",0,1,0,0,1
3858,Meera,meera417@gmail.com,"Historical, Nature",Female,2,0,36,Mumbai,"Historical, Nature",0,1,1,0,0
3859,Vihaan,vihaan288@hotmail.com,"Nature, Historical",Other,2,1,53,Kolkata,"Nature, Historical",0,1,1,0,0
3860,Geeta,geeta836@rediffmail.com,"City, Historical, Adventure",Female,3,1,47,Mumbai,"City, Historical, Adventure",0,1,0,1,1
3861,Riya,riya416@gmail.com,"Beach, Historical",Male,5,0,47,Mumbai,"Beach, Historical",1,1,0,0,0
3862,Arjun,arjun456@hotmail.com,"City, Nature",Other,2,1,37,Surat,"City, Nature",0,0,1,0,1
3863,Diya,diya829@yahoo.com,"Nature, Adventure",Female,3,0,22,Jaipur,"Nature, Adventure",0,0,1,1,0
3864,Reyansh,reyansh588@hotmail.com,"Nature, Adventure",Male,2,0,23,Hyderabad,"Nature, Adventure",0,0,1,1,0
3865,Meera,meera301@gmail.com,"City, Adventure",Female,4,0,35,Chennai,"City, Adventure",0,0,0,1,1
3866,Kiara,kiara239@rediffmail.com,"Nature, Historical",Other,3,0,62,Pune,"Nature, Historical",0,1,1,0,0
3867,Suresh,suresh963@yahoo.com,"City, Nature",Other,5,0,61,Mumbai,"City, Nature",0,0,1,0,1
3868,Aadhya,aadhya745@yahoo.com,"City, Adventure",Male,5,2,21,Hyderabad,"City, Adventure",0,0,0,1,1
3869,Usha,usha712@rediffmail.com,"City, Historical, Adventure",Male,2,0,40,Chennai,"City, Historical, Adventure",0,1,0,1,1
3870,Vikram,vikram735@gmail.com,"Nature, Adventure, Beach",Female,3,0,24,Jaipur,"Nature, Adventure, Beach",1,0,1,1,0
3871,Aadhya,aadhya985@rediffmail.com,"Nature, Historical",Female,3,0,50,Jaipur,"Nature, Historical",0,1,1,0,0
3872,Ishaan,ishaan952@yahoo.com,"Beach, Historical, Nature",Female,4,0,39,Chennai,"Beach, Historical, Nature",1,1,1,0,0
3873,Usha,usha158@hotmail.com,Beach,Other,2,0,62,Delhi,Beach,1,0,0,0,0
3874,Riya,riya281@rediffmail.com,"Beach, Adventure",Male,4,0,56,Kolkata,"Beach, Adventure",1,0,0,1,0
3875,Pooja,pooja960@gmail.com,Nature,Male,2,1,24,Jaipur,Nature,0,0,1,0,0
3876,Kiara,kiara845@outlook.com,Historical,Other,1,2,25,Kolkata,Historical,0,1,0,0,0
3877,Krishna,krishna348@gmail.com,Beach,Other,4,1,30,Pune,Beach,1,0,0,0,0
3878,Priya,priya403@outlook.com,Beach,Male,4,1,56,Jaipur,Beach,1,0,0,0,0
3879,Aarav,aarav105@outlook.com,"Adventure, Historical",Female,2,2,32,Surat,"Adventure, Historical",0,1,0,1,0
3880,Riya,riya257@yahoo.com,Adventure,Other,4,0,52,Kolkata,Adventure,0,0,0,1,0
3881,Kiran,kiran977@rediffmail.com,"Adventure, City",Female,2,1,59,Mumbai,"Adventure, City",0,0,0,1,1
3882,Rohit,rohit25@rediffmail.com,"Historical, Nature",Female,5,0,60,Delhi,"Historical, Nature",0,1,1,0,0
3883,Ayaan,ayaan684@gmail.com,"City, Historical",Female,2,0,55,Jaipur,"City, Historical",0,1,0,0,1
3884,Diya,diya576@outlook.com,"Beach, City",Other,3,1,26,Delhi,"Beach, City",1,0,0,0,1
3885,Kiara,kiara2@gmail.com,"Beach, Historical, Nature",Other,1,1,51,Hyderabad,"Beach, Historical, Nature",1,1,1,0,0
3886,Vikram,vikram853@rediffmail.com,"Nature, Adventure, Beach",Male,4,1,63,Ahmedabad,"Nature, Adventure, Beach",1,0,1,1,0
3887,Kiran,kiran490@yahoo.com,"Beach, Adventure",Other,5,0,34,Hyderabad,"Beach, Adventure",1,0,0,1,0
3888,Anjali,anjali128@hotmail.com,Historical,Other,2,3,41,Pune,Historical,0,1,0,0,0
3889,Deepa,deepa72@rediffmail.com,"Adventure, City",Male,5,1,51,Ahmedabad,"Adventure, City",0,0,0,1,1
3890,Krishna,krishna900@yahoo.com,"Beach, Historical",Female,2,0,64,Kolkata,"Beach, Historical",1,1,0,0,0
3891,Meera,meera125@hotmail.com,Beach,Male,3,1,63,Chennai,Beach,1,0,0,0,0
3892,Vivaan,vivaan160@yahoo.com,Nature,Female,4,1,45,Surat,Nature,0,0,1,0,0
3893,Riya,riya434@rediffmail.com,"Beach, Adventure",Female,5,1,22,Kolkata,"Beach, Adventure",1,0,0,1,0
3894,Divya,divya445@outlook.com,"Beach, Historical",Male,1,2,60,Delhi,"Beach, Historical",1,1,0,0,0
3895,Sunita,sunita752@yahoo.com,"Historical, Nature",Female,1,2,27,Kolkata,"Historical, Nature",0,1,1,0,0
3896,Divya,divya934@gmail.com,"Historical, Nature",Female,4,0,55,Hyderabad,"Historical, Nature",0,1,1,0,0
3897,Rekha,rekha867@rediffmail.com,"City, Historical, Adventure",Female,4,0,29,Pune,"City, Historical, Adventure",0,1,0,1,1
3898,Ananya,ananya929@rediffmail.com,Nature,Female,2,1,35,Chennai,Nature,0,0,1,0,0
3899,Lakshmi,lakshmi786@rediffmail.com,Nature,Other,1,3,25,Delhi,Nature,0,0,1,0,0
3900,Nisha,nisha802@yahoo.com,"City, Nature",Male,2,0,63,Ahmedabad,"City, Nature",0,0,1,0,1
3901,Vivaan,vivaan329@rediffmail.com,Adventure,Female,1,0,62,Pune,Adventure,0,0,0,1,0
3902,Rekha,rekha692@gmail.com,Beach,Other,4,1,51,Jaipur,Beach,1,0,0,0,0
3903,Usha,usha54@yahoo.com,"City, Adventure",Other,1,0,63,Hyderabad,"City, Adventure",0,0,0,1,1
3904,Vikram,vikram977@yahoo.com,Historical,Male,1,0,64,Kolkata,Historical,0,1,0,0,0
3905,Kiran,kiran743@gmail.com,"Beach, Adventure",Male,2,1,22,Ahmedabad,"Beach, Adventure",1,0,0,1,0
3906,Aarav,aarav180@rediffmail.com,"Adventure, Historical",Female,3,1,49,Jaipur,"Adventure, Historical",0,1,0,1,0
3907,Kiara,kiara739@hotmail.com,"City, Historical, Adventure",Male,3,0,49,Surat,"City, Historical, Adventure",0,1,0,1,1
3908,Rahul,rahul782@outlook.com,"City, Historical",Other,5,2,34,Jaipur,"City, Historical",0,1,0,0,1
3909,Sneha,sneha699@gmail.com,"City, Historical",Male,2,0,43,Jaipur,"City, Historical",0,1,0,0,1
3910,Aarav,aarav224@rediffmail.com,Nature,Male,5,0,59,Jaipur,Nature,0,0,1,0,0
3911,Lakshmi,lakshmi107@gmail.com,"Historical, Nature",Female,5,0,28,Chennai,"Historical, Nature",0,1,1,0,0
3912,Aadhya,aadhya32@gmail.com,"Beach, Historical, Nature",Male,2,3,20,Ahmedabad,"Beach, Historical, Nature",1,1,1,0,0
3913,Ishaan,ishaan592@yahoo.com,"Beach, City",Other,3,1,32,Bangalore,"Beach, City",1,0,0,0,1
3914,Ayaan,ayaan41@hotmail.com,City,Other,2,0,46,Chennai,City,0,0,0,0,1
3915,Lakshmi,lakshmi362@outlook.com,"Beach, Historical, Nature",Female,1,0,26,Mumbai,"Beach, Historical, Nature",1,1,1,0,0
3916,Arjun,arjun632@hotmail.com,"Beach, Historical",Other,2,1,34,Delhi,"Beach, Historical",1,1,0,0,0
3917,Lakshmi,lakshmi699@yahoo.com,Adventure,Other,3,1,31,Kolkata,Adventure,0,0,0,1,0
3918,Rahul,rahul68@yahoo.com,"Nature, Adventure, Beach",Other,3,0,23,Mumbai,"Nature, Adventure, Beach",1,0,1,1,0
3919,Vivaan,vivaan980@outlook.com,"City, Historical",Male,3,1,62,Ahmedabad,"City, Historical",0,1,0,0,1
3920,Priya,priya728@yahoo.com,"Adventure, City",Female,4,0,21,Mumbai,"Adventure, City",0,0,0,1,1
3921,Aadhya,aadhya429@gmail.com,Historical,Male,1,0,27,Ahmedabad,Historical,0,1,0,0,0
3922,Kiara,kiara3@yahoo.com,"Beach, City",Other,1,2,35,Chennai,"Beach, City",1,0,0,0,1
3923,Divya,divya339@yahoo.com,"City, Historical, Adventure",Male,5,1,27,Ahmedabad,"City, Historical, Adventure",0,1,0,1,1
3924,Vivaan,vivaan886@rediffmail.com,"Beach, Nature",Female,3,0,45,Kolkata,"Beach, Nature",1,0,1,0,0
3925,Usha,usha395@rediffmail.com,Adventure,Other,3,0,31,Mumbai,Adventure,0,0,0,1,0
3926,Priya,priya383@outlook.com,"Beach, City",Male,5,0,45,Kolkata,"Beach, City",1,0,0,0,1
3927,Priya,priya595@hotmail.com,"Beach, Historical",Male,3,0,65,Pune,"Beach, Historical",1,1,0,0,0
3928,Mohan,mohan29@gmail.com,"Adventure, Historical",Other,3,0,37,Bangalore,"Adventure, Historical",0,1,0,1,0
3929,Geeta,geeta969@hotmail.com,"Historical, Nature",Other,1,0,24,Delhi,"Historical, Nature",0,1,1,0,0
3930,Amit,amit7@outlook.com,"Beach, Historical",Other,3,2,57,Surat,"Beach, Historical",1,1,0,0,0
3931,Deepa,deepa102@yahoo.com,"Beach, Nature",Female,4,1,41,Bangalore,"Beach, Nature",1,0,1,0,0
3932,Riya,riya714@yahoo.com,"Adventure, City",Other,4,1,21,Pune,"Adventure, City",0,0,0,1,1
3933,Neha,neha858@rediffmail.com,"Beach, Adventure",Female,3,1,33,Pune,"Beach, Adventure",1,0,0,1,0
3934,Sneha,sneha758@gmail.com,"Nature, Historical",Female,5,0,39,Chennai,"Nature, Historical",0,1,1,0,0
3935,Rekha,rekha373@gmail.com,"Beach, Nature",Male,1,0,28,Pune,"Beach, Nature",1,0,1,0,0
3936,Rahul,rahul519@hotmail.com,"Historical, Nature",Female,2,1,52,Bangalore,"Historical, Nature",0,1,1,0,0
3937,Kiran,kiran42@yahoo.com,"City, Historical",Female,2,1,33,Mumbai,"City, Historical",0,1,0,0,1
3938,Priya,priya931@outlook.com,"Beach, Historical, Nature",Other,1,1,48,Delhi,"Beach, Historical, Nature",1,1,1,0,0
3939,Ritika,ritika443@gmail.com,"Nature, Historical",Male,2,3,32,Pune,"Nature, Historical",0,1,1,0,0
3940,Rohit,rohit983@outlook.com,"City, Adventure",Other,4,0,65,Pune,"City, Adventure",0,0,0,1,1
3941,Sunita,sunita417@hotmail.com,"Adventure, Historical",Female,2,1,23,Delhi,"Adventure, Historical",0,1,0,1,0
3942,Diya,diya805@hotmail.com,"City, Historical, Adventure",Other,2,1,39,Jaipur,"City, Historical, Adventure",0,1,0,1,1
3943,Deepa,deepa995@yahoo.com,Historical,Female,2,2,24,Delhi,Historical,0,1,0,0,0
3944,Vikram,vikram1@rediffmail.com,"City, Historical, Adventure",Female,5,1,20,Delhi,"City, Historical, Adventure",0,1,0,1,1
3945,Amit,amit676@yahoo.com,"Historical, Nature",Male,4,0,63,Ahmedabad,"Historical, Nature",0,1,1,0,0
3946,Rekha,rekha796@hotmail.com,"Nature, Adventure",Male,5,0,47,Kolkata,"Nature, Adventure",0,0,1,1,0
3947,Arjun,arjun134@rediffmail.com,"City, Historical, Adventure",Other,3,1,18,Jaipur,"City, Historical, Adventure",0,1,0,1,1
3948,Sneha,sneha400@gmail.com,"Beach, Nature",Other,2,2,56,Jaipur,"Beach, Nature",1,0,1,0,0
3949,Sunita,sunita906@rediffmail.com,"Adventure, City",Female,1,2,39,Kolkata,"Adventure, City",0,0,0,1,1
3950,Vihaan,vihaan935@yahoo.com,"Beach, Adventure",Other,3,1,51,Pune,"Beach, Adventure",1,0,0,1,0
3951,Ishaan,ishaan526@outlook.com,"Beach, Historical, Nature",Other,3,1,24,Ahmedabad,"Beach, Historical, Nature",1,1,1,0,0
3952,Priya,priya795@yahoo.com,"City, Historical, Adventure",Female,2,0,63,Surat,"City, Historical, Adventure",0,1,0,1,1
3953,Aarav,aarav661@gmail.com,Adventure,Male,2,0,55,Surat,Adventure,0,0,0,1,0
3954,Nisha,nisha801@outlook.com,"Adventure, Historical",Female,3,1,34,Hyderabad,"Adventure, Historical",0,1,0,1,0
3955,Sneha,sneha113@gmail.com,Historical,Female,3,2,65,Kolkata,Historical,0,1,0,0,0
3956,Krishna,krishna395@outlook.com,"Nature, Historical",Other,2,1,40,Surat,"Nature, Historical",0,1,1,0,0
3957,Reyansh,reyansh706@hotmail.com,"Beach, Historical",Other,2,0,59,Ahmedabad,"Beach, Historical",1,1,0,0,0
3958,Aadhya,aadhya944@rediffmail.com,City,Female,5,1,54,Mumbai,City,0,0,0,0,1
3959,Divya,divya832@rediffmail.com,"City, Historical, Adventure",Female,2,2,46,Ahmedabad,"City, Historical, Adventure",0,1,0,1,1
3960,Kiara,kiara945@hotmail.com,"Adventure, Historical",Female,3,2,22,Kolkata,"Adventure, Historical",0,1,0,1,0
3961,Tanvi,tanvi539@outlook.com,"Beach, Adventure",Female,3,0,62,Chennai,"Beach, Adventure",1,0,0,1,0
3962,Vihaan,vihaan454@gmail.com,Historical,Female,5,0,61,Chennai,Historical,0,1,0,0,0
3963,Rahul,rahul674@gmail.com,"Beach, Historical",Female,3,0,55,Bangalore,"Beach, Historical",1,1,0,0,0
3964,Ishaan,ishaan196@yahoo.com,City,Female,2,0,30,Kolkata,City,0,0,0,0,1
3965,Geeta,geeta602@rediffmail.com,"Adventure, Historical",Male,5,0,20,Bangalore,"Adventure, Historical",0,1,0,1,0
3966,Kiara,kiara90@yahoo.com,Beach,Female,2,0,38,Pune,Beach,1,0,0,0,0
3967,Ayaan,ayaan292@rediffmail.com,Historical,Male,2,1,30,Bangalore,Historical,0,1,0,0,0
3968,Krishna,krishna252@outlook.com,Adventure,Female,1,0,57,Pune,Adventure,0,0,0,1,0
3969,Aditya,aditya600@yahoo.com,"City, Adventure",Female,2,1,20,Bangalore,"City, Adventure",0,0,0,1,1
3970,Aditya,aditya42@hotmail.com,"Beach, Nature",Female,2,0,37,Hyderabad,"Beach, Nature",1,0,1,0,0
3971,Suresh,suresh578@outlook.com,Adventure,Female,1,0,53,Surat,Adventure,0,0,0,1,0
3972,Riya,riya950@rediffmail.com,"City, Historical",Other,1,1,18,Kolkata,"City, Historical",0,1,0,0,1
3973,Rahul,rahul31@hotmail.com,Beach,Male,5,0,27,Ahmedabad,Beach,1,0,0,0,0
3974,Riya,riya672@gmail.com,"City, Adventure",Female,2,0,62,Pune,"City, Adventure",0,0,0,1,1
3975,Riya,riya688@gmail.com,"Beach, City",Female,2,2,39,Surat,"Beach, City",1,0,0,0,1
3976,Rohit,rohit53@yahoo.com,Nature,Male,3,0,49,Jaipur,Nature,0,0,1,0,0
3977,Shruti,shruti787@rediffmail.com,"Nature, Adventure, Beach",Other,2,2,32,Bangalore,"Nature, Adventure, Beach",1,0,1,1,0
3978,Shruti,shruti420@yahoo.com,"City, Historical, Adventure",Other,3,0,44,Mumbai,"City, Historical, Adventure",0,1,0,1,1
3979,Vivaan,vivaan533@yahoo.com,"City, Nature",Female,3,1,27,Kolkata,"City, Nature",0,0,1,0,1
3980,Sunita,sunita18@yahoo.com,"Historical, Nature",Male,1,0,39,Mumbai,"Historical, Nature",0,1,1,0,0
3981,Kiran,kiran107@hotmail.com,"Nature, Adventure, Beach",Male,2,2,47,Mumbai,"Nature, Adventure, Beach",1,0,1,1,0
3982,Arjun,arjun980@outlook.com,"Beach, Nature",Male,1,0,31,Hyderabad,"Beach, Nature",1,0,1,0,0
3983,Nisha,nisha627@gmail.com,Historical,Female,3,2,25,Kolkata,Historical,0,1,0,0,0
3984,Ananya,ananya746@gmail.com,"Beach, Historical, Nature",Other,2,0,61,Chennai,"Beach, Historical, Nature",1,1,1,0,0
3985,Geeta,geeta753@gmail.com,"Nature, Adventure, Beach",Male,3,0,59,Surat,"Nature, Adventure, Beach",1,0,1,1,0
3986,Ishaan,ishaan116@gmail.com,"Adventure, Historical",Male,1,0,29,Kolkata,"Adventure, Historical",0,1,0,1,0
3987,Aditya,aditya887@gmail.com,"Beach, Historical, Nature",Male,4,1,59,Jaipur,"Beach, Historical, Nature",1,1,1,0,0
3988,Pooja,pooja767@outlook.com,"Historical, Nature",Female,4,0,57,Ahmedabad,"Historical, Nature",0,1,1,0,0
3989,Rahul,rahul503@rediffmail.com,"Beach, Historical, Nature",Female,4,2,27,Mumbai,"Beach, Historical, Nature",1,1,1,0,0
3990,Kiran,kiran199@yahoo.com,"Historical, Nature",Other,3,2,65,Mumbai,"Historical, Nature",0,1,1,0,0
3991,Sai,sai172@hotmail.com,"City, Historical, Adventure",Other,1,0,44,Kolkata,"City, Historical, Adventure",0,1,0,1,1
3992,Suresh,suresh516@rediffmail.com,"Adventure, Historical",Male,3,0,44,Mumbai,"Adventure, Historical",0,1,0,1,0
3993,Sunita,sunita427@gmail.com,Nature,Female,2,1,34,Pune,Nature,0,0,1,0,0
3994,Ananya,ananya371@hotmail.com,"Beach, Adventure",Female,3,1,48,Jaipur,"Beach, Adventure",1,0,0,1,0
3995,Mohan,mohan928@rediffmail.com,"Beach, City",Male,2,2,62,Surat,"Beach, City",1,0,0,0,1
3996,Sneha,sneha427@outlook.com,Adventure,Female,2,2,45,Delhi,Adventure,0,0,0,1,0
3997,Ishaan,ishaan927@rediffmail.com,City,Other,3,3,27,Ahmedabad,City,0,0,0,0,1
3998,Nisha,nisha159@hotmail.com,City,Male,4,0,27,Kolkata,City,0,0,0,0,1
3999,Arjun,arjun725@hotmail.com,"Beach, City",Male,2,0,30,Jaipur,"Beach, City",1,0,0,0,1
4000,Arjun,arjun661@rediffmail.com,Nature,Male,2,1,43,Ahmedabad,Nature,0,0,1,0,0
4001,Neha,neha11@yahoo.com,"City, Historical",Other,4,1,42,Hyderabad,"City, Historical",0,1,0,0,1
4002,Tanvi,tanvi993@rediffmail.com,"City, Adventure",Other,1,0,51,Chennai,"City, Adventure",0,0,0,1,1
4003,Ayaan,ayaan902@yahoo.com,"Beach, City",Male,3,0,41,Hyderabad,"Beach, City",1,0,0,0,1
4004,Sai,sai859@hotmail.com,"Beach, Historical",Male,3,0,57,Ahmedabad,"Beach, Historical",1,1,0,0,0
4005,Priya,priya570@gmail.com,City,Female,1,1,48,Mumbai,City,0,0,0,0,1
4006,Neha,neha799@hotmail.com,Adventure,Male,2,0,47,Delhi,Adventure,0,0,0,1,0
4007,Vihaan,vihaan483@outlook.com,"Nature, Adventure",Female,2,0,53,Surat,"Nature, Adventure",0,0,1,1,0
4008,Suresh,suresh750@hotmail.com,"Nature, Adventure, Beach",Female,2,0,36,Kolkata,"Nature, Adventure, Beach",1,0,1,1,0
4009,Sai,sai686@gmail.com,"Adventure, Historical",Male,1,2,54,Mumbai,"Adventure, Historical",0,1,0,1,0
4010,Vihaan,vihaan693@hotmail.com,"Nature, Adventure",Male,2,1,19,Bangalore,"Nature, Adventure",0,0,1,1,0
4011,Aarav,aarav382@gmail.com,"Adventure, City",Female,3,1,28,Chennai,"Adventure, City",0,0,0,1,1
4012,Usha,usha180@gmail.com,"City, Historical",Male,5,0,48,Pune,"City, Historical",0,1,0,0,1
4013,Usha,usha810@rediffmail.com,Adventure,Female,3,1,59,Pune,Adventure,0,0,0,1,0
4014,Kiara,kiara889@rediffmail.com,Nature,Female,3,1,46,Hyderabad,Nature,0,0,1,0,0
4015,Priya,priya852@yahoo.com,"City, Adventure",Male,2,1,57,Hyderabad,"City, Adventure",0,0,0,1,1
4016,Kavya,kavya58@outlook.com,"City, Historical",Female,2,0,64,Chennai,"City, Historical",0,1,0,0,1
4017,Pooja,pooja299@gmail.com,"City, Adventure",Male,5,3,33,Jaipur,"City, Adventure",0,0,0,1,1
4018,Usha,usha786@yahoo.com,Historical,Female,4,0,54,Surat,Historical,0,1,0,0,0
4019,Pooja,pooja389@rediffmail.com,"Beach, Nature",Other,3,0,18,Ahmedabad,"Beach, Nature",1,0,1,0,0
4020,Rahul,rahul352@hotmail.com,"City, Historical",Female,2,1,41,Ahmedabad,"City, Historical",0,1,0,0,1
4021,Nisha,nisha631@hotmail.com,City,Other,1,0,57,Mumbai,City,0,0,0,0,1
4022,Neha,neha60@yahoo.com,"Adventure, Historical",Other,2,0,20,Pune,"Adventure, Historical",0,1,0,1,0
4023,Pooja,pooja262@outlook.com,"Adventure, Historical",Male,3,1,45,Chennai,"Adventure, Historical",0,1,0,1,0
4024,Ananya,ananya265@outlook.com,"City, Nature",Female,1,0,55,Delhi,"City, Nature",0,0,1,0,1
4025,Reyansh,reyansh923@gmail.com,"City, Historical",Other,5,2,51,Pune,"City, Historical",0,1,0,0,1
4026,Arjun,arjun986@rediffmail.com,"Beach, City",Female,3,2,57,Ahmedabad,"Beach, City",1,0,0,0,1
4027,Rahul,rahul611@yahoo.com,"Historical, Nature",Male,2,2,44,Delhi,"Historical, Nature",0,1,1,0,0
4028,Neha,neha682@yahoo.com,"Nature, Adventure",Other,2,1,59,Hyderabad,"Nature, Adventure",0,0,1,1,0
4029,Ritika,ritika9@gmail.com,"Adventure, City",Male,3,0,27,Pune,"Adventure, City",0,0,0,1,1
4030,Usha,usha992@hotmail.com,"Adventure, City",Male,2,0,52,Bangalore,"Adventure, City",0,0,0,1,1
4031,Sunita,sunita530@hotmail.com,"Beach, Historical, Nature",Male,3,0,22,Hyderabad,"Beach, Historical, Nature",1,1,1,0,0
4032,Tanvi,tanvi996@outlook.com,"Nature, Adventure, Beach",Other,3,0,42,Mumbai,"Nature, Adventure, Beach",1,0,1,1,0
4033,Meera,meera179@rediffmail.com,"City, Nature",Female,5,0,53,Hyderabad,"City, Nature",0,0,1,0,1
4034,Tanvi,tanvi814@yahoo.com,"City, Historical",Female,2,0,49,Pune,"City, Historical",0,1,0,0,1
4035,Ritika,ritika49@outlook.com,"City, Adventure",Male,3,2,45,Jaipur,"City, Adventure",0,0,0,1,1
4036,Lakshmi,lakshmi635@rediffmail.com,City,Other,3,1,52,Ahmedabad,City,0,0,0,0,1
4037,Divya,divya964@hotmail.com,"Adventure, Historical",Female,2,1,46,Hyderabad,"Adventure, Historical",0,1,0,1,0
4038,Arjun,arjun242@outlook.com,"Beach, Historical",Male,5,2,26,Surat,"Beach, Historical",1,1,0,0,0
4039,Aadhya,aadhya426@gmail.com,"Adventure, Historical",Other,2,1,39,Delhi,"Adventure, Historical",0,1,0,1,0
4040,Geeta,geeta214@outlook.com,Beach,Male,3,0,27,Hyderabad,Beach,1,0,0,0,0
4041,Anjali,anjali294@outlook.com,Adventure,Other,2,1,60,Pune,Adventure,0,0,0,1,0
4042,Deepa,deepa122@gmail.com,"City, Adventure",Female,3,0,63,Bangalore,"City, Adventure",0,0,0,1,1
4043,Riya,riya889@gmail.com,Historical,Male,3,0,34,Ahmedabad,Historical,0,1,0,0,0
4044,Vivaan,vivaan888@outlook.com,"City, Nature",Male,2,0,26,Jaipur,"City, Nature",0,0,1,0,1
4045,Nisha,nisha248@yahoo.com,"Nature, Adventure",Male,4,3,29,Jaipur,"Nature, Adventure",0,0,1,1,0
4046,Arjun,arjun550@hotmail.com,"Historical, Nature",Female,2,2,40,Kolkata,"Historical, Nature",0,1,1,0,0
4047,Diya,diya883@gmail.com,"Beach, Nature",Male,3,0,62,Mumbai,"Beach, Nature",1,0,1,0,0
4048,Shruti,shruti558@yahoo.com,"Beach, Historical, Nature",Female,3,2,43,Kolkata,"Beach, Historical, Nature",1,1,1,0,0
4049,Arjun,arjun327@outlook.com,"City, Adventure",Other,4,0,43,Kolkata,"City, Adventure",0,0,0,1,1
4050,Kiara,kiara363@hotmail.com,"Adventure, Historical",Other,4,0,19,Bangalore,"Adventure, Historical",0,1,0,1,0
4051,Mohan,mohan697@rediffmail.com,"Historical, Nature",Female,1,2,60,Ahmedabad,"Historical, Nature",0,1,1,0,0
4052,Ritika,ritika391@hotmail.com,"City, Historical, Adventure",Male,5,0,57,Hyderabad,"City, Historical, Adventure",0,1,0,1,1
4053,Vikram,vikram604@rediffmail.com,City,Female,2,1,28,Ahmedabad,City,0,0,0,0,1
4054,Meera,meera460@gmail.com,"Adventure, Historical",Male,1,0,32,Bangalore,"Adventure, Historical",0,1,0,1,0
4055,Usha,usha554@rediffmail.com,Historical,Male,4,1,28,Chennai,Historical,0,1,0,0,0
4056,Kavya,kavya940@gmail.com,"Beach, Adventure",Female,5,1,36,Bangalore,"Beach, Adventure",1,0,0,1,0
4057,Pooja,pooja952@hotmail.com,"Beach, Historical, Nature",Female,1,2,62,Pune,"Beach, Historical, Nature",1,1,1,0,0
4058,Ananya,ananya483@yahoo.com,City,Female,3,3,64,Chennai,City,0,0,0,0,1
4059,Ishaan,ishaan7@rediffmail.com,Adventure,Female,3,2,46,Delhi,Adventure,0,0,0,1,0
4060,Aarav,aarav417@yahoo.com,"Beach, Historical, Nature",Male,4,0,58,Pune,"Beach, Historical, Nature",1,1,1,0,0
4061,Suresh,suresh492@yahoo.com,"Adventure, Historical",Female,2,3,26,Jaipur,"Adventure, Historical",0,1,0,1,0
4062,Shruti,shruti660@gmail.com,"Nature, Adventure",Female,2,0,40,Surat,"Nature, Adventure",0,0,1,1,0
4063,Tanvi,tanvi224@gmail.com,"Adventure, City",Female,2,1,26,Bangalore,"Adventure, City",0,0,0,1,1
4064,Mohan,mohan353@hotmail.com,"Beach, Historical",Female,3,2,20,Bangalore,"Beach, Historical",1,1,0,0,0
4065,Rohit,rohit351@outlook.com,"Nature, Historical",Female,3,1,62,Chennai,"Nature, Historical",0,1,1,0,0
4066,Geeta,geeta815@hotmail.com,Historical,Other,1,0,44,Jaipur,Historical,0,1,0,0,0
4067,Mohan,mohan551@gmail.com,"City, Adventure",Other,2,2,36,Kolkata,"City, Adventure",0,0,0,1,1
4068,Divya,divya239@rediffmail.com,Beach,Female,2,0,35,Ahmedabad,Beach,1,0,0,0,0
4069,Priya,priya765@hotmail.com,Adventure,Other,2,0,29,Surat,Adventure,0,0,0,1,0
4070,Arjun,arjun988@yahoo.com,"Nature, Historical",Other,3,0,47,Jaipur,"Nature, Historical",0,1,1,0,0
4071,Vivaan,vivaan11@hotmail.com,"Historical, Nature",Male,3,0,38,Surat,"Historical, Nature",0,1,1,0,0
4072,Geeta,geeta694@outlook.com,"Historical, Nature",Female,2,0,19,Ahmedabad,"Historical, Nature",0,1,1,0,0
4073,Rekha,rekha331@yahoo.com,"Nature, Adventure",Male,1,1,32,Chennai,"Nature, Adventure",0,0,1,1,0
4074,Sunita,sunita524@gmail.com,"Beach, Nature",Male,3,1,23,Kolkata,"Beach, Nature",1,0,1,0,0
4075,Ishaan,ishaan558@yahoo.com,"City, Nature",Female,2,1,38,Ahmedabad,"City, Nature",0,0,1,0,1
4076,Arjun,arjun40@rediffmail.com,"Beach, Historical",Male,2,0,47,Hyderabad,"Beach, Historical",1,1,0,0,0
4077,Diya,diya334@hotmail.com,Historical,Male,1,1,49,Bangalore,Historical,0,1,0,0,0
4078,Neha,neha786@hotmail.com,"City, Historical",Female,5,0,45,Surat,"City, Historical",0,1,0,0,1
4079,Suresh,suresh474@rediffmail.com,"Nature, Historical",Female,5,0,39,Surat,"Nature, Historical",0,1,1,0,0
4080,Sunita,sunita380@outlook.com,"Beach, Historical",Female,2,1,62,Kolkata,"Beach, Historical",1,1,0,0,0
4081,Krishna,krishna577@gmail.com,Historical,Male,2,0,36,Delhi,Historical,0,1,0,0,0
4082,Mohan,mohan230@rediffmail.com,"City, Adventure",Male,3,0,60,Pune,"City, Adventure",0,0,0,1,1
4083,Ishaan,ishaan829@gmail.com,Historical,Other,4,1,50,Bangalore,Historical,0,1,0,0,0
4084,Arjun,arjun404@outlook.com,"Beach, Nature",Male,3,1,23,Hyderabad,"Beach, Nature",1,0,1,0,0
4085,Suresh,suresh504@outlook.com,"Nature, Historical",Female,1,2,20,Bangalore,"Nature, Historical",0,1,1,0,0
4086,Tanvi,tanvi646@hotmail.com,"Nature, Adventure, Beach",Female,2,0,64,Ahmedabad,"Nature, Adventure, Beach",1,0,1,1,0
4087,Ishaan,ishaan308@gmail.com,"Beach, Adventure",Other,2,2,29,Delhi,"Beach, Adventure",1,0,0,1,0
4088,Kavya,kavya756@outlook.com,"Nature, Historical",Male,3,0,30,Kolkata,"Nature, Historical",0,1,1,0,0
4089,Kiara,kiara297@gmail.com,"City, Historical, Adventure",Female,1,2,23,Ahmedabad,"City, Historical, Adventure",0,1,0,1,1
4090,Aditya,aditya371@yahoo.com,"City, Adventure",Female,3,1,21,Mumbai,"City, Adventure",0,0,0,1,1
4091,Meera,meera948@hotmail.com,"Nature, Adventure, Beach",Female,1,2,59,Chennai,"Nature, Adventure, Beach",1,0,1,1,0
4092,Ishaan,ishaan333@outlook.com,Nature,Male,1,2,23,Delhi,Nature,0,0,1,0,0
4093,Aadhya,aadhya820@outlook.com,"City, Nature",Female,4,1,48,Delhi,"City, Nature",0,0,1,0,1
4094,Diya,diya220@rediffmail.com,"Nature, Adventure, Beach",Female,3,2,45,Ahmedabad,"Nature, Adventure, Beach",1,0,1,1,0
4095,Deepa,deepa90@yahoo.com,Adventure,Male,2,0,25,Bangalore,Adventure,0,0,0,1,0
4096,Vivaan,vivaan792@yahoo.com,"Nature, Adventure, Beach",Male,4,1,50,Delhi,"Nature, Adventure, Beach",1,0,1,1,0
4097,Kiara,kiara41@gmail.com,"Nature, Historical",Other,4,1,28,Surat,"Nature, Historical",0,1,1,0,0
4098,Anjali,anjali974@rediffmail.com,"Nature, Adventure",Other,3,1,22,Surat,"Nature, Adventure",0,0,1,1,0
4099,Vikram,vikram694@hotmail.com,"Nature, Historical",Female,2,0,54,Delhi,"Nature, Historical",0,1,1,0,0
4100,Sunita,sunita890@rediffmail.com,"Nature, Adventure",Other,2,1,30,Pune,"Nature, Adventure",0,0,1,1,0
4101,Kiran,kiran988@rediffmail.com,"Beach, Adventure",Male,2,0,45,Kolkata,"Beach, Adventure",1,0,0,1,0
4102,Shruti,shruti56@outlook.com,"City, Historical",Female,1,2,31,Ahmedabad,"City, Historical",0,1,0,0,1
4103,Sunita,sunita95@rediffmail.com,"Beach, Nature",Other,4,0,20,Pune,"Beach, Nature",1,0,1,0,0
4104,Vivaan,vivaan115@yahoo.com,"Beach, Adventure",Male,1,2,33,Hyderabad,"Beach, Adventure",1,0,0,1,0
4105,Priya,priya607@outlook.com,Nature,Male,5,0,51,Jaipur,Nature,0,0,1,0,0
4106,Kiran,kiran354@gmail.com,Adventure,Female,2,1,40,Jaipur,Adventure,0,0,0,1,0
4107,Ishaan,ishaan232@gmail.com,Beach,Other,2,0,30,Jaipur,Beach,1,0,0,0,0
4108,Neha,neha746@gmail.com,"City, Historical",Other,5,1,21,Pune,"City, Historical",0,1,0,0,1
4109,Pooja,pooja868@gmail.com,"Beach, Adventure",Other,3,2,31,Mumbai,"Beach, Adventure",1,0,0,1,0
4110,Lakshmi,lakshmi409@hotmail.com,"Beach, Historical",Male,2,1,43,Surat,"Beach, Historical",1,1,0,0,0
4111,Kiran,kiran407@rediffmail.com,"City, Nature",Other,1,1,31,Jaipur,"City, Nature",0,0,1,0,1
4112,Vihaan,vihaan30@hotmail.com,"Beach, Nature",Other,3,1,18,Mumbai,"Beach, Nature",1,0,1,0,0
4113,Geeta,geeta508@gmail.com,"Beach, City",Other,1,0,33,Bangalore,"Beach, City",1,0,0,0,1
4114,Aadhya,aadhya306@yahoo.com,"Beach, Historical",Female,2,1,49,Hyderabad,"Beach, Historical",1,1,0,0,0
4115,Meera,meera903@rediffmail.com,City,Other,2,2,28,Chennai,City,0,0,0,0,1
4116,Divya,divya344@rediffmail.com,"Beach, Historical",Other,2,0,38,Ahmedabad,"Beach, Historical",1,1,0,0,0
4117,Ishaan,ishaan703@outlook.com,"Beach, Historical, Nature",Female,3,0,25,Chennai,"Beach, Historical, Nature",1,1,1,0,0
4118,Usha,usha788@gmail.com,"City, Historical, Adventure",Female,4,3,37,Ahmedabad,"City, Historical, Adventure",0,1,0,1,1
4119,Kavya,kavya797@yahoo.com,Nature,Female,3,2,53,Jaipur,Nature,0,0,1,0,0
4120,Diya,diya406@rediffmail.com,"Beach, Adventure",Male,5,1,20,Hyderabad,"Beach, Adventure",1,0,0,1,0
4121,Riya,riya422@outlook.com,Historical,Female,3,0,35,Ahmedabad,Historical,0,1,0,0,0
4122,Lakshmi,lakshmi756@hotmail.com,"Beach, City",Male,2,0,23,Bangalore,"Beach, City",1,0,0,0,1
4123,Aditya,aditya410@yahoo.com,"Beach, Nature",Female,2,2,54,Jaipur,"Beach, Nature",1,0,1,0,0
4124,Tanvi,tanvi410@gmail.com,"Beach, Nature",Female,2,0,50,Delhi,"Beach, Nature",1,0,1,0,0
4125,Ayaan,ayaan768@outlook.com,"Beach, City",Male,2,0,25,Hyderabad,"Beach, City",1,0,0,0,1
4126,Aadhya,aadhya720@hotmail.com,"City, Historical",Male,2,0,24,Hyderabad,"City, Historical",0,1,0,0,1
4127,Vikram,vikram940@gmail.com,"Beach, Adventure",Female,1,1,28,Kolkata,"Beach, Adventure",1,0,0,1,0
4128,Vivaan,vivaan802@outlook.com,"Adventure, Historical",Female,3,0,40,Hyderabad,"Adventure, Historical",0,1,0,1,0
4129,Ananya,ananya760@hotmail.com,City,Male,2,1,32,Jaipur,City,0,0,0,0,1
4130,Pooja,pooja92@outlook.com,"Beach, Historical",Male,2,2,35,Pune,"Beach, Historical",1,1,0,0,0
4131,Sneha,sneha347@rediffmail.com,"City, Adventure",Other,2,0,18,Chennai,"City, Adventure",0,0,0,1,1
4132,Aarav,aarav872@gmail.com,"City, Historical",Other,5,1,26,Bangalore,"City, Historical",0,1,0,0,1
4133,Shruti,shruti795@yahoo.com,"City, Nature",Other,2,1,35,Bangalore,"City, Nature",0,0,1,0,1
4134,Reyansh,reyansh668@hotmail.com,"Beach, Adventure",Female,4,0,41,Mumbai,"Beach, Adventure",1,0,0,1,0
4135,Geeta,geeta333@hotmail.com,"Beach, Historical",Other,2,0,63,Surat,"Beach, Historical",1,1,0,0,0
4136,Sunita,sunita88@hotmail.com,"City, Adventure",Male,3,0,44,Hyderabad,"City, Adventure",0,0,0,1,1
4137,Vivaan,vivaan247@outlook.com,City,Other,2,0,65,Jaipur,City,0,0,0,0,1
4138,Divya,divya35@gmail.com,Nature,Male,4,2,39,Surat,Nature,0,0,1,0,0
4139,Rohit,rohit898@gmail.com,"Nature, Historical",Male,3,0,36,Surat,"Nature, Historical",0,1,1,0,0
4140,Vikram,vikram439@rediffmail.com,"Adventure, Historical",Female,1,0,65,Jaipur,"Adventure, Historical",0,1,0,1,0
4141,Amit,amit866@hotmail.com,"Adventure, City",Female,2,1,18,Delhi,"Adventure, City",0,0,0,1,1
4142,Deepa,deepa991@gmail.com,Historical,Male,2,0,60,Hyderabad,Historical,0,1,0,0,0
4143,Rahul,rahul600@yahoo.com,"City, Nature",Female,3,2,63,Chennai,"City, Nature",0,0,1,0,1
4144,Mohan,mohan234@yahoo.com,Nature,Female,5,1,49,Delhi,Nature,0,0,1,0,0
4145,Aditya,aditya55@gmail.com,Historical,Male,2,3,24,Bangalore,Historical,0,1,0,0,0
4146,Usha,usha291@outlook.com,Historical,Female,5,1,33,Mumbai,Historical,0,1,0,0,0
4147,Sneha,sneha895@rediffmail.com,"Nature, Historical",Other,2,1,36,Bangalore,"Nature, Historical",0,1,1,0,0
4148,Riya,riya321@outlook.com,"Adventure, City",Other,2,0,28,Ahmedabad,"Adventure, City",0,0,0,1,1
4149,Tanvi,tanvi731@outlook.com,Beach,Other,2,3,25,Chennai,Beach,1,0,0,0,0
4150,Vihaan,vihaan941@yahoo.com,Nature,Female,2,1,63,Jaipur,Nature,0,0,1,0,0
4151,Reyansh,reyansh848@gmail.com,"Adventure, Historical",Other,3,2,64,Delhi,"Adventure, Historical",0,1,0,1,0
4152,Anjali,anjali887@hotmail.com,"Nature, Adventure",Other,4,2,35,Delhi,"Nature, Adventure",0,0,1,1,0
4153,Aarav,aarav500@rediffmail.com,"Beach, Nature",Male,5,0,37,Kolkata,"Beach, Nature",1,0,1,0,0
4154,Priya,priya261@hotmail.com,"City, Historical",Male,5,2,33,Mumbai,"City, Historical",0,1,0,0,1
4155,Sunita,sunita469@outlook.com,"Nature, Historical",Male,3,0,49,Chennai,"Nature, Historical",0,1,1,0,0
4156,Anjali,anjali940@rediffmail.com,"Adventure, Historical",Other,2,0,64,Jaipur,"Adventure, Historical",0,1,0,1,0
4157,Meera,meera573@hotmail.com,Historical,Male,1,1,25,Bangalore,Historical,0,1,0,0,0
4158,Rohit,rohit249@yahoo.com,"Adventure, Historical",Male,2,1,64,Ahmedabad,"Adventure, Historical",0,1,0,1,0
4159,Vivaan,vivaan564@yahoo.com,"Historical, Nature",Female,2,3,21,Surat,"Historical, Nature",0,1,1,0,0
4160,Deepa,deepa682@hotmail.com,Nature,Other,1,1,41,Chennai,Nature,0,0,1,0,0
4161,Mohan,mohan221@rediffmail.com,"City, Adventure",Female,1,0,60,Ahmedabad,"City, Adventure",0,0,0,1,1
4162,Krishna,krishna999@gmail.com,"Beach, Historical",Male,2,3,48,Mumbai,"Beach, Historical",1,1,0,0,0
4163,Geeta,geeta864@gmail.com,Historical,Male,4,0,21,Ahmedabad,Historical,0,1,0,0,0
4164,Neha,neha770@hotmail.com,Nature,Other,2,0,63,Mumbai,Nature,0,0,1,0,0
4165,Sunita,sunita988@rediffmail.com,"City, Nature",Female,3,1,61,Kolkata,"City, Nature",0,0,1,0,1
4166,Shruti,shruti740@outlook.com,"Beach, Historical, Nature",Female,4,2,29,Surat,"Beach, Historical, Nature",1,1,1,0,0
4167,Deepa,deepa356@gmail.com,Adventure,Female,3,0,39,Kolkata,Adventure,0,0,0,1,0
4168,Rahul,rahul453@yahoo.com,Nature,Female,2,1,23,Surat,Nature,0,0,1,0,0
4169,Neha,neha165@rediffmail.com,"Beach, Nature",Female,5,0,48,Surat,"Beach, Nature",1,0,1,0,0
4170,Amit,amit4@gmail.com,"Beach, Adventure",Female,2,0,27,Mumbai,"Beach, Adventure",1,0,0,1,0
4171,Ananya,ananya448@yahoo.com,Beach,Other,5,0,31,Bangalore,Beach,1,0,0,0,0
4172,Vikram,vikram680@outlook.com,"City, Adventure",Male,5,0,46,Chennai,"City, Adventure",0,0,0,1,1
4173,Riya,riya11@rediffmail.com,"Nature, Adventure",Female,4,2,20,Kolkata,"Nature, Adventure",0,0,1,1,0
4174,Kiara,kiara344@gmail.com,Nature,Other,2,1,35,Jaipur,Nature,0,0,1,0,0
4175,Kiran,kiran763@hotmail.com,"City, Adventure",Male,1,1,30,Jaipur,"City, Adventure",0,0,0,1,1
4176,Sunita,sunita608@gmail.com,"Nature, Adventure",Other,4,2,31,Kolkata,"Nature, Adventure",0,0,1,1,0
4177,Deepa,deepa615@yahoo.com,"Beach, Adventure",Male,2,0,34,Bangalore,"Beach, Adventure",1,0,0,1,0
4178,Ishaan,ishaan546@outlook.com,Beach,Male,4,1,32,Jaipur,Beach,1,0,0,0,0
4179,Krishna,krishna917@yahoo.com,Adventure,Other,2,0,55,Chennai,Adventure,0,0,0,1,0
4180,Reyansh,reyansh37@yahoo.com,"City, Nature",Other,2,1,62,Mumbai,"City, Nature",0,0,1,0,1
4181,Aarav,aarav557@rediffmail.com,"Nature, Historical",Male,3,0,20,Chennai,"Nature, Historical",0,1,1,0,0
4182,Pooja,pooja12@outlook.com,"Beach, Adventure",Male,2,1,61,Delhi,"Beach, Adventure",1,0,0,1,0
4183,Ritika,ritika909@rediffmail.com,"Beach, Adventure",Other,2,0,23,Bangalore,"Beach, Adventure",1,0,0,1,0
4184,Suresh,suresh662@hotmail.com,"Beach, Historical, Nature",Other,5,0,32,Jaipur,"Beach, Historical, Nature",1,1,1,0,0
4185,Reyansh,reyansh607@rediffmail.com,"City, Adventure",Other,3,0,44,Surat,"City, Adventure",0,0,0,1,1
4186,Vikram,vikram554@gmail.com,Beach,Female,2,1,37,Hyderabad,Beach,1,0,0,0,0
4187,Ishaan,ishaan99@outlook.com,Adventure,Other,3,2,47,Surat,Adventure,0,0,0,1,0
4188,Kavya,kavya446@outlook.com,"Beach, Historical",Female,2,0,46,Chennai,"Beach, Historical",1,1,0,0,0
4189,Rekha,rekha439@rediffmail.com,City,Female,3,0,26,Ahmedabad,City,0,0,0,0,1
4190,Mohan,mohan219@rediffmail.com,"Nature, Adventure",Male,3,1,56,Jaipur,"Nature, Adventure",0,0,1,1,0
4191,Anjali,anjali884@yahoo.com,"Beach, Adventure",Male,3,0,28,Delhi,"Beach, Adventure",1,0,0,1,0
4192,Rekha,rekha523@outlook.com,"City, Historical, Adventure",Other,2,0,41,Delhi,"City, Historical, Adventure",0,1,0,1,1
4193,Vivaan,vivaan131@outlook.com,"Beach, Historical",Female,2,2,65,Ahmedabad,"Beach, Historical",1,1,0,0,0
4194,Kiran,kiran654@gmail.com,Beach,Other,2,3,49,Kolkata,Beach,1,0,0,0,0
4195,Tanvi,tanvi96@outlook.com,"City, Historical, Adventure",Other,3,0,27,Ahmedabad,"City, Historical, Adventure",0,1,0,1,1
4196,Geeta,geeta367@rediffmail.com,"City, Historical",Other,1,1,29,Hyderabad,"City, Historical",0,1,0,0,1
4197,Ishaan,ishaan878@hotmail.com,Beach,Male,2,0,54,Kolkata,Beach,1,0,0,0,0
4198,Riya,riya930@hotmail.com,"Nature, Historical",Male,3,3,32,Surat,"Nature, Historical",0,1,1,0,0
4199,Rekha,rekha264@rediffmail.com,"Adventure, Historical",Other,2,0,54,Pune,"Adventure, Historical",0,1,0,1,0
4200,Rahul,rahul807@outlook.com,Nature,Female,2,1,41,Chennai,Nature,0,0,1,0,0
4201,Arjun,arjun482@gmail.com,City,Female,2,0,65,Delhi,City,0,0,0,0,1
4202,Vivaan,vivaan679@yahoo.com,Historical,Male,2,0,61,Bangalore,Historical,0,1,0,0,0
4203,Amit,amit754@hotmail.com,Historical,Male,3,2,28,Chennai,Historical,0,1,0,0,0
4204,Meera,meera941@rediffmail.com,Historical,Female,3,1,22,Kolkata,Historical,0,1,0,0,0
4205,Kiran,kiran6@gmail.com,"City, Historical, Adventure",Male,1,0,53,Ahmedabad,"City, Historical, Adventure",0,1,0,1,1
4206,Lakshmi,lakshmi406@gmail.com,Historical,Male,5,1,44,Hyderabad,Historical,0,1,0,0,0
4207,Nisha,nisha947@hotmail.com,"Beach, Historical, Nature",Other,3,0,48,Ahmedabad,"Beach, Historical, Nature",1,1,1,0,0
4208,Amit,amit629@outlook.com,"Beach, City",Male,2,0,21,Surat,"Beach, City",1,0,0,0,1
4209,Vivaan,vivaan614@yahoo.com,Adventure,Male,5,0,63,Pune,Adventure,0,0,0,1,0
4210,Mohan,mohan111@gmail.com,"Nature, Historical",Female,4,2,63,Hyderabad,"Nature, Historical",0,1,1,0,0
4211,Deepa,deepa446@rediffmail.com,"Nature, Historical",Female,5,2,62,Chennai,"Nature, Historical",0,1,1,0,0
4212,Ritika,ritika452@rediffmail.com,"Nature, Adventure",Other,4,2,63,Pune,"Nature, Adventure",0,0,1,1,0
4213,Krishna,krishna514@rediffmail.com,"Beach, Historical",Other,2,0,23,Ahmedabad,"Beach, Historical",1,1,0,0,0
4214,Diya,diya454@rediffmail.com,"Nature, Historical",Other,2,0,51,Ahmedabad,"Nature, Historical",0,1,1,0,0
4215,Neha,neha243@hotmail.com,"Beach, City",Male,4,0,56,Kolkata,"Beach, City",1,0,0,0,1
4216,Neha,neha327@rediffmail.com,"Beach, Adventure",Other,1,0,38,Mumbai,"Beach, Adventure",1,0,0,1,0
4217,Ishaan,ishaan246@gmail.com,City,Other,3,2,42,Hyderabad,City,0,0,0,0,1
4218,Kiran,kiran822@rediffmail.com,"Historical, Nature",Female,5,0,32,Pune,"Historical, Nature",0,1,1,0,0
4219,Priya,priya542@hotmail.com,"Nature, Adventure, Beach",Female,2,0,24,Pune,"Nature, Adventure, Beach",1,0,1,1,0
4220,Vikram,vikram33@yahoo.com,City,Female,1,1,20,Chennai,City,0,0,0,0,1
4221,Rohit,rohit889@outlook.com,Nature,Other,2,0,37,Surat,Nature,0,0,1,0,0
4222,Vihaan,vihaan218@hotmail.com,Beach,Female,2,0,65,Surat,Beach,1,0,0,0,0
4223,Ayaan,ayaan673@gmail.com,Nature,Male,2,0,39,Mumbai,Nature,0,0,1,0,0
4224,Riya,riya745@rediffmail.com,Beach,Other,2,0,44,Ahmedabad,Beach,1,0,0,0,0
4225,Arjun,arjun654@rediffmail.com,"Nature, Adventure",Male,4,0,38,Ahmedabad,"Nature, Adventure",0,0,1,1,0
4226,Rekha,rekha227@yahoo.com,"Beach, Adventure",Female,1,1,63,Kolkata,"Beach, Adventure",1,0,0,1,0
4227,Aarav,aarav103@yahoo.com,City,Female,2,0,19,Bangalore,City,0,0,0,0,1
4228,Geeta,geeta347@hotmail.com,"Beach, Adventure",Other,1,3,19,Delhi,"Beach, Adventure",1,0,0,1,0
4229,Ananya,ananya877@outlook.com,"City, Adventure",Female,1,1,41,Ahmedabad,"City, Adventure",0,0,0,1,1
4230,Vihaan,vihaan395@gmail.com,"Nature, Adventure, Beach",Female,3,1,25,Chennai,"Nature, Adventure, Beach",1,0,1,1,0
4231,Kiran,kiran641@outlook.com,"Nature, Adventure",Female,2,1,60,Surat,"Nature, Adventure",0,0,1,1,0
4232,Kiara,kiara854@rediffmail.com,Nature,Other,2,1,60,Jaipur,Nature,0,0,1,0,0
4233,Arjun,arjun495@gmail.com,"Beach, Historical, Nature",Male,3,1,27,Surat,"Beach, Historical, Nature",1,1,1,0,0
4234,Aadhya,aadhya725@yahoo.com,"Beach, Historical, Nature",Other,5,2,41,Mumbai,"Beach, Historical, Nature",1,1,1,0,0
4235,Shruti,shruti941@gmail.com,"Nature, Adventure, Beach",Female,1,3,32,Chennai,"Nature, Adventure, Beach",1,0,1,1,0
4236,Krishna,krishna77@yahoo.com,"Beach, City",Other,2,3,20,Surat,"Beach, City",1,0,0,0,1
4237,Priya,priya43@gmail.com,"Beach, Adventure",Female,4,0,48,Jaipur,"Beach, Adventure",1,0,0,1,0
4238,Suresh,suresh535@rediffmail.com,"City, Adventure",Female,2,0,52,Mumbai,"City, Adventure",0,0,0,1,1
4239,Vikram,vikram410@gmail.com,"City, Historical",Other,5,2,29,Kolkata,"City, Historical",0,1,0,0,1
4240,Krishna,krishna739@gmail.com,"City, Nature",Male,5,1,41,Delhi,"City, Nature",0,0,1,0,1
4241,Lakshmi,lakshmi326@hotmail.com,"City, Historical",Male,1,1,21,Delhi,"City, Historical",0,1,0,0,1
4242,Ritika,ritika84@gmail.com,"Adventure, City",Other,3,1,61,Surat,"Adventure, City",0,0,0,1,1
4243,Rekha,rekha949@yahoo.com,"Beach, Adventure",Male,2,0,65,Ahmedabad,"Beach, Adventure",1,0,0,1,0
4244,Shruti,shruti595@yahoo.com,"Nature, Adventure",Female,4,0,36,Pune,"Nature, Adventure",0,0,1,1,0
4245,Rekha,rekha441@rediffmail.com,City,Other,3,2,24,Mumbai,City,0,0,0,0,1
4246,Geeta,geeta721@hotmail.com,"Beach, Nature",Other,4,2,21,Hyderabad,"Beach, Nature",1,0,1,0,0
4247,Amit,amit32@outlook.com,"Historical, Nature",Male,1,1,31,Kolkata,"Historical, Nature",0,1,1,0,0
4248,Aarav,aarav532@gmail.com,Beach,Female,4,2,53,Mumbai,Beach,1,0,0,0,0
4249,Priya,priya262@hotmail.com,"Nature, Adventure",Other,3,1,49,Delhi,"Nature, Adventure",0,0,1,1,0
4250,Priya,priya40@rediffmail.com,"City, Nature",Female,2,0,35,Surat,"City, Nature",0,0,1,0,1
4251,Amit,amit31@hotmail.com,"Beach, Historical",Other,3,2,39,Ahmedabad,"Beach, Historical",1,1,0,0,0
4252,Aditya,aditya424@yahoo.com,Historical,Female,2,0,53,Chennai,Historical,0,1,0,0,0
4253,Usha,usha653@rediffmail.com,"City, Adventure",Other,3,0,27,Surat,"City, Adventure",0,0,0,1,1
4254,Sneha,sneha81@outlook.com,"Adventure, City",Other,3,0,57,Pune,"Adventure, City",0,0,0,1,1
4255,Divya,divya953@hotmail.com,Nature,Male,2,0,58,Ahmedabad,Nature,0,0,1,0,0
4256,Meera,meera466@hotmail.com,Beach,Other,1,1,40,Chennai,Beach,1,0,0,0,0
4257,Aditya,aditya99@hotmail.com,"Nature, Historical",Female,1,3,43,Delhi,"Nature, Historical",0,1,1,0,0
4258,Tanvi,tanvi301@hotmail.com,City,Female,3,0,61,Kolkata,City,0,0,0,0,1
4259,Krishna,krishna624@hotmail.com,Beach,Male,1,0,26,Ahmedabad,Beach,1,0,0,0,0
4260,Kiran,kiran446@gmail.com,"Beach, Adventure",Female,3,0,43,Ahmedabad,"Beach, Adventure",1,0,0,1,0
4261,Rekha,rekha940@hotmail.com,Adventure,Other,1,0,42,Bangalore,Adventure,0,0,0,1,0
4262,Shruti,shruti764@hotmail.com,"Nature, Historical",Male,2,2,49,Bangalore,"Nature, Historical",0,1,1,0,0
4263,Aadhya,aadhya89@yahoo.com,"Adventure, Historical",Male,2,3,39,Bangalore,"Adventure, Historical",0,1,0,1,0
4264,Rohit,rohit848@hotmail.com,"Nature, Adventure",Male,3,1,51,Surat,"Nature, Adventure",0,0,1,1,0
4265,Nisha,nisha615@hotmail.com,"City, Historical",Female,2,0,21,Pune,"City, Historical",0,1,0,0,1
4266,Ishaan,ishaan9@outlook.com,"City, Nature",Female,2,0,64,Delhi,"City, Nature",0,0,1,0,1
4267,Neha,neha279@outlook.com,Nature,Male,2,3,57,Chennai,Nature,0,0,1,0,0
4268,Meera,meera680@yahoo.com,"City, Nature",Male,1,1,25,Mumbai,"City, Nature",0,0,1,0,1
4269,Rekha,rekha88@yahoo.com,"City, Historical, Adventure",Female,5,2,32,Delhi,"City, Historical, Adventure",0,1,0,1,1
4270,Sneha,sneha931@gmail.com,"Beach, City",Male,4,1,49,Ahmedabad,"Beach, City",1,0,0,0,1
4271,Kiara,kiara272@yahoo.com,Historical,Female,3,1,62,Hyderabad,Historical,0,1,0,0,0
4272,Aditya,aditya775@yahoo.com,"Beach, Nature",Male,2,1,32,Delhi,"Beach, Nature",1,0,1,0,0
4273,Aadhya,aadhya504@rediffmail.com,"City, Historical, Adventure",Other,5,1,50,Delhi,"City, Historical, Adventure",0,1,0,1,1
4274,Aarav,aarav984@gmail.com,"City, Historical, Adventure",Female,2,0,44,Pune,"City, Historical, Adventure",0,1,0,1,1
4275,Divya,divya532@rediffmail.com,Nature,Male,3,0,48,Jaipur,Nature,0,0,1,0,0
4276,Meera,meera795@outlook.com,"Adventure, City",Female,2,1,50,Ahmedabad,"Adventure, City",0,0,0,1,1
4277,Ritika,ritika148@yahoo.com,Adventure,Other,1,0,65,Bangalore,Adventure,0,0,0,1,0
4278,Krishna,krishna655@outlook.com,"Beach, Adventure",Female,1,2,51,Ahmedabad,"Beach, Adventure",1,0,0,1,0
4279,Ananya,ananya567@gmail.com,"Adventure, Historical",Male,5,0,41,Chennai,"Adventure, Historical",0,1,0,1,0
4280,Mohan,mohan754@rediffmail.com,"Historical, Nature",Other,5,0,34,Jaipur,"Historical, Nature",0,1,1,0,0
4281,Kiran,kiran485@hotmail.com,Beach,Female,3,1,52,Ahmedabad,Beach,1,0,0,0,0
4282,Shruti,shruti307@outlook.com,City,Female,1,1,21,Jaipur,City,0,0,0,0,1
4283,Rahul,rahul213@gmail.com,"Beach, Adventure",Other,5,1,56,Chennai,"Beach, Adventure",1,0,0,1,0
4284,Reyansh,reyansh381@yahoo.com,Beach,Male,1,1,48,Hyderabad,Beach,1,0,0,0,0
4285,Sai,sai264@outlook.com,"City, Nature",Male,3,0,42,Delhi,"City, Nature",0,0,1,0,1
4286,Sneha,sneha945@outlook.com,"City, Adventure",Male,3,2,42,Hyderabad,"City, Adventure",0,0,0,1,1
4287,Amit,amit725@hotmail.com,"Nature, Historical",Female,5,0,56,Surat,"Nature, Historical",0,1,1,0,0
4288,Tanvi,tanvi100@gmail.com,"City, Adventure",Male,2,0,35,Surat,"City, Adventure",0,0,0,1,1
4289,Pooja,pooja169@rediffmail.com,Nature,Other,2,0,20,Chennai,Nature,0,0,1,0,0
4290,Nisha,nisha232@outlook.com,"Nature, Historical",Other,3,0,63,Ahmedabad,"Nature, Historical",0,1,1,0,0
4291,Amit,amit834@rediffmail.com,Nature,Other,1,1,50,Delhi,Nature,0,0,1,0,0
4292,Tanvi,tanvi525@hotmail.com,"Nature, Adventure",Other,5,2,26,Delhi,"Nature, Adventure",0,0,1,1,0
4293,Suresh,suresh587@rediffmail.com,"Adventure, City",Female,3,0,45,Chennai,"Adventure, City",0,0,0,1,1
4294,Neha,neha131@hotmail.com,"Nature, Historical",Other,4,3,31,Chennai,"Nature, Historical",0,1,1,0,0
4295,Ayaan,ayaan165@yahoo.com,"Historical, Nature",Male,4,0,53,Mumbai,"Historical, Nature",0,1,1,0,0
4296,Pooja,pooja15@outlook.com,Historical,Male,3,3,64,Ahmedabad,Historical,0,1,0,0,0
4297,Aadhya,aadhya817@hotmail.com,"Beach, Historical, Nature",Female,2,0,49,Hyderabad,"Beach, Historical, Nature",1,1,1,0,0
4298,Aarav,aarav471@gmail.com,"City, Nature",Female,2,2,40,Kolkata,"City, Nature",0,0,1,0,1
4299,Aarav,aarav4@hotmail.com,Beach,Other,1,2,53,Bangalore,Beach,1,0,0,0,0
4300,Ayaan,ayaan887@yahoo.com,"Beach, Historical, Nature",Male,1,2,31,Ahmedabad,"Beach, Historical, Nature",1,1,1,0,0
4301,Deepa,deepa886@rediffmail.com,"Historical, Nature",Female,3,0,46,Bangalore,"Historical, Nature",0,1,1,0,0
4302,Lakshmi,lakshmi268@yahoo.com,"Nature, Adventure, Beach",Male,2,0,37,Pune,"Nature, Adventure, Beach",1,0,1,1,0
4303,Geeta,geeta859@hotmail.com,"City, Historical, Adventure",Male,3,0,43,Kolkata,"City, Historical, Adventure",0,1,0,1,1
4304,Kiran,kiran34@outlook.com,"Beach, Historical, Nature",Female,5,0,30,Hyderabad,"Beach, Historical, Nature",1,1,1,0,0
4305,Priya,priya211@outlook.com,City,Other,2,2,53,Delhi,City,0,0,0,0,1
4306,Ayaan,ayaan990@rediffmail.com,"Nature, Historical",Female,2,0,34,Bangalore,"Nature, Historical",0,1,1,0,0
4307,Ayaan,ayaan30@hotmail.com,"City, Nature",Female,3,0,63,Mumbai,"City, Nature",0,0,1,0,1
4308,Nisha,nisha573@yahoo.com,Beach,Female,3,1,23,Kolkata,Beach,1,0,0,0,0
4309,Rohit,rohit594@outlook.com,"City, Adventure",Other,5,1,58,Pune,"City, Adventure",0,0,0,1,1
4310,Sunita,sunita955@outlook.com,"Historical, Nature",Male,3,0,30,Delhi,"Historical, Nature",0,1,1,0,0
4311,Aadhya,aadhya782@hotmail.com,"Beach, Adventure",Other,2,1,29,Jaipur,"Beach, Adventure",1,0,0,1,0
4312,Kiran,kiran473@hotmail.com,City,Female,2,0,31,Pune,City,0,0,0,0,1
4313,Mohan,mohan436@gmail.com,"Beach, Adventure",Female,1,0,56,Delhi,"Beach, Adventure",1,0,0,1,0
4314,Geeta,geeta355@yahoo.com,"Beach, Historical, Nature",Male,5,1,37,Bangalore,"Beach, Historical, Nature",1,1,1,0,0
4315,Lakshmi,lakshmi806@hotmail.com,"Adventure, City",Male,2,1,61,Jaipur,"Adventure, City",0,0,0,1,1
4316,Kiran,kiran118@outlook.com,"Beach, Historical",Male,1,0,57,Delhi,"Beach, Historical",1,1,0,0,0
4317,Rohit,rohit316@rediffmail.com,"Beach, Historical",Female,2,1,44,Hyderabad,"Beach, Historical",1,1,0,0,0
4318,Shruti,shruti634@yahoo.com,"City, Historical",Female,5,1,23,Mumbai,"City, Historical",0,1,0,0,1
4319,Anjali,anjali974@hotmail.com,"Beach, Nature",Female,4,2,34,Jaipur,"Beach, Nature",1,0,1,0,0
4320,Rekha,rekha19@outlook.com,"Nature, Adventure, Beach",Other,5,0,48,Chennai,"Nature, Adventure, Beach",1,0,1,1,0
4321,Anjali,anjali678@gmail.com,Beach,Female,3,1,47,Chennai,Beach,1,0,0,0,0
4322,Vikram,vikram463@yahoo.com,"Nature, Adventure",Other,3,0,29,Chennai,"Nature, Adventure",0,0,1,1,0
4323,Divya,divya186@hotmail.com,"Nature, Historical",Male,3,0,50,Kolkata,"Nature, Historical",0,1,1,0,0
4324,Sunita,sunita580@hotmail.com,"Historical, Nature",Female,5,1,48,Delhi,"Historical, Nature",0,1,1,0,0
4325,Suresh,suresh371@hotmail.com,"Nature, Adventure, Beach",Male,2,2,47,Mumbai,"Nature, Adventure, Beach",1,0,1,1,0
4326,Ayaan,ayaan119@outlook.com,"Nature, Historical",Other,3,2,47,Jaipur,"Nature, Historical",0,1,1,0,0
4327,Aadhya,aadhya641@yahoo.com,Nature,Male,4,1,50,Pune,Nature,0,0,1,0,0
4328,Deepa,deepa521@rediffmail.com,"Beach, Historical, Nature",Other,3,0,22,Mumbai,"Beach, Historical, Nature",1,1,1,0,0
4329,Anjali,anjali352@rediffmail.com,Adventure,Male,5,1,48,Surat,Adventure,0,0,0,1,0
4330,Meera,meera850@yahoo.com,"Beach, Adventure",Female,2,2,21,Bangalore,"Beach, Adventure",1,0,0,1,0
4331,Vikram,vikram206@yahoo.com,Adventure,Female,4,1,40,Surat,Adventure,0,0,0,1,0
4332,Kiran,kiran828@outlook.com,"Adventure, Historical",Other,2,1,42,Surat,"Adventure, Historical",0,1,0,1,0
4333,Priya,priya839@rediffmail.com,"Beach, City",Female,3,0,58,Chennai,"Beach, City",1,0,0,0,1
4334,Sneha,sneha875@hotmail.com,"Beach, City",Female,3,1,26,Hyderabad,"Beach, City",1,0,0,0,1
4335,Vivaan,vivaan794@outlook.com,"City, Nature",Female,2,1,18,Ahmedabad,"City, Nature",0,0,1,0,1
4336,Sneha,sneha696@rediffmail.com,"Nature, Adventure, Beach",Female,2,0,57,Hyderabad,"Nature, Adventure, Beach",1,0,1,1,0
4337,Rohit,rohit899@gmail.com,"City, Nature",Female,4,0,53,Mumbai,"City, Nature",0,0,1,0,1
4338,Tanvi,tanvi538@gmail.com,"City, Adventure",Male,3,0,52,Pune,"City, Adventure",0,0,0,1,1
4339,Kiran,kiran595@yahoo.com,"Historical, Nature",Other,3,0,56,Kolkata,"Historical, Nature",0,1,1,0,0
4340,Nisha,nisha759@rediffmail.com,"Nature, Adventure",Other,5,2,19,Jaipur,"Nature, Adventure",0,0,1,1,0
4341,Kiara,kiara470@yahoo.com,"Nature, Adventure",Female,1,0,42,Chennai,"Nature, Adventure",0,0,1,1,0
4342,Ananya,ananya831@outlook.com,"Beach, Historical",Female,1,2,27,Kolkata,"Beach, Historical",1,1,0,0,0
4343,Suresh,suresh529@yahoo.com,"Beach, Historical, Nature",Female,3,0,30,Hyderabad,"Beach, Historical, Nature",1,1,1,0,0
4344,Kiran,kiran479@outlook.com,Nature,Female,3,3,43,Kolkata,Nature,0,0,1,0,0
4345,Aditya,aditya254@yahoo.com,"Adventure, City",Female,2,2,57,Jaipur,"Adventure, City",0,0,0,1,1
4346,Priya,priya115@outlook.com,"Nature, Adventure, Beach",Male,4,1,54,Hyderabad,"Nature, Adventure, Beach",1,0,1,1,0
4347,Arjun,arjun55@gmail.com,"Beach, Historical",Male,3,0,48,Ahmedabad,"Beach, Historical",1,1,0,0,0
4348,Ayaan,ayaan699@rediffmail.com,"Adventure, Historical",Male,2,3,34,Surat,"Adventure, Historical",0,1,0,1,0
4349,Divya,divya488@rediffmail.com,Adventure,Male,3,3,19,Kolkata,Adventure,0,0,0,1,0
4350,Sai,sai270@outlook.com,"Beach, Adventure",Female,2,1,35,Jaipur,"Beach, Adventure",1,0,0,1,0
4351,Anjali,anjali605@yahoo.com,"Adventure, Historical",Male,5,2,60,Bangalore,"Adventure, Historical",0,1,0,1,0
4352,Deepa,deepa33@yahoo.com,Historical,Male,3,2,48,Pune,Historical,0,1,0,0,0
4353,Lakshmi,lakshmi775@hotmail.com,"Nature, Adventure",Female,1,2,62,Ahmedabad,"Nature, Adventure",0,0,1,1,0
4354,Ayaan,ayaan965@yahoo.com,"Nature, Adventure, Beach",Male,2,1,24,Chennai,"Nature, Adventure, Beach",1,0,1,1,0
4355,Sunita,sunita113@yahoo.com,"Beach, Adventure",Female,2,0,59,Surat,"Beach, Adventure",1,0,0,1,0
4356,Anjali,anjali989@outlook.com,"Beach, Nature",Other,3,0,33,Jaipur,"Beach, Nature",1,0,1,0,0
4357,Deepa,deepa958@rediffmail.com,Historical,Male,2,1,18,Jaipur,Historical,0,1,0,0,0
4358,Geeta,geeta68@gmail.com,Beach,Other,2,2,45,Hyderabad,Beach,1,0,0,0,0
4359,Aditya,aditya508@gmail.com,Historical,Other,2,1,59,Hyderabad,Historical,0,1,0,0,0
4360,Pooja,pooja544@outlook.com,City,Male,4,0,51,Pune,City,0,0,0,0,1
4361,Divya,divya219@hotmail.com,"Adventure, Historical",Other,2,1,36,Hyderabad,"Adventure, Historical",0,1,0,1,0
4362,Usha,usha133@hotmail.com,"Historical, Nature",Other,1,0,25,Jaipur,"Historical, Nature",0,1,1,0,0
4363,Mohan,mohan890@rediffmail.com,"City, Nature",Other,4,2,34,Chennai,"City, Nature",0,0,1,0,1
4364,Sai,sai439@hotmail.com,City,Female,3,1,35,Hyderabad,City,0,0,0,0,1
4365,Sneha,sneha911@gmail.com,"Beach, Historical, Nature",Other,3,2,65,Surat,"Beach, Historical, Nature",1,1,1,0,0
4366,Aadhya,aadhya25@yahoo.com,"Historical, Nature",Other,1,1,41,Kolkata,"Historical, Nature",0,1,1,0,0
4367,Aarav,aarav866@outlook.com,"Adventure, City",Female,3,2,25,Pune,"Adventure, City",0,0,0,1,1
4368,Kavya,kavya212@gmail.com,"Adventure, City",Other,5,1,43,Kolkata,"Adventure, City",0,0,0,1,1
4369,Diya,diya225@gmail.com,"Nature, Adventure, Beach",Male,5,0,43,Pune,"Nature, Adventure, Beach",1,0,1,1,0
4370,Priya,priya993@gmail.com,"City, Nature",Male,2,1,25,Pune,"City, Nature",0,0,1,0,1
4371,Sneha,sneha825@gmail.com,"Historical, Nature",Other,2,2,19,Delhi,"Historical, Nature",0,1,1,0,0
4372,Ishaan,ishaan888@rediffmail.com,"City, Adventure",Male,1,3,38,Mumbai,"City, Adventure",0,0,0,1,1
4373,Vivaan,vivaan300@yahoo.com,"Beach, Adventure",Male,3,1,62,Mumbai,"Beach, Adventure",1,0,0,1,0
4374,Vikram,vikram956@rediffmail.com,"Adventure, City",Male,2,2,62,Mumbai,"Adventure, City",0,0,0,1,1
4375,Sunita,sunita244@gmail.com,"City, Adventure",Female,3,1,31,Ahmedabad,"City, Adventure",0,0,0,1,1
4376,Amit,amit455@hotmail.com,"Nature, Adventure, Beach",Female,4,1,51,Bangalore,"Nature, Adventure, Beach",1,0,1,1,0
4377,Sneha,sneha851@outlook.com,"Adventure, Historical",Male,3,0,23,Ahmedabad,"Adventure, Historical",0,1,0,1,0
4378,Kavya,kavya498@yahoo.com,"Beach, Adventure",Other,4,0,35,Bangalore,"Beach, Adventure",1,0,0,1,0
4379,Geeta,geeta364@gmail.com,City,Female,2,0,59,Jaipur,City,0,0,0,0,1
4380,Deepa,deepa793@rediffmail.com,City,Other,3,0,39,Surat,City,0,0,0,0,1
4381,Aditya,aditya250@gmail.com,City,Male,3,1,57,Pune,City,0,0,0,0,1
4382,Nisha,nisha269@rediffmail.com,Historical,Female,1,2,18,Hyderabad,Historical,0,1,0,0,0
4383,Neha,neha568@outlook.com,"City, Historical, Adventure",Other,1,1,38,Mumbai,"City, Historical, Adventure",0,1,0,1,1
4384,Neha,neha586@yahoo.com,"Beach, City",Female,2,0,33,Pune,"Beach, City",1,0,0,0,1
4385,Vivaan,vivaan455@hotmail.com,"Nature, Adventure, Beach",Female,2,0,62,Chennai,"Nature, Adventure, Beach",1,0,1,1,0
4386,Suresh,suresh882@outlook.com,City,Other,1,0,63,Bangalore,City,0,0,0,0,1
4387,Ishaan,ishaan458@hotmail.com,"Adventure, Historical",Female,2,2,58,Jaipur,"Adventure, Historical",0,1,0,1,0
4388,Shruti,shruti279@outlook.com,"City, Historical, Adventure",Male,2,2,25,Bangalore,"City, Historical, Adventure",0,1,0,1,1
4389,Aadhya,aadhya527@hotmail.com,"Adventure, City",Female,3,2,33,Jaipur,"Adventure, City",0,0,0,1,1
4390,Rekha,rekha482@rediffmail.com,"Nature, Adventure",Male,2,1,39,Pune,"Nature, Adventure",0,0,1,1,0
4391,Rekha,rekha292@rediffmail.com,"Nature, Historical",Other,3,0,34,Delhi,"Nature, Historical",0,1,1,0,0
4392,Lakshmi,lakshmi437@yahoo.com,"Beach, Adventure",Other,3,2,60,Jaipur,"Beach, Adventure",1,0,0,1,0
4393,Ayaan,ayaan158@outlook.com,"City, Adventure",Other,2,2,28,Jaipur,"City, Adventure",0,0,0,1,1
4394,Lakshmi,lakshmi458@outlook.com,"Nature, Adventure, Beach",Other,4,0,25,Bangalore,"Nature, Adventure, Beach",1,0,1,1,0
4395,Ishaan,ishaan503@yahoo.com,Adventure,Female,2,2,36,Pune,Adventure,0,0,0,1,0
4396,Ayaan,ayaan711@yahoo.com,"Beach, City",Male,2,2,21,Mumbai,"Beach, City",1,0,0,0,1
4397,Rohit,rohit290@outlook.com,"Adventure, Historical",Other,2,0,40,Surat,"Adventure, Historical",0,1,0,1,0
4398,Rohit,rohit910@outlook.com,Nature,Male,5,0,53,Chennai,Nature,0,0,1,0,0
4399,Aadhya,aadhya382@hotmail.com,Nature,Female,3,1,57,Pune,Nature,0,0,1,0,0
4400,Aarav,aarav309@rediffmail.com,"City, Historical",Male,3,1,21,Hyderabad,"City, Historical",0,1,0,0,1
4401,Diya,diya82@hotmail.com,"City, Historical",Female,5,1,53,Pune,"City, Historical",0,1,0,0,1
4402,Kavya,kavya96@rediffmail.com,Historical,Other,2,0,42,Mumbai,Historical,0,1,0,0,0
4403,Usha,usha699@yahoo.com,"City, Historical",Other,3,0,54,Ahmedabad,"City, Historical",0,1,0,0,1
4404,Neha,neha560@outlook.com,"Beach, Historical",Male,1,0,53,Chennai,"Beach, Historical",1,1,0,0,0
4405,Rekha,rekha81@gmail.com,"Beach, Nature",Female,4,0,28,Kolkata,"Beach, Nature",1,0,1,0,0
4406,Meera,meera50@gmail.com,"Nature, Adventure, Beach",Other,2,1,33,Chennai,"Nature, Adventure, Beach",1,0,1,1,0
4407,Sunita,sunita444@yahoo.com,Adventure,Other,1,2,60,Chennai,Adventure,0,0,0,1,0
4408,Ritika,ritika574@hotmail.com,City,Male,5,3,22,Ahmedabad,City,0,0,0,0,1
4409,Ritika,ritika630@yahoo.com,City,Female,2,2,51,Delhi,City,0,0,0,0,1
4410,Deepa,deepa792@hotmail.com,Nature,Female,2,2,26,Mumbai,Nature,0,0,1,0,0
4411,Ritika,ritika239@outlook.com,City,Other,1,0,65,Kolkata,City,0,0,0,0,1
4412,Lakshmi,lakshmi300@hotmail.com,"Beach, City",Male,3,0,35,Mumbai,"Beach, City",1,0,0,0,1
4413,Priya,priya475@rediffmail.com,"Beach, Adventure",Other,4,1,56,Kolkata,"Beach, Adventure",1,0,0,1,0
4414,Deepa,deepa246@hotmail.com,"Nature, Adventure, Beach",Other,2,0,62,Ahmedabad,"Nature, Adventure, Beach",1,0,1,1,0
4415,Tanvi,tanvi455@outlook.com,"Beach, City",Other,3,0,51,Jaipur,"Beach, City",1,0,0,0,1
4416,Sai,sai314@outlook.com,Beach,Other,2,2,57,Pune,Beach,1,0,0,0,0
4417,Riya,riya95@outlook.com,"Adventure, Historical",Female,2,1,30,Surat,"Adventure, Historical",0,1,0,1,0
4418,Sneha,sneha11@yahoo.com,Beach,Other,4,2,54,Kolkata,Beach,1,0,0,0,0
4419,Sneha,sneha785@rediffmail.com,Beach,Female,2,3,51,Delhi,Beach,1,0,0,0,0
4420,Ayaan,ayaan678@rediffmail.com,"Historical, Nature",Male,3,2,33,Bangalore,"Historical, Nature",0,1,1,0,0
4421,Sneha,sneha393@rediffmail.com,Adventure,Male,2,0,47,Chennai,Adventure,0,0,0,1,0
4422,Kiara,kiara498@rediffmail.com,"Beach, City",Male,5,1,22,Chennai,"Beach, City",1,0,0,0,1
4423,Neha,neha424@hotmail.com,"Nature, Historical",Other,4,1,38,Jaipur,"Nature, Historical",0,1,1,0,0
4424,Neha,neha251@gmail.com,"Beach, City",Female,2,0,38,Jaipur,"Beach, City",1,0,0,0,1
4425,Kiran,kiran668@outlook.com,Historical,Other,2,1,21,Pune,Historical,0,1,0,0,0
4426,Rohit,rohit69@yahoo.com,Beach,Other,3,1,34,Hyderabad,Beach,1,0,0,0,0
4427,Rekha,rekha271@yahoo.com,Nature,Male,2,0,44,Delhi,Nature,0,0,1,0,0
4428,Priya,priya986@hotmail.com,"City, Adventure",Male,4,2,29,Mumbai,"City, Adventure",0,0,0,1,1
4429,Vihaan,vihaan299@yahoo.com,"City, Historical",Other,3,0,47,Delhi,"City, Historical",0,1,0,0,1
4430,Suresh,suresh141@gmail.com,"City, Nature",Female,1,1,54,Ahmedabad,"City, Nature",0,0,1,0,1
4431,Amit,amit687@gmail.com,"Adventure, Historical",Female,2,0,32,Pune,"Adventure, Historical",0,1,0,1,0
4432,Mohan,mohan328@gmail.com,"Beach, Historical, Nature",Male,3,3,29,Bangalore,"Beach, Historical, Nature",1,1,1,0,0
4433,Sunita,sunita513@hotmail.com,Nature,Female,3,0,49,Surat,Nature,0,0,1,0,0
4434,Vihaan,vihaan799@outlook.com,"Adventure, City",Male,2,0,43,Mumbai,"Adventure, City",0,0,0,1,1
4435,Neha,neha631@gmail.com,Adventure,Male,1,0,56,Delhi,Adventure,0,0,0,1,0
4436,Anjali,anjali274@outlook.com,Historical,Other,4,2,55,Kolkata,Historical,0,1,0,0,0
4437,Suresh,suresh633@rediffmail.com,"Beach, Historical",Female,4,0,63,Bangalore,"Beach, Historical",1,1,0,0,0
4438,Amit,amit632@rediffmail.com,Nature,Male,5,2,31,Pune,Nature,0,0,1,0,0
4439,Neha,neha842@yahoo.com,"Nature, Adventure",Female,5,0,48,Jaipur,"Nature, Adventure",0,0,1,1,0
4440,Suresh,suresh127@yahoo.com,"Nature, Adventure",Female,1,1,27,Bangalore,"Nature, Adventure",0,0,1,1,0
4441,Reyansh,reyansh412@rediffmail.com,"City, Historical, Adventure",Female,2,2,30,Jaipur,"City, Historical, Adventure",0,1,0,1,1
4442,Ayaan,ayaan290@hotmail.com,"City, Nature",Male,1,0,57,Bangalore,"City, Nature",0,0,1,0,1
4443,Pooja,pooja289@yahoo.com,"City, Historical",Male,2,0,43,Mumbai,"City, Historical",0,1,0,0,1
4444,Ananya,ananya227@yahoo.com,Beach,Male,5,3,39,Ahmedabad,Beach,1,0,0,0,0
4445,Vivaan,vivaan429@yahoo.com,"Beach, City",Female,2,0,44,Jaipur,"Beach, City",1,0,0,0,1
4446,Krishna,krishna916@gmail.com,"City, Nature",Female,3,0,21,Bangalore,"City, Nature",0,0,1,0,1
4447,Divya,divya742@outlook.com,"Beach, Nature",Male,1,3,65,Kolkata,"Beach, Nature",1,0,1,0,0
4448,Mohan,mohan500@gmail.com,Nature,Other,1,0,22,Delhi,Nature,0,0,1,0,0
4449,Ananya,ananya86@rediffmail.com,"City, Historical",Female,2,1,30,Bangalore,"City, Historical",0,1,0,0,1
4450,Riya,riya374@yahoo.com,"City, Historical, Adventure",Male,4,2,19,Pune,"City, Historical, Adventure",0,1,0,1,1
4451,Sneha,sneha543@outlook.com,"City, Historical, Adventure",Other,2,0,44,Pune,"City, Historical, Adventure",0,1,0,1,1
4452,Tanvi,tanvi838@gmail.com,Historical,Other,2,0,24,Ahmedabad,Historical,0,1,0,0,0
4453,Kiara,kiara33@yahoo.com,"Beach, City",Male,2,0,65,Ahmedabad,"Beach, City",1,0,0,0,1
4454,Rohit,rohit644@outlook.com,"Beach, Nature",Other,1,1,37,Delhi,"Beach, Nature",1,0,1,0,0
4455,Arjun,arjun331@outlook.com,"Beach, Historical, Nature",Other,1,0,21,Surat,"Beach, Historical, Nature",1,1,1,0,0
4456,Kiara,kiara195@outlook.com,Beach,Female,3,0,44,Chennai,Beach,1,0,0,0,0
4457,Riya,riya7@outlook.com,Adventure,Other,4,1,30,Jaipur,Adventure,0,0,0,1,0
4458,Vihaan,vihaan3@rediffmail.com,"Beach, Historical, Nature",Female,1,1,34,Chennai,"Beach, Historical, Nature",1,1,1,0,0
4459,Pooja,pooja952@hotmail.com,"Nature, Adventure",Other,3,0,47,Mumbai,"Nature, Adventure",0,0,1,1,0
4460,Sneha,sneha452@gmail.com,"Beach, Nature",Male,2,1,57,Bangalore,"Beach, Nature",1,0,1,0,0
4461,Mohan,mohan921@yahoo.com,"Beach, Adventure",Other,4,1,23,Jaipur,"Beach, Adventure",1,0,0,1,0
4462,Ritika,ritika384@hotmail.com,City,Male,2,1,41,Mumbai,City,0,0,0,0,1
4463,Amit,amit619@gmail.com,Adventure,Other,2,1,54,Chennai,Adventure,0,0,0,1,0
4464,Vivaan,vivaan782@gmail.com,"Nature, Adventure",Other,2,0,55,Delhi,"Nature, Adventure",0,0,1,1,0
4465,Vikram,vikram622@rediffmail.com,"Beach, Adventure",Male,3,0,55,Chennai,"Beach, Adventure",1,0,0,1,0
4466,Vikram,vikram295@hotmail.com,"Beach, Historical",Other,3,2,64,Hyderabad,"Beach, Historical",1,1,0,0,0
4467,Aditya,aditya395@outlook.com,"Nature, Historical",Female,4,3,39,Surat,"Nature, Historical",0,1,1,0,0
4468,Diya,diya954@outlook.com,Historical,Male,3,2,42,Pune,Historical,0,1,0,0,0
4469,Aarav,aarav591@outlook.com,Beach,Male,4,0,59,Pune,Beach,1,0,0,0,0
4470,Lakshmi,lakshmi151@yahoo.com,Historical,Male,3,2,44,Mumbai,Historical,0,1,0,0,0
4471,Krishna,krishna955@hotmail.com,"City, Historical",Male,3,1,19,Delhi,"City, Historical",0,1,0,0,1
4472,Vivaan,vivaan621@yahoo.com,Nature,Male,3,0,35,Surat,Nature,0,0,1,0,0
4473,Aarav,aarav835@rediffmail.com,"City, Historical",Other,2,0,30,Bangalore,"City, Historical",0,1,0,0,1
4474,Shruti,shruti707@hotmail.com,"Historical, Nature",Other,1,2,60,Ahmedabad,"Historical, Nature",0,1,1,0,0
4475,Divya,divya477@hotmail.com,Adventure,Male,1,1,47,Bangalore,Adventure,0,0,0,1,0
4476,Vikram,vikram519@yahoo.com,"Beach, Nature",Male,3,0,59,Surat,"Beach, Nature",1,0,1,0,0
4477,Kiran,kiran314@hotmail.com,"Beach, Historical",Female,2,1,56,Pune,"Beach, Historical",1,1,0,0,0
4478,Vikram,vikram713@rediffmail.com,"Beach, Nature",Other,4,0,40,Delhi,"Beach, Nature",1,0,1,0,0
4479,Aadhya,aadhya378@hotmail.com,"City, Nature",Other,4,2,60,Jaipur,"City, Nature",0,0,1,0,1
4480,Meera,meera749@rediffmail.com,"Nature, Adventure, Beach",Male,2,0,40,Delhi,"Nature, Adventure, Beach",1,0,1,1,0
4481,Lakshmi,lakshmi479@outlook.com,City,Female,3,0,52,Delhi,City,0,0,0,0,1
4482,Mohan,mohan134@gmail.com,Adventure,Other,2,1,36,Jaipur,Adventure,0,0,0,1,0
4483,Pooja,pooja622@yahoo.com,"City, Adventure",Other,5,1,39,Ahmedabad,"City, Adventure",0,0,0,1,1
4484,Nisha,nisha222@rediffmail.com,"City, Nature",Female,2,1,48,Delhi,"City, Nature",0,0,1,0,1
4485,Ananya,ananya360@yahoo.com,"Nature, Adventure",Male,3,0,42,Hyderabad,"Nature, Adventure",0,0,1,1,0
4486,Lakshmi,lakshmi656@rediffmail.com,"Beach, Nature",Male,2,0,54,Delhi,"Beach, Nature",1,0,1,0,0
4487,Sunita,sunita431@rediffmail.com,"City, Historical, Adventure",Male,2,0,20,Chennai,"City, Historical, Adventure",0,1,0,1,1
4488,Arjun,arjun252@rediffmail.com,Adventure,Other,2,0,43,Ahmedabad,Adventure,0,0,0,1,0
4489,Krishna,krishna528@hotmail.com,"City, Adventure",Male,2,2,29,Kolkata,"City, Adventure",0,0,0,1,1
4490,Kavya,kavya55@yahoo.com,"Nature, Adventure, Beach",Other,2,1,49,Hyderabad,"Nature, Adventure, Beach",1,0,1,1,0
4491,Tanvi,tanvi517@gmail.com,"Beach, Nature",Male,3,0,60,Surat,"Beach, Nature",1,0,1,0,0
4492,Diya,diya298@outlook.com,"Beach, Nature",Female,2,3,26,Bangalore,"Beach, Nature",1,0,1,0,0
4493,Geeta,geeta227@gmail.com,Historical,Other,2,0,18,Chennai,Historical,0,1,0,0,0
4494,Sunita,sunita667@outlook.com,Historical,Female,4,1,21,Pune,Historical,0,1,0,0,0
4495,Rahul,rahul989@hotmail.com,Adventure,Other,2,2,23,Jaipur,Adventure,0,0,0,1,0
4496,Nisha,nisha209@gmail.com,"Adventure, City",Other,2,0,38,Chennai,"Adventure, City",0,0,0,1,1
4497,Amit,amit254@rediffmail.com,"City, Historical",Male,3,0,20,Surat,"City, Historical",0,1,0,0,1
4498,Ishaan,ishaan922@hotmail.com,"Historical, Nature",Male,3,1,64,Chennai,"Historical, Nature",0,1,1,0,0
4499,Vikram,vikram606@outlook.com,Historical,Other,2,0,57,Hyderabad,Historical,0,1,0,0,0
4500,Diya,diya205@rediffmail.com,"Beach, Nature",Female,3,2,47,Mumbai,"Beach, Nature",1,0,1,0,0
4501,Anjali,anjali550@outlook.com,"Adventure, Historical",Male,2,1,32,Surat,"Adventure, Historical",0,1,0,1,0
4502,Sneha,sneha273@gmail.com,"Nature, Adventure",Other,1,0,49,Surat,"Nature, Adventure",0,0,1,1,0
4503,Tanvi,tanvi267@rediffmail.com,"Beach, Adventure",Female,2,1,25,Mumbai,"Beach, Adventure",1,0,0,1,0
4504,Reyansh,reyansh872@rediffmail.com,"City, Historical",Other,3,1,44,Surat,"City, Historical",0,1,0,0,1
4505,Usha,usha657@gmail.com,"Beach, Adventure",Male,4,2,55,Chennai,"Beach, Adventure",1,0,0,1,0
4506,Suresh,suresh460@outlook.com,"Beach, Adventure",Other,2,1,58,Delhi,"Beach, Adventure",1,0,0,1,0
4507,Reyansh,reyansh92@outlook.com,Adventure,Male,4,0,41,Kolkata,Adventure,0,0,0,1,0
4508,Vihaan,vihaan659@gmail.com,Nature,Female,4,2,28,Kolkata,Nature,0,0,1,0,0
4509,Ananya,ananya310@outlook.com,"Adventure, Historical",Female,2,0,29,Delhi,"Adventure, Historical",0,1,0,1,0
4510,Kiara,kiara350@outlook.com,Beach,Other,3,0,60,Chennai,Beach,1,0,0,0,0
4511,Sunita,sunita292@gmail.com,Adventure,Male,4,0,36,Chennai,Adventure,0,0,0,1,0
4512,Sneha,sneha395@hotmail.com,"Nature, Adventure",Other,5,2,34,Jaipur,"Nature, Adventure",0,0,1,1,0
4513,Vihaan,vihaan739@gmail.com,Nature,Male,4,0,54,Ahmedabad,Nature,0,0,1,0,0
4514,Arjun,arjun53@hotmail.com,"City, Historical, Adventure",Female,1,0,26,Delhi,"City, Historical, Adventure",0,1,0,1,1
4515,Priya,priya648@gmail.com,"Historical, Nature",Male,5,0,58,Delhi,"Historical, Nature",0,1,1,0,0
4516,Shruti,shruti347@hotmail.com,"City, Historical",Female,3,2,39,Kolkata,"City, Historical",0,1,0,0,1
4517,Priya,priya681@gmail.com,City,Other,5,0,25,Chennai,City,0,0,0,0,1
4518,Aadhya,aadhya691@yahoo.com,Nature,Female,2,2,26,Ahmedabad,Nature,0,0,1,0,0
4519,Rohit,rohit963@rediffmail.com,"City, Historical",Female,5,1,38,Ahmedabad,"City, Historical",0,1,0,0,1
4520,Ayaan,ayaan450@rediffmail.com,"Beach, Nature",Other,2,0,28,Surat,"Beach, Nature",1,0,1,0,0
4521,Vihaan,vihaan721@outlook.com,"Historical, Nature",Other,4,1,28,Delhi,"Historical, Nature",0,1,1,0,0
4522,Geeta,geeta884@gmail.com,"Beach, Nature",Other,2,1,56,Hyderabad,"Beach, Nature",1,0,1,0,0
4523,Neha,neha116@outlook.com,"Beach, Nature",Female,1,0,50,Pune,"Beach, Nature",1,0,1,0,0
4524,Kiran,kiran923@rediffmail.com,"City, Historical, Adventure",Male,3,0,28,Kolkata,"City, Historical, Adventure",0,1,0,1,1
4525,Rahul,rahul158@gmail.com,"Beach, Nature",Male,4,0,46,Hyderabad,"Beach, Nature",1,0,1,0,0
4526,Aditya,aditya156@gmail.com,"Nature, Adventure, Beach",Other,3,1,45,Surat,"Nature, Adventure, Beach",1,0,1,1,0
4527,Neha,neha526@rediffmail.com,Beach,Female,2,0,22,Ahmedabad,Beach,1,0,0,0,0
4528,Ishaan,ishaan475@yahoo.com,"Nature, Adventure, Beach",Male,2,0,60,Pune,"Nature, Adventure, Beach",1,0,1,1,0
4529,Rekha,rekha975@gmail.com,Nature,Female,5,1,54,Delhi,Nature,0,0,1,0,0
4530,Rahul,rahul196@yahoo.com,"Beach, Nature",Other,3,2,24,Chennai,"Beach, Nature",1,0,1,0,0
4531,Vihaan,vihaan530@outlook.com,"Adventure, City",Male,1,0,52,Bangalore,"Adventure, City",0,0,0,1,1
4532,Riya,riya297@yahoo.com,"Beach, Historical, Nature",Female,5,3,64,Bangalore,"Beach, Historical, Nature",1,1,1,0,0
4533,Ishaan,ishaan903@outlook.com,Beach,Male,5,0,23,Chennai,Beach,1,0,0,0,0
4534,Kavya,kavya11@yahoo.com,"Adventure, Historical",Male,5,3,34,Bangalore,"Adventure, Historical",0,1,0,1,0
4535,Riya,riya550@hotmail.com,Historical,Male,4,0,19,Hyderabad,Historical,0,1,0,0,0
4536,Krishna,krishna634@yahoo.com,"City, Historical, Adventure",Other,2,1,45,Kolkata,"City, Historical, Adventure",0,1,0,1,1
4537,Tanvi,tanvi310@gmail.com,"Beach, Historical, Nature",Other,4,2,49,Bangalore,"Beach, Historical, Nature",1,1,1,0,0
4538,Arjun,arjun41@hotmail.com,"Adventure, Historical",Male,4,2,21,Mumbai,"Adventure, Historical",0,1,0,1,0
4539,Riya,riya853@yahoo.com,"Nature, Adventure",Female,4,0,61,Surat,"Nature, Adventure",0,0,1,1,0
4540,Shruti,shruti990@yahoo.com,"Nature, Historical",Female,4,0,35,Bangalore,"Nature, Historical",0,1,1,0,0
4541,Lakshmi,lakshmi355@outlook.com,"City, Historical",Female,3,1,52,Surat,"City, Historical",0,1,0,0,1
4542,Aadhya,aadhya608@yahoo.com,Adventure,Female,4,3,63,Chennai,Adventure,0,0,0,1,0
4543,Geeta,geeta565@outlook.com,"Historical, Nature",Male,3,0,53,Bangalore,"Historical, Nature",0,1,1,0,0
4544,Neha,neha591@yahoo.com,Beach,Other,2,1,28,Jaipur,Beach,1,0,0,0,0
4545,Mohan,mohan667@hotmail.com,City,Male,2,3,20,Hyderabad,City,0,0,0,0,1
4546,Ananya,ananya667@yahoo.com,"City, Adventure",Female,4,0,51,Surat,"City, Adventure",0,0,0,1,1
4547,Rekha,rekha377@rediffmail.com,"City, Nature",Male,4,1,61,Surat,"City, Nature",0,0,1,0,1
4548,Geeta,geeta192@gmail.com,"Beach, Adventure",Female,2,1,64,Mumbai,"Beach, Adventure",1,0,0,1,0
4549,Amit,amit8@hotmail.com,"Beach, Historical",Female,2,0,53,Ahmedabad,"Beach, Historical",1,1,0,0,0
4550,Nisha,nisha580@outlook.com,"City, Historical, Adventure",Other,3,2,30,Pune,"City, Historical, Adventure",0,1,0,1,1
4551,Divya,divya387@rediffmail.com,Nature,Other,5,0,22,Chennai,Nature,0,0,1,0,0
4552,Ritika,ritika957@gmail.com,"Adventure, Historical",Other,2,1,34,Ahmedabad,"Adventure, Historical",0,1,0,1,0
4553,Sneha,sneha758@outlook.com,"Beach, City",Other,2,2,55,Pune,"Beach, City",1,0,0,0,1
4554,Rohit,rohit104@yahoo.com,"Beach, Adventure",Other,1,0,22,Pune,"Beach, Adventure",1,0,0,1,0
4555,Meera,meera99@rediffmail.com,Nature,Male,3,0,65,Delhi,Nature,0,0,1,0,0
4556,Vivaan,vivaan611@hotmail.com,Adventure,Female,2,1,45,Chennai,Adventure,0,0,0,1,0
4557,Kiran,kiran775@outlook.com,"Nature, Adventure, Beach",Male,5,0,19,Hyderabad,"Nature, Adventure, Beach",1,0,1,1,0
4558,Arjun,arjun504@yahoo.com,Adventure,Male,1,0,44,Jaipur,Adventure,0,0,0,1,0
4559,Neha,neha806@hotmail.com,"Nature, Adventure",Other,2,3,61,Bangalore,"Nature, Adventure",0,0,1,1,0
4560,Aadhya,aadhya649@rediffmail.com,"Beach, Nature",Male,3,0,51,Surat,"Beach, Nature",1,0,1,0,0
4561,Sunita,sunita769@yahoo.com,"City, Adventure",Female,3,1,65,Pune,"City, Adventure",0,0,0,1,1
4562,Krishna,krishna978@gmail.com,"City, Historical",Male,2,0,55,Kolkata,"City, Historical",0,1,0,0,1
4563,Riya,riya776@hotmail.com,"Beach, Adventure",Male,1,1,31,Chennai,"Beach, Adventure",1,0,0,1,0
4564,Reyansh,reyansh920@gmail.com,"Beach, Historical, Nature",Other,2,3,21,Kolkata,"Beach, Historical, Nature",1,1,1,0,0
4565,Rohit,rohit801@rediffmail.com,"Beach, City",Other,4,0,52,Delhi,"Beach, City",1,0,0,0,1
4566,Neha,neha821@gmail.com,"City, Nature",Other,2,1,41,Delhi,"City, Nature",0,0,1,0,1
4567,Aditya,aditya940@gmail.com,"Adventure, City",Male,3,0,63,Hyderabad,"Adventure, City",0,0,0,1,1
4568,Vivaan,vivaan558@gmail.com,Historical,Male,1,0,45,Delhi,Historical,0,1,0,0,0
4569,Lakshmi,lakshmi650@rediffmail.com,Adventure,Other,2,2,30,Bangalore,Adventure,0,0,0,1,0
4570,Arjun,arjun289@rediffmail.com,"Nature, Adventure, Beach",Other,2,2,18,Chennai,"Nature, Adventure, Beach",1,0,1,1,0
4571,Krishna,krishna986@gmail.com,"Beach, City",Male,3,1,34,Chennai,"Beach, City",1,0,0,0,1
4572,Aadhya,aadhya315@outlook.com,"Adventure, City",Male,1,0,20,Mumbai,"Adventure, City",0,0,0,1,1
4573,Meera,meera864@hotmail.com,"Beach, Historical",Male,1,0,30,Delhi,"Beach, Historical",1,1,0,0,0
4574,Riya,riya345@outlook.com,"Adventure, Historical",Other,2,0,21,Jaipur,"Adventure, Historical",0,1,0,1,0
4575,Ishaan,ishaan702@yahoo.com,"City, Nature",Other,5,0,62,Jaipur,"City, Nature",0,0,1,0,1
4576,Krishna,krishna673@gmail.com,Adventure,Female,4,0,51,Surat,Adventure,0,0,0,1,0
4577,Mohan,mohan964@rediffmail.com,"Beach, Historical, Nature",Female,3,2,47,Jaipur,"Beach, Historical, Nature",1,1,1,0,0
4578,Lakshmi,lakshmi488@hotmail.com,"City, Adventure",Male,2,0,60,Delhi,"City, Adventure",0,0,0,1,1
4579,Krishna,krishna809@yahoo.com,"Nature, Adventure, Beach",Other,1,3,32,Surat,"Nature, Adventure, Beach",1,0,1,1,0
4580,Divya,divya659@yahoo.com,"Nature, Adventure",Female,3,0,35,Pune,"Nature, Adventure",0,0,1,1,0
4581,Ayaan,ayaan602@outlook.com,"Adventure, Historical",Female,3,0,50,Delhi,"Adventure, Historical",0,1,0,1,0
4582,Divya,divya849@yahoo.com,"Beach, City",Male,3,2,19,Jaipur,"Beach, City",1,0,0,0,1
4583,Geeta,geeta674@hotmail.com,"Nature, Historical",Other,3,0,58,Delhi,"Nature, Historical",0,1,1,0,0
4584,Amit,amit898@hotmail.com,"Adventure, Historical",Other,2,0,54,Delhi,"Adventure, Historical",0,1,0,1,0
4585,Ritika,ritika653@outlook.com,"City, Nature",Other,2,0,41,Hyderabad,"City, Nature",0,0,1,0,1
4586,Nisha,nisha616@yahoo.com,"City, Nature",Other,2,0,54,Pune,"City, Nature",0,0,1,0,1
4587,Priya,priya32@hotmail.com,"City, Nature",Other,2,0,47,Mumbai,"City, Nature",0,0,1,0,1
4588,Krishna,krishna56@hotmail.com,"City, Historical",Female,2,1,35,Bangalore,"City, Historical",0,1,0,0,1
4589,Vihaan,vihaan704@outlook.com,"City, Adventure",Other,3,1,32,Pune,"City, Adventure",0,0,0,1,1
4590,Sneha,sneha290@gmail.com,Historical,Other,3,1,47,Jaipur,Historical,0,1,0,0,0
4591,Neha,neha896@rediffmail.com,"Beach, Historical, Nature",Other,5,0,63,Bangalore,"Beach, Historical, Nature",1,1,1,0,0
4592,Reyansh,reyansh781@gmail.com,"Nature, Adventure",Female,4,1,18,Hyderabad,"Nature, Adventure",0,0,1,1,0
4593,Vivaan,vivaan788@rediffmail.com,"Nature, Historical",Female,4,0,25,Bangalore,"Nature, Historical",0,1,1,0,0
4594,Meera,meera413@gmail.com,Historical,Female,3,1,18,Hyderabad,Historical,0,1,0,0,0
4595,Reyansh,reyansh966@gmail.com,"Nature, Historical",Other,2,0,51,Kolkata,"Nature, Historical",0,1,1,0,0
4596,Priya,priya974@outlook.com,"Adventure, City",Female,1,0,49,Mumbai,"Adventure, City",0,0,0,1,1
4597,Priya,priya577@rediffmail.com,Nature,Female,1,2,25,Ahmedabad,Nature,0,0,1,0,0
4598,Divya,divya478@gmail.com,"City, Nature",Male,2,0,21,Hyderabad,"City, Nature",0,0,1,0,1
4599,Meera,meera230@gmail.com,Historical,Male,1,2,60,Kolkata,Historical,0,1,0,0,0
4600,Anjali,anjali580@rediffmail.com,Adventure,Other,4,1,61,Mumbai,Adventure,0,0,0,1,0
4601,Aadhya,aadhya655@gmail.com,"Beach, City",Male,3,0,47,Jaipur,"Beach, City",1,0,0,0,1
4602,Usha,usha610@rediffmail.com,"City, Historical, Adventure",Other,1,0,54,Bangalore,"City, Historical, Adventure",0,1,0,1,1
4603,Meera,meera479@gmail.com,"Nature, Historical",Other,1,2,61,Chennai,"Nature, Historical",0,1,1,0,0
4604,Vihaan,vihaan96@rediffmail.com,Nature,Female,2,0,34,Pune,Nature,0,0,1,0,0
4605,Vikram,vikram836@outlook.com,"Beach, Nature",Other,4,0,41,Surat,"Beach, Nature",1,0,1,0,0
4606,Sai,sai920@hotmail.com,"Nature, Adventure",Male,2,0,47,Hyderabad,"Nature, Adventure",0,0,1,1,0
4607,Diya,diya747@yahoo.com,"City, Adventure",Female,4,0,19,Pune,"City, Adventure",0,0,0,1,1
4608,Aadhya,aadhya390@yahoo.com,"Adventure, Historical",Male,4,1,31,Delhi,"Adventure, Historical",0,1,0,1,0
4609,Arjun,arjun842@outlook.com,"Beach, City",Male,3,0,19,Bangalore,"Beach, City",1,0,0,0,1
4610,Vivaan,vivaan389@gmail.com,Adventure,Male,2,0,55,Chennai,Adventure,0,0,0,1,0
4611,Vihaan,vihaan803@gmail.com,"City, Adventure",Male,2,3,37,Hyderabad,"City, Adventure",0,0,0,1,1
4612,Kavya,kavya663@hotmail.com,Historical,Other,5,0,41,Chennai,Historical,0,1,0,0,0
4613,Mohan,mohan272@yahoo.com,"Adventure, Historical",Female,1,2,24,Pune,"Adventure, Historical",0,1,0,1,0
4614,Usha,usha585@rediffmail.com,"Nature, Historical",Female,3,0,62,Delhi,"Nature, Historical",0,1,1,0,0
4615,Ritika,ritika282@outlook.com,"Adventure, Historical",Male,2,1,38,Ahmedabad,"Adventure, Historical",0,1,0,1,0
4616,Ishaan,ishaan412@rediffmail.com,"Adventure, City",Other,3,0,52,Delhi,"Adventure, City",0,0,0,1,1
4617,Sneha,sneha872@rediffmail.com,"City, Historical, Adventure",Other,2,0,30,Bangalore,"City, Historical, Adventure",0,1,0,1,1
4618,Diya,diya356@rediffmail.com,"City, Adventure",Other,2,0,21,Chennai,"City, Adventure",0,0,0,1,1
4619,Rohit,rohit897@yahoo.com,City,Other,1,0,49,Pune,City,0,0,0,0,1
4620,Aditya,aditya894@hotmail.com,City,Male,3,2,58,Jaipur,City,0,0,0,0,1
4621,Aadhya,aadhya370@outlook.com,"Nature, Historical",Male,2,0,62,Jaipur,"Nature, Historical",0,1,1,0,0
4622,Shruti,shruti501@hotmail.com,"Beach, City",Female,4,0,42,Hyderabad,"Beach, City",1,0,0,0,1
4623,Geeta,geeta252@gmail.com,"Nature, Historical",Female,2,0,45,Mumbai,"Nature, Historical",0,1,1,0,0
4624,Vikram,vikram582@rediffmail.com,City,Male,2,1,26,Jaipur,City,0,0,0,0,1
4625,Suresh,suresh826@outlook.com,"Beach, Adventure",Female,2,0,53,Pune,"Beach, Adventure",1,0,0,1,0
4626,Meera,meera669@hotmail.com,"Beach, Historical",Other,1,0,34,Mumbai,"Beach, Historical",1,1,0,0,0
4627,Divya,divya161@outlook.com,"Beach, City",Female,3,1,20,Delhi,"Beach, City",1,0,0,0,1
4628,Lakshmi,lakshmi62@rediffmail.com,"Nature, Adventure, Beach",Male,1,1,34,Jaipur,"Nature, Adventure, Beach",1,0,1,1,0
4629,Vivaan,vivaan451@rediffmail.com,"Adventure, City",Female,5,0,24,Jaipur,"Adventure, City",0,0,0,1,1
4630,Meera,meera207@gmail.com,Beach,Male,2,0,59,Chennai,Beach,1,0,0,0,0
4631,Geeta,geeta305@yahoo.com,"Nature, Adventure, Beach",Other,5,0,35,Bangalore,"Nature, Adventure, Beach",1,0,1,1,0
4632,Divya,divya571@rediffmail.com,"City, Adventure",Male,3,0,23,Jaipur,"City, Adventure",0,0,0,1,1
4633,Geeta,geeta933@outlook.com,"City, Historical, Adventure",Female,3,0,37,Surat,"City, Historical, Adventure",0,1,0,1,1
4634,Amit,amit729@rediffmail.com,"City, Adventure",Female,3,2,29,Jaipur,"City, Adventure",0,0,0,1,1
4635,Diya,diya744@gmail.com,Adventure,Other,4,1,60,Bangalore,Adventure,0,0,0,1,0
4636,Pooja,pooja747@gmail.com,City,Male,1,0,61,Hyderabad,City,0,0,0,0,1
4637,Vivaan,vivaan166@yahoo.com,"Nature, Adventure, Beach",Male,2,1,26,Jaipur,"Nature, Adventure, Beach",1,0,1,1,0
4638,Vikram,vikram105@hotmail.com,Nature,Female,3,1,35,Mumbai,Nature,0,0,1,0,0
4639,Sneha,sneha746@hotmail.com,"Adventure, Historical",Other,2,0,53,Kolkata,"Adventure, Historical",0,1,0,1,0
4640,Kiara,kiara517@gmail.com,"Beach, Nature",Male,2,2,63,Bangalore,"Beach, Nature",1,0,1,0,0
4641,Ritika,ritika736@rediffmail.com,"Historical, Nature",Male,2,1,61,Pune,"Historical, Nature",0,1,1,0,0
4642,Geeta,geeta366@yahoo.com,City,Other,5,0,44,Jaipur,City,0,0,0,0,1
4643,Tanvi,tanvi814@outlook.com,"Historical, Nature",Male,3,0,34,Chennai,"Historical, Nature",0,1,1,0,0
4644,Kiara,kiara840@hotmail.com,"Beach, Adventure",Other,4,1,51,Chennai,"Beach, Adventure",1,0,0,1,0
4645,Rekha,rekha429@rediffmail.com,"Historical, Nature",Male,4,0,20,Mumbai,"Historical, Nature",0,1,1,0,0
4646,Krishna,krishna389@gmail.com,Adventure,Female,4,0,30,Hyderabad,Adventure,0,0,0,1,0
4647,Anjali,anjali395@rediffmail.com,Beach,Female,2,0,41,Pune,Beach,1,0,0,0,0
4648,Tanvi,tanvi255@gmail.com,"Beach, Historical",Female,2,1,53,Chennai,"Beach, Historical",1,1,0,0,0
4649,Arjun,arjun570@hotmail.com,"City, Nature",Male,3,1,41,Mumbai,"City, Nature",0,0,1,0,1
4650,Tanvi,tanvi638@yahoo.com,"City, Nature",Female,2,2,32,Delhi,"City, Nature",0,0,1,0,1
4651,Krishna,krishna627@hotmail.com,"Beach, Adventure",Female,5,1,51,Pune,"Beach, Adventure",1,0,0,1,0
4652,Vihaan,vihaan916@yahoo.com,Historical,Other,5,0,58,Mumbai,Historical,0,1,0,0,0
4653,Anjali,anjali153@hotmail.com,"Beach, Historical, Nature",Other,1,1,48,Bangalore,"Beach, Historical, Nature",1,1,1,0,0
4654,Ananya,ananya29@rediffmail.com,Adventure,Male,4,2,25,Ahmedabad,Adventure,0,0,0,1,0
4655,Geeta,geeta866@outlook.com,"City, Adventure",Male,2,3,62,Pune,"City, Adventure",0,0,0,1,1
4656,Sunita,sunita424@gmail.com,"Adventure, City",Male,2,2,57,Surat,"Adventure, City",0,0,0,1,1
4657,Anjali,anjali739@hotmail.com,"City, Adventure",Male,2,0,57,Mumbai,"City, Adventure",0,0,0,1,1
4658,Diya,diya172@yahoo.com,"Beach, Historical",Other,3,0,45,Mumbai,"Beach, Historical",1,1,0,0,0
4659,Rekha,rekha290@gmail.com,Historical,Female,1,3,64,Hyderabad,Historical,0,1,0,0,0
4660,Ayaan,ayaan970@yahoo.com,"Beach, Historical",Male,2,1,45,Jaipur,"Beach, Historical",1,1,0,0,0
4661,Amit,amit529@hotmail.com,"Adventure, Historical",Female,3,0,18,Surat,"Adventure, Historical",0,1,0,1,0
4662,Rohit,rohit589@gmail.com,"Nature, Historical",Female,1,1,46,Bangalore,"Nature, Historical",0,1,1,0,0
4663,Riya,riya401@hotmail.com,"Nature, Adventure, Beach",Female,3,0,29,Ahmedabad,"Nature, Adventure, Beach",1,0,1,1,0
4664,Lakshmi,lakshmi979@outlook.com,"Beach, Nature",Other,5,0,62,Bangalore,"Beach, Nature",1,0,1,0,0
4665,Aditya,aditya316@yahoo.com,"Beach, Historical, Nature",Female,4,0,20,Hyderabad,"Beach, Historical, Nature",1,1,1,0,0
4666,Kiran,kiran150@gmail.com,Adventure,Female,2,0,36,Surat,Adventure,0,0,0,1,0
4667,Diya,diya879@rediffmail.com,"Nature, Historical",Male,2,2,63,Kolkata,"Nature, Historical",0,1,1,0,0
4668,Pooja,pooja263@gmail.com,Historical,Other,4,1,62,Kolkata,Historical,0,1,0,0,0
4669,Sunita,sunita524@outlook.com,"Beach, Historical, Nature",Female,2,1,23,Mumbai,"Beach, Historical, Nature",1,1,1,0,0
4670,Kiran,kiran662@hotmail.com,Historical,Other,2,0,23,Ahmedabad,Historical,0,1,0,0,0
4671,Pooja,pooja640@yahoo.com,"City, Historical, Adventure",Female,3,2,31,Jaipur,"City, Historical, Adventure",0,1,0,1,1
4672,Tanvi,tanvi54@gmail.com,"Historical, Nature",Female,3,2,25,Kolkata,"Historical, Nature",0,1,1,0,0
4673,Sneha,sneha365@rediffmail.com,City,Male,5,0,33,Jaipur,City,0,0,0,0,1
4674,Ritika,ritika15@outlook.com,Historical,Male,2,0,55,Chennai,Historical,0,1,0,0,0
4675,Vikram,vikram353@gmail.com,City,Female,2,2,29,Kolkata,City,0,0,0,0,1
4676,Geeta,geeta143@gmail.com,"City, Nature",Other,5,1,48,Chennai,"City, Nature",0,0,1,0,1
4677,Rohit,rohit795@hotmail.com,"Beach, Nature",Male,2,2,29,Delhi,"Beach, Nature",1,0,1,0,0
4678,Ishaan,ishaan874@yahoo.com,"Beach, Historical",Male,3,0,60,Ahmedabad,"Beach, Historical",1,1,0,0,0
4679,Sunita,sunita358@rediffmail.com,"Beach, Nature",Female,2,1,29,Pune,"Beach, Nature",1,0,1,0,0
4680,Vikram,vikram390@gmail.com,"Beach, Historical",Other,3,1,18,Pune,"Beach, Historical",1,1,0,0,0
4681,Shruti,shruti831@rediffmail.com,"Beach, Adventure",Female,3,0,31,Mumbai,"Beach, Adventure",1,0,0,1,0
4682,Diya,diya924@outlook.com,"City, Historical",Male,4,0,59,Chennai,"City, Historical",0,1,0,0,1
4683,Krishna,krishna603@rediffmail.com,"Adventure, Historical",Female,3,1,57,Surat,"Adventure, Historical",0,1,0,1,0
4684,Pooja,pooja887@hotmail.com,"Beach, Historical",Other,2,0,20,Mumbai,"Beach, Historical",1,1,0,0,0
4685,Shruti,shruti279@hotmail.com,"Beach, Nature",Female,4,0,46,Mumbai,"Beach, Nature",1,0,1,0,0
4686,Vihaan,vihaan803@outlook.com,"City, Historical, Adventure",Male,3,1,37,Hyderabad,"City, Historical, Adventure",0,1,0,1,1
4687,Diya,diya397@rediffmail.com,Historical,Male,3,1,42,Chennai,Historical,0,1,0,0,0
4688,Neha,neha933@hotmail.com,Nature,Male,4,2,48,Jaipur,Nature,0,0,1,0,0
4689,Nisha,nisha853@gmail.com,"Adventure, Historical",Female,5,2,45,Kolkata,"Adventure, Historical",0,1,0,1,0
4690,Ayaan,ayaan537@yahoo.com,"Nature, Historical",Other,3,0,35,Bangalore,"Nature, Historical",0,1,1,0,0
4691,Shruti,shruti519@outlook.com,"City, Nature",Other,1,0,64,Surat,"City, Nature",0,0,1,0,1
4692,Neha,neha513@hotmail.com,"Historical, Nature",Female,2,0,54,Bangalore,"Historical, Nature",0,1,1,0,0
4693,Sai,sai649@yahoo.com,"Adventure, City",Male,3,1,55,Ahmedabad,"Adventure, City",0,0,0,1,1
4694,Kavya,kavya126@outlook.com,"City, Historical, Adventure",Male,1,1,25,Chennai,"City, Historical, Adventure",0,1,0,1,1
4695,Krishna,krishna678@gmail.com,"Nature, Historical",Other,2,1,40,Kolkata,"Nature, Historical",0,1,1,0,0
4696,Divya,divya946@hotmail.com,"City, Historical",Female,4,1,25,Jaipur,"City, Historical",0,1,0,0,1
4697,Vikram,vikram400@gmail.com,"Nature, Historical",Female,2,1,32,Surat,"Nature, Historical",0,1,1,0,0
4698,Sai,sai914@gmail.com,Beach,Other,4,0,46,Kolkata,Beach,1,0,0,0,0
4699,Shruti,shruti943@hotmail.com,Beach,Female,4,1,42,Kolkata,Beach,1,0,0,0,0
4700,Priya,priya493@hotmail.com,"Nature, Adventure",Other,2,0,60,Pune,"Nature, Adventure",0,0,1,1,0
4701,Krishna,krishna601@hotmail.com,"Nature, Historical",Female,4,2,22,Jaipur,"Nature, Historical",0,1,1,0,0
4702,Suresh,suresh64@outlook.com,"City, Historical, Adventure",Other,3,0,26,Surat,"City, Historical, Adventure",0,1,0,1,1
4703,Mohan,mohan514@hotmail.com,"Adventure, City",Female,2,1,27,Bangalore,"Adventure, City",0,0,0,1,1
4704,Aarav,aarav442@gmail.com,"Beach, Historical, Nature",Female,3,0,56,Bangalore,"Beach, Historical, Nature",1,1,1,0,0
4705,Rekha,rekha847@rediffmail.com,Historical,Other,2,1,61,Hyderabad,Historical,0,1,0,0,0
4706,Aditya,aditya64@hotmail.com,Adventure,Male,2,2,45,Chennai,Adventure,0,0,0,1,0
4707,Geeta,geeta39@yahoo.com,"Historical, Nature",Male,2,0,23,Ahmedabad,"Historical, Nature",0,1,1,0,0
4708,Diya,diya581@yahoo.com,"City, Nature",Male,4,0,25,Ahmedabad,"City, Nature",0,0,1,0,1
4709,Priya,priya685@gmail.com,Beach,Female,2,1,39,Ahmedabad,Beach,1,0,0,0,0
4710,Shruti,shruti328@outlook.com,"Adventure, City",Other,2,0,43,Delhi,"Adventure, City",0,0,0,1,1
4711,Rohit,rohit77@outlook.com,"Beach, Adventure",Female,3,2,40,Jaipur,"Beach, Adventure",1,0,0,1,0
4712,Anjali,anjali217@outlook.com,"City, Historical",Female,5,2,30,Ahmedabad,"City, Historical",0,1,0,0,1
4713,Divya,divya730@gmail.com,"City, Nature",Female,2,0,45,Surat,"City, Nature",0,0,1,0,1
4714,Lakshmi,lakshmi997@yahoo.com,"Beach, Adventure",Other,3,1,63,Ahmedabad,"Beach, Adventure",1,0,0,1,0
4715,Lakshmi,lakshmi681@outlook.com,"City, Historical",Female,3,2,38,Kolkata,"City, Historical",0,1,0,0,1
4716,Aditya,aditya710@gmail.com,"Nature, Adventure, Beach",Other,3,3,65,Kolkata,"Nature, Adventure, Beach",1,0,1,1,0
4717,Krishna,krishna271@hotmail.com,"Nature, Adventure, Beach",Female,3,0,28,Surat,"Nature, Adventure, Beach",1,0,1,1,0
4718,Diya,diya403@rediffmail.com,"Nature, Historical",Male,2,2,25,Jaipur,"Nature, Historical",0,1,1,0,0
4719,Geeta,geeta469@yahoo.com,Nature,Female,3,2,21,Delhi,Nature,0,0,1,0,0
4720,Aarav,aarav135@hotmail.com,"City, Historical",Other,4,1,57,Pune,"City, Historical",0,1,0,0,1
4721,Krishna,krishna857@gmail.com,"Beach, Adventure",Other,5,0,24,Bangalore,"Beach, Adventure",1,0,0,1,0
4722,Ayaan,ayaan795@outlook.com,"City, Historical",Other,1,0,40,Kolkata,"City, Historical",0,1,0,0,1
4723,Kavya,kavya847@outlook.com,"Beach, City",Female,3,0,24,Kolkata,"Beach, City",1,0,0,0,1
4724,Rohit,rohit436@hotmail.com,"Beach, Adventure",Other,4,1,61,Pune,"Beach, Adventure",1,0,0,1,0
4725,Aditya,aditya535@yahoo.com,"Nature, Historical",Male,3,0,38,Chennai,"Nature, Historical",0,1,1,0,0
4726,Ritika,ritika94@outlook.com,"Beach, Historical",Male,1,0,38,Surat,"Beach, Historical",1,1,0,0,0
4727,Anjali,anjali859@outlook.com,"City, Historical",Other,2,0,27,Hyderabad,"City, Historical",0,1,0,0,1
4728,Anjali,anjali305@yahoo.com,"City, Adventure",Male,2,0,65,Surat,"City, Adventure",0,0,0,1,1
4729,Aadhya,aadhya756@yahoo.com,"Historical, Nature",Other,1,1,54,Surat,"Historical, Nature",0,1,1,0,0
4730,Divya,divya26@yahoo.com,"Beach, City",Female,1,2,30,Delhi,"Beach, City",1,0,0,0,1
4731,Vivaan,vivaan930@rediffmail.com,"Beach, Historical",Female,2,1,29,Chennai,"Beach, Historical",1,1,0,0,0
4732,Rohit,rohit720@yahoo.com,"Adventure, City",Female,2,1,49,Kolkata,"Adventure, City",0,0,0,1,1
4733,Amit,amit352@outlook.com,Historical,Female,1,0,40,Jaipur,Historical,0,1,0,0,0
4734,Kiara,kiara346@outlook.com,"Nature, Historical",Other,5,0,24,Bangalore,"Nature, Historical",0,1,1,0,0
4735,Vikram,vikram417@hotmail.com,"Beach, Nature",Female,4,0,31,Surat,"Beach, Nature",1,0,1,0,0
4736,Krishna,krishna622@outlook.com,"Historical, Nature",Female,3,2,22,Pune,"Historical, Nature",0,1,1,0,0
4737,Vihaan,vihaan957@gmail.com,"Beach, Adventure",Female,4,0,33,Surat,"Beach, Adventure",1,0,0,1,0
4738,Vihaan,vihaan448@yahoo.com,Adventure,Other,4,1,57,Pune,Adventure,0,0,0,1,0
4739,Neha,neha186@outlook.com,Historical,Female,2,1,54,Delhi,Historical,0,1,0,0,0
4740,Krishna,krishna618@rediffmail.com,"Nature, Adventure",Male,2,0,56,Delhi,"Nature, Adventure",0,0,1,1,0
4741,Ishaan,ishaan453@outlook.com,"Nature, Adventure, Beach",Male,3,2,38,Jaipur,"Nature, Adventure, Beach",1,0,1,1,0
4742,Sai,sai972@outlook.com,"Historical, Nature",Male,4,0,61,Bangalore,"Historical, Nature",0,1,1,0,0
4743,Ananya,ananya35@hotmail.com,"Adventure, Historical",Other,1,0,35,Hyderabad,"Adventure, Historical",0,1,0,1,0
4744,Diya,diya404@outlook.com,"Beach, Adventure",Female,2,0,28,Surat,"Beach, Adventure",1,0,0,1,0
4745,Deepa,deepa603@gmail.com,"Beach, City",Male,2,1,63,Mumbai,"Beach, City",1,0,0,0,1
4746,Vihaan,vihaan475@yahoo.com,"Historical, Nature",Female,2,1,38,Bangalore,"Historical, Nature",0,1,1,0,0
4747,Divya,divya521@gmail.com,City,Female,5,0,48,Delhi,City,0,0,0,0,1
4748,Vihaan,vihaan617@yahoo.com,"Beach, Adventure",Other,4,0,18,Mumbai,"Beach, Adventure",1,0,0,1,0
4749,Geeta,geeta45@gmail.com,Nature,Male,3,0,50,Kolkata,Nature,0,0,1,0,0
4750,Tanvi,tanvi955@hotmail.com,"Adventure, Historical",Female,2,1,25,Jaipur,"Adventure, Historical",0,1,0,1,0
4751,Kavya,kavya567@outlook.com,Historical,Other,1,0,44,Chennai,Historical,0,1,0,0,0
4752,Kiara,kiara189@outlook.com,Beach,Female,3,3,60,Kolkata,Beach,1,0,0,0,0
4753,Anjali,anjali292@gmail.com,"Adventure, Historical",Female,3,1,39,Delhi,"Adventure, Historical",0,1,0,1,0
4754,Divya,divya321@hotmail.com,"Beach, Adventure",Female,5,1,50,Pune,"Beach, Adventure",1,0,0,1,0
4755,Reyansh,reyansh807@hotmail.com,Beach,Other,3,0,54,Pune,Beach,1,0,0,0,0
4756,Geeta,geeta419@outlook.com,Nature,Male,1,2,32,Chennai,Nature,0,0,1,0,0
4757,Pooja,pooja762@outlook.com,"Adventure, City",Male,3,0,35,Ahmedabad,"Adventure, City",0,0,0,1,1
4758,Priya,priya653@yahoo.com,"City, Historical",Male,3,0,26,Pune,"City, Historical",0,1,0,0,1
4759,Sai,sai750@outlook.com,"Adventure, Historical",Female,2,1,41,Chennai,"Adventure, Historical",0,1,0,1,0
4760,Divya,divya657@yahoo.com,"City, Nature",Female,2,0,22,Hyderabad,"City, Nature",0,0,1,0,1
4761,Ishaan,ishaan959@hotmail.com,"Nature, Historical",Male,1,1,48,Mumbai,"Nature, Historical",0,1,1,0,0
4762,Ritika,ritika80@yahoo.com,Adventure,Male,2,1,25,Mumbai,Adventure,0,0,0,1,0
4763,Usha,usha798@yahoo.com,"City, Adventure",Other,4,0,60,Chennai,"City, Adventure",0,0,0,1,1
4764,Rekha,rekha157@yahoo.com,"Nature, Adventure, Beach",Other,2,0,61,Hyderabad,"Nature, Adventure, Beach",1,0,1,1,0
4765,Sunita,sunita404@yahoo.com,"Beach, Historical, Nature",Female,1,2,61,Surat,"Beach, Historical, Nature",1,1,1,0,0
4766,Rohit,rohit203@rediffmail.com,"Nature, Adventure",Other,2,2,60,Hyderabad,"Nature, Adventure",0,0,1,1,0
4767,Shruti,shruti413@hotmail.com,"Nature, Adventure, Beach",Male,1,3,50,Bangalore,"Nature, Adventure, Beach",1,0,1,1,0
4768,Nisha,nisha311@hotmail.com,Nature,Female,2,0,53,Chennai,Nature,0,0,1,0,0
4769,Lakshmi,lakshmi952@gmail.com,"City, Historical, Adventure",Other,2,1,50,Bangalore,"City, Historical, Adventure",0,1,0,1,1
4770,Amit,amit928@gmail.com,City,Female,2,0,58,Kolkata,City,0,0,0,0,1
4771,Kavya,kavya585@hotmail.com,"Historical, Nature",Female,2,1,27,Chennai,"Historical, Nature",0,1,1,0,0
4772,Ishaan,ishaan336@hotmail.com,"Historical, Nature",Female,2,2,63,Kolkata,"Historical, Nature",0,1,1,0,0
4773,Ritika,ritika840@rediffmail.com,"Historical, Nature",Female,5,1,35,Jaipur,"Historical, Nature",0,1,1,0,0
4774,Ananya,ananya198@yahoo.com,"Beach, City",Other,2,2,45,Kolkata,"Beach, City",1,0,0,0,1
4775,Kiran,kiran108@gmail.com,"City, Adventure",Male,5,0,64,Kolkata,"City, Adventure",0,0,0,1,1
4776,Sai,sai560@gmail.com,Beach,Other,2,1,53,Kolkata,Beach,1,0,0,0,0
4777,Anjali,anjali713@rediffmail.com,Adventure,Other,5,0,34,Surat,Adventure,0,0,0,1,0
4778,Priya,priya911@gmail.com,"City, Nature",Other,5,1,61,Surat,"City, Nature",0,0,1,0,1
4779,Suresh,suresh86@rediffmail.com,Nature,Other,3,0,23,Chennai,Nature,0,0,1,0,0
4780,Nisha,nisha280@gmail.com,"Beach, Historical, Nature",Other,2,1,24,Ahmedabad,"Beach, Historical, Nature",1,1,1,0,0
4781,Riya,riya558@gmail.com,"Beach, Nature",Female,3,0,48,Kolkata,"Beach, Nature",1,0,1,0,0
4782,Geeta,geeta70@yahoo.com,"Beach, Adventure",Female,5,1,33,Surat,"Beach, Adventure",1,0,0,1,0
4783,Mohan,mohan827@gmail.com,"City, Historical",Other,4,0,19,Delhi,"City, Historical",0,1,0,0,1
4784,Vikram,vikram221@gmail.com,City,Female,2,0,27,Chennai,City,0,0,0,0,1
4785,Geeta,geeta102@outlook.com,"Adventure, City",Male,1,0,43,Chennai,"Adventure, City",0,0,0,1,1
4786,Arjun,arjun299@gmail.com,"City, Historical, Adventure",Other,2,0,20,Bangalore,"City, Historical, Adventure",0,1,0,1,1
4787,Riya,riya126@rediffmail.com,"Nature, Adventure, Beach",Female,2,0,25,Bangalore,"Nature, Adventure, Beach",1,0,1,1,0
4788,Usha,usha357@rediffmail.com,"Beach, Historical",Male,1,1,49,Pune,"Beach, Historical",1,1,0,0,0
4789,Kiran,kiran926@rediffmail.com,"Beach, Historical",Male,3,1,59,Surat,"Beach, Historical",1,1,0,0,0
4790,Sai,sai975@hotmail.com,Beach,Female,4,2,29,Hyderabad,Beach,1,0,0,0,0
4791,Nisha,nisha543@yahoo.com,"Beach, City",Male,4,1,48,Delhi,"Beach, City",1,0,0,0,1
4792,Suresh,suresh936@gmail.com,"Adventure, Historical",Female,3,0,57,Delhi,"Adventure, Historical",0,1,0,1,0
4793,Ayaan,ayaan477@gmail.com,"Beach, Historical, Nature",Female,1,0,52,Bangalore,"Beach, Historical, Nature",1,1,1,0,0
4794,Aditya,aditya865@outlook.com,"Nature, Adventure",Male,3,1,64,Ahmedabad,"Nature, Adventure",0,0,1,1,0
4795,Aarav,aarav882@rediffmail.com,"Beach, Adventure",Female,3,1,25,Bangalore,"Beach, Adventure",1,0,0,1,0
4796,Aadhya,aadhya172@gmail.com,Beach,Other,3,0,56,Chennai,Beach,1,0,0,0,0
4797,Ananya,ananya272@gmail.com,"Beach, Historical, Nature",Male,1,1,40,Bangalore,"Beach, Historical, Nature",1,1,1,0,0
4798,Pooja,pooja394@yahoo.com,"City, Adventure",Male,3,0,28,Delhi,"City, Adventure",0,0,0,1,1
4799,Kiara,kiara115@gmail.com,Nature,Female,3,1,28,Ahmedabad,Nature,0,0,1,0,0
4800,Aadhya,aadhya172@hotmail.com,Adventure,Other,1,1,23,Kolkata,Adventure,0,0,0,1,0
4801,Pooja,pooja518@gmail.com,"Beach, Nature",Female,5,0,65,Ahmedabad,"Beach, Nature",1,0,1,0,0
4802,Deepa,deepa755@yahoo.com,"Nature, Adventure, Beach",Male,2,0,30,Ahmedabad,"Nature, Adventure, Beach",1,0,1,1,0
4803,Kiran,kiran896@outlook.com,"Historical, Nature",Female,2,1,28,Bangalore,"Historical, Nature",0,1,1,0,0
4804,Aditya,aditya630@rediffmail.com,"Nature, Historical",Male,2,2,39,Chennai,"Nature, Historical",0,1,1,0,0
4805,Vivaan,vivaan290@gmail.com,"City, Adventure",Male,1,1,22,Mumbai,"City, Adventure",0,0,0,1,1
4806,Rohit,rohit29@hotmail.com,"Adventure, Historical",Female,1,0,38,Bangalore,"Adventure, Historical",0,1,0,1,0
4807,Mohan,mohan299@hotmail.com,Adventure,Female,1,2,50,Hyderabad,Adventure,0,0,0,1,0
4808,Lakshmi,lakshmi463@rediffmail.com,Adventure,Male,3,1,64,Chennai,Adventure,0,0,0,1,0
4809,Vivaan,vivaan667@hotmail.com,Beach,Female,3,2,39,Ahmedabad,Beach,1,0,0,0,0
4810,Kiara,kiara330@outlook.com,"Beach, Historical",Male,2,0,28,Jaipur,"Beach, Historical",1,1,0,0,0
4811,Rekha,rekha454@yahoo.com,"Adventure, City",Other,2,0,62,Ahmedabad,"Adventure, City",0,0,0,1,1
4812,Riya,riya134@gmail.com,"City, Adventure",Male,1,0,30,Hyderabad,"City, Adventure",0,0,0,1,1
4813,Vivaan,vivaan438@yahoo.com,Beach,Other,1,2,56,Mumbai,Beach,1,0,0,0,0
4814,Suresh,suresh31@yahoo.com,"Nature, Historical",Male,2,0,61,Jaipur,"Nature, Historical",0,1,1,0,0
4815,Sneha,sneha877@hotmail.com,"City, Historical",Other,1,0,43,Hyderabad,"City, Historical",0,1,0,0,1
4816,Ritika,ritika361@hotmail.com,"City, Historical, Adventure",Female,5,1,30,Delhi,"City, Historical, Adventure",0,1,0,1,1
4817,Kavya,kavya916@outlook.com,"Nature, Adventure",Female,3,1,37,Hyderabad,"Nature, Adventure",0,0,1,1,0
4818,Ritika,ritika702@gmail.com,"City, Nature",Other,5,1,54,Mumbai,"City, Nature",0,0,1,0,1
4819,Ayaan,ayaan103@outlook.com,"Adventure, Historical",Other,2,2,43,Jaipur,"Adventure, Historical",0,1,0,1,0
4820,Pooja,pooja427@gmail.com,"City, Historical, Adventure",Female,1,1,65,Mumbai,"City, Historical, Adventure",0,1,0,1,1
4821,Reyansh,reyansh496@gmail.com,"City, Historical, Adventure",Male,4,0,37,Pune,"City, Historical, Adventure",0,1,0,1,1
4822,Arjun,arjun955@hotmail.com,Historical,Male,1,0,31,Ahmedabad,Historical,0,1,0,0,0
4823,Aarav,aarav258@outlook.com,"City, Nature",Female,2,2,46,Jaipur,"City, Nature",0,0,1,0,1
4824,Krishna,krishna331@yahoo.com,"Adventure, City",Male,3,0,55,Bangalore,"Adventure, City",0,0,0,1,1
4825,Ritika,ritika275@rediffmail.com,"City, Historical, Adventure",Other,2,0,63,Ahmedabad,"City, Historical, Adventure",0,1,0,1,1
4826,Shruti,shruti179@hotmail.com,"Historical, Nature",Other,3,2,31,Pune,"Historical, Nature",0,1,1,0,0
4827,Tanvi,tanvi914@gmail.com,"Historical, Nature",Other,5,0,57,Chennai,"Historical, Nature",0,1,1,0,0
4828,Sunita,sunita516@hotmail.com,Nature,Male,3,2,37,Kolkata,Nature,0,0,1,0,0
4829,Meera,meera547@outlook.com,"Beach, City",Male,3,0,53,Chennai,"Beach, City",1,0,0,0,1
4830,Rahul,rahul741@hotmail.com,"City, Adventure",Male,3,1,53,Ahmedabad,"City, Adventure",0,0,0,1,1
4831,Deepa,deepa678@hotmail.com,Beach,Male,4,0,33,Pune,Beach,1,0,0,0,0
4832,Kiara,kiara851@yahoo.com,"Nature, Historical",Male,5,1,21,Delhi,"Nature, Historical",0,1,1,0,0
4833,Deepa,deepa435@yahoo.com,"City, Nature",Female,4,0,62,Bangalore,"City, Nature",0,0,1,0,1
4834,Sai,sai384@hotmail.com,"Beach, Adventure",Female,4,3,29,Kolkata,"Beach, Adventure",1,0,0,1,0
4835,Aadhya,aadhya411@yahoo.com,City,Other,2,2,30,Pune,City,0,0,0,0,1
4836,Divya,divya33@outlook.com,"Beach, City",Female,2,2,25,Hyderabad,"Beach, City",1,0,0,0,1
4837,Aadhya,aadhya278@outlook.com,"Adventure, City",Male,1,0,34,Surat,"Adventure, City",0,0,0,1,1
4838,Priya,priya301@rediffmail.com,"Adventure, Historical",Female,3,0,23,Ahmedabad,"Adventure, Historical",0,1,0,1,0
4839,Ritika,ritika736@outlook.com,"Historical, Nature",Other,4,0,50,Delhi,"Historical, Nature",0,1,1,0,0
4840,Suresh,suresh77@yahoo.com,"Nature, Adventure, Beach",Male,1,2,35,Jaipur,"Nature, Adventure, Beach",1,0,1,1,0
4841,Usha,usha178@outlook.com,Beach,Female,2,1,50,Jaipur,Beach,1,0,0,0,0
4842,Ananya,ananya260@hotmail.com,"Beach, Adventure",Female,2,2,57,Ahmedabad,"Beach, Adventure",1,0,0,1,0
4843,Shruti,shruti384@rediffmail.com,"Beach, Nature",Female,2,0,47,Pune,"Beach, Nature",1,0,1,0,0
4844,Ayaan,ayaan268@outlook.com,"City, Historical",Other,2,0,54,Bangalore,"City, Historical",0,1,0,0,1
4845,Riya,riya50@outlook.com,Historical,Other,2,0,30,Delhi,Historical,0,1,0,0,0
4846,Vivaan,vivaan742@rediffmail.com,"City, Historical",Male,2,3,33,Jaipur,"City, Historical",0,1,0,0,1
4847,Ritika,ritika656@hotmail.com,"Historical, Nature",Female,2,0,58,Delhi,"Historical, Nature",0,1,1,0,0
4848,Sneha,sneha648@hotmail.com,"Beach, Historical",Female,2,1,42,Delhi,"Beach, Historical",1,1,0,0,0
4849,Vivaan,vivaan387@rediffmail.com,Nature,Male,3,2,56,Delhi,Nature,0,0,1,0,0
4850,Ishaan,ishaan819@gmail.com,City,Female,3,1,20,Kolkata,City,0,0,0,0,1
4851,Rohit,rohit10@hotmail.com,"City, Historical",Female,2,0,18,Delhi,"City, Historical",0,1,0,0,1
4852,Reyansh,reyansh923@yahoo.com,"Adventure, Historical",Male,1,3,23,Kolkata,"Adventure, Historical",0,1,0,1,0
4853,Aditya,aditya2@outlook.com,"Nature, Adventure",Male,5,0,53,Surat,"Nature, Adventure",0,0,1,1,0
4854,Ritika,ritika426@rediffmail.com,"City, Nature",Other,1,2,21,Ahmedabad,"City, Nature",0,0,1,0,1
4855,Kiran,kiran910@gmail.com,"Beach, City",Other,3,1,27,Pune,"Beach, City",1,0,0,0,1
4856,Aditya,aditya871@hotmail.com,"Nature, Adventure, Beach",Female,4,1,58,Jaipur,"Nature, Adventure, Beach",1,0,1,1,0
4857,Neha,neha897@outlook.com,"Historical, Nature",Male,5,1,36,Delhi,"Historical, Nature",0,1,1,0,0
4858,Sneha,sneha859@outlook.com,"Adventure, City",Female,2,1,32,Jaipur,"Adventure, City",0,0,0,1,1
4859,Kavya,kavya253@rediffmail.com,Nature,Male,3,0,41,Bangalore,Nature,0,0,1,0,0
4860,Anjali,anjali722@outlook.com,"Nature, Adventure, Beach",Other,4,0,38,Jaipur,"Nature, Adventure, Beach",1,0,1,1,0
4861,Lakshmi,lakshmi219@hotmail.com,"Nature, Adventure, Beach",Other,2,0,39,Pune,"Nature, Adventure, Beach",1,0,1,1,0
4862,Shruti,shruti490@rediffmail.com,Adventure,Other,4,1,31,Kolkata,Adventure,0,0,0,1,0
4863,Pooja,pooja445@gmail.com,Adventure,Female,3,0,41,Surat,Adventure,0,0,0,1,0
4864,Aadhya,aadhya620@outlook.com,"Beach, Historical, Nature",Male,2,1,32,Surat,"Beach, Historical, Nature",1,1,1,0,0
4865,Vihaan,vihaan999@yahoo.com,"Adventure, Historical",Female,3,2,51,Pune,"Adventure, Historical",0,1,0,1,0
4866,Mohan,mohan648@hotmail.com,"Nature, Adventure, Beach",Other,5,0,18,Surat,"Nature, Adventure, Beach",1,0,1,1,0
4867,Deepa,deepa217@outlook.com,"Nature, Historical",Other,2,2,19,Jaipur,"Nature, Historical",0,1,1,0,0
4868,Rahul,rahul866@gmail.com,"Historical, Nature",Male,1,1,26,Kolkata,"Historical, Nature",0,1,1,0,0
4869,Kavya,kavya680@yahoo.com,Beach,Female,4,0,24,Ahmedabad,Beach,1,0,0,0,0
4870,Vivaan,vivaan898@yahoo.com,"Beach, City",Female,3,0,40,Surat,"Beach, City",1,0,0,0,1
4871,Kiara,kiara330@hotmail.com,"City, Adventure",Male,2,2,59,Chennai,"City, Adventure",0,0,0,1,1
4872,Tanvi,tanvi792@hotmail.com,"City, Historical, Adventure",Female,1,0,44,Pune,"City, Historical, Adventure",0,1,0,1,1
4873,Rahul,rahul470@yahoo.com,Adventure,Female,3,1,64,Pune,Adventure,0,0,0,1,0
4874,Ishaan,ishaan339@gmail.com,"Historical, Nature",Male,5,2,65,Ahmedabad,"Historical, Nature",0,1,1,0,0
4875,Meera,meera430@hotmail.com,"City, Historical, Adventure",Other,1,1,38,Bangalore,"City, Historical, Adventure",0,1,0,1,1
4876,Kavya,kavya873@hotmail.com,"City, Historical, Adventure",Other,5,1,54,Kolkata,"City, Historical, Adventure",0,1,0,1,1
4877,Rahul,rahul899@yahoo.com,"Beach, Adventure",Other,2,0,55,Surat,"Beach, Adventure",1,0,0,1,0
4878,Usha,usha55@yahoo.com,"Nature, Adventure",Male,3,0,20,Jaipur,"Nature, Adventure",0,0,1,1,0
4879,Aarav,aarav61@rediffmail.com,"Beach, City",Male,2,1,26,Hyderabad,"Beach, City",1,0,0,0,1
4880,Ishaan,ishaan425@rediffmail.com,"Adventure, Historical",Female,4,0,62,Ahmedabad,"Adventure, Historical",0,1,0,1,0
4881,Rohit,rohit71@yahoo.com,"Nature, Adventure, Beach",Female,2,0,28,Surat,"Nature, Adventure, Beach",1,0,1,1,0
4882,Meera,meera428@gmail.com,"Nature, Historical",Male,3,1,19,Hyderabad,"Nature, Historical",0,1,1,0,0
4883,Vihaan,vihaan524@outlook.com,"Adventure, City",Male,2,0,34,Kolkata,"Adventure, City",0,0,0,1,1
4884,Arjun,arjun71@rediffmail.com,"Nature, Adventure, Beach",Female,3,0,27,Ahmedabad,"Nature, Adventure, Beach",1,0,1,1,0
4885,Ananya,ananya667@hotmail.com,"City, Adventure",Other,4,0,31,Ahmedabad,"City, Adventure",0,0,0,1,1
4886,Aditya,aditya294@gmail.com,"Nature, Adventure, Beach",Male,2,2,42,Mumbai,"Nature, Adventure, Beach",1,0,1,1,0
4887,Riya,riya208@yahoo.com,"Nature, Adventure",Other,4,0,23,Ahmedabad,"Nature, Adventure",0,0,1,1,0
4888,Nisha,nisha256@hotmail.com,Nature,Male,3,1,58,Surat,Nature,0,0,1,0,0
4889,Diya,diya90@yahoo.com,Adventure,Other,3,1,61,Delhi,Adventure,0,0,0,1,0
4890,Aditya,aditya595@yahoo.com,Nature,Female,3,1,44,Jaipur,Nature,0,0,1,0,0
4891,Divya,divya802@hotmail.com,Historical,Male,4,0,47,Kolkata,Historical,0,1,0,0,0
4892,Nisha,nisha366@outlook.com,"Nature, Historical",Female,3,0,34,Ahmedabad,"Nature, Historical",0,1,1,0,0
4893,Ayaan,ayaan629@outlook.com,"Beach, City",Male,2,1,25,Delhi,"Beach, City",1,0,0,0,1
4894,Vihaan,vihaan144@hotmail.com,"Nature, Adventure, Beach",Male,3,0,33,Mumbai,"Nature, Adventure, Beach",1,0,1,1,0
4895,Ritika,ritika634@yahoo.com,"Beach, Adventure",Other,2,1,23,Chennai,"Beach, Adventure",1,0,0,1,0
4896,Suresh,suresh696@gmail.com,"Nature, Historical",Other,3,0,19,Jaipur,"Nature, Historical",0,1,1,0,0
4897,Vivaan,vivaan147@hotmail.com,"Beach, City",Male,2,2,45,Mumbai,"Beach, City",1,0,0,0,1
4898,Vikram,vikram451@outlook.com,"Beach, Nature",Female,3,0,37,Hyderabad,"Beach, Nature",1,0,1,0,0
4899,Neha,neha489@hotmail.com,"Historical, Nature",Male,5,2,44,Hyderabad,"Historical, Nature",0,1,1,0,0
4900,Mohan,mohan251@outlook.com,"Adventure, City",Female,3,2,55,Jaipur,"Adventure, City",0,0,0,1,1
4901,Riya,riya56@yahoo.com,"City, Historical, Adventure",Female,1,1,48,Bangalore,"City, Historical, Adventure",0,1,0,1,1
4902,Amit,amit172@gmail.com,"Historical, Nature",Male,3,1,41,Ahmedabad,"Historical, Nature",0,1,1,0,0
4903,Usha,usha212@hotmail.com,Historical,Male,2,1,52,Hyderabad,Historical,0,1,0,0,0
4904,Anjali,anjali785@rediffmail.com,"Nature, Adventure, Beach",Male,3,2,63,Surat,"Nature, Adventure, Beach",1,0,1,1,0
4905,Nisha,nisha851@rediffmail.com,"City, Adventure",Male,2,1,57,Surat,"City, Adventure",0,0,0,1,1
4906,Arjun,arjun768@rediffmail.com,"Beach, City",Female,4,0,36,Hyderabad,"Beach, City",1,0,0,0,1
4907,Lakshmi,lakshmi258@outlook.com,"Adventure, City",Male,4,0,34,Delhi,"Adventure, City",0,0,0,1,1
4908,Suresh,suresh174@outlook.com,"Adventure, City",Other,3,0,41,Pune,"Adventure, City",0,0,0,1,1
4909,Priya,priya506@gmail.com,"City, Historical",Other,3,1,56,Pune,"City, Historical",0,1,0,0,1
4910,Aditya,aditya128@outlook.com,Beach,Female,5,1,57,Chennai,Beach,1,0,0,0,0
4911,Lakshmi,lakshmi502@yahoo.com,"Adventure, Historical",Male,3,2,62,Mumbai,"Adventure, Historical",0,1,0,1,0
4912,Vihaan,vihaan817@outlook.com,"City, Historical",Female,2,1,58,Jaipur,"City, Historical",0,1,0,0,1
4913,Riya,riya277@hotmail.com,"Nature, Adventure",Other,2,0,32,Hyderabad,"Nature, Adventure",0,0,1,1,0
4914,Aarav,aarav765@hotmail.com,"City, Historical, Adventure",Other,1,1,23,Kolkata,"City, Historical, Adventure",0,1,0,1,1
4915,Sneha,sneha359@hotmail.com,"Adventure, Historical",Male,2,0,29,Ahmedabad,"Adventure, Historical",0,1,0,1,0
4916,Diya,diya891@yahoo.com,"Beach, Historical, Nature",Female,2,2,39,Delhi,"Beach, Historical, Nature",1,1,1,0,0
4917,Amit,amit697@gmail.com,Nature,Female,3,1,40,Pune,Nature,0,0,1,0,0
4918,Divya,divya113@outlook.com,"City, Adventure",Female,3,0,44,Kolkata,"City, Adventure",0,0,0,1,1
4919,Mohan,mohan597@outlook.com,"Nature, Adventure",Other,2,2,33,Kolkata,"Nature, Adventure",0,0,1,1,0
4920,Priya,priya418@gmail.com,"Adventure, Historical",Other,4,0,62,Kolkata,"Adventure, Historical",0,1,0,1,0
4921,Ayaan,ayaan885@gmail.com,"City, Nature",Male,3,0,30,Bangalore,"City, Nature",0,0,1,0,1
4922,Krishna,krishna268@outlook.com,"City, Historical",Other,1,0,43,Delhi,"City, Historical",0,1,0,0,1
4923,Geeta,geeta132@gmail.com,"Adventure, City",Other,3,2,46,Hyderabad,"Adventure, City",0,0,0,1,1
4924,Mohan,mohan860@hotmail.com,"City, Historical, Adventure",Female,3,1,54,Ahmedabad,"City, Historical, Adventure",0,1,0,1,1
4925,Rekha,rekha419@yahoo.com,"City, Historical",Other,2,0,40,Bangalore,"City, Historical",0,1,0,0,1
4926,Shruti,shruti643@gmail.com,"Beach, City",Other,2,1,29,Bangalore,"Beach, City",1,0,0,0,1
4927,Amit,amit834@rediffmail.com,"City, Historical",Female,2,0,25,Bangalore,"City, Historical",0,1,0,0,1
4928,Tanvi,tanvi289@hotmail.com,"City, Historical, Adventure",Other,4,0,42,Chennai,"City, Historical, Adventure",0,1,0,1,1
4929,Reyansh,reyansh772@rediffmail.com,"City, Historical",Other,4,2,33,Jaipur,"City, Historical",0,1,0,0,1
4930,Vivaan,vivaan857@rediffmail.com,"City, Adventure",Other,2,2,18,Kolkata,"City, Adventure",0,0,0,1,1
4931,Ishaan,ishaan178@yahoo.com,"Beach, Historical",Female,2,0,31,Pune,"Beach, Historical",1,1,0,0,0
4932,Shruti,shruti466@outlook.com,Beach,Other,3,0,56,Ahmedabad,Beach,1,0,0,0,0
4933,Nisha,nisha820@gmail.com,"Beach, Historical",Female,4,2,63,Mumbai,"Beach, Historical",1,1,0,0,0
4934,Aadhya,aadhya876@yahoo.com,Adventure,Male,1,1,37,Ahmedabad,Adventure,0,0,0,1,0
4935,Ananya,ananya727@hotmail.com,"Nature, Historical",Other,5,0,38,Bangalore,"Nature, Historical",0,1,1,0,0
4936,Kiara,kiara806@outlook.com,Nature,Male,1,1,27,Mumbai,Nature,0,0,1,0,0
4937,Riya,riya855@rediffmail.com,"Beach, Historical",Other,4,2,61,Surat,"Beach, Historical",1,1,0,0,0
4938,Rohit,rohit518@hotmail.com,"Adventure, City",Other,1,0,59,Delhi,"Adventure, City",0,0,0,1,1
4939,Reyansh,reyansh97@yahoo.com,City,Male,2,2,19,Chennai,City,0,0,0,0,1
4940,Kiran,kiran435@hotmail.com,Beach,Male,2,1,57,Hyderabad,Beach,1,0,0,0,0
4941,Tanvi,tanvi180@rediffmail.com,"City, Historical",Other,2,0,38,Surat,"City, Historical",0,1,0,0,1
4942,Neha,neha287@outlook.com,"Beach, Historical",Male,2,1,57,Mumbai,"Beach, Historical",1,1,0,0,0
4943,Ananya,ananya684@rediffmail.com,"Beach, City",Male,4,0,31,Pune,"Beach, City",1,0,0,0,1
4944,Diya,diya683@gmail.com,"Beach, Adventure",Male,3,1,26,Jaipur,"Beach, Adventure",1,0,0,1,0
4945,Rohit,rohit425@hotmail.com,"Beach, Nature",Other,3,0,64,Chennai,"Beach, Nature",1,0,1,0,0
4946,Vihaan,vihaan379@hotmail.com,City,Female,3,0,22,Bangalore,City,0,0,0,0,1
4947,Kiran,kiran338@yahoo.com,"Nature, Historical",Other,2,1,22,Ahmedabad,"Nature, Historical",0,1,1,0,0
4948,Amit,amit164@rediffmail.com,City,Male,3,2,18,Delhi,City,0,0,0,0,1
4949,Rahul,rahul124@outlook.com,"City, Historical, Adventure",Female,2,0,54,Delhi,"City, Historical, Adventure",0,1,0,1,1
4950,Riya,riya410@gmail.com,Nature,Female,2,2,26,Ahmedabad,Nature,0,0,1,0,0
4951,Kavya,kavya982@yahoo.com,Beach,Male,4,1,60,Hyderabad,Beach,1,0,0,0,0
4952,Sunita,sunita683@gmail.com,"Adventure, City",Other,2,2,55,Hyderabad,"Adventure, City",0,0,0,1,1
4953,Diya,diya688@outlook.com,"Adventure, Historical",Female,2,2,44,Kolkata,"Adventure, Historical",0,1,0,1,0
4954,Arjun,arjun740@yahoo.com,"Beach, Historical, Nature",Other,4,0,39,Mumbai,"Beach, Historical, Nature",1,1,1,0,0
4955,Aditya,aditya725@rediffmail.com,"City, Historical",Other,2,0,43,Jaipur,"City, Historical",0,1,0,0,1
4956,Neha,neha193@yahoo.com,"Beach, Adventure",Other,3,3,41,Surat,"Beach, Adventure",1,0,0,1,0
4957,Diya,diya393@gmail.com,"Beach, Nature",Other,4,0,58,Jaipur,"Beach, Nature",1,0,1,0,0
4958,Vivaan,vivaan426@hotmail.com,"Beach, Nature",Other,4,1,44,Mumbai,"Beach, Nature",1,0,1,0,0
4959,Anjali,anjali505@rediffmail.com,"Nature, Adventure",Female,1,1,19,Chennai,"Nature, Adventure",0,0,1,1,0
4960,Aadhya,aadhya564@rediffmail.com,"Beach, Nature",Male,2,1,54,Surat,"Beach, Nature",1,0,1,0,0
4961,Lakshmi,lakshmi406@hotmail.com,Nature,Male,2,2,30,Jaipur,Nature,0,0,1,0,0
4962,Kiara,kiara303@outlook.com,City,Male,5,0,44,Jaipur,City,0,0,0,0,1
4963,Aarav,aarav472@gmail.com,"City, Historical, Adventure",Other,3,0,60,Pune,"City, Historical, Adventure",0,1,0,1,1
4964,Shruti,shruti825@outlook.com,"Beach, Adventure",Other,2,0,38,Hyderabad,"Beach, Adventure",1,0,0,1,0
4965,Kiran,kiran839@hotmail.com,"Beach, Adventure",Other,2,0,64,Surat,"Beach, Adventure",1,0,0,1,0
4966,Aarav,aarav605@outlook.com,"Beach, City",Female,4,1,49,Chennai,"Beach, City",1,0,0,0,1
4967,Vihaan,vihaan774@outlook.com,City,Other,2,0,28,Pune,City,0,0,0,0,1
4968,Aadhya,aadhya97@yahoo.com,"City, Historical, Adventure",Male,2,2,26,Pune,"City, Historical, Adventure",0,1,0,1,1
4969,Sneha,sneha508@rediffmail.com,"Nature, Adventure",Other,1,0,21,Hyderabad,"Nature, Adventure",0,0,1,1,0
4970,Aarav,aarav870@gmail.com,"Nature, Historical",Female,1,0,47,Mumbai,"Nature, Historical",0,1,1,0,0
4971,Aditya,aditya27@gmail.com,"City, Historical, Adventure",Other,1,2,20,Jaipur,"City, Historical, Adventure",0,1,0,1,1
4972,Aadhya,aadhya532@rediffmail.com,"Adventure, Historical",Female,2,2,63,Chennai,"Adventure, Historical",0,1,0,1,0
4973,Nisha,nisha746@hotmail.com,"Nature, Historical",Male,4,1,32,Surat,"Nature, Historical",0,1,1,0,0
4974,Aditya,aditya568@rediffmail.com,"Beach, City",Male,2,1,38,Surat,"Beach, City",1,0,0,0,1
4975,Vikram,vikram510@gmail.com,City,Male,1,0,18,Pune,City,0,0,0,0,1
4976,Meera,meera129@rediffmail.com,"Beach, City",Other,4,0,58,Delhi,"Beach, City",1,0,0,0,1
4977,Reyansh,reyansh89@rediffmail.com,"Nature, Adventure",Male,4,1,65,Mumbai,"Nature, Adventure",0,0,1,1,0
4978,Sunita,sunita301@yahoo.com,"City, Historical, Adventure",Female,1,0,54,Jaipur,"City, Historical, Adventure",0,1,0,1,1
4979,Usha,usha640@rediffmail.com,"Nature, Adventure",Other,3,1,26,Chennai,"Nature, Adventure",0,0,1,1,0
4980,Mohan,mohan556@hotmail.com,Nature,Female,2,0,58,Kolkata,Nature,0,0,1,0,0
4981,Kavya,kavya862@rediffmail.com,"City, Historical, Adventure",Female,4,2,30,Hyderabad,"City, Historical, Adventure",0,1,0,1,1
4982,Vivaan,vivaan664@yahoo.com,"City, Historical, Adventure",Other,4,0,31,Ahmedabad,"City, Historical, Adventure",0,1,0,1,1
4983,Divya,divya294@outlook.com,"Beach, Adventure",Male,3,1,44,Chennai,"Beach, Adventure",1,0,0,1,0
4984,Kavya,kavya708@rediffmail.com,"Beach, Adventure",Other,3,1,46,Mumbai,"Beach, Adventure",1,0,0,1,0
4985,Ananya,ananya395@hotmail.com,"City, Nature",Other,2,0,25,Pune,"City, Nature",0,0,1,0,1
4986,Nisha,nisha573@gmail.com,"Beach, Historical, Nature",Female,1,0,24,Delhi,"Beach, Historical, Nature",1,1,1,0,0
4987,Tanvi,tanvi522@hotmail.com,"Nature, Adventure",Female,2,0,46,Jaipur,"Nature, Adventure",0,0,1,1,0
4988,Arjun,arjun608@yahoo.com,"Beach, Historical, Nature",Other,3,1,32,Mumbai,"Beach, Historical, Nature",1,1,1,0,0
4989,Ishaan,ishaan544@hotmail.com,"Adventure, Historical",Female,2,0,57,Bangalore,"Adventure, Historical",0,1,0,1,0
4990,Riya,riya696@gmail.com,"Beach, Adventure",Female,1,0,51,Jaipur,"Beach, Adventure",1,0,0,1,0
4991,Ayaan,ayaan609@yahoo.com,"Beach, City",Other,2,2,42,Pune,"Beach, City",1,0,0,0,1
4992,Rohit,rohit769@hotmail.com,"City, Historical",Male,5,0,44,Jaipur,"City, Historical",0,1,0,0,1
4993,Priya,priya715@outlook.com,"Beach, Nature",Other,3,0,46,Pune,"Beach, Nature",1,0,1,0,0
4994,Ananya,ananya364@hotmail.com,"Nature, Historical",Female,3,2,51,Ahmedabad,"Nature, Historical",0,1,1,0,0
4995,Ishaan,ishaan877@outlook.com,"Adventure, City",Other,2,2,56,Surat,"Adventure, City",0,0,0,1,1
4996,Vihaan,vihaan725@gmail.com,City,Female,5,1,24,Delhi,City,0,0,0,0,1
4997,Rahul,rahul754@hotmail.com,Adventure,Male,4,1,40,Delhi,Adventure,0,0,0,1,0
4998,Rahul,rahul471@hotmail.com,"Nature, Historical",Other,2,3,59,Pune,"Nature, Historical",0,1,1,0,0
4999,Vihaan,vihaan677@hotmail.com,"Beach, Historical, Nature",Male,5,1,50,Chennai,"Beach, Historical, Nature",1,1,1,0,0
5000,Arjun,arjun881@rediffmail.com,"City, Nature",Female,2,1,29,Jaipur,"City, Nature",0,0,1,0,1
