HistoryID,UserID,DestinationID,VisitDate,ExperienceRating,VisitMonth,InSeason
1,3970,19,2022-09-27,5,9,1
2,4578,10,2022-12-26,5,12,1
3,4827,17,2024-11-27,4,11,1
4,1275,1,2022-10-04,4,10,0
5,659,17,2022-09-28,4,9,0
6,293,9,2024-08-05,2,8,0
7,2200,19,2024-09-07,4,9,1
8,4295,3,2022-02-02,5,2,1
9,207,16,2024-06-26,5,6,1
10,2029,16,2023-08-08,4,8,1
11,4689,7,2024-11-27,4,11,1
12,815,15,2022-05-19,4,5,1
13,590,13,2024-10-10,4,10,0
14,1474,8,2022-03-07,3,3,1
15,2988,6,2023-05-02,4,5,0
16,992,18,2023-04-26,5,4,0
17,3975,6,2023-12-14,5,12,1
18,814,8,2024-02-11,5,2,1
19,2038,3,2023-07-12,4,7,0
20,1938,4,2023-01-16,5,1,1
21,663,20,2022-04-18,4,4,0
22,1865,9,2023-12-24,5,12,1
23,1850,13,2022-11-17,5,11,0
24,3630,10,2022-07-06,3,7,0
25,271,10,2024-07-05,4,7,0
26,1668,20,2024-08-19,5,8,0
27,2414,11,2023-01-16,5,1,1
28,3943,16,2022-10-06,5,10,0
29,4138,2,2024-03-23,4,3,1
30,855,10,2024-09-18,3,9,0
31,2272,19,2024-07-11,3,7,0
32,2196,18,2022-08-07,3,8,0
33,4237,13,2023-07-27,5,7,1
34,3377,7,2022-09-05,4,9,0
35,551,17,2022-12-16,4,12,1
36,624,7,2023-01-06,4,1,1
37,2698,3,2022-07-16,3,7,0
38,1702,18,2022-02-08,4,2,1
39,1200,9,2024-10-27,5,10,1
40,1351,20,2023-07-28,4,7,0
41,3149,16,2024-11-14,5,11,0
42,419,11,2022-04-03,3,4,0
43,2763,17,2023-01-21,5,1,1
44,1545,16,2024-01-12,3,1,0
45,4999,11,2023-12-15,5,12,1
46,2168,4,2024-04-26,3,4,0
47,4625,14,2022-12-15,5,12,0
48,2631,3,2024-10-03,5,10,1
49,465,5,2023-05-10,4,5,0
50,2412,10,2022-07-16,4,7,0
51,556,9,2024-04-20,4,4,0
52,2494,16,2023-07-20,4,7,1
53,1890,19,2024-05-14,4,5,0
54,4882,10,2023-01-23,3,1,1
55,2575,15,2022-03-15,5,3,1
56,2539,6,2024-09-14,4,9,0
57,876,7,2022-11-08,5,11,1
58,1655,9,2024-04-18,4,4,0
59,1546,3,2022-03-21,4,3,1
60,3525,4,2023-01-13,5,1,1
61,3153,5,2022-06-14,5,6,0
62,232,10,2023-04-18,5,4,0
63,1,10,2023-12-26,5,12,1
64,3687,19,2022-03-12,4,3,0
65,1532,15,2024-04-03,5,4,1
66,888,5,2023-01-06,5,1,1
67,2508,13,2023-03-06,4,3,0
68,522,11,2022-07-25,4,7,0
69,3446,20,2023-05-16,4,5,0
70,3308,3,2022-06-12,4,6,0
71,1962,9,2023-05-20,4,5,0
72,2513,20,2024-12-01,5,12,1
73,3982,11,2024-02-03,5,2,1
74,4086,18,2022-09-27,3,9,0
75,3758,16,2024-01-16,3,1,0
76,1578,13,2024-03-24,3,3,0
77,1712,5,2022-08-05,4,8,0
78,2863,7,2023-02-25,5,2,1
79,1874,5,2024-12-23,5,12,1
80,2452,11,2024-05-08,5,5,0
81,2353,6,2024-01-23,5,1,1
82,1997,13,2024-03-07,4,3,0
83,3560,4,2022-09-22,3,9,0
84,4493,13,2024-09-06,5,9,1
85,17,16,2023-09-22,5,9,1
86,341,12,2022-12-03,5,12,1
87,3457,8,2024-01-02,5,1,1
88,371,13,2022-09-27,5,9,1
89,3895,3,2024-05-22,4,5,0
90,3971,5,2023-05-17,4,5,0
91,4871,19,2024-09-04,5,9,1
92,4582,13,2024-12-08,5,12,0
93,4104,10,2023-12-06,5,12,1
94,1491,14,2023-12-24,4,12,0
95,2397,1,2022-02-18,5,2,1
96,2970,11,2023-07-16,3,7,0
97,829,14,2024-01-06,5,1,0
98,4238,17,2023-04-14,4,4,0
99,411,19,2022-10-13,3,10,1
100,2827,20,2023-06-12,3,6,0
101,1638,13,2023-04-05,4,4,0
102,1494,11,2022-07-11,3,7,0
103,4491,19,2022-12-13,5,12,1
104,786,17,2022-12-11,4,12,1
105,1097,14,2022-06-14,4,6,0
106,4489,13,2022-01-21,4,1,0
107,424,13,2023-03-11,4,3,0
108,3131,4,2023-04-21,3,4,0
109,3926,7,2024-04-05,5,4,0
110,2399,7,2024-03-02,5,3,1
111,21,1,2023-12-16,5,12,1
112,3275,14,2024-10-09,4,10,1
113,4933,11,2023-03-17,4,3,0
114,4452,1,2022-08-02,4,8,0
115,384,19,2024-10-11,5,10,1
116,1766,6,2023-04-07,4,4,0
117,2088,4,2023-06-21,4,6,0
118,700,14,2022-06-06,3,6,0
119,3064,12,2022-06-28,4,6,0
120,3211,19,2023-08-16,3,8,0
121,3519,16,2023-02-09,4,2,0
122,487,17,2022-05-25,4,5,0
123,88,4,2024-01-25,5,1,1
124,3507,1,2022-03-23,4,3,1
125,1411,18,2023-04-17,5,4,0
126,1672,14,2022-07-24,4,7,0
127,3642,18,2024-09-07,4,9,0
128,2195,3,2024-12-26,5,12,1
129,496,20,2023-05-19,4,5,0
130,1491,11,2023-07-13,4,7,0
131,3006,9,2022-08-22,3,8,0
132,3349,5,2024-11-04,5,11,1
133,4176,10,2022-11-09,4,11,1
134,3047,2,2022-05-05,3,5,0
135,1822,16,2023-04-12,4,4,0
136,2970,2,2024-07-07,3,7,0
137,1780,12,2024-11-10,5,11,1
138,3403,16,2022-03-13,4,3,0
139,1257,5,2024-09-05,5,9,0
140,3085,20,2022-11-15,5,11,1
141,1889,4,2023-06-20,4,6,0
142,3350,13,2024-10-20,4,10,0
143,2016,10,2023-06-20,4,6,0
144,832,12,2024-04-10,5,4,1
145,2633,15,2023-10-08,5,10,1
146,3168,9,2023-08-26,4,8,0
147,3872,18,2022-11-15,5,11,1
148,2982,3,2024-03-16,4,3,1
149,1824,7,2024-01-24,5,1,1
150,3508,2,2023-03-15,5,3,1
151,3775,5,2022-02-21,5,2,1
152,2667,8,2023-11-19,5,11,1
153,3982,9,2024-12-03,5,12,1
154,3549,6,2022-08-14,3,8,0
155,451,11,2024-08-07,5,8,0
156,974,8,2023-11-01,4,11,1
157,2105,16,2022-10-01,5,10,0
158,4138,14,2024-04-06,5,4,1
159,1186,14,2022-01-22,5,1,0
160,1374,4,2022-04-19,3,4,0
161,4334,1,2022-07-06,3,7,0
162,4128,1,2023-09-18,4,9,0
163,505,7,2023-07-13,4,7,0
164,1887,8,2023-12-07,5,12,1
165,4326,13,2024-06-07,5,6,1
166,1113,2,2023-11-03,4,11,1
167,3540,18,2023-06-05,4,6,0
168,3536,8,2022-05-07,3,5,0
169,3145,1,2023-08-02,4,8,0
170,4908,20,2022-12-19,5,12,1
171,2720,15,2023-06-21,4,6,1
172,122,10,2023-05-13,4,5,0
173,1793,14,2022-10-12,5,10,1
174,2862,14,2024-03-11,5,3,1
175,3221,6,2023-04-20,5,4,0
176,2277,2,2023-04-05,3,4,0
177,3803,1,2023-06-16,5,6,0
178,3190,13,2022-02-01,5,2,0
179,141,8,2024-07-01,3,7,0
180,4850,4,2023-06-15,5,6,0
181,1586,16,2024-02-18,4,2,0
182,1178,9,2023-03-16,4,3,0
183,4912,18,2022-04-13,5,4,0
184,1185,19,2022-10-23,5,10,1
185,3070,11,2024-05-07,3,5,0
186,580,17,2024-03-24,4,3,1
187,4441,12,2024-03-09,4,3,1
188,4418,7,2022-01-06,5,1,1
189,786,10,2022-12-13,4,12,1
190,1712,2,2023-06-06,4,6,0
191,4580,11,2024-06-28,3,6,0
192,2569,20,2022-09-27,3,9,0
193,1546,3,2023-03-09,5,3,1
194,3976,10,2024-04-18,5,4,0
195,3939,9,2024-01-16,4,1,1
196,4334,10,2023-12-21,5,12,1
197,1735,12,2022-02-23,4,2,1
198,3023,18,2022-06-15,5,6,0
199,4931,20,2023-04-13,5,4,0
200,2825,6,2024-05-21,5,5,0
201,948,1,2024-11-02,4,11,1
202,692,8,2024-08-09,4,8,0
203,4013,17,2023-01-03,4,1,1
204,3807,17,2023-12-18,5,12,1
205,2016,13,2023-01-17,5,1,0
206,4292,3,2023-01-11,4,1,1
207,3735,19,2022-04-21,5,4,0
208,746,17,2024-05-26,4,5,0
209,2596,8,2024-11-20,4,11,1
210,1648,15,2024-12-07,4,12,0
211,670,12,2023-02-12,5,2,1
212,2081,5,2023-02-24,5,2,1
213,3649,16,2022-10-21,3,10,0
214,4442,11,2024-11-11,5,11,1
215,208,7,2022-10-06,5,10,1
216,3108,14,2024-06-17,4,6,0
217,1932,5,2024-11-04,5,11,1
218,2336,9,2022-10-06,4,10,1
219,4946,18,2023-06-15,5,6,0
220,933,20,2024-09-02,3,9,0
221,1550,11,2022-12-16,5,12,1
222,2578,18,2022-11-28,5,11,1
223,1252,6,2024-03-19,4,3,1
224,1778,12,2024-06-14,3,6,0
225,3384,9,2022-01-27,5,1,1
226,3548,12,2023-02-03,4,2,1
227,2187,2,2024-09-13,3,9,0
228,4749,17,2023-07-15,5,7,0
229,2160,3,2024-07-09,4,7,0
230,1488,16,2024-09-13,5,9,1
231,9,8,2022-09-05,4,9,0
232,4826,3,2023-07-21,5,7,0
233,4970,8,2022-08-26,4,8,0
234,3113,5,2023-04-22,4,4,0
235,1508,15,2022-08-01,3,8,0
236,2396,4,2024-01-12,5,1,1
237,4065,1,2024-01-11,5,1,1
238,3735,3,2023-07-11,4,7,0
239,3273,3,2022-02-05,5,2,1
240,3613,16,2024-10-28,5,10,0
241,2790,17,2022-04-21,4,4,0
242,3548,19,2024-02-07,5,2,1
243,698,17,2023-01-18,5,1,1
244,4197,5,2023-04-15,4,4,0
245,3421,20,2024-12-04,5,12,1
246,73,5,2023-11-19,4,11,1
247,4663,12,2022-08-20,5,8,0
248,1302,7,2023-02-04,5,2,1
249,689,18,2024-11-10,5,11,1
250,4948,8,2024-08-20,4,8,0
251,769,2,2024-08-10,3,8,0
252,2001,1,2023-10-06,4,10,0
253,2019,6,2022-05-22,4,5,0
254,2616,3,2022-05-18,5,5,0
255,150,2,2022-08-26,3,8,0
256,1151,19,2023-04-12,3,4,0
257,4934,15,2024-09-04,5,9,1
258,3546,10,2023-09-14,4,9,0
259,4923,9,2022-03-14,3,3,0
260,2062,2,2022-03-16,4,3,1
261,2962,5,2023-12-24,5,12,1
262,775,2,2024-05-27,4,5,0
263,815,14,2023-03-04,4,3,1
264,4880,8,2023-01-07,4,1,1
265,1060,14,2022-07-15,4,7,0
266,675,16,2022-11-11,4,11,0
267,4256,7,2024-11-20,5,11,1
268,4651,2,2024-07-19,3,7,0
269,4698,12,2024-05-28,3,5,0
270,4901,13,2022-07-19,5,7,1
271,2467,5,2023-01-18,5,1,1
272,3630,2,2023-04-28,4,4,0
273,3218,12,2022-02-17,3,2,1
274,2118,15,2024-01-16,4,1,0
275,4808,9,2022-11-25,5,11,1
276,2962,4,2022-06-20,3,6,0
277,1019,1,2024-06-20,3,6,0
278,1571,15,2023-07-08,4,7,0
279,229,11,2023-11-02,5,11,1
280,1295,4,2023-10-01,4,10,1
281,334,12,2023-09-26,3,9,0
282,646,13,2024-01-04,5,1,0
283,2960,14,2023-01-21,3,1,0
284,1605,20,2024-10-23,4,10,1
285,423,17,2022-06-10,5,6,0
286,1367,10,2024-02-11,5,2,1
287,1030,4,2022-01-21,4,1,1
288,1195,13,2023-07-25,5,7,1
289,1694,8,2023-07-14,2,7,0
290,1992,10,2024-07-09,4,7,0
291,24,6,2023-08-10,4,8,0
292,2637,5,2022-06-08,3,6,0
293,4642,10,2024-04-24,4,4,0
294,2297,5,2023-02-22,5,2,1
295,4128,13,2022-09-25,4,9,1
296,1177,15,2023-09-14,5,9,1
297,233,1,2022-08-18,3,8,0
298,2651,18,2024-01-21,5,1,1
299,4487,4,2024-01-26,5,1,1
300,649,11,2023-01-04,5,1,1
301,4677,3,2022-04-25,5,4,1
302,2594,10,2023-01-04,5,1,1
303,2998,3,2024-09-05,3,9,0
304,4318,5,2023-03-17,5,3,1
305,3820,12,2023-12-27,5,12,1
306,1375,1,2024-10-21,4,10,0
307,3697,2,2022-12-20,5,12,1
308,3449,12,2023-01-05,3,1,1
309,2957,17,2024-11-27,4,11,1
310,1206,13,2023-06-21,5,6,1
311,639,17,2022-12-24,5,12,1
312,3109,14,2022-07-25,5,7,0
313,4546,18,2022-01-20,5,1,1
314,1272,15,2023-05-28,5,5,1
315,3052,20,2022-06-04,5,6,0
316,1110,5,2023-02-12,5,2,1
317,1572,13,2024-02-09,4,2,0
318,232,9,2023-05-22,3,5,0
319,4115,14,2023-05-15,5,5,1
320,3581,11,2023-03-20,4,3,0
321,2360,4,2024-03-06,4,3,0
322,1191,19,2022-08-01,3,8,0
323,4860,13,2023-08-26,4,8,1
324,2592,15,2023-12-21,4,12,0
325,2030,17,2022-02-02,4,2,1
326,860,18,2022-03-09,5,3,1
327,4934,18,2022-04-07,3,4,0
328,2387,13,2023-11-03,4,11,0
329,4468,4,2023-07-20,4,7,0
330,706,17,2024-08-25,3,8,0
331,41,14,2024-09-22,5,9,1
332,3881,2,2023-10-27,5,10,1
333,3365,13,2022-12-08,3,12,0
334,1651,2,2024-01-08,5,1,1
335,3138,12,2024-03-06,4,3,1
336,1554,3,2022-06-13,4,6,0
337,3856,9,2024-03-01,3,3,0
338,3065,19,2023-09-13,5,9,1
339,566,1,2024-12-06,4,12,1
340,1940,3,2022-12-02,4,12,1
341,3827,11,2022-11-26,4,11,1
342,873,12,2023-10-20,4,10,0
343,1642,8,2022-08-12,4,8,0
344,1705,3,2024-04-14,5,4,1
345,4718,7,2023-10-12,5,10,1
346,3558,10,2022-09-23,5,9,0
347,4150,7,2023-06-07,3,6,0
348,1058,4,2023-06-07,4,6,0
349,2226,8,2023-01-07,5,1,1
350,4616,8,2024-10-01,5,10,1
351,3449,6,2024-06-05,4,6,0
352,3292,14,2022-06-27,4,6,0
353,1933,19,2022-08-26,4,8,0
354,464,2,2023-02-07,5,2,1
355,4456,18,2023-02-16,5,2,1
356,1247,5,2022-01-01,5,1,1
357,1420,7,2022-09-03,4,9,0
358,544,3,2022-01-20,5,1,1
359,2399,15,2022-08-27,4,8,0
360,3051,20,2024-07-25,4,7,0
361,3470,10,2024-11-21,5,11,1
362,4010,10,2022-12-08,5,12,1
363,3739,2,2022-03-14,4,3,1
364,56,4,2024-03-26,4,3,0
365,2259,8,2023-10-21,5,10,1
366,3311,1,2024-11-04,5,11,1
367,2267,13,2024-12-07,5,12,0
368,1525,4,2022-04-13,3,4,0
369,609,17,2023-03-24,5,3,1
370,3884,17,2022-09-21,4,9,0
371,500,3,2023-03-06,4,3,1
372,337,16,2024-07-04,5,7,1
373,1152,5,2022-07-22,4,7,0
374,779,14,2024-05-06,4,5,1
375,2561,9,2023-09-09,5,9,1
376,2429,3,2024-06-28,5,6,0
377,1501,17,2022-04-07,4,4,0
378,2469,18,2024-03-15,5,3,1
379,1881,7,2022-04-15,4,4,0
380,1666,15,2023-08-07,3,8,0
381,4092,10,2023-05-09,4,5,0
382,2435,13,2022-01-07,5,1,0
383,2901,1,2024-06-10,4,6,0
384,1050,3,2022-02-10,4,2,1
385,4263,5,2023-04-25,4,4,0
386,2084,20,2022-07-02,4,7,0
387,106,14,2022-11-09,5,11,1
388,1982,2,2023-04-16,4,4,0
389,4853,14,2022-12-05,5,12,0
390,2873,8,2023-11-19,5,11,1
391,235,4,2024-01-07,4,1,1
392,798,7,2023-07-23,4,7,0
393,4997,12,2023-01-06,4,1,1
394,4024,2,2024-01-24,5,1,1
395,3198,17,2024-08-19,4,8,0
396,704,11,2022-05-23,2,5,0
397,3296,3,2024-06-17,4,6,0
398,2595,12,2023-12-27,5,12,1
399,2874,15,2023-05-18,4,5,1
400,3087,4,2024-01-15,5,1,1
401,4024,3,2024-03-03,5,3,1
402,3342,12,2022-07-19,4,7,0
403,1468,14,2024-08-12,3,8,0
404,1633,9,2023-01-02,3,1,1
405,2343,14,2023-09-03,4,9,1
406,1172,1,2024-08-01,4,8,0
407,1697,9,2024-11-19,5,11,1
408,2236,13,2022-02-16,4,2,0
409,2116,16,2024-05-09,4,5,1
410,1005,2,2023-04-03,4,4,0
411,335,14,2023-08-19,5,8,0
412,959,20,2022-02-27,4,2,1
413,192,2,2022-02-24,5,2,1
414,1757,18,2023-11-02,5,11,1
415,2861,5,2023-12-06,5,12,1
416,1169,2,2024-12-27,5,12,1
417,2982,8,2022-07-21,4,7,0
418,2443,2,2024-04-17,4,4,0
419,2837,19,2022-01-11,4,1,1
420,562,9,2022-04-13,3,4,0
421,4311,11,2023-12-26,4,12,1
422,1240,4,2023-01-02,4,1,1
423,1068,4,2024-03-07,5,3,0
424,3957,5,2024-02-08,5,2,1
425,186,5,2022-10-25,5,10,1
426,3144,10,2024-07-04,4,7,0
427,3284,5,2022-04-28,5,4,0
428,2995,3,2024-07-16,4,7,0
429,3860,4,2022-12-14,5,12,1
430,3422,5,2024-08-05,4,8,0
431,2221,3,2024-06-13,3,6,0
432,2305,15,2023-12-28,5,12,0
433,291,11,2023-03-04,5,3,0
434,4270,12,2022-07-18,4,7,0
435,586,13,2022-12-10,5,12,0
436,561,15,2023-08-21,4,8,0
437,1597,3,2024-08-18,5,8,0
438,3393,18,2023-08-09,5,8,0
439,2926,19,2023-10-07,5,10,1
440,4553,15,2024-07-06,4,7,0
441,2884,13,2024-12-04,4,12,0
442,3921,4,2024-10-13,5,10,1
443,4655,7,2022-02-16,5,2,1
444,1413,20,2022-11-23,5,11,1
445,4104,18,2022-09-09,4,9,0
446,1496,1,2024-11-12,3,11,1
447,3163,17,2023-03-07,5,3,1
448,238,18,2023-09-20,5,9,0
449,3740,6,2022-04-04,4,4,0
450,4307,1,2022-08-16,5,8,0
451,2442,15,2024-03-10,4,3,1
452,2004,10,2023-06-10,4,6,0
453,19,17,2024-08-19,4,8,0
454,466,9,2022-07-15,4,7,0
455,1797,19,2023-01-15,4,1,1
456,3194,20,2022-05-18,4,5,0
457,3675,18,2022-04-10,4,4,0
458,1318,13,2023-03-23,5,3,0
459,2289,13,2022-05-18,5,5,1
460,1346,15,2022-03-04,5,3,1
461,64,7,2022-05-01,4,5,0
462,532,11,2024-03-20,4,3,0
463,4331,9,2024-07-07,4,7,0
464,166,11,2024-05-12,4,5,0
465,3568,7,2023-11-02,5,11,1
466,2884,8,2023-03-02,5,3,1
467,1381,7,2022-01-14,5,1,1
468,1842,3,2022-07-13,3,7,0
469,4713,8,2022-09-25,2,9,0
470,2253,17,2022-12-10,5,12,1
471,679,18,2022-03-01,3,3,1
472,4959,18,2023-06-03,4,6,0
473,3048,8,2023-03-05,5,3,1
474,4170,6,2024-10-17,5,10,1
475,144,3,2023-09-02,3,9,0
476,262,2,2024-12-04,5,12,1
477,4000,20,2023-07-15,3,7,0
478,2431,20,2022-02-26,4,2,1
479,308,12,2022-04-19,4,4,1
480,679,16,2022-02-24,4,2,0
481,54,15,2023-09-18,4,9,1
482,1255,5,2024-04-11,5,4,0
483,2431,11,2023-08-21,4,8,0
484,2135,17,2023-08-16,4,8,0
485,270,11,2024-12-13,4,12,1
486,2294,7,2023-05-01,3,5,0
487,2227,19,2023-05-06,4,5,0
488,2150,16,2023-01-13,3,1,0
489,2298,14,2023-05-04,5,5,1
490,3092,2,2024-02-06,4,2,1
491,4202,2,2023-11-25,4,11,1
492,1135,3,2022-03-02,5,3,1
493,4429,8,2024-08-14,5,8,0
494,1701,15,2024-11-24,3,11,0
495,1125,10,2024-10-03,5,10,1
496,2518,17,2022-07-05,3,7,0
497,1988,5,2022-10-17,5,10,1
498,2452,5,2023-12-22,5,12,1
499,2339,4,2022-12-24,5,12,1
500,3019,14,2023-04-02,5,4,1
501,1483,6,2023-07-16,3,7,0
502,865,7,2023-07-18,3,7,0
503,230,12,2022-05-16,3,5,0
504,2338,9,2022-04-24,4,4,0
505,3651,20,2023-12-09,5,12,1
506,1838,5,2023-10-05,4,10,1
507,72,17,2024-02-24,5,2,1
508,4048,18,2023-01-24,5,1,1
509,4191,6,2023-05-08,3,5,0
510,956,3,2024-06-15,5,6,0
511,3731,2,2022-10-22,4,10,1
512,4524,9,2022-12-23,5,12,1
513,4937,7,2022-09-19,4,9,0
514,612,17,2022-11-24,5,11,1
515,3232,17,2023-01-09,4,1,1
516,2836,4,2022-10-17,5,10,1
517,436,11,2024-10-03,4,10,1
518,554,17,2024-05-13,3,5,0
519,3401,19,2024-05-12,4,5,0
520,1972,7,2023-12-04,5,12,1
521,4817,11,2024-08-09,3,8,0
522,1880,8,2023-04-07,4,4,0
523,581,9,2024-02-17,5,2,1
524,2974,6,2022-11-26,5,11,1
525,4373,9,2024-07-23,5,7,0
526,225,9,2022-03-19,4,3,0
527,4111,9,2022-04-23,3,4,0
528,1168,5,2024-01-10,5,1,1
529,3588,17,2024-03-15,3,3,1
530,1841,10,2024-11-10,4,11,1
531,2869,7,2023-09-28,5,9,0
532,966,5,2024-04-04,5,4,0
533,2215,18,2024-02-18,5,2,1
534,3915,2,2024-02-15,4,2,1
535,414,18,2024-10-18,5,10,1
536,3068,13,2024-10-12,3,10,0
537,577,10,2022-08-06,4,8,0
538,2417,7,2022-11-11,4,11,1
539,1619,4,2023-09-04,3,9,0
540,2615,15,2023-11-14,5,11,0
541,531,11,2022-08-21,4,8,0
542,2115,20,2023-03-05,4,3,1
543,3465,2,2024-02-28,4,2,1
544,1802,10,2024-05-12,3,5,0
545,223,6,2024-06-25,4,6,0
546,3732,9,2024-12-21,4,12,1
547,4422,1,2023-06-27,4,6,0
548,1058,3,2024-05-09,4,5,0
549,4277,16,2023-09-07,5,9,1
550,149,2,2024-11-28,5,11,1
551,134,11,2024-08-26,5,8,0
552,2670,7,2023-04-07,3,4,0
553,2096,6,2023-05-20,4,5,0
554,4781,5,2024-11-11,5,11,1
555,4865,16,2024-08-13,4,8,1
556,1094,4,2023-09-01,3,9,0
557,1759,2,2022-05-24,3,5,0
558,1367,6,2023-06-05,3,6,0
559,3294,9,2024-12-16,5,12,1
560,2641,16,2023-02-13,5,2,0
561,1863,14,2022-01-03,4,1,0
562,1226,16,2022-02-14,4,2,0
563,2486,6,2024-12-26,3,12,1
564,1395,9,2023-02-24,5,2,1
565,3136,19,2024-02-15,5,2,1
566,330,14,2022-01-21,4,1,0
567,467,10,2024-12-24,5,12,1
568,4656,7,2023-04-22,4,4,0
569,3333,13,2023-07-25,5,7,1
570,3209,5,2024-01-20,4,1,1
571,2703,11,2024-09-28,5,9,1
572,3876,7,2022-02-07,5,2,1
573,2692,11,2023-09-12,4,9,1
574,4093,7,2024-08-19,4,8,0
575,1933,16,2022-05-15,5,5,1
576,82,10,2023-05-03,4,5,0
577,4873,12,2024-03-04,4,3,1
578,985,5,2024-04-12,5,4,0
579,4383,17,2022-08-26,3,8,0
580,1688,9,2022-03-18,4,3,0
581,2174,1,2024-07-28,4,7,0
582,510,19,2024-01-28,5,1,1
583,4373,17,2023-11-11,4,11,1
584,3924,14,2022-04-24,4,4,1
585,3039,9,2024-10-22,4,10,1
586,350,9,2024-12-16,5,12,1
587,3791,4,2024-06-06,2,6,0
588,3658,10,2023-12-20,4,12,1
589,4521,8,2023-10-01,4,10,1
590,60,5,2023-01-06,5,1,1
591,2789,19,2023-07-06,3,7,0
592,1313,13,2024-05-11,5,5,1
593,3562,18,2022-02-09,3,2,1
594,3118,15,2023-02-10,5,2,0
595,10,1,2022-02-17,5,2,1
596,21,17,2023-02-08,5,2,1
597,997,10,2024-09-06,3,9,0
598,2934,10,2024-04-17,5,4,0
599,3308,1,2023-08-28,5,8,0
600,1295,5,2022-05-08,4,5,0
601,101,19,2024-07-11,4,7,0
602,1297,10,2022-03-04,5,3,1
603,705,1,2024-03-11,5,3,1
604,1028,3,2022-09-08,5,9,0
605,143,16,2023-12-20,3,12,0
606,282,2,2022-04-06,4,4,0
607,2278,6,2022-11-28,4,11,1
608,4638,15,2022-12-04,5,12,0
609,3230,13,2024-04-23,5,4,0
610,2278,5,2024-02-01,5,2,1
611,728,17,2023-05-25,3,5,0
612,2536,18,2022-12-12,4,12,1
613,1924,5,2024-06-18,5,6,0
614,4108,5,2024-01-23,5,1,1
615,602,7,2024-03-09,4,3,1
616,4336,7,2022-08-03,5,8,0
617,3252,15,2022-10-04,5,10,1
618,256,10,2023-03-18,4,3,1
619,4990,9,2022-12-20,4,12,1
620,4854,5,2022-04-16,4,4,0
621,4771,6,2023-08-12,4,8,0
622,1878,20,2023-06-01,3,6,0
623,1207,14,2023-10-05,4,10,1
624,2192,2,2023-11-14,5,11,1
625,1916,7,2022-01-26,5,1,1
626,1384,3,2023-01-04,4,1,1
627,2170,9,2024-12-21,5,12,1
628,4258,19,2022-05-15,4,5,0
629,4506,16,2023-09-15,5,9,1
630,244,3,2022-02-15,4,2,1
631,4680,7,2024-08-25,5,8,0
632,2154,14,2022-06-13,4,6,0
633,4511,16,2023-09-24,5,9,1
634,3028,1,2022-11-17,4,11,1
635,3624,1,2022-01-08,5,1,1
636,3045,3,2024-01-18,4,1,1
637,3485,2,2024-03-26,4,3,1
638,1396,15,2023-10-10,5,10,1
639,1315,3,2024-08-17,4,8,0
640,1523,5,2022-03-10,5,3,1
641,1881,6,2022-03-23,4,3,1
642,290,7,2024-10-15,5,10,1
643,748,2,2022-12-13,5,12,1
644,1098,18,2022-02-07,5,2,1
645,1050,9,2023-04-09,4,4,0
646,3402,8,2022-12-27,5,12,1
647,1605,5,2024-10-06,5,10,1
648,461,16,2023-01-14,3,1,0
649,2258,5,2024-04-16,2,4,0
650,2175,6,2022-03-15,4,3,1
651,1551,19,2024-05-14,4,5,0
652,322,6,2023-08-26,4,8,0
653,1375,5,2023-08-11,4,8,0
654,4167,17,2023-09-04,4,9,0
655,1913,10,2023-12-11,5,12,1
656,4749,8,2023-04-15,5,4,0
657,3847,20,2022-01-05,5,1,1
658,4419,17,2024-05-02,4,5,0
659,2372,9,2023-07-14,4,7,0
660,4665,11,2023-12-18,5,12,1
661,3193,8,2023-12-19,5,12,1
662,509,5,2024-09-24,5,9,0
663,2942,10,2022-07-23,2,7,0
664,990,5,2023-01-11,5,1,1
665,4680,16,2024-02-18,5,2,0
666,1269,18,2023-07-22,4,7,0
667,3891,4,2022-01-21,5,1,1
668,3442,8,2023-04-08,4,4,0
669,15,1,2024-05-28,5,5,0
670,2917,14,2022-11-06,5,11,1
671,3649,20,2022-09-18,4,9,0
672,3781,1,2022-06-12,3,6,0
673,2222,20,2022-09-16,3,9,0
674,3117,3,2022-09-03,4,9,0
675,1874,8,2023-09-04,4,9,0
676,3551,13,2022-04-17,5,4,0
677,4736,9,2022-09-10,5,9,1
678,1585,4,2023-05-27,4,5,0
679,414,16,2022-09-28,5,9,1
680,3877,16,2024-06-23,5,6,1
681,2388,7,2022-04-16,4,4,0
682,3891,10,2024-10-21,3,10,1
683,2284,19,2023-06-25,4,6,0
684,218,8,2023-10-05,3,10,1
685,3414,16,2024-02-08,5,2,0
686,17,18,2024-01-12,5,1,1
687,1950,14,2023-05-09,4,5,1
688,4390,8,2024-03-24,4,3,1
689,1128,17,2024-06-20,4,6,0
690,4415,16,2023-06-12,4,6,1
691,2599,12,2023-01-27,3,1,1
692,2579,4,2023-09-21,3,9,0
693,232,20,2024-05-26,4,5,0
694,3117,2,2023-01-15,3,1,1
695,1468,20,2024-05-09,4,5,0
696,1857,20,2022-10-07,4,10,1
697,4548,3,2022-03-11,4,3,1
698,425,20,2023-05-18,4,5,0
699,364,10,2024-09-19,5,9,0
700,17,10,2023-10-07,4,10,1
701,4048,9,2023-05-20,4,5,0
702,4638,16,2024-08-05,5,8,1
703,4180,14,2022-07-10,3,7,0
704,4252,11,2022-04-22,4,4,0
705,288,10,2022-10-22,5,10,1
706,903,15,2023-05-06,5,5,1
707,283,15,2024-04-07,5,4,1
708,2948,19,2024-05-19,4,5,0
709,1989,18,2022-06-08,4,6,0
710,1150,14,2024-03-14,5,3,1
711,3821,16,2022-06-14,5,6,1
712,3927,7,2024-11-20,5,11,1
713,1425,7,2024-12-11,5,12,1
714,2156,12,2022-10-09,5,10,0
715,4461,4,2023-05-17,4,5,0
716,1310,13,2024-04-03,4,4,0
717,3186,7,2023-08-10,4,8,0
718,2100,8,2024-11-04,5,11,1
719,3083,9,2022-08-16,3,8,0
720,560,1,2023-07-11,4,7,0
721,3955,6,2023-04-05,4,4,0
722,123,20,2022-02-07,4,2,1
723,1860,10,2023-12-19,5,12,1
724,3152,10,2023-05-19,4,5,0
725,2107,10,2022-06-01,4,6,0
726,245,10,2023-02-15,3,2,1
727,3758,14,2022-06-02,4,6,0
728,1914,1,2024-05-20,4,5,0
729,539,9,2023-02-05,5,2,1
730,4687,20,2023-03-10,5,3,1
731,413,10,2024-09-09,4,9,0
732,149,4,2024-12-13,5,12,1
733,1266,16,2022-05-22,5,5,1
734,145,7,2024-06-22,4,6,0
735,3501,9,2024-06-22,3,6,0
736,4307,16,2023-08-21,5,8,1
737,3538,15,2023-09-03,5,9,1
738,1976,19,2022-12-19,5,12,1
739,3568,18,2022-04-15,3,4,0
740,639,7,2024-02-06,5,2,1
741,4574,20,2024-03-19,5,3,1
742,4256,18,2024-04-01,3,4,0
743,902,9,2024-07-20,3,7,0
744,3744,7,2024-07-20,5,7,0
745,38,15,2023-09-08,5,9,1
746,4725,6,2023-06-24,3,6,0
747,2701,16,2023-09-19,5,9,1
748,1012,8,2023-10-23,5,10,1
749,2030,10,2022-07-16,4,7,0
750,2106,4,2024-02-28,5,2,1
751,1425,16,2022-03-18,5,3,0
752,160,8,2024-05-14,3,5,0
753,4338,15,2024-03-17,3,3,1
754,1712,11,2024-08-18,3,8,0
755,4331,8,2022-11-25,4,11,1
756,4768,10,2023-12-06,5,12,1
757,2418,8,2022-11-21,5,11,1
758,619,6,2023-07-23,5,7,0
759,3477,14,2023-11-04,3,11,1
760,2045,20,2024-05-05,4,5,0
761,4360,20,2022-07-10,2,7,0
762,1083,18,2024-10-06,5,10,1
763,4653,6,2022-05-05,4,5,0
764,3781,6,2022-02-11,5,2,1
765,1700,5,2023-12-24,5,12,1
766,4251,16,2023-02-18,4,2,0
767,4493,4,2022-01-26,5,1,1
768,3015,2,2023-12-25,5,12,1
769,2749,1,2022-09-16,3,9,0
770,546,20,2022-05-09,5,5,0
771,4542,4,2023-11-23,2,11,1
772,474,19,2023-06-26,4,6,0
773,4110,8,2023-01-01,5,1,1
774,2502,1,2023-06-06,5,6,0
775,1222,12,2023-07-09,4,7,0
776,459,13,2023-07-20,5,7,1
777,3345,6,2024-09-17,4,9,0
778,2040,8,2024-05-12,3,5,0
779,76,17,2023-10-23,4,10,1
780,3366,20,2022-04-19,4,4,0
781,3283,11,2023-08-11,4,8,0
782,1648,2,2023-08-22,3,8,0
783,3972,10,2024-09-04,3,9,0
784,1907,8,2022-10-01,4,10,1
785,2461,16,2022-07-17,4,7,1
786,4679,13,2022-02-02,3,2,0
787,36,11,2024-07-24,4,7,0
788,1759,18,2024-06-23,3,6,0
789,4052,16,2023-07-07,4,7,1
790,3575,4,2024-02-20,4,2,1
791,3584,18,2024-05-02,4,5,0
792,2038,12,2023-08-15,4,8,0
793,2087,2,2023-02-04,5,2,1
794,3266,1,2022-02-28,5,2,1
795,1174,11,2023-01-02,4,1,1
796,3678,11,2024-10-08,4,10,1
797,1021,9,2022-12-03,5,12,1
798,4119,10,2024-12-11,5,12,1
799,2215,3,2023-06-23,4,6,0
800,2664,19,2022-07-12,4,7,0
801,268,14,2022-08-15,4,8,0
802,686,15,2024-02-18,4,2,0
803,2065,6,2022-03-28,4,3,1
804,1003,11,2023-03-23,4,3,0
805,1330,8,2022-03-13,4,3,1
806,4729,4,2024-05-24,3,5,0
807,3662,4,2023-04-25,5,4,0
808,2347,4,2023-11-23,5,11,1
809,931,6,2022-05-06,3,5,0
810,4869,2,2022-03-23,4,3,1
811,1062,2,2024-11-17,3,11,1
812,2129,8,2023-09-07,4,9,0
813,2603,12,2024-08-25,4,8,0
814,2575,16,2022-05-21,5,5,1
815,1471,15,2024-10-11,4,10,1
816,525,10,2024-12-06,5,12,1
817,1439,11,2024-02-03,4,2,1
818,3242,4,2023-10-23,5,10,1
819,3241,7,2023-07-09,5,7,0
820,4303,1,2022-01-09,5,1,1
821,4194,7,2023-07-06,4,7,0
822,4281,14,2022-05-18,4,5,1
823,225,14,2022-06-20,4,6,0
824,372,2,2022-10-27,4,10,1
825,4608,12,2024-05-25,5,5,0
826,2001,3,2024-07-25,5,7,0
827,2831,19,2023-07-14,5,7,0
828,3356,11,2023-07-08,4,7,0
829,370,7,2024-12-01,5,12,1
830,2719,6,2022-05-15,5,5,0
831,836,7,2023-07-14,4,7,0
832,4106,20,2023-08-04,3,8,0
833,3258,10,2023-05-01,4,5,0
834,1519,13,2024-06-22,5,6,1
835,258,3,2024-05-06,3,5,0
836,436,17,2024-02-15,5,2,1
837,2849,10,2023-05-20,3,5,0
838,3304,13,2023-03-10,2,3,0
839,4682,18,2023-11-07,5,11,1
840,859,1,2022-03-25,4,3,1
841,4647,3,2024-06-28,4,6,0
842,3180,13,2023-03-19,5,3,0
843,4874,16,2023-06-07,5,6,1
844,169,13,2023-07-19,5,7,1
845,1133,13,2024-02-16,5,2,0
846,2849,14,2024-12-17,4,12,0
847,219,13,2024-12-04,4,12,0
848,2879,6,2024-02-23,5,2,1
849,1790,3,2024-04-17,5,4,1
850,4092,19,2022-08-25,3,8,0
851,413,16,2023-10-03,3,10,0
852,4543,13,2022-05-13,4,5,1
853,2985,3,2024-08-07,5,8,0
854,1948,14,2023-06-03,4,6,0
855,339,20,2022-07-21,4,7,0
856,1552,18,2022-07-02,4,7,0
857,2603,13,2022-02-14,4,2,0
858,89,17,2022-12-04,5,12,1
859,724,9,2024-04-28,3,4,0
860,3014,15,2024-11-05,5,11,0
861,1007,14,2024-11-05,4,11,1
862,2153,14,2023-01-02,4,1,0
863,4771,15,2022-09-22,5,9,1
864,3478,1,2022-04-04,3,4,0
865,488,11,2024-07-28,5,7,0
866,1396,16,2023-07-06,5,7,1
867,3670,1,2022-02-03,4,2,1
868,1607,4,2024-11-15,3,11,1
869,1310,4,2022-08-17,4,8,0
870,4770,8,2024-08-04,4,8,0
871,1610,11,2023-12-17,4,12,1
872,784,15,2023-04-27,5,4,1
873,4364,2,2024-04-15,3,4,0
874,3741,12,2022-11-07,5,11,1
875,3065,10,2022-06-05,4,6,0
876,4077,12,2024-07-27,4,7,0
877,43,11,2024-01-15,5,1,1
878,2277,9,2022-10-10,5,10,1
879,1520,6,2024-04-09,4,4,0
880,695,15,2024-10-28,5,10,1
881,2798,2,2023-08-04,5,8,0
882,1704,15,2022-11-03,5,11,0
883,2347,12,2022-05-19,4,5,0
884,3918,18,2022-05-17,4,5,0
885,3338,5,2024-02-20,5,2,1
886,4889,17,2023-01-05,5,1,1
887,4700,14,2024-09-04,5,9,1
888,4495,10,2023-09-03,3,9,0
889,3374,1,2023-10-23,3,10,0
890,1526,13,2022-06-10,4,6,1
891,2848,13,2024-09-23,5,9,1
892,3224,6,2023-10-08,5,10,1
893,3588,3,2023-08-23,4,8,0
894,4276,4,2022-02-01,4,2,1
895,1009,13,2022-03-06,4,3,0
896,4144,14,2023-04-06,5,4,1
897,902,7,2023-10-14,4,10,1
898,379,2,2024-06-17,4,6,0
899,2467,16,2024-12-21,4,12,0
900,2518,20,2022-06-04,4,6,0
901,236,4,2024-03-01,4,3,0
902,3294,7,2024-07-09,3,7,0
903,3938,1,2022-05-20,5,5,0
904,1959,18,2023-09-28,5,9,0
905,2006,15,2024-02-16,4,2,0
906,4456,19,2024-08-27,4,8,0
907,617,3,2022-02-06,5,2,1
908,4529,15,2023-11-21,3,11,0
909,1522,18,2022-02-14,5,2,1
910,3340,6,2022-02-13,4,2,1
911,2314,5,2024-01-22,5,1,1
912,1386,20,2023-11-27,5,11,1
913,1215,1,2023-11-22,5,11,1
914,2412,6,2024-10-18,4,10,1
915,1150,16,2024-05-11,5,5,1
916,455,17,2024-07-25,4,7,0
917,1743,12,2022-01-02,4,1,1
918,1707,7,2024-02-11,5,2,1
919,965,10,2024-04-26,3,4,0
920,4201,7,2022-06-28,4,6,0
921,3761,7,2023-10-25,5,10,1
922,1562,1,2023-06-28,3,6,0
923,871,19,2024-06-16,4,6,0
924,924,11,2024-05-01,5,5,0
925,2082,9,2023-05-21,3,5,0
926,4028,7,2022-07-26,4,7,0
927,3367,2,2023-08-27,3,8,0
928,1748,8,2023-01-13,4,1,1
929,2820,12,2022-07-03,4,7,0
930,3117,5,2022-02-15,4,2,1
931,3239,3,2022-05-08,4,5,0
932,2200,5,2023-09-21,4,9,0
933,2842,7,2022-08-02,3,8,0
934,3807,2,2022-02-28,5,2,1
935,4736,14,2023-02-09,4,2,1
936,4595,4,2024-08-14,4,8,0
937,2295,3,2023-09-24,5,9,0
938,768,7,2024-05-27,5,5,0
939,46,14,2022-02-09,5,2,1
940,2988,15,2023-08-07,3,8,0
941,2560,3,2022-11-01,5,11,1
942,3848,3,2022-02-02,4,2,1
943,2723,13,2022-09-17,5,9,1
944,1141,12,2023-08-22,4,8,0
945,4474,5,2024-03-19,5,3,1
946,2787,16,2024-09-12,5,9,1
947,782,11,2022-12-24,5,12,1
948,2184,6,2024-05-09,3,5,0
949,4144,17,2022-08-24,4,8,0
950,1750,19,2023-05-15,4,5,0
951,2207,10,2023-09-23,4,9,0
952,4874,14,2024-01-07,4,1,0
953,1997,13,2023-07-06,5,7,1
954,2981,2,2024-08-23,4,8,0
955,2185,1,2023-03-18,5,3,1
956,3638,15,2024-02-03,4,2,0
957,3787,6,2022-09-13,2,9,0
958,1624,4,2023-02-17,4,2,1
959,4572,18,2022-02-20,5,2,1
960,384,19,2024-02-15,5,2,1
961,3061,17,2023-06-13,5,6,0
962,3733,11,2022-03-01,3,3,0
963,715,15,2022-11-25,4,11,0
964,4125,2,2022-02-08,4,2,1
965,2322,6,2022-02-11,4,2,1
966,4637,10,2022-07-04,4,7,0
967,1967,7,2024-05-25,4,5,0
968,1555,12,2024-07-04,4,7,0
969,472,19,2024-10-16,5,10,1
970,3495,15,2023-08-19,5,8,0
971,3704,14,2024-02-23,5,2,1
972,4070,9,2022-02-12,5,2,1
973,4692,2,2023-04-02,4,4,0
974,4946,2,2022-02-04,5,2,1
975,2587,14,2023-04-16,5,4,1
976,2323,11,2022-07-18,4,7,0
977,324,10,2022-07-13,4,7,0
978,1508,7,2024-12-17,5,12,1
979,4711,7,2023-07-15,4,7,0
980,4070,12,2024-03-18,5,3,1
981,2084,12,2023-01-22,5,1,1
982,2443,4,2024-10-19,3,10,1
983,4550,3,2024-10-04,5,10,1
984,1299,14,2023-02-05,4,2,1
985,1937,20,2024-09-05,3,9,0
986,824,8,2022-05-24,3,5,0
987,2361,1,2023-11-18,5,11,1
988,881,15,2023-06-03,5,6,1
989,1528,5,2023-01-14,4,1,1
990,609,15,2023-06-22,5,6,1
991,3257,12,2022-06-09,4,6,0
992,3622,13,2023-07-27,5,7,1
993,299,11,2023-06-02,3,6,0
994,3790,11,2022-03-13,5,3,0
995,3918,10,2024-05-08,2,5,0
996,1039,1,2022-10-16,4,10,0
997,3941,14,2024-02-10,4,2,1
998,1296,14,2023-04-04,4,4,1
999,4199,4,2024-03-23,3,3,0
1000,1399,6,2024-05-18,3,5,0
1001,2801,10,2022-09-20,4,9,0
1002,1477,11,2023-08-04,4,8,0
1003,1925,3,2023-02-04,4,2,1
1004,3556,15,2024-08-18,4,8,0
1005,1950,5,2023-06-03,4,6,0
1006,2914,8,2022-04-15,5,4,0
1007,4835,12,2022-03-12,5,3,1
1008,4855,3,2022-05-08,4,5,0
1009,510,17,2024-10-24,3,10,1
1010,4568,16,2024-08-11,5,8,1
1011,2455,3,2023-11-08,4,11,1
1012,4568,17,2022-06-17,5,6,0
1013,4334,7,2023-07-09,3,7,0
1014,173,15,2024-11-17,5,11,0
1015,1971,14,2023-07-19,3,7,0
1016,1788,9,2024-04-11,5,4,0
1017,2805,19,2023-12-09,4,12,1
1018,1154,5,2022-04-10,4,4,0
1019,4757,10,2024-01-03,5,1,1
1020,1468,15,2023-03-17,5,3,1
1021,1553,2,2024-12-23,4,12,1
1022,1085,16,2024-08-04,5,8,1
1023,3331,20,2022-03-22,3,3,1
1024,2417,14,2023-10-13,5,10,1
1025,740,20,2023-08-16,4,8,0
1026,2119,17,2022-12-03,5,12,1
1027,3165,7,2022-07-05,4,7,0
1028,3493,2,2024-12-07,4,12,1
1029,3295,7,2023-01-13,5,1,1
1030,1501,2,2023-08-20,4,8,0
1031,2828,9,2022-05-12,5,5,0
1032,2019,8,2024-11-16,5,11,1
1033,4594,19,2023-01-26,4,1,1
1034,297,8,2024-11-22,5,11,1
1035,3567,3,2023-10-16,5,10,1
1036,3672,18,2022-03-01,5,3,1
1037,2360,15,2023-05-22,4,5,1
1038,4112,20,2022-04-23,5,4,0
1039,794,12,2022-11-06,4,11,1
1040,3285,1,2024-04-15,4,4,0
1041,3705,2,2024-11-03,5,11,1
1042,4913,12,2022-03-17,4,3,1
1043,3085,4,2023-10-26,4,10,1
1044,2735,16,2024-03-26,4,3,0
1045,3649,12,2023-05-28,3,5,0
1046,701,9,2023-06-09,4,6,0
1047,107,18,2023-09-13,4,9,0
1048,682,7,2024-07-10,4,7,0
1049,4934,17,2023-11-20,5,11,1
1050,2790,8,2023-04-04,5,4,0
1051,2017,2,2023-09-10,3,9,0
1052,3691,18,2023-02-09,5,2,1
1053,2845,10,2024-07-20,3,7,0
1054,1154,1,2022-01-26,5,1,1
1055,1703,11,2022-04-14,3,4,0
1056,93,10,2022-12-27,4,12,1
1057,4680,15,2023-12-12,5,12,0
1058,4616,17,2023-02-19,5,2,1
1059,3210,15,2024-06-03,4,6,1
1060,5,19,2022-12-16,5,12,1
1061,4708,9,2024-10-08,5,10,1
1062,1539,17,2024-08-15,3,8,0
1063,2822,17,2024-08-01,5,8,0
1064,2124,17,2022-08-15,4,8,0
1065,3650,19,2024-08-28,4,8,0
1066,208,2,2022-05-26,4,5,0
1067,1272,12,2024-08-13,4,8,0
1068,3063,20,2024-10-25,5,10,1
1069,1900,11,2023-12-21,5,12,1
1070,448,4,2023-08-10,2,8,0
1071,441,8,2024-04-06,5,4,0
1072,4513,1,2024-02-09,4,2,1
1073,695,1,2023-09-04,3,9,0
1074,3291,18,2023-12-06,5,12,1
1075,1633,5,2024-06-14,5,6,0
1076,2822,1,2024-04-27,4,4,0
1077,3437,19,2022-12-10,5,12,1
1078,4026,17,2023-06-26,4,6,0
1079,1356,17,2023-10-17,5,10,1
1080,928,15,2023-03-25,4,3,1
1081,2312,8,2023-03-15,5,3,1
1082,2192,5,2023-04-03,4,4,0
1083,254,10,2022-09-28,4,9,0
1084,3335,18,2022-07-22,4,7,0
1085,4521,3,2022-10-19,4,10,1
1086,864,1,2023-06-10,4,6,0
1087,570,1,2023-12-01,5,12,1
1088,2713,4,2024-03-24,5,3,0
1089,481,11,2022-04-27,4,4,0
1090,3264,2,2023-11-28,5,11,1
1091,2066,13,2022-12-16,5,12,0
1092,779,8,2022-11-11,5,11,1
1093,261,18,2024-10-10,5,10,1
1094,3179,11,2024-08-06,4,8,0
1095,4331,13,2022-02-23,3,2,0
1096,212,4,2022-05-09,4,5,0
1097,637,11,2023-08-19,5,8,0
1098,3379,2,2024-05-14,4,5,0
1099,2889,7,2024-12-03,5,12,1
1100,2344,3,2024-12-01,5,12,1
1101,4913,4,2024-01-27,5,1,1
1102,4603,10,2022-06-20,4,6,0
1103,528,8,2024-04-18,3,4,0
1104,2585,19,2023-06-03,4,6,0
1105,4896,15,2023-12-08,3,12,0
1106,2772,14,2022-06-05,5,6,0
1107,1224,8,2022-08-07,4,8,0
1108,4913,15,2024-02-01,4,2,0
1109,2808,6,2024-01-28,5,1,1
1110,1257,5,2023-07-12,4,7,0
1111,4423,5,2022-11-26,5,11,1
1112,2340,13,2022-09-08,5,9,1
1113,1266,4,2023-03-07,4,3,0
1114,2154,1,2024-10-21,3,10,0
1115,4152,13,2023-06-22,4,6,1
1116,2308,10,2024-11-03,4,11,1
1117,1072,7,2024-03-02,5,3,1
1118,584,16,2024-01-25,4,1,0
1119,1212,9,2023-06-12,5,6,0
1120,4776,18,2024-03-10,4,3,1
1121,4255,17,2022-12-28,5,12,1
1122,4965,12,2023-01-24,5,1,1
1123,4741,3,2024-03-24,5,3,1
1124,1415,5,2023-02-06,5,2,1
1125,2517,13,2023-09-23,5,9,1
1126,3429,15,2022-05-15,5,5,1
1127,655,8,2022-05-27,5,5,0
1128,4156,2,2024-11-21,5,11,1
1129,4416,16,2023-04-13,4,4,0
1130,4535,4,2023-09-12,4,9,0
1131,2060,6,2023-04-22,5,4,0
1132,1180,11,2022-05-27,4,5,0
1133,4180,13,2022-01-16,4,1,0
1134,4520,2,2024-04-15,4,4,0
1135,3849,19,2022-01-26,5,1,1
1136,74,9,2023-09-07,5,9,1
1137,937,6,2023-12-12,5,12,1
1138,2929,15,2023-02-27,4,2,0
1139,3028,13,2023-05-01,5,5,1
1140,3307,16,2024-11-18,5,11,0
1141,1608,5,2024-02-10,5,2,1
1142,3653,12,2022-07-04,4,7,0
1143,1242,2,2023-03-03,5,3,1
1144,2432,10,2023-07-18,5,7,0
1145,712,10,2024-04-06,5,4,0
1146,4945,14,2024-08-03,3,8,0
1147,1924,16,2024-03-25,5,3,0
1148,4208,12,2023-07-06,4,7,0
1149,549,16,2023-11-27,5,11,0
1150,298,15,2023-02-21,4,2,0
1151,4956,8,2022-05-27,3,5,0
1152,3326,13,2022-06-03,4,6,1
1153,1028,5,2023-08-15,5,8,0
1154,565,7,2024-10-16,5,10,1
1155,193,10,2022-07-04,3,7,0
1156,1090,12,2023-11-08,4,11,1
1157,707,18,2023-09-11,5,9,0
1158,4617,13,2023-06-12,5,6,1
1159,809,15,2023-08-06,3,8,0
1160,764,13,2022-05-06,5,5,1
1161,3603,2,2024-10-28,5,10,1
1162,4019,6,2022-04-15,4,4,0
1163,1203,5,2022-12-15,5,12,1
1164,2924,1,2023-04-26,4,4,0
1165,47,6,2022-12-14,5,12,1
1166,2312,8,2024-11-28,4,11,1
1167,344,13,2022-08-27,4,8,1
1168,2696,17,2024-02-10,4,2,1
1169,1369,3,2022-02-25,5,2,1
1170,1002,8,2023-06-07,5,6,0
1171,1554,18,2023-02-04,5,2,1
1172,1975,12,2022-10-17,4,10,0
1173,387,7,2022-03-07,4,3,1
1174,3924,15,2023-10-10,5,10,1
1175,1660,9,2024-10-21,4,10,1
1176,1428,3,2024-01-19,4,1,1
1177,1859,5,2023-11-26,4,11,1
1178,3982,4,2022-01-12,5,1,1
1179,4218,10,2023-01-03,5,1,1
1180,4859,19,2022-04-20,5,4,0
1181,2104,13,2023-01-13,4,1,0
1182,615,1,2024-06-02,3,6,0
1183,2508,1,2024-12-08,4,12,1
1184,2976,17,2022-12-17,5,12,1
1185,4799,14,2023-02-04,5,2,1
1186,1106,7,2024-12-28,5,12,1
1187,208,16,2022-05-25,5,5,1
1188,850,20,2024-08-18,3,8,0
1189,319,7,2022-04-07,4,4,0
1190,1004,4,2024-01-07,4,1,1
1191,3862,17,2024-09-03,4,9,0
1192,4688,6,2023-06-11,3,6,0
1193,1663,13,2024-06-16,4,6,1
1194,4750,5,2024-04-03,5,4,0
1195,1558,6,2024-07-19,3,7,0
1196,3957,6,2023-11-14,5,11,1
1197,4235,19,2023-09-10,5,9,1
1198,593,16,2023-11-21,4,11,0
1199,2087,20,2023-10-09,4,10,1
1200,4663,13,2022-12-08,3,12,0
1201,3254,15,2022-01-16,4,1,0
1202,2506,20,2023-04-27,3,4,0
1203,1727,8,2024-08-23,4,8,0
1204,2194,1,2024-09-01,3,9,0
1205,1177,15,2024-10-07,5,10,1
1206,1206,4,2024-03-25,4,3,0
1207,4570,13,2023-04-03,5,4,0
1208,45,5,2023-11-28,5,11,1
1209,3027,6,2022-07-10,5,7,0
1210,1569,10,2022-02-04,4,2,1
1211,4793,14,2024-01-02,5,1,0
1212,4788,15,2024-04-22,4,4,1
1213,4612,13,2022-11-13,4,11,0
1214,1258,18,2023-09-27,5,9,0
1215,138,1,2023-12-13,5,12,1
1216,2723,6,2024-10-25,4,10,1
1217,1469,14,2023-02-20,5,2,1
1218,3160,6,2024-02-10,5,2,1
1219,2925,6,2024-02-10,3,2,1
1220,3375,17,2023-12-11,4,12,1
1221,4422,13,2023-04-07,3,4,0
1222,2045,7,2024-02-23,5,2,1
1223,1650,8,2024-04-06,3,4,0
1224,3114,10,2022-07-20,4,7,0
1225,3983,7,2022-04-28,5,4,0
1226,1335,18,2024-01-04,5,1,1
1227,2871,11,2022-12-14,3,12,1
1228,2898,16,2022-11-01,3,11,0
1229,4320,4,2022-07-08,3,7,0
1230,932,5,2023-05-24,5,5,0
1231,2613,13,2023-05-20,5,5,1
1232,4347,20,2023-12-19,5,12,1
1233,3206,2,2022-06-06,3,6,0
1234,1320,16,2023-01-08,4,1,0
1235,626,17,2022-05-05,4,5,0
1236,2274,3,2023-06-14,5,6,0
1237,2380,14,2024-05-12,4,5,1
1238,3756,16,2022-03-01,4,3,0
1239,178,18,2022-06-22,5,6,0
1240,364,17,2023-05-18,4,5,0
1241,2941,20,2022-05-17,5,5,0
1242,1494,11,2022-04-11,3,4,0
1243,4841,18,2024-10-07,4,10,1
1244,1179,5,2022-05-18,4,5,0
1245,4864,9,2022-08-18,5,8,0
1246,3433,13,2022-07-14,5,7,1
1247,622,1,2023-01-20,4,1,1
1248,2820,10,2024-01-21,5,1,1
1249,2895,18,2024-05-19,4,5,0
1250,2946,3,2024-08-24,4,8,0
1251,3322,12,2024-02-28,5,2,1
1252,3853,11,2022-03-25,5,3,0
1253,4254,16,2023-10-01,3,10,0
1254,3077,5,2023-12-22,5,12,1
1255,3313,16,2023-06-08,5,6,1
1256,4144,17,2022-06-28,4,6,0
1257,315,17,2022-06-28,5,6,0
1258,2151,7,2022-04-13,4,4,0
1259,4136,11,2022-09-16,5,9,1
1260,4147,14,2022-09-27,5,9,1
1261,105,12,2024-11-17,5,11,1
1262,413,12,2022-01-26,5,1,1
1263,433,20,2023-08-14,4,8,0
1264,4429,12,2024-03-02,5,3,1
1265,1193,15,2022-08-12,3,8,0
1266,3536,18,2023-08-05,3,8,0
1267,289,17,2023-12-27,4,12,1
1268,4314,17,2024-07-04,4,7,0
1269,263,11,2022-04-19,4,4,0
1270,1931,3,2022-08-24,3,8,0
1271,4373,6,2023-04-20,5,4,0
1272,368,2,2022-01-16,3,1,1
1273,3513,7,2023-04-21,5,4,0
1274,1822,19,2024-06-18,4,6,0
1275,2336,19,2024-05-03,5,5,0
1276,1966,9,2022-08-11,5,8,0
1277,4145,20,2024-05-09,4,5,0
1278,4858,4,2022-03-27,4,3,0
1279,4639,17,2024-03-22,5,3,1
1280,260,11,2023-03-09,4,3,0
1281,2151,20,2023-01-23,4,1,1
1282,3215,2,2024-08-08,3,8,0
1283,362,15,2024-04-07,4,4,1
1284,3159,20,2024-12-16,4,12,1
1285,3754,14,2022-02-05,4,2,1
1286,3746,7,2024-04-05,4,4,0
1287,298,6,2024-04-02,3,4,0
1288,3056,15,2024-01-21,4,1,0
1289,3903,12,2022-01-14,5,1,1
1290,333,14,2024-08-02,4,8,0
1291,4284,6,2023-01-18,4,1,1
1292,1318,3,2024-12-03,4,12,1
1293,207,13,2024-05-19,5,5,1
1294,1019,2,2024-09-25,4,9,0
1295,1343,19,2023-07-02,4,7,0
1296,1888,2,2024-10-28,4,10,1
1297,2968,3,2024-07-07,5,7,0
1298,1686,10,2023-05-04,4,5,0
1299,1703,4,2024-06-04,4,6,0
1300,4833,7,2024-06-20,4,6,0
1301,4034,5,2023-12-13,5,12,1
1302,799,18,2022-07-01,3,7,0
1303,3560,5,2024-09-28,4,9,0
1304,3639,7,2023-02-16,5,2,1
1305,2196,3,2023-01-20,5,1,1
1306,2441,6,2022-08-04,4,8,0
1307,2028,5,2022-06-15,4,6,0
1308,2774,8,2023-10-16,3,10,1
1309,2544,5,2024-05-07,5,5,0
1310,3182,15,2022-11-03,5,11,0
1311,640,7,2024-01-12,5,1,1
1312,3533,12,2023-01-19,4,1,1
1313,698,19,2023-08-12,3,8,0
1314,2474,10,2023-02-16,4,2,1
1315,3026,15,2022-09-08,5,9,1
1316,3499,4,2024-06-14,4,6,0
1317,3767,9,2022-01-14,5,1,1
1318,692,1,2024-07-02,5,7,0
1319,3896,9,2022-05-14,3,5,0
1320,2360,19,2023-12-18,5,12,1
1321,2966,2,2024-05-22,3,5,0
1322,1880,13,2024-06-09,5,6,1
1323,2667,3,2022-04-11,5,4,1
1324,4323,7,2022-07-16,5,7,0
1325,1353,15,2022-06-24,4,6,1
1326,1326,20,2024-12-03,5,12,1
1327,3564,10,2023-10-17,4,10,1
1328,635,12,2023-03-25,5,3,1
1329,1854,16,2022-10-24,5,10,0
1330,3527,17,2024-10-26,5,10,1
1331,1883,9,2024-11-07,5,11,1
1332,2062,16,2024-01-06,4,1,0
1333,2685,12,2024-03-28,3,3,1
1334,260,9,2022-11-27,3,11,1
1335,2948,8,2022-04-09,3,4,0
1336,2623,10,2023-08-17,4,8,0
1337,2029,18,2023-04-03,2,4,0
1338,3252,13,2023-01-16,5,1,0
1339,4273,7,2023-07-15,5,7,0
1340,3803,7,2024-09-28,3,9,0
1341,4461,14,2023-12-15,3,12,0
1342,4941,4,2023-12-04,5,12,1
1343,1518,7,2024-01-21,5,1,1
1344,1900,5,2024-03-14,4,3,1
1345,3880,16,2022-03-16,5,3,0
1346,4075,13,2022-03-06,5,3,0
1347,1372,7,2024-10-01,5,10,1
1348,2764,15,2024-11-14,4,11,0
1349,959,17,2024-09-25,5,9,0
1350,4663,3,2023-06-28,4,6,0
1351,3651,16,2023-05-15,5,5,1
1352,4948,13,2022-07-24,5,7,1
1353,312,20,2023-02-20,5,2,1
1354,624,6,2024-01-21,5,1,1
1355,1969,18,2022-12-20,5,12,1
1356,2373,5,2022-06-01,5,6,0
1357,3295,10,2023-09-28,4,9,0
1358,4278,2,2022-10-14,4,10,1
1359,3226,4,2022-03-06,3,3,0
1360,440,15,2024-01-06,4,1,0
1361,757,13,2023-07-19,5,7,1
1362,1760,12,2022-05-06,2,5,0
1363,2784,20,2024-01-13,3,1,1
1364,3214,9,2022-01-26,5,1,1
1365,3029,3,2022-06-13,5,6,0
1366,58,14,2022-08-18,4,8,0
1367,4396,19,2023-11-11,5,11,1
1368,1872,17,2024-01-17,5,1,1
1369,3573,8,2024-07-10,3,7,0
1370,3401,3,2022-06-26,4,6,0
1371,3193,16,2023-06-16,5,6,1
1372,4404,8,2023-06-12,3,6,0
1373,3659,3,2023-02-12,5,2,1
1374,1375,6,2022-05-27,4,5,0
1375,4831,9,2024-02-24,5,2,1
1376,4677,2,2024-01-11,5,1,1
1377,4697,7,2023-01-02,5,1,1
1378,2199,2,2023-12-09,4,12,1
1379,4541,4,2023-02-14,5,2,1
1380,1886,19,2022-06-18,4,6,0
1381,3855,7,2022-11-02,5,11,1
1382,2570,13,2023-09-23,4,9,1
1383,4804,17,2022-03-24,5,3,1
1384,3982,8,2022-10-01,5,10,1
1385,1642,13,2022-09-16,4,9,1
1386,4793,13,2024-07-16,5,7,1
1387,4896,5,2022-01-13,4,1,1
1388,1962,9,2024-11-25,5,11,1
1389,2545,18,2024-03-05,5,3,1
1390,4860,8,2022-07-19,2,7,0
1391,3309,4,2022-12-25,5,12,1
1392,4168,18,2024-12-21,4,12,1
1393,3624,17,2023-01-05,5,1,1
1394,3262,16,2022-09-15,5,9,1
1395,2712,8,2024-05-27,3,5,0
1396,3304,13,2022-10-10,4,10,0
1397,2569,5,2023-06-05,3,6,0
1398,2629,11,2024-06-20,5,6,0
1399,1261,19,2024-12-26,3,12,1
1400,1942,11,2024-04-18,3,4,0
1401,3287,16,2024-06-16,5,6,1
1402,4553,12,2023-03-01,5,3,1
1403,1866,18,2022-05-12,3,5,0
1404,2806,17,2022-09-19,4,9,0
1405,3200,7,2022-07-11,4,7,0
1406,1573,12,2024-08-17,5,8,0
1407,4700,6,2023-02-19,5,2,1
1408,136,12,2024-08-04,4,8,0
1409,1028,14,2024-08-25,5,8,0
1410,2371,12,2023-08-05,3,8,0
1411,349,19,2023-06-27,5,6,0
1412,4759,17,2024-06-17,3,6,0
1413,1264,9,2023-10-06,3,10,1
1414,3384,10,2022-08-13,2,8,0
1415,3140,19,2024-02-21,5,2,1
1416,1444,4,2024-04-01,4,4,0
1417,375,11,2024-09-23,5,9,1
1418,1827,8,2022-06-10,2,6,0
1419,2855,6,2024-09-26,5,9,0
1420,1702,12,2024-11-18,5,11,1
1421,4132,13,2023-04-04,5,4,0
1422,475,3,2022-12-28,5,12,1
1423,4618,12,2023-04-26,5,4,1
1424,3289,12,2024-04-18,5,4,1
1425,3189,12,2023-09-08,4,9,0
1426,4947,3,2022-12-26,5,12,1
1427,2906,12,2023-11-21,5,11,1
1428,1388,10,2022-10-16,5,10,1
1429,4375,15,2022-03-13,5,3,1
1430,573,18,2022-04-09,4,4,0
1431,2554,8,2022-03-09,5,3,1
1432,2554,6,2022-10-24,4,10,1
1433,3722,20,2024-07-09,4,7,0
1434,2057,17,2022-10-02,5,10,1
1435,3079,1,2022-11-21,4,11,1
1436,1212,7,2022-12-20,4,12,1
1437,4757,13,2024-09-07,5,9,1
1438,2527,4,2023-06-23,4,6,0
1439,1279,14,2022-06-27,4,6,0
1440,1420,17,2023-11-04,4,11,1
1441,2480,13,2023-12-24,4,12,0
1442,1839,11,2022-11-03,5,11,1
1443,1546,20,2023-09-22,5,9,0
1444,220,9,2023-05-23,4,5,0
1445,2915,15,2023-02-06,5,2,0
1446,3381,11,2022-07-18,3,7,0
1447,2582,17,2023-03-08,4,3,1
1448,1453,2,2023-02-16,5,2,1
1449,4363,7,2023-01-15,4,1,1
1450,3710,14,2023-12-26,4,12,0
1451,2015,18,2022-10-03,5,10,1
1452,1712,17,2024-12-10,5,12,1
1453,473,9,2024-04-26,2,4,0
1454,455,20,2022-02-07,4,2,1
1455,425,10,2022-03-26,5,3,1
1456,2734,11,2022-10-24,5,10,1
1457,552,13,2024-09-23,5,9,1
1458,1143,16,2022-03-21,4,3,0
1459,1916,12,2022-12-08,5,12,1
1460,3367,8,2024-08-18,4,8,0
1461,1406,8,2024-09-19,4,9,0
1462,3177,4,2022-07-05,3,7,0
1463,4288,13,2022-02-21,4,2,0
1464,1502,18,2023-11-19,5,11,1
1465,1246,7,2024-09-22,4,9,0
1466,1309,7,2023-06-15,4,6,0
1467,2412,10,2023-05-21,5,5,0
1468,4754,14,2023-04-18,5,4,1
1469,3062,8,2022-05-02,3,5,0
1470,1357,7,2023-12-15,5,12,1
1471,4499,18,2024-08-14,3,8,0
1472,963,14,2022-02-01,4,2,1
1473,2063,4,2023-05-10,4,5,0
1474,397,4,2024-05-24,4,5,0
1475,4351,14,2022-10-14,5,10,1
1476,3745,8,2023-07-03,5,7,0
1477,2087,9,2024-12-19,5,12,1
1478,3194,2,2024-06-08,5,6,0
1479,1852,15,2022-01-07,5,1,0
1480,493,4,2024-06-26,3,6,0
1481,889,15,2024-07-24,4,7,0
1482,2483,20,2024-04-03,4,4,0
1483,2683,17,2024-07-14,4,7,0
1484,2452,16,2024-11-21,5,11,0
1485,3677,10,2024-06-13,4,6,0
1486,767,5,2023-09-11,4,9,0
1487,176,10,2023-11-25,5,11,1
1488,3978,11,2024-01-05,3,1,1
1489,2406,5,2024-06-12,5,6,0
1490,3730,5,2022-08-27,3,8,0
1491,110,8,2023-11-20,3,11,1
1492,3500,16,2024-02-21,4,2,0
1493,942,2,2024-06-12,4,6,0
1494,1715,4,2023-04-04,3,4,0
1495,1614,6,2024-12-03,5,12,1
1496,414,12,2022-11-08,4,11,1
1497,3976,16,2024-08-22,4,8,1
1498,3843,9,2023-05-16,4,5,0
1499,4246,8,2023-10-24,4,10,1
1500,68,1,2022-01-25,5,1,1
1501,258,5,2023-07-08,4,7,0
1502,3895,3,2023-11-04,4,11,1
1503,1249,5,2022-09-10,4,9,0
1504,1031,10,2022-05-13,3,5,0
1505,358,14,2022-08-20,3,8,0
1506,4217,20,2023-10-11,5,10,1
1507,2342,7,2023-06-12,4,6,0
1508,4339,13,2023-04-27,4,4,0
1509,1475,17,2022-11-15,4,11,1
1510,4318,16,2022-10-09,5,10,0
1511,2060,17,2022-11-07,4,11,1
1512,1593,7,2022-07-09,2,7,0
1513,4690,17,2022-01-01,5,1,1
1514,4876,4,2024-01-07,5,1,1
1515,3887,18,2023-11-22,4,11,1
1516,2539,3,2022-08-07,4,8,0
1517,1029,6,2024-01-13,5,1,1
1518,1837,7,2024-10-12,5,10,1
1519,2301,8,2022-02-08,5,2,1
1520,2918,9,2024-06-24,5,6,0
1521,457,12,2023-02-11,5,2,1
1522,463,7,2023-11-22,5,11,1
1523,423,7,2022-01-05,5,1,1
1524,29,19,2024-01-15,3,1,1
1525,1987,15,2024-08-22,4,8,0
1526,2686,14,2023-06-02,4,6,0
1527,2507,10,2023-12-25,5,12,1
1528,1416,6,2024-01-07,4,1,1
1529,4934,13,2024-10-11,4,10,0
1530,2841,16,2024-04-02,5,4,0
1531,4984,6,2024-10-04,5,10,1
1532,177,6,2024-03-28,5,3,1
1533,1319,2,2022-02-06,5,2,1
1534,2246,13,2022-12-03,5,12,0
1535,3224,4,2022-07-17,3,7,0
1536,1234,20,2024-08-21,3,8,0
1537,512,8,2022-09-26,4,9,0
1538,2687,12,2022-06-15,4,6,0
1539,3482,18,2024-02-08,5,2,1
1540,4344,2,2024-06-23,3,6,0
1541,168,12,2022-11-04,5,11,1
1542,3490,15,2024-12-06,4,12,0
1543,4780,2,2024-10-02,5,10,1
1544,1293,15,2024-08-01,4,8,0
1545,105,20,2024-11-26,5,11,1
1546,1163,12,2024-06-10,5,6,0
1547,1620,14,2024-01-17,4,1,0
1548,3508,19,2023-05-19,2,5,0
1549,1510,13,2022-05-25,5,5,1
1550,906,9,2023-04-20,4,4,0
1551,4964,19,2022-12-11,5,12,1
1552,2395,12,2023-10-19,5,10,0
1553,1442,12,2024-09-26,4,9,0
1554,751,5,2024-07-16,4,7,0
1555,1067,5,2024-12-08,5,12,1
1556,255,10,2024-03-15,4,3,1
1557,2954,19,2022-08-14,2,8,0
1558,3737,8,2024-06-19,3,6,0
1559,1806,11,2023-03-25,3,3,0
1560,3150,13,2024-09-26,5,9,1
1561,4047,13,2024-07-25,5,7,1
1562,1773,3,2022-07-15,3,7,0
1563,3332,8,2024-10-14,5,10,1
1564,2089,11,2024-01-07,5,1,1
1565,3525,11,2023-09-25,5,9,1
1566,1098,10,2022-10-05,4,10,1
1567,1644,19,2023-01-07,5,1,1
1568,667,3,2024-11-08,5,11,1
1569,758,2,2022-03-26,4,3,1
1570,2983,12,2022-01-04,5,1,1
1571,4674,16,2022-03-11,4,3,0
1572,3392,14,2023-11-03,5,11,1
1573,3920,17,2022-05-20,3,5,0
1574,4510,9,2022-09-13,4,9,1
1575,381,9,2024-07-25,5,7,0
1576,4479,11,2024-01-21,5,1,1
1577,4884,13,2023-09-08,5,9,1
1578,4812,10,2024-06-28,4,6,0
1579,4882,16,2024-06-25,5,6,1
1580,1971,6,2023-03-16,5,3,1
1581,759,3,2023-05-05,3,5,0
1582,3888,15,2022-03-18,5,3,1
1583,3752,2,2024-11-26,5,11,1
1584,4480,10,2023-04-12,3,4,0
1585,4476,7,2022-02-13,4,2,1
1586,3245,14,2022-02-18,5,2,1
1587,3110,4,2022-05-08,3,5,0
1588,223,6,2024-10-22,4,10,1
1589,1676,13,2023-11-18,3,11,0
1590,4708,15,2022-03-05,3,3,1
1591,2694,20,2022-10-14,4,10,1
1592,1919,1,2024-10-18,4,10,0
1593,4455,20,2022-10-12,5,10,1
1594,828,6,2022-06-12,4,6,0
1595,2429,16,2024-02-06,4,2,0
1596,4746,5,2023-02-07,5,2,1
1597,3554,9,2024-02-03,5,2,1
1598,4397,20,2024-08-15,4,8,0
1599,4576,11,2023-03-07,4,3,0
1600,3375,11,2022-03-06,4,3,0
1601,917,13,2022-01-06,4,1,0
1602,264,16,2022-04-23,5,4,0
1603,2462,10,2022-12-12,5,12,1
1604,465,4,2022-12-22,4,12,1
1605,364,3,2022-10-25,5,10,1
1606,2989,1,2024-04-15,3,4,0
1607,4626,2,2024-09-13,2,9,0
1608,3925,4,2024-03-20,3,3,0
1609,4463,6,2022-09-05,5,9,0
1610,4745,5,2022-09-25,5,9,0
1611,2423,16,2022-07-06,5,7,1
1612,200,6,2022-08-15,4,8,0
1613,597,7,2023-10-03,5,10,1
1614,2651,16,2023-12-13,3,12,0
1615,4217,6,2023-04-20,4,4,0
1616,4056,13,2023-06-13,5,6,1
1617,3724,8,2022-07-24,3,7,0
1618,1638,15,2023-04-09,4,4,1
1619,1159,15,2023-12-01,3,12,0
1620,4312,3,2022-10-12,5,10,1
1621,816,20,2024-01-22,5,1,1
1622,3406,11,2024-12-21,5,12,1
1623,4225,18,2022-07-11,4,7,0
1624,3027,12,2023-04-03,5,4,1
1625,2651,8,2024-11-19,5,11,1
1626,489,6,2023-08-14,3,8,0
1627,4866,16,2024-09-17,5,9,1
1628,4848,20,2024-07-09,4,7,0
1629,4049,5,2024-06-18,3,6,0
1630,3180,10,2024-07-05,4,7,0
1631,2489,7,2024-05-13,3,5,0
1632,1093,6,2024-08-16,4,8,0
1633,673,13,2024-09-16,5,9,1
1634,2875,1,2022-08-17,4,8,0
1635,500,4,2022-10-07,5,10,1
1636,1632,10,2022-05-19,4,5,0
1637,3440,14,2022-05-04,5,5,1
1638,958,5,2024-09-18,4,9,0
1639,921,11,2022-09-03,5,9,1
1640,2167,13,2022-03-27,4,3,0
1641,421,1,2022-10-19,4,10,0
1642,3654,18,2024-11-18,5,11,1
1643,4911,13,2022-08-18,5,8,1
1644,5000,1,2023-10-15,4,10,0
1645,930,17,2022-12-04,5,12,1
1646,1946,1,2022-06-02,5,6,0
1647,4313,9,2023-05-14,5,5,0
1648,4083,19,2022-12-20,5,12,1
1649,1020,16,2023-07-16,4,7,1
1650,74,20,2023-10-10,5,10,1
1651,1154,5,2023-04-02,5,4,0
1652,4662,6,2022-02-21,5,2,1
1653,1843,20,2024-11-02,4,11,1
1654,1779,6,2022-10-23,4,10,1
1655,563,19,2024-05-14,4,5,0
1656,1927,15,2022-04-02,4,4,1
1657,184,13,2024-01-26,4,1,0
1658,1278,13,2023-02-19,4,2,0
1659,4425,9,2023-01-17,4,1,1
1660,4814,14,2024-02-20,5,2,1
1661,3101,11,2024-04-25,4,4,0
1662,4115,7,2023-11-11,5,11,1
1663,3202,4,2023-01-27,5,1,1
1664,3308,18,2022-10-06,5,10,1
1665,424,20,2023-07-23,4,7,0
1666,1462,18,2022-09-04,4,9,0
1667,1818,4,2024-06-04,3,6,0
1668,864,13,2023-04-27,4,4,0
1669,4009,12,2023-01-25,5,1,1
1670,2375,19,2024-12-06,4,12,1
1671,1363,20,2024-10-09,4,10,1
1672,4510,15,2023-04-01,5,4,1
1673,3342,4,2022-10-20,4,10,1
1674,1658,8,2023-11-04,5,11,1
1675,4632,11,2023-01-06,4,1,1
1676,3467,14,2024-11-23,5,11,1
1677,576,16,2022-07-22,4,7,1
1678,3164,11,2023-03-28,5,3,0
1679,2920,14,2024-08-28,4,8,0
1680,3164,4,2023-06-26,4,6,0
1681,3072,10,2022-09-05,4,9,0
1682,1065,17,2022-05-24,5,5,0
1683,832,5,2022-01-19,5,1,1
1684,1561,6,2023-12-02,5,12,1
1685,3443,5,2024-07-22,4,7,0
1686,4902,4,2023-02-16,5,2,1
1687,3199,6,2022-06-22,3,6,0
1688,1699,4,2023-07-22,3,7,0
1689,2159,6,2024-04-10,4,4,0
1690,2725,7,2024-07-18,4,7,0
1691,164,9,2023-01-25,5,1,1
1692,4416,12,2022-07-11,4,7,0
1693,2052,17,2023-04-18,4,4,0
1694,2517,4,2022-10-22,4,10,1
1695,4338,17,2022-11-10,5,11,1
1696,3574,7,2024-12-28,5,12,1
1697,2912,16,2024-12-18,3,12,0
1698,360,2,2023-07-06,3,7,0
1699,3999,6,2022-08-23,5,8,0
1700,875,5,2022-01-02,5,1,1
1701,2493,16,2024-04-05,5,4,0
1702,456,3,2023-06-20,5,6,0
1703,974,2,2022-08-13,3,8,0
1704,3030,9,2023-05-04,4,5,0
1705,1465,4,2022-06-15,4,6,0
1706,4233,7,2023-11-03,5,11,1
1707,3069,16,2024-01-06,3,1,0
1708,3955,5,2022-09-22,3,9,0
1709,993,4,2024-07-11,4,7,0
1710,2035,5,2024-06-23,4,6,0
1711,1591,20,2022-10-21,5,10,1
1712,451,6,2022-10-08,4,10,1
1713,2267,6,2024-01-01,4,1,1
1714,1351,15,2024-11-04,4,11,0
1715,838,5,2023-09-18,5,9,0
1716,2391,11,2022-11-16,5,11,1
1717,1440,1,2024-01-27,5,1,1
1718,2660,10,2023-06-09,4,6,0
1719,1614,14,2024-10-28,4,10,1
1720,2385,1,2024-04-08,4,4,0
1721,3487,4,2022-09-01,4,9,0
1722,3609,15,2023-09-06,5,9,1
1723,2722,15,2022-04-24,5,4,1
1724,3209,2,2022-11-27,4,11,1
1725,2450,7,2024-02-06,5,2,1
1726,886,15,2022-04-19,5,4,1
1727,2126,15,2022-06-06,4,6,1
1728,2376,4,2022-06-04,4,6,0
1729,3018,3,2023-10-10,5,10,1
1730,3858,20,2024-09-14,4,9,0
1731,2318,14,2024-04-04,4,4,1
1732,1518,7,2022-07-10,4,7,0
1733,2761,12,2024-01-06,4,1,1
1734,2266,11,2024-01-08,5,1,1
1735,2856,10,2022-02-19,4,2,1
1736,2630,4,2024-09-16,4,9,0
1737,4971,2,2022-06-14,4,6,0
1738,3098,7,2022-11-15,5,11,1
1739,1449,9,2023-03-18,4,3,0
1740,1767,11,2023-10-08,5,10,1
1741,210,11,2024-03-19,3,3,0
1742,1767,17,2024-11-27,4,11,1
1743,2702,11,2022-08-21,3,8,0
1744,3653,17,2023-05-14,5,5,0
1745,1133,11,2023-09-18,5,9,1
1746,4470,7,2022-05-06,5,5,0
1747,3922,9,2023-11-03,4,11,1
1748,2545,3,2023-04-08,5,4,1
1749,1799,17,2023-04-01,4,4,0
1750,4297,14,2023-10-22,4,10,1
1751,2418,9,2023-11-14,4,11,1
1752,3749,18,2023-02-09,4,2,1
1753,63,20,2024-10-11,5,10,1
1754,1297,11,2024-10-01,4,10,1
1755,750,15,2024-08-14,4,8,0
1756,1679,12,2022-03-15,5,3,1
1757,4830,1,2022-02-16,5,2,1
1758,4476,16,2024-07-28,5,7,1
1759,4942,10,2024-12-13,5,12,1
1760,3107,10,2023-12-17,5,12,1
1761,2477,17,2022-10-03,4,10,1
1762,4054,10,2024-06-11,4,6,0
1763,482,15,2023-12-01,2,12,0
1764,4874,19,2024-11-24,5,11,1
1765,3248,6,2024-05-07,5,5,0
1766,299,13,2024-03-12,5,3,0
1767,2562,17,2022-06-12,4,6,0
1768,3375,3,2022-02-27,4,2,1
1769,2625,19,2022-05-03,5,5,0
1770,4976,15,2023-12-12,4,12,0
1771,4270,19,2024-11-20,5,11,1
1772,1962,18,2022-05-16,5,5,0
1773,1399,2,2022-05-02,5,5,0
1774,1383,12,2022-09-12,3,9,0
1775,3389,20,2022-12-07,4,12,1
1776,393,2,2023-04-09,5,4,0
1777,4088,4,2023-03-03,4,3,0
1778,3941,9,2024-08-01,4,8,0
1779,3207,20,2022-01-23,5,1,1
1780,614,2,2024-06-04,3,6,0
1781,4226,6,2022-08-10,3,8,0
1782,4732,15,2024-12-07,2,12,0
1783,173,5,2022-12-28,5,12,1
1784,2301,5,2023-03-21,5,3,1
1785,3235,7,2022-04-13,4,4,0
1786,4227,3,2023-05-14,5,5,0
1787,3124,1,2024-10-08,4,10,0
1788,839,16,2024-12-22,4,12,0
1789,842,6,2022-09-28,4,9,0
1790,1666,11,2023-09-04,4,9,1
1791,3601,6,2022-04-01,4,4,0
1792,1588,14,2022-09-25,4,9,1
1793,1023,11,2022-09-23,4,9,1
1794,4823,9,2023-11-07,4,11,1
1795,3937,16,2024-01-06,4,1,0
1796,387,16,2024-01-06,4,1,0
1797,43,4,2024-01-25,5,1,1
1798,4498,11,2024-01-20,5,1,1
1799,1398,17,2024-07-06,3,7,0
1800,3336,14,2023-06-27,5,6,0
1801,289,18,2022-05-18,4,5,0
1802,103,12,2024-04-18,4,4,1
1803,1842,12,2023-07-26,3,7,0
1804,3736,3,2023-07-07,4,7,0
1805,3890,9,2024-04-08,3,4,0
1806,1456,12,2022-11-25,4,11,1
1807,548,10,2024-09-02,4,9,0
1808,3790,9,2024-02-18,5,2,1
1809,200,8,2024-04-23,3,4,0
1810,276,4,2022-02-25,4,2,1
1811,3793,6,2023-05-02,5,5,0
1812,2374,11,2024-01-20,5,1,1
1813,2673,17,2024-11-13,4,11,1
1814,323,15,2024-07-06,4,7,0
1815,3050,3,2023-05-13,5,5,0
1816,3912,10,2023-10-26,5,10,1
1817,867,13,2023-09-16,5,9,1
1818,1982,10,2023-09-14,4,9,0
1819,2934,5,2022-01-25,4,1,1
1820,2294,17,2022-06-18,5,6,0
1821,4132,3,2022-06-17,4,6,0
1822,1462,3,2022-05-18,4,5,0
1823,718,7,2023-02-04,5,2,1
1824,347,1,2024-10-12,5,10,0
1825,4344,15,2024-03-19,4,3,1
1826,729,9,2024-12-20,5,12,1
1827,3841,20,2023-07-23,4,7,0
1828,432,8,2023-11-17,5,11,1
1829,3724,6,2022-12-03,5,12,1
1830,2858,11,2022-01-19,5,1,1
1831,4121,14,2022-12-04,3,12,0
1832,3353,3,2022-09-03,2,9,0
1833,3720,18,2022-05-28,5,5,0
1834,2111,13,2022-10-24,4,10,0
1835,321,6,2022-08-26,4,8,0
1836,3032,12,2022-07-02,5,7,0
1837,1039,5,2023-10-19,4,10,1
1838,3033,10,2022-02-21,4,2,1
1839,4912,3,2024-09-09,3,9,0
1840,2533,17,2024-08-23,4,8,0
1841,3855,2,2024-02-16,5,2,1
1842,150,8,2022-11-03,4,11,1
1843,3310,12,2022-12-04,5,12,1
1844,4811,7,2023-10-27,5,10,1
1845,3313,16,2024-06-17,4,6,1
1846,2870,9,2023-08-06,5,8,0
1847,357,3,2023-11-06,5,11,1
1848,3547,1,2022-09-28,4,9,0
1849,3430,1,2023-10-04,4,10,0
1850,4507,7,2022-08-22,5,8,0
1851,1844,10,2023-06-28,5,6,0
1852,761,3,2024-01-05,4,1,1
1853,2556,8,2023-08-23,3,8,0
1854,2299,2,2024-08-05,5,8,0
1855,412,19,2022-03-26,2,3,0
1856,4445,17,2024-02-07,5,2,1
1857,1770,19,2022-08-19,5,8,0
1858,4459,20,2024-02-16,4,2,1
1859,2045,13,2022-03-21,4,3,0
1860,410,4,2024-09-03,5,9,0
1861,2150,9,2024-01-27,4,1,1
1862,181,7,2024-07-22,5,7,0
1863,4465,9,2023-03-25,4,3,0
1864,669,5,2024-05-10,5,5,0
1865,1972,13,2023-05-06,5,5,1
1866,3896,15,2023-02-25,4,2,0
1867,2879,6,2023-05-22,4,5,0
1868,1893,8,2023-01-05,4,1,1
1869,1744,16,2022-02-24,4,2,0
1870,3551,11,2023-10-13,4,10,1
1871,2341,4,2024-07-12,4,7,0
1872,907,13,2022-05-22,5,5,1
1873,3397,13,2024-11-21,4,11,0
1874,2575,2,2022-04-24,5,4,0
1875,1393,19,2022-12-07,5,12,1
1876,38,8,2024-01-18,5,1,1
1877,4393,20,2022-10-19,5,10,1
1878,930,13,2023-06-10,5,6,1
1879,1830,10,2023-12-05,5,12,1
1880,4328,18,2024-02-27,5,2,1
1881,4177,4,2023-05-27,5,5,0
1882,4795,6,2024-09-24,4,9,0
1883,116,6,2022-02-16,4,2,1
1884,1463,5,2024-11-15,5,11,1
1885,653,4,2023-07-17,3,7,0
1886,3985,17,2024-09-20,3,9,0
1887,1910,18,2024-04-16,3,4,0
1888,1491,8,2022-01-12,5,1,1
1889,2717,7,2024-04-14,4,4,0
1890,2305,11,2022-01-23,5,1,1
1891,4367,15,2023-07-22,4,7,0
1892,341,14,2023-08-03,5,8,0
1893,4389,14,2022-09-21,5,9,1
1894,1883,3,2023-05-19,3,5,0
1895,2247,17,2024-02-25,5,2,1
1896,2762,18,2022-06-17,5,6,0
1897,1876,19,2024-02-26,4,2,1
1898,2806,16,2022-11-21,2,11,0
1899,4756,1,2023-06-21,4,6,0
1900,2116,3,2024-09-01,3,9,0
1901,4821,3,2024-04-09,5,4,1
1902,2371,7,2022-10-17,5,10,1
1903,656,16,2023-04-10,3,4,0
1904,4627,8,2023-02-22,5,2,1
1905,1739,20,2023-11-16,4,11,1
1906,1914,12,2024-06-09,3,6,0
1907,2501,14,2023-06-12,5,6,0
1908,3515,6,2022-12-26,5,12,1
1909,1598,4,2024-04-22,3,4,0
1910,3310,16,2022-01-01,3,1,0
1911,950,10,2023-06-21,4,6,0
1912,2038,17,2022-01-22,3,1,1
1913,792,20,2023-12-10,4,12,1
1914,1843,14,2022-02-03,5,2,1
1915,4374,5,2024-04-27,5,4,0
1916,662,8,2024-01-20,5,1,1
1917,3238,2,2022-10-19,4,10,1
1918,953,11,2024-03-09,3,3,0
1919,107,20,2022-10-21,5,10,1
1920,4281,3,2022-10-02,4,10,1
1921,4776,1,2022-02-25,5,2,1
1922,3054,5,2022-04-26,4,4,0
1923,1223,4,2024-10-02,5,10,1
1924,3794,9,2022-12-25,4,12,1
1925,106,15,2022-01-23,4,1,0
1926,4155,4,2022-06-07,4,6,0
1927,2979,6,2022-11-27,5,11,1
1928,1981,12,2022-01-09,5,1,1
1929,2755,13,2023-09-12,5,9,1
1930,194,12,2023-03-08,5,3,1
1931,273,14,2022-05-04,5,5,1
1932,2008,2,2024-08-09,3,8,0
1933,4606,2,2022-07-26,3,7,0
1934,2424,2,2023-11-04,5,11,1
1935,3169,5,2023-12-09,5,12,1
1936,3936,20,2024-09-09,4,9,0
1937,1816,10,2024-08-13,5,8,0
1938,289,4,2022-10-12,5,10,1
1939,2279,19,2023-05-06,5,5,0
1940,3632,18,2024-10-21,5,10,1
1941,2204,4,2024-09-03,3,9,0
1942,2441,7,2023-02-16,4,2,1
1943,828,19,2022-10-19,5,10,1
1944,1436,3,2024-07-09,4,7,0
1945,901,16,2024-07-16,4,7,1
1946,604,4,2022-01-15,4,1,1
1947,4598,20,2022-06-19,4,6,0
1948,850,6,2022-09-09,3,9,0
1949,4754,8,2023-10-19,4,10,1
1950,4011,6,2023-02-14,5,2,1
1951,1615,19,2022-05-04,4,5,0
1952,3018,16,2022-03-02,4,3,0
1953,3040,7,2022-11-14,5,11,1
1954,1523,1,2024-05-14,5,5,0
1955,3127,20,2022-07-22,3,7,0
1956,4067,12,2023-04-25,5,4,1
1957,1170,14,2022-04-26,5,4,1
1958,3246,3,2022-09-10,3,9,0
1959,4784,4,2023-08-08,5,8,0
1960,1122,7,2023-09-02,4,9,0
1961,1813,19,2024-10-09,5,10,1
1962,1994,5,2022-06-07,4,6,0
1963,1544,8,2023-07-28,2,7,0
1964,2255,14,2024-02-28,4,2,1
1965,3148,4,2022-03-01,4,3,0
1966,1354,20,2022-08-16,3,8,0
1967,3180,17,2024-09-03,4,9,0
1968,85,2,2023-09-06,4,9,0
1969,1473,20,2022-05-19,2,5,0
1970,4773,19,2022-12-28,4,12,1
1971,1648,13,2024-12-27,3,12,0
1972,4008,14,2022-08-20,4,8,0
1973,1828,6,2022-11-21,5,11,1
1974,962,11,2022-02-14,4,2,1
1975,1745,17,2022-04-28,5,4,0
1976,2311,15,2022-04-03,5,4,1
1977,598,16,2024-10-28,4,10,0
1978,364,3,2023-07-03,4,7,0
1979,2478,16,2024-06-02,5,6,1
1980,4985,20,2023-08-28,4,8,0
1981,3469,3,2024-05-20,4,5,0
1982,3678,6,2022-04-11,4,4,0
1983,4787,12,2022-04-20,4,4,1
1984,1035,10,2022-07-21,4,7,0
1985,849,5,2022-09-24,4,9,0
1986,4830,6,2023-10-21,5,10,1
1987,4213,15,2024-06-20,5,6,1
1988,295,1,2022-11-14,4,11,1
1989,4595,15,2023-01-07,4,1,0
1990,2776,20,2024-07-25,4,7,0
1991,1839,5,2022-09-25,5,9,0
1992,3846,6,2023-11-18,5,11,1
1993,413,9,2023-02-25,4,2,1
1994,4119,18,2024-12-28,5,12,1
1995,1182,16,2023-11-10,4,11,0
1996,2918,18,2022-07-08,3,7,0
1997,3149,13,2023-03-06,5,3,0
1998,3624,18,2023-04-10,5,4,0
1999,3824,18,2022-07-03,3,7,0
2000,4288,19,2022-03-03,3,3,0
2001,819,5,2024-08-11,5,8,0
2002,85,19,2024-11-04,5,11,1
2003,3315,5,2022-11-05,5,11,1
2004,1787,11,2023-03-18,3,3,0
2005,132,10,2024-06-25,4,6,0
2006,977,19,2023-05-01,4,5,0
2007,1224,19,2023-12-12,4,12,1
2008,3095,2,2024-05-27,4,5,0
2009,1640,5,2023-11-20,4,11,1
2010,776,13,2022-12-12,4,12,0
2011,4237,16,2023-03-24,5,3,0
2012,4582,3,2022-04-19,5,4,1
2013,671,10,2022-02-23,4,2,1
2014,4333,14,2023-07-21,5,7,0
2015,4303,20,2024-12-01,5,12,1
2016,2529,19,2023-10-26,4,10,1
2017,3540,3,2024-09-02,3,9,0
2018,184,10,2022-06-23,4,6,0
2019,1376,20,2022-12-16,4,12,1
2020,1381,15,2023-09-14,5,9,1
2021,2341,8,2024-06-08,4,6,0
2022,76,2,2023-05-02,3,5,0
2023,1008,8,2024-12-10,4,12,1
2024,3117,4,2024-05-24,2,5,0
2025,2130,9,2022-04-27,4,4,0
2026,4501,11,2022-05-10,5,5,0
2027,3606,14,2022-12-26,4,12,0
2028,2255,18,2023-12-01,5,12,1
2029,1939,9,2022-08-16,4,8,0
2030,1035,3,2023-06-28,3,6,0
2031,4468,19,2022-02-01,5,2,1
2032,3848,9,2023-11-26,5,11,1
2033,2774,18,2022-04-17,4,4,0
2034,2471,5,2023-12-26,5,12,1
2035,496,16,2023-02-17,5,2,0
2036,813,18,2023-04-21,5,4,0
2037,1782,9,2022-03-18,3,3,0
2038,1086,3,2023-07-04,4,7,0
2039,354,12,2024-08-11,2,8,0
2040,4012,14,2024-06-21,5,6,0
2041,3503,15,2022-10-27,4,10,1
2042,380,6,2022-02-28,5,2,1
2043,4166,11,2023-04-06,4,4,0
2044,4685,5,2022-09-13,4,9,0
2045,3345,20,2024-02-21,4,2,1
2046,1396,11,2023-06-12,4,6,0
2047,3609,17,2024-03-04,5,3,1
2048,3533,7,2022-03-15,5,3,1
2049,3824,14,2022-10-15,5,10,1
2050,370,19,2023-11-09,4,11,1
2051,1731,3,2022-04-15,4,4,1
2052,2316,19,2023-12-05,4,12,1
2053,4336,8,2024-04-14,5,4,0
2054,3354,7,2022-10-11,5,10,1
2055,3979,1,2022-04-10,3,4,0
2056,769,9,2022-03-10,4,3,0
2057,2444,15,2022-07-20,4,7,0
2058,1482,11,2023-05-26,3,5,0
2059,1565,13,2022-12-03,5,12,0
2060,161,13,2024-04-01,3,4,0
2061,7,17,2022-08-26,3,8,0
2062,2634,13,2022-02-07,3,2,0
2063,1309,7,2023-08-09,5,8,0
2064,3852,20,2023-11-02,4,11,1
2065,2500,4,2022-09-25,5,9,0
2066,4101,3,2022-09-23,4,9,0
2067,3610,19,2022-10-21,5,10,1
2068,2211,3,2023-04-08,5,4,1
2069,3703,12,2022-05-01,5,5,0
2070,1090,4,2023-03-08,3,3,0
2071,397,8,2022-01-20,5,1,1
2072,4836,6,2024-12-18,5,12,1
2073,350,17,2022-10-18,5,10,1
2074,1064,17,2022-01-12,5,1,1
2075,199,11,2023-09-13,5,9,1
2076,748,20,2023-09-27,4,9,0
2077,2176,12,2022-07-14,5,7,0
2078,1764,3,2022-03-04,4,3,1
2079,4321,14,2024-03-01,5,3,1
2080,672,18,2022-07-04,4,7,0
2081,1968,16,2022-12-01,4,12,0
2082,3718,6,2022-02-10,5,2,1
2083,1051,14,2023-12-08,5,12,0
2084,2262,18,2022-05-14,3,5,0
2085,2715,14,2024-03-02,5,3,1
2086,869,9,2022-01-13,5,1,1
2087,150,17,2022-04-27,3,4,0
2088,3736,2,2024-07-20,2,7,0
2089,361,12,2024-01-15,4,1,1
2090,1961,6,2024-04-19,3,4,0
2091,855,12,2024-08-23,4,8,0
2092,154,18,2022-12-09,5,12,1
2093,631,7,2024-03-05,5,3,1
2094,4393,5,2022-09-20,4,9,0
2095,1062,18,2023-07-23,3,7,0
2096,2872,5,2022-09-14,5,9,0
2097,2297,5,2024-05-25,5,5,0
2098,3216,17,2024-04-21,3,4,0
2099,3594,17,2024-08-04,4,8,0
2100,3085,11,2022-06-02,5,6,0
2101,973,2,2022-09-25,5,9,0
2102,2562,8,2023-07-23,4,7,0
2103,713,5,2022-06-09,5,6,0
2104,4716,1,2024-04-18,4,4,0
2105,2922,8,2023-03-28,4,3,1
2106,3316,11,2023-02-03,5,2,1
2107,4694,7,2024-08-20,4,8,0
2108,4008,13,2023-03-15,4,3,0
2109,2199,1,2022-02-11,5,2,1
2110,1272,13,2024-05-25,4,5,1
2111,4265,15,2024-02-20,4,2,0
2112,2919,7,2022-08-26,3,8,0
2113,3380,12,2022-11-16,5,11,1
2114,360,1,2022-09-11,5,9,0
2115,1297,4,2024-04-26,5,4,0
2116,4851,3,2022-07-26,4,7,0
2117,1661,14,2022-11-14,5,11,1
2118,1744,12,2024-11-25,3,11,1
2119,3973,9,2023-08-08,4,8,0
2120,3154,8,2022-03-10,4,3,1
2121,2870,6,2022-11-18,4,11,1
2122,3505,20,2024-07-01,4,7,0
2123,2115,13,2024-08-11,5,8,1
2124,1275,7,2024-06-12,5,6,0
2125,1678,15,2022-09-10,5,9,1
2126,3693,1,2024-10-07,4,10,0
2127,2723,13,2024-03-20,4,3,0
2128,4137,19,2024-09-12,5,9,1
2129,330,11,2024-06-06,3,6,0
2130,3243,2,2022-12-08,5,12,1
2131,493,16,2024-07-27,4,7,1
2132,948,15,2023-01-05,3,1,0
2133,2672,18,2023-06-20,5,6,0
2134,3930,18,2024-04-05,3,4,0
2135,3286,4,2024-03-06,5,3,0
2136,241,7,2024-09-22,5,9,0
2137,1890,2,2023-06-20,4,6,0
2138,4573,18,2022-08-09,3,8,0
2139,1009,6,2022-10-08,5,10,1
2140,2143,14,2023-07-13,4,7,0
2141,2320,2,2023-12-18,5,12,1
2142,2051,20,2022-06-26,3,6,0
2143,4469,5,2024-05-24,4,5,0
2144,2994,8,2024-08-26,3,8,0
2145,2149,17,2024-08-04,3,8,0
2146,2281,12,2023-02-20,4,2,1
2147,14,16,2023-11-28,3,11,0
2148,698,9,2023-04-12,5,4,0
2149,320,8,2024-05-12,5,5,0
2150,1960,8,2023-12-14,5,12,1
2151,3019,14,2022-08-14,3,8,0
2152,2902,6,2022-07-13,4,7,0
2153,4408,12,2024-06-28,4,6,0
2154,1209,13,2023-11-13,4,11,0
2155,4171,2,2022-02-18,5,2,1
2156,3617,11,2024-09-02,5,9,1
2157,2502,1,2024-06-17,3,6,0
2158,4785,17,2023-04-03,3,4,0
2159,4903,20,2022-07-15,5,7,0
2160,2362,14,2022-05-05,5,5,1
2161,47,20,2023-08-11,4,8,0
2162,1087,18,2024-05-10,3,5,0
2163,4853,18,2023-09-15,5,9,0
2164,4649,9,2023-09-09,5,9,1
2165,2885,18,2023-01-15,4,1,1
2166,554,17,2023-05-14,3,5,0
2167,4784,9,2024-05-12,4,5,0
2168,4874,19,2023-03-18,4,3,0
2169,4878,12,2024-12-27,4,12,1
2170,347,4,2022-07-12,3,7,0
2171,2304,8,2022-04-13,3,4,0
2172,3891,13,2024-02-06,4,2,0
2173,4343,18,2022-02-22,5,2,1
2174,4692,15,2022-02-26,4,2,0
2175,2080,17,2022-09-10,3,9,0
2176,4072,4,2023-10-13,5,10,1
2177,1516,12,2023-03-13,5,3,1
2178,1357,13,2023-10-06,4,10,0
2179,27,7,2023-12-08,4,12,1
2180,2828,1,2022-02-06,4,2,1
2181,90,16,2023-09-27,5,9,1
2182,2658,6,2024-11-10,4,11,1
2183,3253,13,2022-03-08,4,3,0
2184,4439,2,2023-09-26,3,9,0
2185,2744,4,2024-09-06,3,9,0
2186,386,11,2022-08-07,4,8,0
2187,1643,7,2023-10-20,4,10,1
2188,2604,15,2022-03-28,5,3,1
2189,3719,12,2023-10-12,2,10,0
2190,1712,19,2023-02-20,4,2,1
2191,3776,3,2023-01-16,5,1,1
2192,3834,12,2023-12-02,4,12,1
2193,1797,20,2024-07-01,4,7,0
2194,2490,6,2022-03-03,4,3,1
2195,4857,3,2024-08-02,3,8,0
2196,2612,5,2022-07-07,4,7,0
2197,2506,13,2023-01-24,4,1,0
2198,4207,7,2022-07-14,5,7,0
2199,3055,1,2023-08-16,5,8,0
2200,3607,2,2023-07-02,3,7,0
2201,704,8,2022-01-23,5,1,1
2202,978,11,2022-02-22,5,2,1
2203,4016,6,2023-12-14,5,12,1
2204,1664,4,2023-09-25,3,9,0
2205,1175,15,2022-10-21,4,10,1
2206,1641,18,2024-11-12,5,11,1
2207,3523,18,2023-06-18,3,6,0
2208,1072,3,2023-09-18,4,9,0
2209,2751,11,2023-01-14,4,1,1
2210,3055,8,2022-12-27,5,12,1
2211,3373,1,2024-08-15,4,8,0
2212,4592,8,2022-05-03,4,5,0
2213,3600,1,2024-04-10,4,4,0
2214,4858,5,2023-05-25,5,5,0
2215,636,10,2022-12-27,5,12,1
2216,935,16,2024-04-07,5,4,0
2217,3202,18,2022-04-25,4,4,0
2218,2961,17,2022-09-24,3,9,0
2219,4732,12,2024-03-17,5,3,1
2220,4278,5,2022-02-05,5,2,1
2221,529,17,2024-07-04,4,7,0
2222,1352,18,2022-11-07,5,11,1
2223,4656,6,2024-05-04,2,5,0
2224,2277,19,2022-07-23,3,7,0
2225,3919,1,2024-09-11,4,9,0
2226,4288,4,2023-02-23,5,2,1
2227,3976,15,2022-06-09,5,6,1
2228,889,3,2022-10-11,5,10,1
2229,4075,1,2022-09-04,4,9,0
2230,3235,6,2022-10-05,5,10,1
2231,4724,7,2023-07-18,5,7,0
2232,1069,16,2022-10-14,3,10,0
2233,1017,8,2023-12-17,5,12,1
2234,4474,14,2024-01-22,4,1,0
2235,4288,17,2022-09-21,4,9,0
2236,454,7,2022-12-12,5,12,1
2237,1284,5,2024-04-19,4,4,0
2238,2411,6,2024-02-06,5,2,1
2239,3434,12,2023-04-09,5,4,1
2240,3324,16,2023-03-14,3,3,0
2241,4182,3,2024-05-02,5,5,0
2242,390,16,2024-09-16,5,9,1
2243,3771,7,2022-02-13,5,2,1
2244,4013,3,2022-05-08,3,5,0
2245,1270,12,2022-08-27,3,8,0
2246,4322,1,2024-08-01,5,8,0
2247,1501,7,2022-05-22,5,5,0
2248,3963,19,2023-02-06,5,2,1
2249,1962,17,2023-05-11,4,5,0
2250,4376,10,2022-01-28,5,1,1
2251,4994,5,2023-02-26,5,2,1
2252,4072,14,2023-03-01,5,3,1
2253,4555,18,2022-07-03,4,7,0
2254,207,13,2022-08-06,3,8,1
2255,4206,7,2023-10-02,5,10,1
2256,2769,18,2024-03-27,5,3,1
2257,4999,2,2024-12-27,4,12,1
2258,945,4,2023-11-20,5,11,1
2259,374,2,2024-02-26,4,2,1
2260,3679,18,2022-02-26,5,2,1
2261,940,20,2024-03-14,4,3,1
2262,3264,15,2024-02-04,5,2,0
2263,1356,18,2024-09-23,4,9,0
2264,705,7,2024-01-07,5,1,1
2265,4696,4,2024-04-24,4,4,0
2266,606,18,2024-01-08,4,1,1
2267,3951,11,2022-05-06,4,5,0
2268,514,7,2024-06-16,4,6,0
2269,8,15,2022-08-08,3,8,0
2270,616,1,2024-11-06,5,11,1
2271,4013,18,2024-11-05,5,11,1
2272,578,20,2022-04-24,4,4,0
2273,1800,2,2023-02-07,5,2,1
2274,4912,1,2023-09-24,5,9,0
2275,4108,2,2022-07-02,3,7,0
2276,2010,20,2023-07-22,3,7,0
2277,4607,11,2023-09-14,5,9,1
2278,1591,19,2023-05-27,5,5,0
2279,3594,2,2024-09-11,3,9,0
2280,3435,18,2022-11-23,4,11,1
2281,4919,18,2022-04-19,4,4,0
2282,4793,5,2022-04-19,4,4,0
2283,1088,17,2024-07-07,5,7,0
2284,1548,2,2024-06-19,3,6,0
2285,44,9,2022-11-05,5,11,1
2286,3560,8,2023-02-13,5,2,1
2287,1679,2,2022-04-19,4,4,0
2288,4738,15,2022-11-25,4,11,0
2289,4322,11,2023-09-03,5,9,1
2290,3429,11,2024-12-26,5,12,1
2291,1633,11,2022-11-05,5,11,1
2292,2423,7,2023-02-16,5,2,1
2293,2781,16,2022-12-27,5,12,0
2294,2100,4,2024-11-27,5,11,1
2295,1012,9,2024-07-28,4,7,0
2296,1812,19,2023-01-25,5,1,1
2297,642,16,2022-03-06,4,3,0
2298,1372,4,2023-08-21,4,8,0
2299,4704,2,2022-12-27,3,12,1
2300,2403,9,2023-09-21,5,9,1
2301,3961,7,2022-03-15,4,3,1
2302,350,16,2022-11-27,5,11,0
2303,2977,11,2022-10-28,5,10,1
2304,2640,2,2023-04-14,3,4,0
2305,1866,4,2024-01-23,4,1,1
2306,851,18,2023-07-16,5,7,0
2307,203,5,2024-12-01,5,12,1
2308,3177,20,2024-05-06,5,5,0
2309,799,16,2023-07-05,4,7,1
2310,3429,20,2022-10-08,5,10,1
2311,398,13,2023-10-21,4,10,0
2312,1713,7,2024-05-06,4,5,0
2313,44,7,2023-07-20,4,7,0
2314,3410,10,2022-08-07,4,8,0
2315,3199,3,2022-08-21,3,8,0
2316,4409,19,2023-09-13,4,9,1
2317,941,14,2022-04-24,5,4,1
2318,1106,19,2022-07-17,4,7,0
2319,999,20,2024-12-17,5,12,1
2320,3914,7,2024-09-20,3,9,0
2321,1535,11,2023-07-20,3,7,0
2322,3012,5,2023-11-12,5,11,1
2323,2918,6,2023-03-03,5,3,1
2324,626,13,2023-07-25,5,7,1
2325,4114,8,2022-08-26,5,8,0
2326,4665,8,2022-06-16,5,6,0
2327,2611,9,2022-11-26,5,11,1
2328,2178,18,2022-09-08,4,9,0
2329,3546,5,2024-08-07,5,8,0
2330,2056,7,2022-05-14,5,5,0
2331,1702,18,2024-08-27,4,8,0
2332,1190,19,2023-07-10,4,7,0
2333,2977,20,2023-03-26,5,3,1
2334,3978,19,2024-02-21,4,2,1
2335,1421,7,2024-01-07,5,1,1
2336,1833,3,2022-04-01,5,4,1
2337,1727,8,2022-08-24,4,8,0
2338,3152,8,2024-02-03,4,2,1
2339,2533,7,2022-11-04,5,11,1
2340,4925,14,2024-02-16,5,2,1
2341,1561,7,2024-10-18,5,10,1
2342,1363,8,2023-06-02,4,6,0
2343,619,4,2024-09-27,3,9,0
2344,1263,12,2023-09-26,2,9,0
2345,3193,16,2022-11-17,4,11,0
2346,2706,5,2022-04-16,3,4,0
2347,3486,15,2022-01-08,2,1,0
2348,3406,6,2024-12-09,5,12,1
2349,872,8,2024-02-09,5,2,1
2350,115,20,2022-07-09,4,7,0
2351,3821,13,2022-10-06,4,10,0
2352,3363,7,2022-08-12,3,8,0
2353,3414,8,2024-12-04,4,12,1
2354,2752,1,2024-02-28,4,2,1
2355,762,12,2022-12-09,4,12,1
2356,508,20,2024-08-05,3,8,0
2357,1390,17,2023-06-22,4,6,0
2358,2546,3,2024-07-19,5,7,0
2359,3333,2,2023-02-22,5,2,1
2360,1584,8,2024-12-26,5,12,1
2361,3222,20,2022-02-08,5,2,1
2362,3730,4,2023-03-07,3,3,0
2363,4076,7,2022-11-19,5,11,1
2364,1233,2,2022-12-26,5,12,1
2365,1652,7,2023-04-18,4,4,0
2366,3578,9,2022-01-14,5,1,1
2367,1721,2,2022-01-18,5,1,1
2368,1839,13,2023-09-09,5,9,1
2369,4737,19,2023-03-20,4,3,0
2370,2163,5,2024-03-17,5,3,1
2371,4510,20,2024-02-12,4,2,1
2372,432,13,2022-10-28,5,10,0
2373,4931,18,2023-05-06,3,5,0
2374,3243,1,2022-10-21,5,10,0
2375,3146,12,2022-06-20,4,6,0
2376,4741,4,2022-04-12,3,4,0
2377,3957,13,2023-11-04,5,11,0
2378,3756,9,2023-03-22,4,3,0
2379,4480,16,2024-12-02,4,12,0
2380,2105,9,2022-03-01,4,3,0
2381,3591,20,2024-07-18,3,7,0
2382,4197,9,2024-02-23,5,2,1
2383,1587,1,2022-04-15,4,4,0
2384,4230,4,2022-12-07,4,12,1
2385,865,12,2023-07-27,2,7,0
2386,2100,12,2023-07-26,4,7,0
2387,1845,8,2024-10-21,5,10,1
2388,589,19,2022-07-07,4,7,0
2389,1689,15,2022-12-01,3,12,0
2390,3044,6,2022-11-03,4,11,1
2391,1686,15,2022-06-16,4,6,1
2392,3912,16,2022-12-06,4,12,0
2393,1072,10,2024-01-28,5,1,1
2394,2671,17,2023-06-10,4,6,0
2395,2963,12,2023-01-03,5,1,1
2396,725,18,2024-01-22,5,1,1
2397,3070,16,2022-05-18,5,5,1
2398,103,15,2024-10-22,5,10,1
2399,4061,7,2022-09-05,4,9,0
2400,4724,3,2022-09-01,5,9,0
2401,1854,20,2022-08-17,4,8,0
2402,1953,2,2024-04-22,4,4,0
2403,3896,8,2022-02-06,5,2,1
2404,4640,16,2022-01-23,5,1,0
2405,1370,8,2023-03-22,4,3,1
2406,372,7,2024-05-03,4,5,0
2407,178,2,2024-09-27,5,9,0
2408,2367,4,2023-11-17,5,11,1
2409,1658,6,2024-01-22,5,1,1
2410,3167,18,2023-01-10,4,1,1
2411,3650,5,2022-08-12,4,8,0
2412,2279,19,2022-08-03,4,8,0
2413,835,10,2023-03-01,4,3,1
2414,1158,6,2024-10-12,5,10,1
2415,1102,15,2023-09-11,5,9,1
2416,219,11,2023-03-23,5,3,0
2417,3708,13,2024-02-21,3,2,0
2418,4143,14,2024-06-02,3,6,0
2419,2363,18,2024-12-20,4,12,1
2420,3852,4,2024-03-13,4,3,0
2421,3016,9,2022-06-17,3,6,0
2422,528,17,2024-05-07,5,5,0
2423,1610,3,2022-04-25,4,4,1
2424,1277,18,2022-10-23,5,10,1
2425,3845,3,2022-02-15,5,2,1
2426,464,7,2023-06-22,4,6,0
2427,2468,12,2024-02-08,5,2,1
2428,4604,19,2023-02-04,5,2,1
2429,3487,9,2022-05-03,3,5,0
2430,4990,7,2023-08-05,4,8,0
2431,2876,9,2024-09-22,5,9,1
2432,1179,17,2023-03-24,5,3,1
2433,4034,2,2023-04-07,4,4,0
2434,1443,8,2024-08-27,5,8,0
2435,1068,5,2022-03-27,5,3,1
2436,417,8,2024-11-26,5,11,1
2437,3123,15,2023-11-06,4,11,0
2438,2313,11,2024-11-10,4,11,1
2439,864,19,2024-08-06,3,8,0
2440,4380,5,2022-01-12,5,1,1
2441,2293,4,2024-06-13,4,6,0
2442,2311,5,2023-08-24,3,8,0
2443,2124,15,2024-01-27,4,1,0
2444,922,14,2024-07-13,4,7,0
2445,3586,6,2023-11-12,5,11,1
2446,2308,14,2023-04-13,4,4,1
2447,1048,18,2023-01-24,5,1,1
2448,2952,6,2022-02-09,5,2,1
2449,2060,7,2023-11-18,5,11,1
2450,2935,9,2024-07-13,5,7,0
2451,13,1,2022-05-15,5,5,0
2452,4622,9,2023-09-03,5,9,1
2453,1842,8,2022-08-17,3,8,0
2454,254,18,2024-05-28,4,5,0
2455,2234,2,2022-06-13,4,6,0
2456,1875,16,2022-07-06,5,7,1
2457,1509,10,2022-01-14,5,1,1
2458,3662,13,2023-02-17,4,2,0
2459,262,5,2024-02-14,5,2,1
2460,3926,11,2022-07-26,4,7,0
2461,2577,17,2024-08-16,4,8,0
2462,1627,15,2024-09-27,5,9,1
2463,1805,3,2022-05-14,4,5,0
2464,1497,10,2022-08-14,4,8,0
2465,3921,12,2024-02-07,4,2,1
2466,4384,6,2024-11-24,5,11,1
2467,2402,9,2024-04-05,3,4,0
2468,4429,15,2024-06-27,5,6,1
2469,3094,20,2022-09-03,4,9,0
2470,2265,16,2022-09-16,4,9,1
2471,4537,13,2022-02-03,5,2,0
2472,4455,10,2022-03-05,5,3,1
2473,2795,6,2022-11-15,5,11,1
2474,4879,17,2023-06-12,3,6,0
2475,4353,4,2022-06-14,4,6,0
2476,1602,13,2024-05-05,5,5,1
2477,2682,12,2022-05-19,2,5,0
2478,590,10,2022-08-26,4,8,0
2479,1480,11,2023-09-07,5,9,1
2480,666,1,2024-05-13,5,5,0
2481,1330,18,2022-02-10,5,2,1
2482,1224,7,2024-01-08,4,1,1
2483,3819,3,2024-04-23,4,4,1
2484,196,18,2024-03-05,5,3,1
2485,4072,5,2023-09-19,4,9,0
2486,1218,5,2022-10-08,5,10,1
2487,339,2,2024-04-24,3,4,0
2488,4988,4,2022-02-26,3,2,1
2489,3485,6,2023-11-10,5,11,1
2490,538,5,2023-05-16,4,5,0
2491,849,14,2024-07-09,5,7,0
2492,1214,16,2023-10-08,4,10,0
2493,1935,20,2024-09-27,5,9,0
2494,1420,9,2023-07-02,4,7,0
2495,4122,2,2023-09-22,3,9,0
2496,669,20,2023-08-06,4,8,0
2497,3844,1,2022-06-27,4,6,0
2498,3073,11,2022-12-13,4,12,1
2499,4341,7,2022-11-28,5,11,1
2500,560,7,2023-01-06,5,1,1
2501,1795,3,2024-12-21,5,12,1
2502,4649,2,2024-10-26,5,10,1
2503,3205,14,2022-03-19,5,3,1
2504,3401,1,2024-04-10,5,4,0
2505,48,16,2024-02-24,3,2,0
2506,3290,8,2023-04-06,3,4,0
2507,3903,16,2023-07-06,5,7,1
2508,2247,14,2022-10-19,5,10,1
2509,3612,2,2022-02-05,4,2,1
2510,3947,20,2024-06-08,5,6,0
2511,2782,8,2022-08-22,4,8,0
2512,979,13,2023-01-25,3,1,0
2513,4386,1,2024-05-09,4,5,0
2514,3105,2,2023-09-10,5,9,0
2515,2872,7,2022-02-18,4,2,1
2516,4540,14,2024-04-18,5,4,1
2517,4503,12,2022-06-06,3,6,0
2518,182,20,2023-07-02,4,7,0
2519,730,2,2024-06-20,3,6,0
2520,4557,11,2022-10-21,5,10,1
2521,4292,18,2023-07-23,4,7,0
2522,4900,2,2023-06-06,4,6,0
2523,4662,12,2022-09-21,5,9,0
2524,4675,10,2024-10-12,4,10,1
2525,3426,13,2022-07-16,4,7,1
2526,2307,6,2024-04-02,4,4,0
2527,4097,11,2024-01-07,5,1,1
2528,3389,15,2023-07-21,4,7,0
2529,3958,1,2022-09-22,4,9,0
2530,2000,10,2024-05-07,4,5,0
2531,1720,17,2024-05-27,5,5,0
2532,1775,17,2022-01-15,4,1,1
2533,1392,4,2024-06-18,5,6,0
2534,2913,10,2023-12-24,4,12,1
2535,599,8,2022-12-16,5,12,1
2536,1522,9,2022-01-22,4,1,1
2537,1088,18,2022-09-28,3,9,0
2538,4201,2,2024-11-21,5,11,1
2539,1944,10,2022-09-06,5,9,0
2540,1564,3,2022-03-08,5,3,1
2541,4718,3,2022-02-21,5,2,1
2542,2972,15,2024-03-16,4,3,1
2543,3252,18,2024-03-18,5,3,1
2544,3927,10,2024-09-04,4,9,0
2545,4310,11,2023-10-18,5,10,1
2546,4968,12,2022-05-03,5,5,0
2547,1306,16,2024-07-21,4,7,1
2548,4193,2,2022-03-07,5,3,1
2549,4990,11,2022-02-28,5,2,1
2550,1330,19,2022-12-04,5,12,1
2551,3766,1,2023-09-14,3,9,0
2552,4948,14,2023-11-13,5,11,1
2553,3623,4,2022-12-18,5,12,1
2554,1772,6,2023-03-07,5,3,1
2555,4570,18,2024-03-16,5,3,1
2556,3861,19,2023-12-03,5,12,1
2557,4631,8,2024-11-15,5,11,1
2558,628,8,2023-11-16,5,11,1
2559,3081,1,2023-08-14,5,8,0
2560,2498,4,2024-10-02,4,10,1
2561,4178,10,2024-06-10,4,6,0
2562,1095,12,2022-02-06,5,2,1
2563,2557,20,2022-05-12,4,5,0
2564,212,9,2023-01-06,5,1,1
2565,4079,3,2024-05-17,4,5,0
2566,4869,3,2024-01-13,5,1,1
2567,4018,1,2024-07-02,4,7,0
2568,2908,10,2023-07-02,3,7,0
2569,3171,4,2024-04-24,3,4,0
2570,3866,12,2022-04-20,4,4,1
2571,4376,14,2023-05-23,5,5,1
2572,4516,1,2023-02-22,5,2,1
2573,308,12,2022-09-22,5,9,0
2574,3658,7,2024-12-08,5,12,1
2575,2973,17,2023-03-26,5,3,1
2576,2974,7,2022-12-06,5,12,1
2577,3559,12,2024-06-25,3,6,0
2578,4732,19,2024-04-04,5,4,0
2579,1727,15,2024-01-01,2,1,0
2580,605,3,2023-04-27,5,4,1
2581,4448,14,2022-11-02,5,11,1
2582,3391,8,2022-10-12,5,10,1
2583,2248,11,2023-03-02,5,3,0
2584,3568,6,2023-08-21,5,8,0
2585,2772,3,2024-02-22,5,2,1
2586,4798,3,2022-04-03,5,4,1
2587,2235,2,2023-04-15,4,4,0
2588,3193,9,2024-06-03,4,6,0
2589,762,7,2022-07-17,4,7,0
2590,1460,3,2024-09-18,4,9,0
2591,603,14,2024-05-18,5,5,1
2592,4786,1,2023-03-18,5,3,1
2593,4231,20,2023-06-12,3,6,0
2594,2519,16,2024-10-18,5,10,0
2595,2190,20,2024-08-08,3,8,0
2596,4127,18,2024-01-25,5,1,1
2597,2923,6,2023-05-09,5,5,0
2598,4432,1,2024-07-20,5,7,0
2599,4944,3,2023-08-28,3,8,0
2600,3008,12,2023-11-13,4,11,1
2601,3889,16,2023-10-05,3,10,0
2602,2193,1,2022-10-19,4,10,0
2603,3035,1,2023-10-21,3,10,0
2604,2061,10,2022-05-12,5,5,0
2605,3053,14,2024-06-12,4,6,0
2606,4041,3,2023-02-04,4,2,1
2607,1126,18,2024-04-04,4,4,0
2608,166,7,2023-01-18,5,1,1
2609,2990,4,2022-12-16,3,12,1
2610,4452,15,2022-08-06,4,8,0
2611,3106,5,2024-11-24,5,11,1
2612,2899,17,2022-05-05,4,5,0
2613,3862,16,2022-03-28,4,3,0
2614,4174,9,2024-12-24,4,12,1
2615,1163,2,2024-07-05,4,7,0
2616,4600,4,2024-02-25,4,2,1
2617,4852,18,2023-03-01,4,3,1
2618,4035,16,2023-09-11,5,9,1
2619,4540,7,2024-07-08,4,7,0
2620,2531,14,2024-06-22,4,6,0
2621,2573,20,2024-05-26,3,5,0
2622,3886,14,2023-02-01,5,2,1
2623,169,17,2023-07-16,5,7,0
2624,2470,5,2022-11-05,5,11,1
2625,1795,3,2024-02-11,5,2,1
2626,232,11,2024-12-02,5,12,1
2627,1549,6,2023-01-25,4,1,1
2628,32,12,2024-05-20,4,5,0
2629,3381,4,2023-09-05,4,9,0
2630,421,14,2022-05-18,5,5,1
2631,3796,20,2022-06-08,5,6,0
2632,2828,14,2024-10-20,5,10,1
2633,2490,13,2022-12-06,3,12,0
2634,2444,6,2022-10-03,4,10,1
2635,4743,15,2023-04-08,5,4,1
2636,2453,11,2022-08-10,4,8,0
2637,4284,2,2023-01-08,3,1,1
2638,1129,19,2024-11-06,4,11,1
2639,4356,8,2023-03-14,3,3,1
2640,3304,9,2022-03-26,5,3,0
2641,4785,6,2024-11-10,5,11,1
2642,2668,9,2023-01-24,5,1,1
2643,2147,18,2024-11-26,5,11,1
2644,1104,1,2024-12-13,5,12,1
2645,4972,12,2023-02-14,5,2,1
2646,1045,3,2023-02-07,5,2,1
2647,43,2,2024-03-24,5,3,1
2648,372,7,2024-07-13,4,7,0
2649,3379,17,2022-12-23,4,12,1
2650,4158,8,2022-02-15,5,2,1
2651,2817,15,2023-09-07,4,9,1
2652,4265,1,2022-09-26,3,9,0
2653,915,9,2022-05-08,3,5,0
2654,4952,14,2024-10-15,5,10,1
2655,235,19,2023-11-12,4,11,1
2656,3492,10,2022-05-16,4,5,0
2657,4332,8,2024-12-28,5,12,1
2658,3317,3,2023-08-16,3,8,0
2659,1334,10,2023-08-18,5,8,0
2660,2696,12,2023-02-26,4,2,1
2661,794,13,2024-03-24,4,3,0
2662,2412,10,2023-07-17,3,7,0
2663,4150,1,2024-07-05,3,7,0
2664,3206,4,2024-11-04,5,11,1
2665,2733,7,2024-03-13,5,3,1
2666,1218,10,2024-06-04,4,6,0
2667,2373,11,2022-04-19,4,4,0
2668,2131,16,2024-09-23,5,9,1
2669,4406,1,2024-12-24,4,12,1
2670,3609,16,2024-01-02,4,1,0
2671,598,13,2024-11-09,4,11,0
2672,2415,8,2022-06-16,4,6,0
2673,1453,19,2023-10-18,4,10,1
2674,3639,16,2022-12-19,5,12,0
2675,4493,3,2024-12-10,4,12,1
2676,1586,9,2023-08-13,3,8,0
2677,3782,5,2022-08-27,3,8,0
2678,3200,17,2024-05-01,5,5,0
2679,1742,19,2022-03-08,5,3,0
2680,1159,10,2024-07-04,4,7,0
2681,1183,7,2023-03-26,5,3,1
2682,892,3,2024-09-22,4,9,0
2683,1800,17,2023-03-11,5,3,1
2684,3185,5,2023-06-26,5,6,0
2685,4323,6,2022-05-17,5,5,0
2686,3730,18,2024-07-10,4,7,0
2687,2445,16,2023-10-14,4,10,0
2688,4886,11,2024-06-24,3,6,0
2689,501,7,2023-01-26,4,1,1
2690,4293,20,2023-12-18,4,12,1
2691,3588,18,2022-02-17,5,2,1
2692,896,4,2024-02-10,3,2,1
2693,4924,9,2024-12-06,5,12,1
2694,1857,7,2023-07-11,4,7,0
2695,4192,2,2023-02-08,4,2,1
2696,964,9,2022-04-24,4,4,0
2697,3228,4,2022-08-11,4,8,0
2698,3827,2,2024-04-19,3,4,0
2699,598,7,2024-12-26,5,12,1
2700,3566,7,2022-06-24,4,6,0
2701,3461,12,2022-03-28,3,3,1
2702,4089,17,2024-01-16,4,1,1
2703,1756,1,2023-04-19,4,4,0
2704,1333,6,2023-11-23,5,11,1
2705,2545,19,2024-08-05,3,8,0
2706,3133,18,2022-06-04,3,6,0
2707,4454,17,2022-06-12,4,6,0
2708,3037,8,2023-05-06,4,5,0
2709,2982,12,2023-04-06,5,4,1
2710,4601,6,2024-01-07,5,1,1
2711,2990,15,2023-02-04,3,2,0
2712,2601,1,2024-12-21,5,12,1
2713,1332,16,2023-06-06,5,6,1
2714,344,19,2023-08-08,4,8,0
2715,4235,8,2024-12-26,5,12,1
2716,1027,20,2023-07-21,5,7,0
2717,1411,13,2022-04-19,5,4,0
2718,4775,7,2022-10-24,5,10,1
2719,545,1,2024-06-24,4,6,0
2720,2163,2,2022-02-23,5,2,1
2721,2781,3,2023-01-28,5,1,1
2722,2325,18,2024-12-18,5,12,1
2723,818,6,2024-05-24,3,5,0
2724,972,12,2024-03-09,5,3,1
2725,1279,6,2023-07-25,4,7,0
2726,911,19,2024-10-13,5,10,1
2727,3390,6,2022-05-11,4,5,0
2728,1118,20,2022-09-14,4,9,0
2729,2565,11,2022-12-28,5,12,1
2730,1944,19,2024-05-28,3,5,0
2731,1184,17,2022-08-17,3,8,0
2732,3324,10,2023-11-02,4,11,1
2733,1188,16,2022-08-27,4,8,1
2734,3981,20,2024-05-10,3,5,0
2735,615,2,2024-03-03,5,3,1
2736,517,14,2023-01-01,5,1,0
2737,2805,14,2024-06-19,4,6,0
2738,4190,17,2024-12-09,3,12,1
2739,3143,1,2024-10-26,4,10,0
2740,1276,9,2022-12-03,5,12,1
2741,641,18,2023-04-03,4,4,0
2742,2655,1,2023-10-01,5,10,0
2743,4328,17,2022-02-07,5,2,1
2744,1519,14,2023-11-12,5,11,1
2745,3685,5,2023-12-03,5,12,1
2746,3233,1,2023-11-28,5,11,1
2747,4241,1,2022-08-17,4,8,0
2748,17,2,2024-09-23,3,9,0
2749,4840,7,2024-12-07,5,12,1
2750,2408,10,2023-12-24,5,12,1
2751,4915,6,2024-12-20,5,12,1
2752,1625,5,2023-04-07,5,4,0
2753,2150,13,2024-04-27,4,4,0
2754,715,14,2024-01-08,5,1,0
2755,1479,6,2023-06-25,4,6,0
2756,4238,10,2022-12-13,5,12,1
2757,2271,17,2023-04-03,4,4,0
2758,2366,14,2023-01-21,3,1,0
2759,1033,3,2023-10-25,4,10,1
2760,939,12,2023-01-11,4,1,1
2761,3829,4,2023-12-26,4,12,1
2762,4021,11,2022-06-26,4,6,0
2763,906,12,2023-06-12,4,6,0
2764,531,14,2022-09-05,5,9,1
2765,4429,6,2022-02-16,5,2,1
2766,1567,8,2023-07-07,3,7,0
2767,1548,8,2022-10-05,3,10,1
2768,1414,6,2023-05-25,4,5,0
2769,3890,6,2024-02-04,5,2,1
2770,5,4,2024-01-16,5,1,1
2771,4056,4,2022-10-15,3,10,1
2772,3952,1,2023-10-24,3,10,0
2773,3515,8,2023-09-25,4,9,0
2774,1086,1,2024-12-24,5,12,1
2775,4808,18,2023-08-16,4,8,0
2776,3950,20,2023-11-16,5,11,1
2777,406,12,2023-12-14,5,12,1
2778,2639,16,2022-12-21,4,12,0
2779,3036,20,2023-03-10,4,3,1
2780,25,11,2023-04-07,5,4,0
2781,1605,11,2023-03-07,3,3,0
2782,2142,18,2023-06-04,4,6,0
2783,3151,4,2023-04-21,4,4,0
2784,1990,2,2023-10-09,4,10,1
2785,1622,17,2024-03-10,5,3,1
2786,1248,19,2023-04-15,4,4,0
2787,74,19,2022-09-04,4,9,1
2788,1484,3,2022-08-19,4,8,0
2789,4681,7,2022-05-10,4,5,0
2790,1213,13,2023-08-02,4,8,1
2791,4527,6,2024-01-10,5,1,1
2792,163,7,2024-07-13,5,7,0
2793,4168,8,2023-02-15,4,2,1
2794,517,18,2022-08-26,4,8,0
2795,765,7,2023-05-25,4,5,0
2796,4111,3,2024-11-03,5,11,1
2797,4436,14,2023-07-22,5,7,0
2798,3112,20,2022-08-24,4,8,0
2799,1028,8,2023-12-13,4,12,1
2800,1193,6,2024-12-19,4,12,1
2801,1965,5,2023-11-03,5,11,1
2802,3223,2,2022-01-20,5,1,1
2803,4885,10,2023-03-18,5,3,1
2804,4726,7,2024-02-01,5,2,1
2805,1911,16,2022-03-20,3,3,0
2806,4603,20,2024-01-22,5,1,1
2807,662,15,2024-05-18,5,5,1
2808,3392,10,2022-07-14,3,7,0
2809,1326,3,2024-05-01,5,5,0
2810,3327,11,2023-09-13,4,9,1
2811,2088,1,2023-08-06,4,8,0
2812,46,7,2023-07-09,4,7,0
2813,1796,14,2024-12-13,4,12,0
2814,3892,1,2023-10-05,4,10,0
2815,2913,12,2022-03-10,3,3,1
2816,3737,6,2023-09-04,5,9,0
2817,2581,5,2022-10-02,4,10,1
2818,953,16,2024-01-21,5,1,0
2819,1314,16,2023-09-03,5,9,1
2820,1886,16,2022-07-28,5,7,1
2821,438,17,2022-06-22,3,6,0
2822,2477,5,2024-04-02,5,4,0
2823,2382,2,2024-07-01,4,7,0
2824,2831,16,2023-11-04,5,11,0
2825,3216,19,2024-12-14,5,12,1
2826,3664,4,2024-07-15,4,7,0
2827,2285,2,2024-04-21,3,4,0
2828,1732,4,2023-03-26,5,3,0
2829,4079,14,2023-07-17,5,7,0
2830,3816,3,2024-10-10,5,10,1
2831,4739,17,2023-10-09,4,10,1
2832,2350,12,2023-09-23,4,9,0
2833,1242,20,2023-12-08,4,12,1
2834,2545,3,2024-02-27,5,2,1
2835,1135,3,2023-05-18,4,5,0
2836,3678,18,2024-05-12,4,5,0
2837,3186,17,2022-08-21,4,8,0
2838,3913,7,2022-09-04,4,9,0
2839,539,10,2022-11-03,5,11,1
2840,985,12,2023-09-02,5,9,0
2841,1701,13,2024-06-02,5,6,1
2842,3889,17,2024-09-14,4,9,0
2843,3587,18,2024-09-26,4,9,0
2844,4190,14,2023-10-08,5,10,1
2845,2635,12,2023-06-01,4,6,0
2846,4905,11,2022-04-20,3,4,0
2847,78,7,2022-10-14,4,10,1
2848,3422,15,2023-01-18,5,1,0
2849,3549,8,2022-09-20,5,9,0
2850,210,10,2023-04-22,4,4,0
2851,1786,18,2023-05-22,5,5,0
2852,842,20,2022-07-15,3,7,0
2853,274,8,2022-09-22,3,9,0
2854,1306,3,2022-11-25,4,11,1
2855,3323,20,2022-08-09,3,8,0
2856,1075,12,2022-08-05,3,8,0
2857,860,14,2023-10-03,5,10,1
2858,1171,3,2023-04-07,5,4,1
2859,4221,9,2022-12-10,5,12,1
2860,1243,11,2022-08-28,5,8,0
2861,1270,14,2023-12-22,4,12,0
2862,2014,8,2024-07-12,3,7,0
2863,1770,8,2024-04-01,4,4,0
2864,4894,6,2023-07-22,4,7,0
2865,2474,3,2022-07-04,4,7,0
2866,4921,8,2023-04-27,3,4,0
2867,898,6,2024-07-12,4,7,0
2868,3025,17,2024-06-13,3,6,0
2869,4659,8,2024-01-08,5,1,1
2870,2355,7,2022-09-14,4,9,0
2871,2733,9,2023-03-01,4,3,0
2872,2780,1,2022-08-23,3,8,0
2873,4016,12,2024-04-22,4,4,1
2874,4661,16,2022-06-15,5,6,1
2875,3806,1,2023-10-03,4,10,0
2876,1362,11,2023-11-02,5,11,1
2877,4173,19,2024-03-26,3,3,0
2878,4344,8,2023-01-16,5,1,1
2879,3005,7,2023-09-24,4,9,0
2880,3869,14,2024-08-26,4,8,0
2881,3839,12,2022-07-26,3,7,0
2882,4255,4,2023-09-22,4,9,0
2883,4555,16,2024-03-21,4,3,0
2884,2718,14,2023-02-01,5,2,1
2885,4164,12,2022-10-12,5,10,0
2886,4743,2,2022-11-20,4,11,1
2887,860,15,2023-02-15,4,2,0
2888,3374,15,2023-11-17,4,11,0
2889,2804,10,2024-05-21,5,5,0
2890,4047,6,2022-08-23,4,8,0
2891,675,6,2023-05-10,3,5,0
2892,4417,7,2023-08-16,4,8,0
2893,723,11,2022-07-12,5,7,0
2894,3789,10,2022-11-27,4,11,1
2895,4759,5,2022-10-05,5,10,1
2896,4618,18,2024-10-21,3,10,1
2897,2549,4,2023-10-23,4,10,1
2898,4953,6,2023-03-16,5,3,1
2899,4854,4,2022-07-24,4,7,0
2900,1021,10,2023-08-17,5,8,0
2901,877,10,2022-06-15,4,6,0
2902,248,2,2023-01-20,5,1,1
2903,1289,13,2024-07-11,5,7,1
2904,181,12,2023-09-10,3,9,0
2905,73,3,2024-02-23,5,2,1
2906,4053,14,2022-03-26,5,3,1
2907,754,5,2023-07-11,4,7,0
2908,4289,10,2024-08-13,3,8,0
2909,3308,9,2024-06-03,4,6,0
2910,3168,12,2024-07-10,4,7,0
2911,1287,20,2022-08-26,3,8,0
2912,3150,12,2022-03-11,4,3,1
2913,3816,10,2023-01-25,5,1,1
2914,4625,12,2024-12-17,5,12,1
2915,2642,8,2023-03-15,5,3,1
2916,4831,18,2023-01-14,5,1,1
2917,2728,6,2024-10-11,5,10,1
2918,1193,17,2022-11-26,4,11,1
2919,1690,9,2024-01-24,5,1,1
2920,3163,14,2022-10-10,5,10,1
2921,3986,3,2024-05-05,5,5,0
2922,4692,15,2024-08-23,4,8,0
2923,2911,6,2024-02-18,5,2,1
2924,1495,14,2024-08-14,3,8,0
2925,4805,6,2023-02-28,5,2,1
2926,564,18,2023-05-10,4,5,0
2927,3772,11,2023-04-09,4,4,0
2928,1310,10,2023-08-03,4,8,0
2929,885,7,2022-01-26,5,1,1
2930,917,1,2022-01-16,4,1,1
2931,3418,4,2022-04-08,4,4,0
2932,952,3,2023-04-25,5,4,1
2933,3750,14,2023-08-03,4,8,0
2934,1877,3,2024-04-05,5,4,1
2935,2124,2,2024-03-15,5,3,1
2936,1884,1,2023-10-21,3,10,0
2937,2032,13,2022-04-13,4,4,0
2938,1164,14,2023-01-05,5,1,0
2939,3111,12,2022-03-24,5,3,1
2940,3257,19,2022-06-11,3,6,0
2941,3981,8,2024-03-02,5,3,1
2942,750,14,2024-06-24,4,6,0
2943,3153,4,2023-09-14,3,9,0
2944,1041,4,2023-09-22,4,9,0
2945,477,12,2024-03-10,5,3,1
2946,3392,2,2024-03-17,5,3,1
2947,4314,20,2023-03-25,4,3,1
2948,2195,2,2023-03-23,3,3,1
2949,2510,4,2023-10-09,4,10,1
2950,1703,14,2024-05-15,4,5,1
2951,1886,11,2022-06-15,5,6,0
2952,4650,10,2022-06-12,3,6,0
2953,2794,6,2022-07-17,4,7,0
2954,2409,17,2024-08-22,4,8,0
2955,3983,1,2022-11-04,5,11,1
2956,3227,15,2022-04-14,5,4,1
2957,825,13,2024-09-21,5,9,1
2958,3016,3,2023-02-19,4,2,1
2959,3920,10,2024-03-09,5,3,1
2960,1480,3,2023-10-17,5,10,1
2961,2725,12,2022-11-01,5,11,1
2962,591,1,2024-10-07,4,10,0
2963,1551,13,2023-08-27,5,8,1
2964,271,1,2024-06-20,4,6,0
2965,3011,10,2022-06-14,3,6,0
2966,4700,1,2022-02-15,5,2,1
2967,2273,20,2024-10-07,5,10,1
2968,1435,17,2022-04-23,3,4,0
2969,3710,18,2023-02-20,5,2,1
2970,2903,12,2023-05-04,3,5,0
2971,2811,16,2023-09-22,4,9,1
2972,401,15,2024-02-25,3,2,0
2973,4316,16,2022-09-03,4,9,1
2974,4741,2,2024-01-20,4,1,1
2975,2508,1,2022-04-16,5,4,0
2976,3130,2,2024-02-28,5,2,1
2977,4442,15,2022-08-18,3,8,0
2978,799,6,2023-08-16,5,8,0
2979,1942,16,2022-12-13,4,12,0
2980,3528,15,2022-02-22,3,2,0
2981,4807,16,2023-12-04,3,12,0
2982,3622,14,2023-07-16,2,7,0
2983,2927,4,2022-08-26,4,8,0
2984,3764,17,2024-02-26,4,2,1
2985,374,5,2023-02-18,5,2,1
2986,1915,17,2023-08-18,5,8,0
2987,2679,16,2023-05-19,5,5,1
2988,698,13,2024-11-02,4,11,0
2989,1383,6,2024-08-08,4,8,0
2990,3483,10,2023-08-17,5,8,0
2991,2677,17,2024-02-17,5,2,1
2992,719,12,2023-04-08,4,4,1
2993,1323,14,2022-02-16,4,2,1
2994,3225,20,2022-10-04,4,10,1
2995,4021,4,2022-08-27,5,8,0
2996,2808,11,2023-06-08,4,6,0
2997,4672,13,2023-04-16,4,4,0
2998,2177,19,2022-05-23,4,5,0
2999,1682,7,2023-04-15,5,4,0
3000,1386,2,2022-07-23,3,7,0
3001,4090,7,2022-07-02,4,7,0
3002,2635,8,2022-03-21,4,3,1
3003,668,7,2022-10-16,5,10,1
3004,4845,6,2022-08-04,5,8,0
3005,2044,2,2022-11-28,3,11,1
3006,4649,17,2024-05-01,4,5,0
3007,3896,8,2023-04-03,4,4,0
3008,650,1,2022-09-04,3,9,0
3009,3479,20,2022-03-14,5,3,1
3010,4536,1,2024-02-19,4,2,1
3011,4830,11,2024-12-12,5,12,1
3012,4235,4,2023-07-25,3,7,0
3013,3309,13,2023-08-19,5,8,1
3014,908,11,2023-04-24,4,4,0
3015,4592,20,2024-06-18,2,6,0
3016,3756,5,2022-11-05,5,11,1
3017,3753,7,2023-08-22,3,8,0
3018,1793,18,2024-03-13,5,3,1
3019,4516,18,2022-07-04,5,7,0
3020,2302,19,2022-07-24,4,7,0
3021,171,3,2024-07-26,5,7,0
3022,79,11,2024-11-18,5,11,1
3023,2864,6,2023-12-06,5,12,1
3024,3461,13,2023-08-10,4,8,1
3025,3439,11,2024-06-17,5,6,0
3026,4624,19,2022-07-08,5,7,0
3027,2844,7,2022-07-25,3,7,0
3028,4515,9,2023-04-25,5,4,0
3029,3057,20,2022-03-07,5,3,1
3030,4850,14,2024-12-15,4,12,0
3031,3662,3,2023-05-01,4,5,0
3032,1821,8,2023-06-23,5,6,0
3033,4033,3,2022-08-14,3,8,0
3034,795,13,2023-07-27,5,7,1
3035,1480,13,2022-03-11,4,3,0
3036,914,14,2024-06-19,3,6,0
3037,288,17,2022-11-16,4,11,1
3038,1202,12,2024-04-27,4,4,1
3039,1905,2,2024-11-20,4,11,1
3040,632,7,2022-02-05,5,2,1
3041,2064,13,2022-04-16,5,4,0
3042,3018,20,2024-11-26,4,11,1
3043,2852,5,2022-03-06,5,3,1
3044,4636,20,2024-02-28,5,2,1
3045,4378,4,2023-11-26,5,11,1
3046,38,2,2023-03-05,4,3,1
3047,4047,2,2022-05-24,3,5,0
3048,3561,10,2024-05-21,4,5,0
3049,4129,4,2024-07-17,3,7,0
3050,1051,9,2023-06-07,5,6,0
3051,4766,15,2023-10-25,5,10,1
3052,4414,8,2022-09-28,3,9,0
3053,1377,12,2023-09-28,4,9,0
3054,3342,1,2023-06-18,5,6,0
3055,2590,13,2024-02-20,4,2,0
3056,1031,1,2024-11-10,5,11,1
3057,1386,15,2022-04-08,5,4,1
3058,4361,17,2023-08-14,3,8,0
3059,1918,19,2024-10-17,5,10,1
3060,3223,2,2022-09-03,4,9,0
3061,1209,7,2023-06-03,5,6,0
3062,42,15,2022-10-12,5,10,1
3063,1784,19,2023-02-10,5,2,1
3064,1587,20,2023-12-18,5,12,1
3065,4350,2,2022-06-16,3,6,0
3066,427,20,2022-11-17,5,11,1
3067,2112,19,2022-12-11,5,12,1
3068,1509,16,2022-03-20,4,3,0
3069,1593,14,2022-09-22,4,9,1
3070,1379,1,2022-02-06,5,2,1
3071,725,12,2023-09-17,4,9,0
3072,1869,6,2024-08-04,4,8,0
3073,3000,18,2023-09-14,3,9,0
3074,4241,15,2022-05-25,5,5,1
3075,1303,16,2024-02-15,4,2,0
3076,4155,20,2023-03-28,5,3,1
3077,3785,2,2022-06-06,4,6,0
3078,4370,1,2023-02-27,4,2,1
3079,1819,20,2023-11-07,4,11,1
3080,399,9,2024-02-28,5,2,1
3081,1910,7,2023-06-10,5,6,0
3082,2699,14,2023-04-27,4,4,1
3083,1307,12,2022-12-23,5,12,1
3084,2013,11,2022-10-12,5,10,1
3085,2193,2,2023-11-17,4,11,1
3086,2316,1,2022-08-19,4,8,0
3087,4432,6,2024-09-07,4,9,0
3088,2602,2,2024-10-15,5,10,1
3089,2587,12,2023-10-25,5,10,0
3090,1079,3,2022-02-17,4,2,1
3091,4769,13,2022-09-26,5,9,1
3092,1390,2,2023-06-06,3,6,0
3093,157,2,2022-04-11,4,4,0
3094,4059,1,2022-09-03,3,9,0
3095,3257,11,2023-02-24,5,2,1
3096,974,9,2022-04-22,5,4,0
3097,2253,18,2024-09-02,5,9,0
3098,1064,7,2022-09-04,4,9,0
3099,1033,10,2023-08-18,3,8,0
3100,287,3,2023-09-14,3,9,0
3101,2068,18,2022-11-11,5,11,1
3102,3140,4,2022-09-24,4,9,0
3103,154,4,2023-09-13,5,9,0
3104,3131,12,2023-11-21,5,11,1
3105,1583,6,2023-03-24,5,3,1
3106,2059,12,2023-06-03,5,6,0
3107,672,20,2023-04-26,3,4,0
3108,3026,10,2023-12-06,5,12,1
3109,3632,6,2023-03-04,5,3,1
3110,1992,18,2024-03-10,4,3,1
3111,4639,18,2023-04-19,4,4,0
3112,4121,19,2022-06-02,4,6,0
3113,3734,3,2022-08-04,4,8,0
3114,3547,9,2022-08-28,5,8,0
3115,2577,13,2023-12-20,3,12,0
3116,4094,7,2024-03-24,4,3,1
3117,4540,4,2023-12-28,5,12,1
3118,2033,16,2024-06-12,5,6,1
3119,4153,1,2024-05-23,3,5,0
3120,1834,20,2023-07-14,4,7,0
3121,3328,13,2022-01-16,4,1,0
3122,42,10,2023-10-27,4,10,1
3123,3471,13,2022-03-08,5,3,0
3124,3404,9,2024-03-24,4,3,0
3125,4879,15,2023-02-04,4,2,0
3126,1580,9,2024-01-24,4,1,1
3127,4071,3,2024-12-15,5,12,1
3128,4510,18,2024-12-14,5,12,1
3129,55,1,2022-10-20,4,10,0
3130,3496,3,2023-02-18,4,2,1
3131,861,14,2023-01-23,4,1,0
3132,4860,9,2023-06-09,4,6,0
3133,3505,3,2022-10-26,5,10,1
3134,4286,7,2022-02-20,4,2,1
3135,2158,2,2024-03-04,4,3,1
3136,461,10,2022-09-04,5,9,0
3137,2550,15,2022-09-17,5,9,1
3138,3488,7,2022-02-23,5,2,1
3139,987,17,2022-04-15,4,4,0
3140,4268,10,2023-01-07,4,1,1
3141,2323,1,2024-07-08,3,7,0
3142,2515,16,2023-08-07,5,8,1
3143,1657,9,2023-06-14,4,6,0
3144,3041,1,2022-05-25,4,5,0
3145,3050,3,2022-01-12,5,1,1
3146,4890,8,2024-05-24,3,5,0
3147,1587,7,2024-09-25,5,9,0
3148,974,9,2023-10-19,5,10,1
3149,3379,11,2023-04-18,5,4,0
3150,3762,2,2023-05-03,4,5,0
3151,4599,12,2024-07-11,4,7,0
3152,1895,15,2023-02-26,5,2,0
3153,4622,19,2024-09-12,5,9,1
3154,2421,4,2023-08-05,4,8,0
3155,1399,4,2024-03-13,3,3,0
3156,2790,13,2023-02-04,5,2,0
3157,3367,14,2022-01-28,4,1,0
3158,1577,20,2024-01-13,3,1,1
3159,3202,8,2022-01-02,5,1,1
3160,4295,9,2022-03-26,4,3,0
3161,1136,1,2023-04-27,3,4,0
3162,4848,17,2022-10-18,5,10,1
3163,1370,19,2023-11-27,5,11,1
3164,2899,16,2024-08-01,5,8,1
3165,55,13,2024-04-05,4,4,0
3166,4646,1,2022-10-11,4,10,0
3167,651,6,2024-06-11,4,6,0
3168,2168,13,2022-07-27,5,7,1
3169,1162,19,2024-04-11,4,4,0
3170,1576,12,2024-03-22,5,3,1
3171,1474,6,2023-09-09,4,9,0
3172,907,9,2022-05-18,3,5,0
3173,4655,7,2023-12-13,5,12,1
3174,4707,14,2024-06-01,5,6,0
3175,2335,17,2024-02-10,5,2,1
3176,3150,8,2022-12-13,4,12,1
3177,1554,10,2022-09-20,5,9,0
3178,1069,7,2023-08-07,5,8,0
3179,204,12,2022-09-10,3,9,0
3180,71,1,2022-04-18,5,4,0
3181,81,8,2023-01-24,5,1,1
3182,4939,2,2024-09-24,4,9,0
3183,3486,11,2023-03-27,4,3,0
3184,2067,17,2023-05-23,4,5,0
3185,2660,11,2022-04-20,3,4,0
3186,3026,2,2024-06-22,5,6,0
3187,4394,20,2024-02-17,5,2,1
3188,2020,12,2023-12-09,5,12,1
3189,4608,10,2024-06-01,5,6,0
3190,3808,1,2023-03-21,4,3,1
3191,4677,9,2024-06-03,3,6,0
3192,4747,14,2022-07-21,4,7,0
3193,2525,17,2022-02-04,5,2,1
3194,2278,10,2024-11-02,4,11,1
3195,2546,16,2023-01-06,4,1,0
3196,2928,5,2022-08-12,4,8,0
3197,620,19,2022-12-26,5,12,1
3198,86,1,2024-01-27,4,1,1
3199,3817,7,2022-06-26,5,6,0
3200,4931,19,2023-05-11,4,5,0
3201,1215,17,2023-08-08,4,8,0
3202,3499,5,2022-03-24,5,3,1
3203,530,15,2023-03-24,5,3,1
3204,972,11,2024-10-19,4,10,1
3205,1949,20,2024-07-12,3,7,0
3206,2349,17,2023-02-25,5,2,1
3207,2593,7,2023-10-16,5,10,1
3208,3062,19,2022-07-12,5,7,0
3209,357,3,2022-10-03,5,10,1
3210,1202,2,2024-03-09,5,3,1
3211,3610,18,2022-10-01,5,10,1
3212,2262,16,2022-09-16,5,9,1
3213,3144,15,2022-09-02,4,9,1
3214,1533,8,2023-05-03,3,5,0
3215,1802,15,2023-06-11,4,6,1
3216,3453,18,2024-01-27,5,1,1
3217,1501,18,2022-03-11,5,3,1
3218,3329,4,2022-08-19,5,8,0
3219,2929,6,2023-11-15,5,11,1
3220,2497,8,2023-08-17,4,8,0
3221,737,20,2022-07-24,4,7,0
3222,4034,20,2022-03-21,5,3,1
3223,649,16,2022-09-26,5,9,1
3224,2578,7,2024-03-01,5,3,1
3225,4372,19,2023-08-19,3,8,0
3226,3600,4,2024-05-15,4,5,0
3227,3163,1,2022-06-28,4,6,0
3228,4918,15,2022-07-05,4,7,0
3229,1382,9,2024-03-01,4,3,0
3230,4931,7,2022-03-02,4,3,1
3231,3090,4,2023-02-17,5,2,1
3232,1021,3,2023-08-19,5,8,0
3233,2582,9,2022-11-16,5,11,1
3234,1655,13,2024-01-14,5,1,0
3235,327,12,2023-01-25,4,1,1
3236,875,2,2023-02-10,4,2,1
3237,4296,12,2023-02-21,5,2,1
3238,3699,20,2022-09-05,5,9,0
3239,2239,19,2022-12-09,5,12,1
3240,3470,1,2022-02-23,5,2,1
3241,678,7,2024-05-05,5,5,0
3242,731,9,2022-12-01,5,12,1
3243,4227,8,2023-10-15,5,10,1
3244,883,8,2023-03-12,4,3,1
3245,458,1,2024-08-11,5,8,0
3246,339,10,2024-07-08,3,7,0
3247,1055,4,2023-03-12,5,3,0
3248,792,11,2024-02-15,5,2,1
3249,3396,6,2022-04-15,4,4,0
3250,3627,6,2022-03-13,5,3,1
3251,2878,12,2024-02-20,4,2,1
3252,4756,10,2022-08-17,4,8,0
3253,1598,14,2022-07-23,4,7,0
3254,1304,2,2022-07-07,4,7,0
3255,3265,18,2024-08-23,4,8,0
3256,2654,5,2024-03-18,4,3,1
3257,914,7,2024-12-15,5,12,1
3258,2345,2,2022-06-23,4,6,0
3259,4076,7,2023-12-25,5,12,1
3260,1870,2,2023-05-13,3,5,0
3261,1589,8,2023-12-15,5,12,1
3262,4890,12,2023-11-23,5,11,1
3263,1703,20,2022-04-03,4,4,0
3264,4939,14,2023-07-01,4,7,0
3265,4579,8,2024-03-01,4,3,1
3266,1267,11,2022-08-01,3,8,0
3267,4438,2,2023-07-13,2,7,0
3268,1938,10,2024-07-23,4,7,0
3269,4240,9,2022-09-11,5,9,1
3270,2843,19,2024-02-04,5,2,1
3271,125,3,2024-07-28,4,7,0
3272,1024,19,2022-02-22,5,2,1
3273,4693,11,2022-04-27,4,4,0
3274,4174,16,2024-04-01,4,4,0
3275,3325,4,2024-03-17,3,3,0
3276,2686,17,2023-12-16,5,12,1
3277,2488,9,2024-09-07,5,9,1
3278,3790,1,2024-06-27,3,6,0
3279,4351,12,2023-12-22,5,12,1
3280,2800,17,2022-10-24,4,10,1
3281,981,7,2024-04-15,4,4,0
3282,2124,1,2022-11-12,4,11,1
3283,2674,4,2023-09-02,4,9,0
3284,3633,20,2023-09-05,4,9,0
3285,1756,5,2024-06-19,5,6,0
3286,2369,4,2022-11-20,5,11,1
3287,3335,6,2022-06-03,5,6,0
3288,1129,20,2023-01-12,4,1,1
3289,753,7,2024-06-15,5,6,0
3290,1559,1,2024-04-23,3,4,0
3291,434,1,2023-05-24,4,5,0
3292,2755,9,2023-07-18,4,7,0
3293,4055,20,2023-06-13,4,6,0
3294,94,10,2024-04-01,2,4,0
3295,3793,8,2022-12-15,5,12,1
3296,3106,14,2024-04-15,4,4,1
3297,4774,11,2023-09-08,5,9,1
3298,508,6,2024-07-19,3,7,0
3299,3685,10,2022-10-17,5,10,1
3300,92,10,2024-06-21,4,6,0
3301,3790,16,2023-04-10,5,4,0
3302,949,11,2022-03-22,4,3,0
3303,730,5,2024-01-04,4,1,1
3304,4944,9,2023-02-23,5,2,1
3305,4096,18,2024-06-24,4,6,0
3306,2162,15,2024-12-19,4,12,0
3307,1222,6,2022-03-01,5,3,1
3308,2156,18,2022-05-13,5,5,0
3309,3494,18,2023-05-27,4,5,0
3310,2133,15,2023-11-14,3,11,0
3311,1324,16,2022-10-25,5,10,0
3312,2970,11,2024-05-16,3,5,0
3313,4349,5,2022-10-27,5,10,1
3314,3514,10,2022-08-24,3,8,0
3315,2889,15,2023-12-15,4,12,0
3316,4596,20,2023-05-23,4,5,0
3317,195,11,2024-09-05,5,9,1
3318,3095,9,2022-03-14,4,3,0
3319,3863,11,2022-01-21,5,1,1
3320,1709,18,2022-02-18,5,2,1
3321,1490,8,2022-08-06,3,8,0
3322,575,8,2023-12-11,5,12,1
3323,923,11,2023-04-18,5,4,0
3324,4061,6,2024-07-15,4,7,0
3325,4719,14,2024-11-10,5,11,1
3326,3912,3,2023-01-27,4,1,1
3327,4910,2,2022-07-19,3,7,0
3328,3396,15,2022-05-16,5,5,1
3329,1098,17,2024-11-19,5,11,1
3330,3211,8,2023-07-28,3,7,0
3331,1941,3,2023-11-02,4,11,1
3332,3019,20,2022-01-14,4,1,1
3333,627,9,2023-09-27,4,9,1
3334,1795,6,2024-09-13,3,9,0
3335,3503,19,2024-11-14,5,11,1
3336,2827,3,2022-10-26,4,10,1
3337,3386,1,2023-12-06,4,12,1
3338,1310,7,2024-02-02,4,2,1
3339,904,18,2024-11-04,5,11,1
3340,3478,13,2022-09-20,5,9,1
3341,2542,14,2024-11-13,4,11,1
3342,1983,1,2024-10-07,4,10,0
3343,1236,5,2023-04-19,3,4,0
3344,1375,15,2024-08-01,4,8,0
3345,2048,17,2024-05-26,3,5,0
3346,338,16,2022-09-10,5,9,1
3347,4425,6,2022-07-06,3,7,0
3348,2026,2,2024-05-08,3,5,0
3349,1498,10,2024-04-24,4,4,0
3350,359,7,2024-06-13,5,6,0
3351,1153,17,2024-02-23,5,2,1
3352,480,4,2022-03-03,3,3,0
3353,1925,2,2024-11-01,5,11,1
3354,3173,17,2022-10-20,4,10,1
3355,3458,7,2024-05-04,4,5,0
3356,1578,8,2023-12-28,4,12,1
3357,386,10,2022-12-06,5,12,1
3358,4149,2,2023-03-16,5,3,1
3359,719,20,2022-01-21,5,1,1
3360,3438,6,2024-03-08,5,3,1
3361,1039,3,2023-07-26,5,7,0
3362,1945,11,2022-07-10,3,7,0
3363,3604,17,2023-09-17,4,9,0
3364,3246,12,2022-02-18,4,2,1
3365,2419,15,2024-10-03,4,10,1
3366,3232,16,2023-01-14,3,1,0
3367,2598,7,2023-06-06,3,6,0
3368,825,1,2023-02-27,5,2,1
3369,4470,7,2024-10-05,4,10,1
3370,2288,3,2022-07-03,4,7,0
3371,1013,19,2024-10-07,5,10,1
3372,955,19,2023-04-06,4,4,0
3373,966,8,2022-06-02,4,6,0
3374,831,14,2024-01-09,5,1,0
3375,1301,7,2024-04-28,4,4,0
3376,1283,4,2022-01-10,4,1,1
3377,3821,17,2023-04-10,4,4,0
3378,3142,10,2023-03-20,5,3,1
3379,2296,15,2022-01-23,4,1,0
3380,843,11,2024-08-04,3,8,0
3381,1744,10,2023-06-05,4,6,0
3382,1340,17,2022-06-12,4,6,0
3383,158,9,2022-09-11,5,9,1
3384,1770,14,2024-01-04,5,1,0
3385,2858,10,2023-02-09,5,2,1
3386,4411,20,2023-11-14,4,11,1
3387,2180,15,2024-07-09,4,7,0
3388,4907,15,2022-10-13,5,10,1
3389,3060,5,2022-12-10,5,12,1
3390,4921,12,2024-04-27,5,4,1
3391,618,1,2023-09-28,3,9,0
3392,4222,18,2023-03-05,5,3,1
3393,599,3,2022-12-16,3,12,1
3394,1093,2,2024-09-08,3,9,0
3395,1005,14,2024-12-11,4,12,0
3396,1627,13,2024-04-13,3,4,0
3397,2680,9,2023-11-20,5,11,1
3398,148,11,2022-10-10,4,10,1
3399,831,7,2024-05-18,2,5,0
3400,4497,3,2023-07-11,4,7,0
3401,3236,3,2023-03-03,5,3,1
3402,2147,1,2022-02-05,3,2,1
3403,3881,15,2022-05-10,5,5,1
3404,11,10,2022-03-04,4,3,1
3405,503,4,2022-09-04,4,9,0
3406,4788,4,2024-03-04,4,3,0
3407,1219,12,2022-01-01,5,1,1
3408,933,19,2024-12-14,5,12,1
3409,3472,12,2024-12-11,5,12,1
3410,3106,9,2024-12-07,5,12,1
3411,2262,10,2024-08-24,4,8,0
3412,3865,20,2022-02-16,5,2,1
3413,3253,15,2022-08-16,5,8,0
3414,257,3,2023-11-15,5,11,1
3415,4126,17,2022-06-15,4,6,0
3416,4474,14,2023-04-25,5,4,1
3417,3187,3,2024-09-10,5,9,0
3418,1274,13,2022-03-16,4,3,0
3419,4833,14,2024-04-16,5,4,1
3420,2130,15,2023-06-24,5,6,1
3421,223,5,2024-10-28,5,10,1
3422,1455,16,2024-04-14,5,4,0
3423,4109,11,2024-08-09,4,8,0
3424,3828,13,2023-09-24,5,9,1
3425,840,19,2023-04-02,4,4,0
3426,1293,18,2023-03-04,5,3,1
3427,4710,1,2022-01-03,4,1,1
3428,1905,3,2024-07-27,3,7,0
3429,477,2,2024-06-15,4,6,0
3430,4239,17,2024-04-26,3,4,0
3431,3048,18,2022-01-15,4,1,1
3432,47,10,2024-10-10,5,10,1
3433,4434,1,2022-08-02,4,8,0
3434,4019,10,2024-07-21,3,7,0
3435,4700,12,2024-01-18,4,1,1
3436,1466,18,2022-06-14,4,6,0
3437,376,13,2023-10-10,4,10,0
3438,4090,13,2024-09-05,5,9,1
3439,4155,13,2022-01-23,5,1,0
3440,4836,16,2022-05-27,5,5,1
3441,2120,15,2023-06-07,5,6,1
3442,1671,19,2023-12-12,5,12,1
3443,4729,17,2023-02-08,5,2,1
3444,3823,7,2022-05-28,4,5,0
3445,3653,12,2024-03-04,5,3,1
3446,1158,6,2023-07-15,2,7,0
3447,3632,17,2024-05-15,4,5,0
3448,1564,13,2024-03-20,3,3,0
3449,1205,9,2023-12-16,5,12,1
3450,1977,10,2024-12-18,4,12,1
3451,3778,5,2023-10-07,5,10,1
3452,15,3,2022-02-08,5,2,1
3453,1742,10,2023-06-06,3,6,0
3454,2871,9,2024-06-05,3,6,0
3455,4816,13,2023-05-19,4,5,1
3456,3456,9,2022-09-08,4,9,1
3457,4094,19,2022-12-07,4,12,1
3458,519,4,2024-07-04,3,7,0
3459,2783,8,2024-09-03,3,9,0
3460,3361,14,2024-06-18,5,6,0
3461,4130,3,2023-05-02,3,5,0
3462,597,16,2024-01-12,4,1,0
3463,2943,11,2022-05-26,3,5,0
3464,2232,15,2023-04-18,5,4,1
3465,3769,14,2022-10-18,5,10,1
3466,3242,7,2024-04-27,5,4,0
3467,536,9,2022-07-27,5,7,0
3468,3108,15,2022-03-13,4,3,1
3469,4752,16,2022-10-28,4,10,0
3470,3249,4,2022-07-17,4,7,0
3471,4426,19,2024-04-03,3,4,0
3472,3608,3,2023-11-04,4,11,1
3473,2514,1,2022-04-25,5,4,0
3474,1071,19,2022-07-17,4,7,0
3475,1467,14,2023-03-22,5,3,1
3476,4441,16,2023-09-01,4,9,1
3477,199,19,2024-02-23,5,2,1
3478,4526,2,2023-02-25,3,2,1
3479,3515,8,2022-01-12,4,1,1
3480,2462,6,2024-11-19,5,11,1
3481,4557,7,2023-04-02,4,4,0
3482,9,20,2024-04-06,4,4,0
3483,2946,3,2024-09-14,3,9,0
3484,2746,6,2022-02-26,5,2,1
3485,1883,4,2022-03-22,3,3,0
3486,2650,12,2024-08-07,3,8,0
3487,3874,5,2022-10-23,5,10,1
3488,442,16,2022-08-09,4,8,1
3489,4348,11,2022-03-07,4,3,0
3490,3852,7,2022-01-19,5,1,1
3491,4917,1,2022-06-23,4,6,0
3492,17,18,2023-11-27,4,11,1
3493,95,4,2023-02-20,4,2,1
3494,2625,11,2022-10-19,5,10,1
3495,2674,18,2023-10-02,5,10,1
3496,3837,7,2022-03-21,5,3,1
3497,67,9,2022-09-26,5,9,1
3498,2930,20,2024-11-10,5,11,1
3499,111,14,2023-07-04,5,7,0
3500,1972,19,2023-04-24,4,4,0
3501,2741,11,2022-03-12,5,3,0
3502,463,12,2022-11-15,5,11,1
3503,916,15,2023-04-20,5,4,1
3504,543,16,2024-10-09,3,10,0
3505,2610,20,2022-02-09,4,2,1
3506,1818,3,2023-01-07,5,1,1
3507,3311,7,2024-09-07,4,9,0
3508,1609,20,2024-10-13,4,10,1
3509,67,8,2023-05-23,4,5,0
3510,541,13,2023-06-21,5,6,1
3511,1766,13,2024-08-02,5,8,1
3512,3767,6,2022-08-06,5,8,0
3513,2045,11,2022-09-28,3,9,1
3514,1307,12,2024-09-15,5,9,0
3515,857,14,2023-09-16,5,9,1
3516,3095,10,2024-02-28,5,2,1
3517,3588,6,2022-06-11,4,6,0
3518,1650,1,2022-07-26,4,7,0
3519,1562,20,2022-07-06,4,7,0
3520,339,7,2023-02-14,4,2,1
3521,260,12,2022-02-17,4,2,1
3522,3763,2,2024-11-15,4,11,1
3523,742,6,2022-03-05,4,3,1
3524,3843,5,2023-07-05,4,7,0
3525,642,11,2023-03-05,4,3,0
3526,3624,14,2022-12-19,5,12,0
3527,2075,1,2022-02-21,5,2,1
3528,1449,4,2024-03-09,4,3,0
3529,784,13,2023-08-24,3,8,1
3530,3514,13,2022-08-27,4,8,1
3531,124,14,2024-04-11,4,4,1
3532,4800,14,2023-07-03,3,7,0
3533,2377,11,2022-07-06,4,7,0
3534,4374,17,2024-06-26,3,6,0
3535,2514,4,2022-02-20,5,2,1
3536,3779,5,2023-06-12,5,6,0
3537,825,15,2024-02-27,4,2,0
3538,2882,20,2023-09-22,4,9,0
3539,388,19,2022-02-07,4,2,1
3540,456,12,2023-07-17,2,7,0
3541,2259,13,2024-11-25,5,11,0
3542,1582,6,2024-06-03,5,6,0
3543,2962,7,2023-07-18,5,7,0
3544,3976,16,2023-02-05,4,2,0
3545,4918,15,2022-08-02,5,8,0
3546,534,16,2023-06-09,5,6,1
3547,3442,5,2024-10-13,5,10,1
3548,1631,20,2023-05-12,3,5,0
3549,3171,7,2022-12-28,4,12,1
3550,2580,1,2022-02-18,4,2,1
3551,237,3,2023-02-24,5,2,1
3552,915,12,2022-07-10,3,7,0
3553,2741,3,2023-06-04,4,6,0
3554,1637,5,2022-05-26,3,5,0
3555,4710,6,2023-12-09,4,12,1
3556,4427,6,2022-10-04,5,10,1
3557,2727,14,2023-02-01,5,2,1
3558,46,11,2023-08-03,4,8,0
3559,33,12,2022-08-08,4,8,0
3560,4836,17,2023-06-06,5,6,0
3561,3618,18,2024-06-17,3,6,0
3562,4672,5,2022-12-24,5,12,1
3563,2364,1,2022-12-25,5,12,1
3564,4079,2,2022-12-01,4,12,1
3565,995,8,2022-05-04,4,5,0
3566,3140,2,2022-06-25,3,6,0
3567,267,20,2024-04-03,3,4,0
3568,4918,11,2024-06-13,4,6,0
3569,1966,2,2023-09-10,4,9,0
3570,4015,12,2022-11-28,5,11,1
3571,2564,11,2024-09-20,5,9,1
3572,2882,8,2023-02-15,4,2,1
3573,155,11,2023-01-12,5,1,1
3574,687,14,2023-07-09,4,7,0
3575,3772,18,2024-04-09,4,4,0
3576,1111,7,2023-11-20,5,11,1
3577,2027,6,2024-09-28,4,9,0
3578,1354,20,2022-06-24,5,6,0
3579,83,1,2023-01-14,5,1,1
3580,3357,7,2023-12-03,5,12,1
3581,2771,9,2023-11-17,5,11,1
3582,3256,19,2022-04-27,3,4,0
3583,3495,2,2023-08-04,4,8,0
3584,167,12,2022-05-14,4,5,0
3585,3246,5,2022-10-06,5,10,1
3586,2613,6,2022-06-26,5,6,0
3587,4217,20,2022-04-22,3,4,0
3588,66,12,2023-01-25,5,1,1
3589,3137,16,2022-04-06,4,4,0
3590,2086,1,2023-03-06,5,3,1
3591,2863,17,2022-08-15,4,8,0
3592,3216,11,2024-09-09,5,9,1
3593,4982,14,2022-07-12,4,7,0
3594,1521,3,2024-02-21,5,2,1
3595,1194,2,2022-05-11,4,5,0
3596,3460,3,2024-03-10,5,3,1
3597,1213,8,2022-08-20,4,8,0
3598,4963,12,2022-04-18,5,4,1
3599,4691,4,2023-01-13,5,1,1
3600,429,14,2024-03-24,3,3,1
3601,3854,17,2022-10-05,5,10,1
3602,1001,8,2024-05-20,3,5,0
3603,790,12,2023-12-16,4,12,1
3604,3174,12,2023-06-23,4,6,0
3605,1028,1,2022-04-13,4,4,0
3606,4427,6,2024-04-06,4,4,0
3607,4375,20,2022-11-04,4,11,1
3608,2011,6,2024-06-22,4,6,0
3609,1114,12,2024-01-22,4,1,1
3610,567,3,2023-10-20,5,10,1
3611,2776,16,2023-01-25,4,1,0
3612,4505,11,2024-01-12,5,1,1
3613,4869,20,2022-08-12,3,8,0
3614,4268,18,2022-11-23,5,11,1
3615,2413,9,2022-11-14,5,11,1
3616,1088,16,2024-10-17,3,10,0
3617,1858,3,2024-12-20,5,12,1
3618,317,9,2022-06-12,5,6,0
3619,1488,15,2023-03-15,5,3,1
3620,1184,10,2023-04-15,3,4,0
3621,4150,12,2022-11-12,5,11,1
3622,1380,11,2024-01-22,5,1,1
3623,787,9,2023-10-19,5,10,1
3624,2595,16,2023-08-01,5,8,1
3625,609,4,2022-11-17,5,11,1
3626,1230,12,2022-09-19,4,9,0
3627,3153,10,2023-11-20,5,11,1
3628,46,10,2024-03-03,5,3,1
3629,586,13,2024-05-08,5,5,1
3630,189,16,2022-10-06,4,10,0
3631,3161,12,2024-10-12,4,10,0
3632,2575,5,2023-10-07,5,10,1
3633,4048,3,2022-07-26,5,7,0
3634,4037,13,2022-05-24,5,5,1
3635,4251,9,2022-04-11,4,4,0
3636,4134,15,2024-02-12,4,2,0
3637,3413,5,2023-01-10,5,1,1
3638,4989,9,2022-01-08,4,1,1
3639,922,18,2023-01-20,5,1,1
3640,2129,10,2023-07-20,2,7,0
3641,3573,12,2023-02-27,4,2,1
3642,3828,16,2022-09-22,5,9,1
3643,3546,10,2024-12-21,5,12,1
3644,1265,1,2022-04-01,3,4,0
3645,1369,12,2023-02-19,4,2,1
3646,4467,12,2024-04-05,5,4,1
3647,94,5,2024-08-28,5,8,0
3648,3695,16,2023-12-25,3,12,0
3649,1037,17,2024-02-05,5,2,1
3650,4041,12,2022-12-27,4,12,1
3651,3168,6,2024-06-01,4,6,0
3652,3716,4,2024-05-18,4,5,0
3653,1700,14,2023-09-17,5,9,1
3654,1543,11,2024-10-21,5,10,1
3655,3239,2,2024-08-05,3,8,0
3656,4423,9,2024-02-14,4,2,1
3657,4354,14,2024-05-05,5,5,1
3658,1198,20,2024-04-25,3,4,0
3659,1419,3,2022-03-11,5,3,1
3660,1754,13,2024-01-16,4,1,0
3661,2957,12,2023-10-19,3,10,0
3662,3218,1,2024-04-24,4,4,0
3663,3298,2,2022-12-15,5,12,1
3664,1678,8,2022-10-04,5,10,1
3665,4220,19,2024-11-07,4,11,1
3666,1452,8,2024-05-21,3,5,0
3667,1189,17,2023-04-25,4,4,0
3668,4276,18,2022-04-05,5,4,0
3669,4139,17,2024-03-24,5,3,1
3670,4307,19,2024-04-05,5,4,0
3671,2203,1,2022-05-17,2,5,0
3672,2452,7,2023-05-10,4,5,0
3673,4355,9,2024-07-20,4,7,0
3674,4534,14,2024-04-06,4,4,1
3675,1183,19,2024-07-16,4,7,0
3676,1578,4,2023-12-28,4,12,1
3677,4542,17,2024-02-10,5,2,1
3678,2427,17,2022-05-26,2,5,0
3679,2162,7,2022-11-05,5,11,1
3680,4364,7,2022-10-14,4,10,1
3681,504,16,2022-01-14,3,1,0
3682,171,19,2024-05-06,5,5,0
3683,464,13,2022-06-12,5,6,1
3684,1358,16,2022-06-26,5,6,1
3685,4109,14,2023-05-25,4,5,1
3686,2047,15,2023-02-14,5,2,0
3687,1369,18,2023-06-25,5,6,0
3688,3519,2,2023-06-08,4,6,0
3689,255,6,2022-01-15,5,1,1
3690,2903,10,2022-03-22,4,3,1
3691,821,20,2023-05-19,3,5,0
3692,4551,2,2023-02-17,5,2,1
3693,1773,20,2022-10-22,4,10,1
3694,4924,2,2022-03-24,4,3,1
3695,665,15,2022-08-10,5,8,0
3696,1256,9,2022-03-05,3,3,0
3697,3022,8,2024-11-06,4,11,1
3698,4693,15,2023-02-02,3,2,0
3699,2829,2,2022-04-02,4,4,0
3700,2975,1,2024-06-13,4,6,0
3701,461,8,2022-03-17,4,3,1
3702,267,11,2024-10-05,5,10,1
3703,38,19,2022-02-23,5,2,1
3704,4779,11,2024-07-22,3,7,0
3705,4386,15,2022-09-14,5,9,1
3706,2572,5,2024-03-03,5,3,1
3707,3636,17,2023-12-07,5,12,1
3708,1301,9,2022-03-07,4,3,0
3709,4048,16,2022-01-05,3,1,0
3710,2935,19,2023-02-28,5,2,1
3711,3884,1,2023-11-15,5,11,1
3712,2873,15,2023-10-16,5,10,1
3713,11,15,2024-05-22,5,5,1
3714,1384,8,2023-02-21,4,2,1
3715,1566,14,2024-03-08,5,3,1
3716,1995,15,2024-11-03,3,11,0
3717,3325,6,2022-07-13,4,7,0
3718,325,20,2022-08-13,3,8,0
3719,945,7,2024-01-14,4,1,1
3720,1020,17,2023-11-24,5,11,1
3721,2052,10,2023-11-22,5,11,1
3722,2177,9,2023-11-22,5,11,1
3723,1584,5,2024-08-14,4,8,0
3724,3206,10,2022-09-04,5,9,0
3725,4842,18,2022-08-05,3,8,0
3726,887,12,2023-07-26,5,7,0
3727,2853,14,2023-04-26,5,4,1
3728,2152,9,2024-01-05,5,1,1
3729,91,7,2022-02-06,4,2,1
3730,105,16,2024-09-19,4,9,1
3731,299,7,2022-12-15,5,12,1
3732,2366,3,2023-03-10,4,3,1
3733,3214,15,2023-02-28,4,2,0
3734,178,15,2023-12-11,4,12,0
3735,3438,18,2024-06-21,5,6,0
3736,2109,6,2023-11-28,5,11,1
3737,443,13,2023-03-01,4,3,0
3738,1692,19,2023-01-17,5,1,1
3739,715,6,2022-04-09,4,4,0
3740,37,16,2023-09-16,5,9,1
3741,4588,9,2023-04-19,5,4,0
3742,4170,4,2023-09-09,4,9,0
3743,2260,15,2023-08-27,3,8,0
3744,1416,19,2024-07-15,4,7,0
3745,1989,4,2024-03-02,4,3,0
3746,4728,17,2024-12-24,5,12,1
3747,975,9,2023-06-03,4,6,0
3748,1812,17,2022-05-10,4,5,0
3749,564,3,2023-01-18,5,1,1
3750,4447,17,2022-09-28,4,9,0
3751,4516,17,2022-08-09,4,8,0
3752,145,18,2024-07-12,5,7,0
3753,3339,13,2023-08-18,5,8,1
3754,215,10,2022-10-18,5,10,1
3755,598,1,2024-11-06,5,11,1
3756,3332,14,2024-01-04,4,1,0
3757,1732,17,2023-05-02,5,5,0
3758,1652,20,2023-03-03,4,3,1
3759,2984,10,2024-11-01,5,11,1
3760,467,5,2022-10-22,5,10,1
3761,2311,12,2023-03-08,3,3,1
3762,117,4,2022-08-04,5,8,0
3763,908,9,2024-03-15,5,3,0
3764,214,17,2024-12-28,5,12,1
3765,1323,16,2022-09-02,5,9,1
3766,442,20,2022-07-01,5,7,0
3767,1288,8,2022-08-02,3,8,0
3768,1966,14,2023-05-08,4,5,1
3769,1227,14,2024-10-02,5,10,1
3770,4790,7,2024-05-04,5,5,0
3771,697,4,2024-03-16,3,3,0
3772,2073,14,2023-01-05,3,1,0
3773,2769,2,2023-02-18,4,2,1
3774,1879,12,2022-04-22,5,4,1
3775,2350,11,2024-02-09,5,2,1
3776,3345,10,2024-09-26,3,9,0
3777,1615,3,2022-01-01,5,1,1
3778,4302,2,2022-04-17,4,4,0
3779,4436,14,2024-10-19,5,10,1
3780,1935,2,2022-07-21,5,7,0
3781,229,15,2024-04-25,3,4,1
3782,738,14,2022-07-05,3,7,0
3783,2770,8,2022-10-14,5,10,1
3784,1277,13,2022-10-19,5,10,0
3785,4503,20,2023-08-01,4,8,0
3786,166,18,2024-03-28,5,3,1
3787,4166,2,2024-06-06,5,6,0
3788,2422,12,2023-06-27,4,6,0
3789,2404,17,2024-08-20,3,8,0
3790,3945,4,2023-03-23,3,3,0
3791,220,17,2024-03-26,5,3,1
3792,1346,15,2022-05-25,4,5,1
3793,4301,19,2023-12-12,4,12,1
3794,1181,13,2023-03-14,4,3,0
3795,1993,16,2022-05-03,5,5,1
3796,1275,9,2023-07-16,4,7,0
3797,4310,10,2023-11-04,5,11,1
3798,216,3,2023-06-15,5,6,0
3799,156,8,2024-12-21,5,12,1
3800,4492,12,2023-03-26,5,3,1
3801,373,8,2023-06-22,4,6,0
3802,662,17,2023-09-07,5,9,0
3803,1063,17,2023-06-07,4,6,0
3804,2883,13,2023-10-12,4,10,0
3805,42,4,2023-08-13,4,8,0
3806,3247,5,2022-10-05,5,10,1
3807,4584,13,2022-05-01,5,5,1
3808,1174,20,2024-03-03,5,3,1
3809,3508,8,2023-01-16,4,1,1
3810,3722,20,2024-10-06,4,10,1
3811,404,16,2022-03-16,5,3,0
3812,2682,5,2023-04-27,3,4,0
3813,1317,7,2024-03-01,4,3,1
3814,3831,9,2022-07-20,3,7,0
3815,2280,9,2023-06-05,4,6,0
3816,1297,18,2022-07-17,4,7,0
3817,3883,14,2023-10-16,5,10,1
3818,1396,20,2022-08-12,4,8,0
3819,4632,19,2023-09-20,5,9,1
3820,3115,18,2022-01-16,5,1,1
3821,2871,16,2024-11-27,4,11,0
3822,3563,12,2022-03-24,5,3,1
3823,3649,4,2023-02-14,5,2,1
3824,2152,16,2022-11-18,4,11,0
3825,192,18,2022-06-11,5,6,0
3826,1626,17,2024-09-04,4,9,0
3827,3318,9,2022-03-21,4,3,0
3828,2355,17,2023-02-19,5,2,1
3829,4082,12,2024-06-03,5,6,0
3830,4507,4,2022-07-14,4,7,0
3831,170,20,2023-08-14,4,8,0
3832,1625,19,2023-11-04,5,11,1
3833,1648,15,2024-03-21,3,3,1
3834,830,16,2023-05-18,5,5,1
3835,4657,7,2024-02-22,5,2,1
3836,1903,15,2023-03-03,5,3,1
3837,2628,9,2023-05-01,5,5,0
3838,386,14,2023-08-09,4,8,0
3839,204,20,2024-04-16,3,4,0
3840,588,19,2024-09-10,4,9,1
3841,4916,10,2023-10-02,4,10,1
3842,210,15,2023-05-23,5,5,1
3843,4577,9,2022-03-08,3,3,0
3844,2318,11,2024-11-16,5,11,1
3845,4621,12,2024-12-27,5,12,1
3846,3052,7,2024-04-10,5,4,0
3847,3440,19,2022-02-25,5,2,1
3848,2686,11,2024-06-20,4,6,0
3849,1526,6,2024-02-10,4,2,1
3850,1627,13,2024-11-05,5,11,0
3851,3847,18,2024-09-28,5,9,0
3852,613,4,2022-07-11,4,7,0
3853,4438,20,2022-11-21,5,11,1
3854,847,19,2023-04-02,3,4,0
3855,1989,17,2024-03-07,4,3,1
3856,1867,5,2023-11-19,5,11,1
3857,3366,3,2023-11-22,5,11,1
3858,449,4,2023-08-13,4,8,0
3859,2069,10,2024-04-26,4,4,0
3860,1138,20,2023-01-04,5,1,1
3861,458,3,2024-05-23,4,5,0
3862,3323,18,2023-06-18,4,6,0
3863,2576,6,2024-08-27,4,8,0
3864,3927,16,2023-06-01,5,6,1
3865,861,15,2022-09-22,4,9,1
3866,1457,1,2023-06-21,4,6,0
3867,4443,2,2022-05-06,4,5,0
3868,2383,7,2024-05-15,4,5,0
3869,4021,6,2024-06-12,5,6,0
3870,3521,11,2024-08-23,4,8,0
3871,3961,2,2024-01-03,4,1,1
3872,623,14,2022-08-26,4,8,0
3873,2265,18,2022-07-20,5,7,0
3874,2842,10,2023-07-12,4,7,0
3875,164,18,2024-11-24,5,11,1
3876,4473,10,2024-04-01,4,4,0
3877,1653,3,2024-04-28,5,4,1
3878,4694,11,2023-01-22,5,1,1
3879,2425,11,2024-12-03,5,12,1
3880,4582,3,2022-04-10,5,4,1
3881,166,4,2022-12-25,5,12,1
3882,3463,9,2022-05-13,4,5,0
3883,2390,8,2024-10-27,4,10,1
3884,424,20,2023-11-03,5,11,1
3885,333,20,2022-12-12,4,12,1
3886,819,3,2022-10-05,5,10,1
3887,2282,10,2022-02-13,5,2,1
3888,3451,3,2022-08-28,4,8,0
3889,4289,14,2023-11-16,5,11,1
3890,3,6,2023-11-23,5,11,1
3891,2034,18,2022-11-10,4,11,1
3892,1785,18,2023-06-26,3,6,0
3893,822,4,2024-07-23,4,7,0
3894,3685,4,2022-04-21,3,4,0
3895,3832,17,2022-12-19,3,12,1
3896,4230,4,2024-04-15,4,4,0
3897,1985,18,2022-04-14,4,4,0
3898,3894,17,2023-12-26,5,12,1
3899,3689,7,2022-08-02,5,8,0
3900,261,13,2022-12-13,5,12,0
3901,3958,4,2022-10-17,4,10,1
3902,71,14,2023-11-15,5,11,1
3903,1949,15,2023-03-23,5,3,1
3904,1476,12,2024-09-24,4,9,0
3905,1269,17,2024-01-12,4,1,1
3906,3815,2,2024-05-20,3,5,0
3907,2705,1,2022-09-19,3,9,0
3908,3844,18,2024-01-15,5,1,1
3909,566,20,2022-10-25,5,10,1
3910,4315,12,2022-09-27,4,9,0
3911,2932,9,2023-03-27,4,3,0
3912,2270,11,2023-07-23,3,7,0
3913,2753,16,2022-03-01,5,3,0
3914,1488,17,2024-02-04,4,2,1
3915,1759,10,2024-11-21,5,11,1
3916,1436,1,2024-01-20,5,1,1
3917,3950,14,2024-02-04,4,2,1
3918,870,19,2022-07-19,3,7,0
3919,1108,4,2024-07-19,4,7,0
3920,2780,15,2024-04-24,5,4,1
3921,1782,11,2022-03-16,4,3,0
3922,4506,1,2023-07-17,5,7,0
3923,3831,6,2024-02-07,5,2,1
3924,3391,8,2023-08-27,3,8,0
3925,2985,19,2024-02-10,5,2,1
3926,1006,20,2024-10-20,5,10,1
3927,2418,14,2024-11-04,5,11,1
3928,968,20,2023-11-20,5,11,1
3929,4079,16,2022-09-24,5,9,1
3930,3244,9,2024-06-20,3,6,0
3931,1713,15,2023-08-26,4,8,0
3932,3755,2,2022-01-16,5,1,1
3933,1422,17,2022-09-19,4,9,0
3934,2725,16,2024-10-05,5,10,0
3935,109,7,2023-05-11,3,5,0
3936,4138,18,2022-07-19,5,7,0
3937,741,8,2023-03-18,5,3,1
3938,222,15,2024-12-16,4,12,0
3939,288,6,2024-07-18,3,7,0
3940,2423,3,2024-08-28,5,8,0
3941,2372,17,2022-04-21,4,4,0
3942,3252,6,2023-05-27,3,5,0
3943,4561,8,2023-11-17,5,11,1
3944,47,17,2022-09-05,4,9,0
3945,734,14,2024-09-01,5,9,1
3946,4629,15,2022-01-15,5,1,0
3947,2446,15,2023-09-04,5,9,1
3948,628,2,2024-08-11,4,8,0
3949,3559,4,2023-08-26,4,8,0
3950,2027,18,2022-05-28,4,5,0
3951,21,13,2023-04-19,4,4,0
3952,621,3,2022-01-09,5,1,1
3953,2636,3,2022-03-28,5,3,1
3954,4189,8,2022-09-19,4,9,0
3955,3361,6,2023-06-28,5,6,0
3956,3294,4,2022-03-07,3,3,0
3957,2142,1,2022-05-10,4,5,0
3958,4535,17,2023-11-10,5,11,1
3959,4876,13,2022-07-25,5,7,1
3960,2636,1,2024-10-03,3,10,0
3961,1994,6,2023-08-16,4,8,0
3962,1112,16,2024-08-02,4,8,1
3963,3718,11,2024-09-14,5,9,1
3964,2801,12,2022-12-01,4,12,1
3965,2208,11,2022-09-15,5,9,1
3966,3278,10,2024-10-22,4,10,1
3967,3482,2,2023-05-25,3,5,0
3968,2063,14,2023-01-20,3,1,0
3969,2342,1,2022-05-23,4,5,0
3970,2041,18,2024-04-24,5,4,0
3971,4792,13,2022-03-11,3,3,0
3972,3351,5,2024-01-13,5,1,1
3973,2524,10,2022-11-14,5,11,1
3974,1517,5,2022-01-09,5,1,1
3975,4416,13,2023-11-08,4,11,0
3976,4847,17,2023-06-16,2,6,0
3977,639,15,2023-11-25,4,11,0
3978,2152,2,2022-09-12,3,9,0
3979,1927,15,2024-06-17,5,6,1
3980,2170,9,2023-06-18,4,6,0
3981,1033,4,2023-05-04,4,5,0
3982,3762,11,2024-01-18,4,1,1
3983,3901,5,2024-03-01,5,3,1
3984,4652,17,2024-03-01,3,3,1
3985,981,7,2024-09-04,4,9,0
3986,2954,7,2024-06-21,4,6,0
3987,165,4,2024-11-26,5,11,1
3988,4657,8,2024-01-18,5,1,1
3989,32,17,2022-12-06,5,12,1
3990,2420,12,2024-03-14,5,3,1
3991,2172,10,2024-05-26,4,5,0
3992,3956,10,2024-07-22,3,7,0
3993,735,14,2022-05-11,5,5,1
3994,2719,17,2024-08-08,5,8,0
3995,3767,10,2024-01-15,4,1,1
3996,759,12,2023-03-03,3,3,1
3997,4969,15,2022-05-27,5,5,1
3998,2722,10,2024-01-05,4,1,1
3999,1964,2,2022-01-28,5,1,1
4000,2871,20,2022-03-18,5,3,1
4001,6,11,2024-12-05,5,12,1
4002,3756,10,2023-02-06,4,2,1
4003,3089,16,2024-04-13,4,4,0
4004,4300,13,2022-08-19,5,8,1
4005,4789,18,2023-01-12,5,1,1
4006,4428,2,2024-04-09,5,4,0
4007,1479,16,2023-01-14,4,1,0
4008,2988,19,2023-04-18,4,4,0
4009,1237,20,2022-03-17,5,3,1
4010,4154,19,2024-08-07,4,8,0
4011,3144,6,2023-10-02,4,10,1
4012,3327,8,2023-08-21,4,8,0
4013,4296,17,2022-02-12,5,2,1
4014,4503,6,2023-11-20,5,11,1
4015,3954,1,2023-07-20,3,7,0
4016,2597,12,2022-10-02,3,10,0
4017,2898,19,2024-04-23,3,4,0
4018,2408,17,2024-11-26,3,11,1
4019,70,16,2023-05-02,5,5,1
4020,2310,8,2023-01-05,5,1,1
4021,2182,19,2024-02-04,4,2,1
4022,2733,10,2024-09-06,5,9,0
4023,3708,20,2024-01-18,5,1,1
4024,268,6,2024-07-02,5,7,0
4025,3322,17,2023-04-14,3,4,0
4026,993,6,2024-04-04,5,4,0
4027,331,8,2022-08-24,4,8,0
4028,4874,14,2022-06-03,3,6,0
4029,3259,12,2022-11-12,4,11,1
4030,4742,13,2023-09-08,5,9,1
4031,1129,11,2024-07-02,4,7,0
4032,337,19,2023-02-17,5,2,1
4033,3997,20,2023-06-17,4,6,0
4034,684,9,2024-02-19,5,2,1
4035,4016,10,2023-06-08,4,6,0
4036,4220,8,2024-08-08,3,8,0
4037,1498,7,2023-04-13,4,4,0
4038,4763,20,2024-02-25,4,2,1
4039,3726,2,2022-02-16,5,2,1
4040,3355,5,2023-05-13,4,5,0
4041,4878,6,2022-03-05,4,3,1
4042,672,5,2023-01-20,5,1,1
4043,1685,10,2024-08-28,4,8,0
4044,1145,13,2022-08-09,4,8,1
4045,2212,14,2023-09-17,4,9,1
4046,3761,5,2024-11-15,4,11,1
4047,2641,8,2024-09-14,4,9,0
4048,4530,12,2022-03-23,5,3,1
4049,1566,13,2023-01-05,5,1,0
4050,3728,15,2024-08-27,5,8,0
4051,4912,17,2024-03-07,5,3,1
4052,4434,18,2022-02-20,5,2,1
4053,2584,18,2022-07-08,5,7,0
4054,672,4,2023-07-14,5,7,0
4055,3013,20,2022-01-05,5,1,1
4056,3988,14,2023-10-26,5,10,1
4057,4664,19,2023-02-19,5,2,1
4058,3156,3,2023-12-28,5,12,1
4059,4929,13,2024-05-16,5,5,1
4060,720,4,2023-03-13,4,3,0
4061,1936,15,2024-11-13,4,11,0
4062,3757,5,2023-08-07,5,8,0
4063,3718,12,2023-07-20,4,7,0
4064,4654,8,2024-11-14,5,11,1
4065,653,5,2022-09-11,5,9,0
4066,1182,20,2023-12-19,5,12,1
4067,3112,3,2022-11-13,5,11,1
4068,1526,3,2023-07-17,4,7,0
4069,4231,3,2022-03-20,4,3,1
4070,2107,6,2023-06-13,3,6,0
4071,4782,10,2024-03-21,4,3,1
4072,4971,6,2022-03-28,5,3,1
4073,3632,13,2022-10-28,5,10,0
4074,3012,18,2022-08-12,4,8,0
4075,2442,20,2023-01-08,5,1,1
4076,4528,19,2024-11-14,3,11,1
4077,2933,11,2022-06-28,5,6,0
4078,3222,1,2022-02-14,5,2,1
4079,4606,8,2023-10-27,4,10,1
4080,4737,9,2022-05-08,3,5,0
4081,1450,1,2024-05-07,5,5,0
4082,1114,15,2022-07-06,4,7,0
4083,4318,18,2022-03-16,5,3,1
4084,1738,11,2024-03-22,5,3,0
4085,1322,14,2022-07-06,5,7,0
4086,2668,2,2024-07-02,4,7,0
4087,3259,15,2023-05-13,5,5,1
4088,1090,15,2022-11-10,3,11,0
4089,2446,12,2023-09-13,4,9,0
4090,1572,14,2024-01-10,3,1,0
4091,1839,17,2024-01-23,5,1,1
4092,1609,3,2022-03-09,4,3,1
4093,1549,5,2023-04-26,5,4,0
4094,1991,11,2023-12-26,5,12,1
4095,112,12,2024-03-04,4,3,1
4096,7,20,2022-04-09,3,4,0
4097,791,9,2022-04-05,4,4,0
4098,2145,6,2023-12-16,5,12,1
4099,4554,16,2022-04-16,4,4,0
4100,2028,19,2022-08-18,4,8,0
4101,1621,13,2024-09-05,4,9,1
4102,4443,19,2023-09-05,4,9,1
4103,4695,10,2023-07-24,3,7,0
4104,724,6,2022-02-07,5,2,1
4105,13,6,2022-09-11,4,9,0
4106,1255,9,2024-07-25,4,7,0
4107,161,12,2022-01-26,5,1,1
4108,3523,20,2023-09-28,5,9,0
4109,4427,14,2022-08-15,3,8,0
4110,3517,11,2023-02-28,5,2,1
4111,993,18,2024-05-07,5,5,0
4112,2853,15,2023-05-09,5,5,1
4113,1012,1,2023-12-02,5,12,1
4114,1102,12,2023-06-08,3,6,0
4115,3225,5,2023-04-28,4,4,0
4116,1421,2,2022-07-13,3,7,0
4117,487,19,2023-04-18,4,4,0
4118,3732,2,2023-08-08,3,8,0
4119,1852,1,2023-03-04,5,3,1
4120,2071,17,2024-04-24,4,4,0
4121,1230,8,2023-08-23,3,8,0
4122,3626,1,2022-11-18,5,11,1
4123,136,14,2023-05-06,5,5,1
4124,3780,20,2022-07-07,4,7,0
4125,3459,9,2024-02-03,4,2,1
4126,1988,16,2023-09-07,5,9,1
4127,2755,12,2023-11-07,4,11,1
4128,2901,4,2024-06-20,3,6,0
4129,218,7,2022-05-25,3,5,0
4130,3147,17,2022-02-27,4,2,1
4131,3109,16,2022-08-17,5,8,1
4132,2750,2,2023-01-26,5,1,1
4133,1877,18,2022-08-03,5,8,0
4134,4862,5,2024-01-28,5,1,1
4135,1937,13,2023-02-21,3,2,0
4136,4639,15,2023-02-08,4,2,0
4137,2146,19,2023-03-24,3,3,0
4138,4067,16,2023-11-27,4,11,0
4139,1781,3,2024-09-23,5,9,0
4140,2354,6,2023-05-06,4,5,0
4141,1916,20,2023-05-09,4,5,0
4142,1340,14,2024-07-25,5,7,0
4143,3042,14,2023-08-10,5,8,0
4144,748,1,2022-08-02,4,8,0
4145,2533,20,2022-05-08,4,5,0
4146,1225,2,2023-01-12,5,1,1
4147,2329,20,2022-03-10,4,3,1
4148,87,4,2023-07-22,3,7,0
4149,2110,19,2022-04-05,4,4,0
4150,1822,2,2024-02-01,5,2,1
4151,3217,1,2023-11-05,4,11,1
4152,1249,7,2022-02-08,4,2,1
4153,2024,6,2023-01-24,4,1,1
4154,2508,6,2024-05-03,3,5,0
4155,4695,9,2023-02-04,5,2,1
4156,4768,16,2024-03-07,5,3,0
4157,4880,8,2022-12-20,4,12,1
4158,1077,19,2023-12-07,5,12,1
4159,4499,12,2023-02-04,5,2,1
4160,1372,19,2022-01-14,4,1,1
4161,4569,12,2022-05-24,5,5,0
4162,3760,2,2022-06-17,3,6,0
4163,681,20,2024-12-27,4,12,1
4164,3528,3,2023-03-04,4,3,1
4165,3950,4,2024-02-08,5,2,1
4166,1346,5,2022-12-07,5,12,1
4167,3491,3,2024-09-17,5,9,0
4168,982,12,2022-11-13,4,11,1
4169,1208,7,2022-08-12,3,8,0
4170,1108,10,2023-08-21,5,8,0
4171,935,11,2022-07-07,4,7,0
4172,225,12,2024-01-25,3,1,1
4173,4731,13,2023-08-10,5,8,1
4174,1115,14,2023-06-11,4,6,0
4175,1096,7,2022-12-07,5,12,1
4176,2299,17,2024-04-11,4,4,0
4177,160,9,2023-10-09,5,10,1
4178,2329,8,2022-05-15,3,5,0
4179,4148,18,2024-12-01,4,12,1
4180,3975,2,2024-02-20,5,2,1
4181,573,6,2023-01-04,5,1,1
4182,625,9,2024-12-05,4,12,1
4183,4373,7,2024-07-02,5,7,0
4184,1272,9,2022-11-03,5,11,1
4185,437,19,2023-01-25,5,1,1
4186,2650,20,2023-12-16,5,12,1
4187,4888,8,2022-05-13,4,5,0
4188,3555,3,2024-05-04,3,5,0
4189,4177,17,2024-10-24,4,10,1
4190,2241,15,2022-04-11,5,4,1
4191,3724,16,2024-11-06,3,11,0
4192,4527,7,2022-06-25,4,6,0
4193,1627,3,2024-03-03,5,3,1
4194,3311,2,2024-07-20,3,7,0
4195,3893,10,2024-06-08,4,6,0
4196,3858,15,2023-11-12,3,11,0
4197,1561,15,2023-01-19,4,1,0
4198,1156,13,2024-02-25,5,2,0
4199,2078,1,2023-08-04,3,8,0
4200,3985,14,2023-03-24,5,3,1
4201,1982,8,2023-03-18,5,3,1
4202,3969,6,2022-03-02,5,3,1
4203,4286,11,2024-07-07,5,7,0
4204,4102,2,2023-03-23,4,3,1
4205,810,2,2023-06-12,4,6,0
4206,728,2,2024-06-26,5,6,0
4207,1736,11,2023-09-07,4,9,1
4208,1571,4,2024-05-13,4,5,0
4209,4032,10,2023-11-24,4,11,1
4210,3322,20,2022-11-27,5,11,1
4211,1006,9,2022-08-04,4,8,0
4212,603,20,2024-06-15,4,6,0
4213,1485,20,2022-01-18,5,1,1
4214,4109,14,2022-08-13,5,8,0
4215,1012,9,2024-10-09,5,10,1
4216,4743,4,2024-08-10,3,8,0
4217,3574,7,2022-11-15,5,11,1
4218,1237,3,2022-02-16,5,2,1
4219,2445,4,2024-06-23,5,6,0
4220,1643,3,2022-03-15,5,3,1
4221,4118,19,2024-06-10,5,6,0
4222,3323,3,2024-07-03,4,7,0
4223,553,6,2023-12-22,5,12,1
4224,4811,14,2022-02-21,4,2,1
4225,2744,18,2024-02-03,5,2,1
4226,3629,20,2024-07-14,3,7,0
4227,3295,9,2022-08-28,4,8,0
4228,4706,3,2022-07-10,5,7,0
4229,401,2,2023-05-13,4,5,0
4230,744,17,2023-06-21,4,6,0
4231,1885,10,2023-11-15,5,11,1
4232,2719,4,2024-03-24,5,3,0
4233,1217,7,2023-07-23,4,7,0
4234,3537,6,2022-10-06,5,10,1
4235,3423,13,2022-05-02,5,5,1
4236,576,20,2022-05-16,5,5,0
4237,1434,13,2023-06-23,5,6,1
4238,1274,7,2022-01-19,5,1,1
4239,559,1,2022-10-20,4,10,0
4240,2696,9,2023-10-16,5,10,1
4241,2966,13,2022-10-20,4,10,0
4242,3314,13,2022-08-09,4,8,1
4243,3210,20,2024-04-15,4,4,0
4244,4201,14,2023-05-16,5,5,1
4245,4652,10,2022-05-05,5,5,0
4246,914,12,2023-11-08,5,11,1
4247,3956,1,2022-11-16,5,11,1
4248,2935,18,2023-04-21,3,4,0
4249,2005,13,2022-04-20,4,4,0
4250,323,17,2022-01-25,3,1,1
4251,2956,13,2022-01-18,3,1,0
4252,4633,2,2023-01-22,5,1,1
4253,4581,11,2024-11-25,4,11,1
4254,3421,11,2024-04-12,4,4,0
4255,1544,12,2023-09-21,4,9,0
4256,781,6,2023-05-15,4,5,0
4257,252,1,2024-12-05,5,12,1
4258,3345,17,2024-04-01,4,4,0
4259,27,1,2023-04-27,2,4,0
4260,2079,14,2023-08-14,4,8,0
4261,1386,17,2022-02-05,5,2,1
4262,4829,16,2023-12-14,5,12,0
4263,1700,11,2022-01-16,5,1,1
4264,343,16,2024-01-20,2,1,0
4265,2183,8,2024-06-16,3,6,0
4266,3556,9,2022-06-23,3,6,0
4267,1299,8,2024-01-25,4,1,1
4268,1456,2,2023-11-14,4,11,1
4269,1853,4,2022-04-08,3,4,0
4270,3031,13,2023-08-03,5,8,1
4271,2246,2,2024-01-24,4,1,1
4272,4420,11,2022-08-26,4,8,0
4273,997,11,2024-04-23,4,4,0
4274,1624,5,2022-05-17,5,5,0
4275,4434,14,2024-07-15,3,7,0
4276,1513,9,2023-05-19,4,5,0
4277,2579,2,2024-07-10,4,7,0
4278,3545,3,2023-11-02,5,11,1
4279,3595,12,2024-02-10,4,2,1
4280,3891,8,2024-05-25,3,5,0
4281,1448,7,2024-03-28,5,3,1
4282,2247,11,2022-06-17,5,6,0
4283,47,1,2024-07-10,3,7,0
4284,3111,14,2023-07-22,4,7,0
4285,2464,1,2023-01-26,5,1,1
4286,705,15,2024-09-14,5,9,1
4287,4245,13,2022-10-21,3,10,0
4288,2820,14,2024-09-11,5,9,1
4289,4021,3,2022-12-26,5,12,1
4290,1095,11,2022-11-06,5,11,1
4291,3158,7,2022-07-19,4,7,0
4292,1441,4,2024-03-27,2,3,0
4293,3355,14,2024-10-18,5,10,1
4294,3464,6,2022-05-24,4,5,0
4295,1386,2,2023-04-05,4,4,0
4296,3864,3,2024-11-25,5,11,1
4297,1416,3,2022-08-07,4,8,0
4298,2123,13,2022-08-05,5,8,1
4299,2715,8,2022-04-24,4,4,0
4300,1302,20,2024-11-18,4,11,1
4301,4292,5,2024-11-07,5,11,1
4302,4673,10,2024-06-07,3,6,0
4303,3890,18,2022-07-27,4,7,0
4304,1148,8,2024-10-04,5,10,1
4305,4142,9,2022-10-05,5,10,1
4306,1243,9,2024-12-07,5,12,1
4307,2614,20,2024-03-19,5,3,1
4308,3160,13,2024-10-20,4,10,0
4309,3035,11,2024-09-04,3,9,1
4310,1215,7,2022-05-08,3,5,0
4311,2760,13,2022-08-13,4,8,1
4312,1741,16,2024-01-08,3,1,0
4313,3982,6,2022-04-03,4,4,0
4314,4359,15,2023-12-24,4,12,0
4315,4438,3,2023-03-01,5,3,1
4316,4341,10,2024-06-23,4,6,0
4317,1824,4,2022-02-02,5,2,1
4318,4239,7,2024-09-20,4,9,0
4319,2704,14,2024-06-19,5,6,0
4320,3383,15,2024-08-04,3,8,0
4321,3141,2,2022-03-08,4,3,1
4322,2345,14,2022-07-02,3,7,0
4323,4474,19,2023-08-15,5,8,0
4324,2923,8,2023-07-09,3,7,0
4325,2168,18,2024-11-15,5,11,1
4326,4753,18,2023-10-17,5,10,1
4327,3415,17,2022-01-19,5,1,1
4328,383,15,2024-07-25,4,7,0
4329,3031,9,2024-11-09,5,11,1
4330,3255,13,2024-01-14,5,1,0
4331,4333,9,2023-05-09,5,5,0
4332,988,11,2023-06-14,5,6,0
4333,479,2,2023-10-23,4,10,1
4334,2587,16,2022-11-15,3,11,0
4335,4369,8,2022-10-12,5,10,1
4336,2631,2,2024-08-13,4,8,0
4337,4410,9,2022-02-16,4,2,1
4338,4072,7,2024-11-14,5,11,1
4339,4522,8,2024-07-03,4,7,0
4340,290,1,2023-06-20,5,6,0
4341,2414,14,2022-09-28,4,9,1
4342,2529,9,2022-02-25,5,2,1
4343,1859,9,2023-04-14,5,4,0
4344,3477,14,2024-10-23,5,10,1
4345,710,19,2023-07-05,5,7,0
4346,2273,5,2024-04-16,4,4,0
4347,1327,14,2022-11-20,4,11,1
4348,4567,16,2022-04-21,4,4,0
4349,944,3,2022-06-05,5,6,0
4350,4272,8,2024-02-10,5,2,1
4351,3118,10,2023-08-08,5,8,0
4352,2062,7,2023-01-09,4,1,1
4353,779,2,2022-02-22,4,2,1
4354,2675,18,2023-01-25,4,1,1
4355,3324,19,2022-10-09,5,10,1
4356,3393,15,2024-01-10,4,1,0
4357,1495,19,2024-11-22,3,11,1
4358,3088,10,2023-02-18,5,2,1
4359,226,18,2022-05-08,3,5,0
4360,3874,7,2024-12-02,5,12,1
4361,2143,4,2024-04-12,3,4,0
4362,2738,11,2024-01-22,5,1,1
4363,2203,11,2023-05-10,4,5,0
4364,4813,19,2022-06-21,4,6,0
4365,4744,11,2023-09-10,5,9,1
4366,1086,19,2023-05-20,4,5,0
4367,1650,18,2024-11-05,5,11,1
4368,4773,5,2023-04-09,5,4,0
4369,3362,13,2024-05-24,5,5,1
4370,2591,15,2022-12-07,3,12,0
4371,3004,6,2023-10-04,4,10,1
4372,347,9,2023-06-12,4,6,0
4373,4779,20,2024-06-27,3,6,0
4374,4869,11,2023-07-04,4,7,0
4375,1022,7,2024-03-02,5,3,1
4376,2870,4,2022-12-04,4,12,1
4377,1725,11,2023-09-25,5,9,1
4378,3229,7,2022-01-18,5,1,1
4379,3408,10,2023-08-21,5,8,0
4380,2260,15,2022-11-19,4,11,0
4381,2151,6,2023-07-20,4,7,0
4382,516,9,2022-06-17,3,6,0
4383,1185,3,2024-03-24,5,3,1
4384,1146,6,2024-12-02,5,12,1
4385,2802,20,2023-08-02,4,8,0
4386,1328,6,2022-08-20,4,8,0
4387,2691,16,2024-07-27,5,7,1
4388,1727,1,2023-04-15,4,4,0
4389,1425,8,2023-09-10,4,9,0
4390,4286,15,2023-11-06,4,11,0
4391,3633,19,2022-02-17,4,2,1
4392,165,9,2023-06-11,4,6,0
4393,1264,9,2022-04-24,3,4,0
4394,1284,16,2023-10-01,5,10,0
4395,3868,6,2023-09-09,4,9,0
4396,927,19,2024-04-08,4,4,0
4397,3242,4,2024-02-10,4,2,1
4398,1640,12,2024-12-28,5,12,1
4399,3598,18,2023-05-04,5,5,0
4400,2714,11,2024-09-19,5,9,1
4401,2890,6,2022-05-06,4,5,0
4402,2306,14,2022-12-15,4,12,0
4403,4142,3,2023-07-04,5,7,0
4404,3002,10,2023-04-07,5,4,0
4405,3582,8,2023-09-02,4,9,0
4406,284,6,2023-12-01,5,12,1
4407,2874,5,2022-02-09,5,2,1
4408,3811,12,2024-12-26,5,12,1
4409,2281,13,2024-09-17,5,9,1
4410,869,15,2024-10-04,5,10,1
4411,2131,20,2022-02-01,3,2,1
4412,2179,3,2022-06-14,4,6,0
4413,3285,3,2024-12-03,5,12,1
4414,356,11,2022-08-23,4,8,0
4415,852,19,2023-10-02,4,10,1
4416,895,14,2023-05-20,5,5,1
4417,4212,10,2022-03-01,5,3,1
4418,3859,5,2023-08-09,5,8,0
4419,833,9,2024-01-19,5,1,1
4420,2793,8,2023-09-05,5,9,0
4421,3694,5,2022-05-27,5,5,0
4422,2063,13,2022-08-19,5,8,1
4423,1445,20,2022-02-23,5,2,1
4424,555,17,2024-11-17,5,11,1
4425,4092,11,2023-02-08,5,2,1
4426,348,3,2022-04-04,5,4,1
4427,1740,2,2024-04-19,4,4,0
4428,4000,19,2022-01-11,4,1,1
4429,3057,4,2023-06-20,4,6,0
4430,1905,11,2023-12-09,5,12,1
4431,556,5,2022-12-22,4,12,1
4432,544,16,2024-02-26,4,2,0
4433,3188,11,2024-10-28,5,10,1
4434,690,15,2022-06-28,5,6,1
4435,2114,18,2023-01-14,5,1,1
4436,3823,14,2024-10-26,4,10,1
4437,3918,4,2022-09-15,4,9,0
4438,3241,10,2023-11-08,5,11,1
4439,18,17,2023-04-21,4,4,0
4440,1175,15,2022-04-02,5,4,1
4441,888,15,2023-06-13,4,6,1
4442,3363,1,2022-11-04,5,11,1
4443,2342,11,2024-11-26,5,11,1
4444,3684,6,2022-03-01,5,3,1
4445,3522,1,2024-11-15,5,11,1
4446,3972,17,2023-09-18,4,9,0
4447,4908,19,2022-01-22,5,1,1
4448,3289,18,2023-05-16,3,5,0
4449,1482,12,2022-09-15,4,9,0
4450,2326,11,2022-03-26,4,3,0
4451,2554,4,2024-03-25,3,3,0
4452,4665,14,2024-10-18,4,10,1
4453,3783,11,2024-11-23,5,11,1
4454,4421,7,2022-11-09,5,11,1
4455,1884,4,2022-09-28,3,9,0
4456,928,8,2022-05-12,3,5,0
4457,2894,9,2024-07-04,4,7,0
4458,2674,6,2024-10-09,5,10,1
4459,1004,2,2024-09-22,3,9,0
4460,175,17,2022-06-17,4,6,0
4461,1173,17,2023-10-05,5,10,1
4462,3387,7,2022-02-18,5,2,1
4463,3724,11,2023-11-26,5,11,1
4464,4847,16,2022-06-06,4,6,1
4465,714,10,2024-08-20,4,8,0
4466,2166,18,2022-04-22,2,4,0
4467,4599,19,2022-03-21,4,3,0
4468,2466,2,2022-12-19,5,12,1
4469,1399,6,2024-05-12,4,5,0
4470,3206,1,2023-05-06,5,5,0
4471,2530,8,2023-02-18,5,2,1
4472,257,15,2024-03-04,5,3,1
4473,3210,3,2023-08-21,3,8,0
4474,1055,2,2022-03-25,5,3,1
4475,1456,20,2023-05-02,5,5,0
4476,3414,15,2023-03-07,5,3,1
4477,3681,5,2024-05-05,5,5,0
4478,3087,12,2022-02-18,5,2,1
4479,1927,11,2022-10-07,5,10,1
4480,828,4,2022-04-02,5,4,0
4481,4608,2,2022-03-24,5,3,1
4482,4484,12,2022-02-22,5,2,1
4483,3075,15,2022-10-18,5,10,1
4484,2033,3,2022-07-21,4,7,0
4485,4936,5,2024-02-14,5,2,1
4486,3475,4,2024-02-11,5,2,1
4487,3169,15,2023-03-16,4,3,1
4488,3885,5,2023-12-22,5,12,1
4489,667,18,2022-10-17,5,10,1
4490,2693,3,2024-05-11,3,5,0
4491,255,2,2022-04-02,4,4,0
4492,1295,18,2024-08-15,4,8,0
4493,908,8,2023-07-01,3,7,0
4494,4072,19,2023-06-27,4,6,0
4495,1748,13,2022-05-01,5,5,1
4496,1628,1,2022-05-20,5,5,0
4497,4175,9,2023-09-10,5,9,1
4498,4850,18,2023-11-21,5,11,1
4499,1851,15,2024-02-16,4,2,0
4500,4175,17,2024-08-27,4,8,0
4501,1715,11,2024-04-12,5,4,0
4502,4282,14,2022-03-15,5,3,1
4503,610,3,2024-11-16,5,11,1
4504,3906,12,2022-07-21,4,7,0
4505,2966,19,2024-04-05,3,4,0
4506,863,3,2024-06-21,5,6,0
4507,1759,3,2022-01-27,5,1,1
4508,2494,16,2023-12-13,3,12,0
4509,4956,10,2024-10-19,5,10,1
4510,2619,11,2022-07-17,4,7,0
4511,3050,15,2023-02-08,4,2,0
4512,1222,9,2024-09-14,5,9,1
4513,514,14,2022-10-23,5,10,1
4514,86,4,2024-03-24,4,3,0
4515,2572,19,2022-08-05,4,8,0
4516,1574,20,2023-06-07,3,6,0
4517,3403,7,2022-11-21,4,11,1
4518,1795,11,2024-07-28,3,7,0
4519,4194,20,2023-06-27,3,6,0
4520,2307,2,2022-04-21,4,4,0
4521,1718,5,2023-09-10,4,9,0
4522,542,11,2024-05-03,5,5,0
4523,896,18,2023-05-24,3,5,0
4524,1094,19,2022-11-04,5,11,1
4525,9,14,2022-11-19,5,11,1
4526,429,2,2024-01-07,5,1,1
4527,4082,15,2024-04-01,5,4,1
4528,3637,18,2022-02-09,5,2,1
4529,1497,3,2024-06-08,4,6,0
4530,1724,18,2024-10-16,5,10,1
4531,3492,9,2024-12-12,5,12,1
4532,3547,20,2022-03-16,3,3,1
4533,2947,11,2022-09-06,4,9,1
4534,2260,2,2023-04-08,4,4,0
4535,2169,13,2022-09-01,5,9,1
4536,2408,5,2024-04-02,3,4,0
4537,1784,19,2023-01-25,5,1,1
4538,3613,5,2023-04-15,4,4,0
4539,795,20,2024-09-01,5,9,0
4540,1058,6,2024-05-25,4,5,0
4541,2387,18,2022-10-16,4,10,1
4542,3757,1,2023-12-09,5,12,1
4543,1131,9,2022-11-18,5,11,1
4544,2217,9,2023-05-02,4,5,0
4545,3732,7,2022-02-28,4,2,1
4546,4075,8,2024-10-11,4,10,1
4547,673,15,2022-11-18,5,11,0
4548,545,5,2022-08-25,5,8,0
4549,1541,12,2024-05-12,4,5,0
4550,655,17,2023-02-14,4,2,1
4551,3721,11,2022-10-16,5,10,1
4552,4355,2,2022-02-13,5,2,1
4553,1891,10,2023-10-20,5,10,1
4554,850,11,2024-03-08,5,3,0
4555,3543,14,2022-12-08,3,12,0
4556,2219,16,2023-01-02,5,1,0
4557,4676,13,2023-11-11,4,11,0
4558,2791,16,2023-11-03,5,11,0
4559,4357,12,2023-11-25,5,11,1
4560,148,15,2024-11-02,5,11,0
4561,4782,13,2023-04-04,4,4,0
4562,2107,15,2022-12-06,3,12,0
4563,4469,13,2022-04-17,5,4,0
4564,1159,6,2024-04-20,4,4,0
4565,2782,19,2022-02-23,4,2,1
4566,1786,18,2022-06-03,4,6,0
4567,2572,18,2023-06-15,4,6,0
4568,592,12,2023-12-10,5,12,1
4569,1682,15,2024-09-22,4,9,1
4570,2111,5,2023-09-07,5,9,0
4571,4307,12,2022-11-16,5,11,1
4572,1875,5,2024-02-16,5,2,1
4573,94,12,2022-05-26,4,5,0
4574,1186,4,2022-09-20,3,9,0
4575,3953,10,2022-10-22,4,10,1
4576,1208,9,2023-01-03,5,1,1
4577,3699,16,2023-09-28,5,9,1
4578,3147,6,2023-04-08,4,4,0
4579,1173,2,2023-04-11,5,4,0
4580,1554,7,2022-08-07,4,8,0
4581,2600,3,2022-08-06,3,8,0
4582,4155,20,2022-05-11,5,5,0
4583,4674,1,2024-02-05,5,2,1
4584,780,14,2022-02-07,4,2,1
4585,1912,16,2024-10-05,5,10,0
4586,857,1,2022-07-04,3,7,0
4587,178,9,2022-05-02,5,5,0
4588,2084,9,2024-06-15,5,6,0
4589,1104,13,2024-04-23,3,4,0
4590,1675,5,2023-03-23,5,3,1
4591,4959,1,2023-02-08,5,2,1
4592,471,4,2022-09-19,3,9,0
4593,3032,10,2022-01-12,4,1,1
4594,4599,9,2024-03-28,4,3,0
4595,2387,16,2024-07-03,5,7,1
4596,2624,12,2024-11-08,5,11,1
4597,2553,15,2022-02-08,4,2,0
4598,987,1,2024-12-22,5,12,1
4599,1789,4,2024-06-19,4,6,0
4600,1232,20,2023-03-21,5,3,1
4601,3047,3,2023-10-16,5,10,1
4602,4978,13,2022-07-25,5,7,1
4603,2326,11,2024-11-01,5,11,1
4604,3304,8,2023-03-02,5,3,1
4605,4989,18,2024-07-25,5,7,0
4606,1880,6,2022-01-26,4,1,1
4607,716,15,2023-12-08,4,12,0
4608,270,4,2024-01-05,3,1,1
4609,2264,5,2022-06-06,4,6,0
4610,4968,11,2022-02-19,5,2,1
4611,3899,17,2022-12-17,4,12,1
4612,2406,9,2022-06-09,4,6,0
4613,2026,20,2024-02-17,5,2,1
4614,3493,11,2023-02-24,5,2,1
4615,3933,20,2024-02-26,5,2,1
4616,2523,6,2023-05-08,5,5,0
4617,4579,8,2024-03-11,4,3,1
4618,2981,10,2022-09-22,3,9,0
4619,1513,13,2022-08-11,5,8,1
4620,4591,18,2024-03-20,4,3,1
4621,938,14,2024-02-12,5,2,1
4622,1527,1,2023-02-28,5,2,1
4623,485,16,2022-12-02,3,12,0
4624,2190,12,2023-05-21,4,5,0
4625,2343,19,2023-01-10,4,1,1
4626,1009,12,2023-03-18,5,3,1
4627,2461,4,2023-05-09,3,5,0
4628,1458,5,2022-01-10,4,1,1
4629,2493,1,2022-01-03,5,1,1
4630,2538,7,2024-10-16,4,10,1
4631,1295,13,2023-03-12,3,3,0
4632,4521,13,2023-12-17,5,12,0
4633,204,4,2023-06-01,4,6,0
4634,3600,10,2024-09-10,4,9,0
4635,4789,7,2024-03-07,4,3,1
4636,1084,20,2023-09-27,4,9,0
4637,4304,8,2022-08-07,3,8,0
4638,2581,16,2024-01-28,5,1,0
4639,3942,15,2022-11-16,4,11,0
4640,4747,19,2024-01-17,4,1,1
4641,116,4,2022-10-04,4,10,1
4642,3317,15,2024-03-13,5,3,1
4643,3901,8,2024-09-06,4,9,0
4644,328,1,2024-02-01,5,2,1
4645,753,20,2023-10-01,5,10,1
4646,1568,19,2024-12-14,5,12,1
4647,2677,17,2022-02-09,4,2,1
4648,4390,20,2023-03-07,4,3,1
4649,4868,9,2024-03-19,4,3,0
4650,2136,10,2024-07-09,4,7,0
4651,4850,7,2023-10-10,5,10,1
4652,4942,20,2023-11-17,5,11,1
4653,2341,2,2022-09-28,4,9,0
4654,4934,1,2023-01-27,5,1,1
4655,2820,14,2023-05-08,5,5,1
4656,2109,14,2024-02-20,3,2,1
4657,3359,14,2023-11-12,5,11,1
4658,2260,12,2022-12-14,4,12,1
4659,903,16,2023-01-16,5,1,0
4660,1011,1,2023-08-02,4,8,0
4661,4182,3,2024-02-06,5,2,1
4662,2185,8,2023-11-22,5,11,1
4663,3131,14,2024-06-19,4,6,0
4664,1471,3,2024-04-18,5,4,1
4665,675,16,2023-10-06,3,10,0
4666,3255,15,2023-10-13,5,10,1
4667,4263,16,2022-05-22,5,5,1
4668,2046,5,2023-02-13,4,2,1
4669,557,4,2024-10-08,5,10,1
4670,2292,8,2023-09-13,4,9,0
4671,3681,8,2024-01-02,5,1,1
4672,2145,9,2023-12-09,5,12,1
4673,4738,4,2024-09-23,4,9,0
4674,4333,1,2023-02-13,4,2,1
4675,1938,10,2024-10-06,4,10,1
4676,858,4,2022-10-04,5,10,1
4677,1818,7,2024-01-04,3,1,1
4678,425,20,2023-07-15,3,7,0
4679,3088,9,2024-09-02,5,9,1
4680,4971,7,2023-01-21,5,1,1
4681,3346,12,2022-02-08,4,2,1
4682,4720,17,2024-01-26,5,1,1
4683,482,10,2022-07-14,4,7,0
4684,2478,16,2022-10-15,5,10,0
4685,2972,9,2023-06-14,3,6,0
4686,656,17,2024-06-26,4,6,0
4687,3611,11,2024-07-14,3,7,0
4688,2891,6,2023-09-14,4,9,0
4689,1585,13,2022-12-09,4,12,0
4690,3543,19,2023-11-24,5,11,1
4691,4355,4,2022-11-08,4,11,1
4692,233,5,2022-06-24,5,6,0
4693,3144,2,2024-05-02,4,5,0
4694,2808,17,2024-09-24,3,9,0
4695,4698,15,2022-05-25,4,5,1
4696,4161,10,2022-01-17,3,1,1
4697,251,7,2024-03-21,5,3,1
4698,4526,9,2024-12-25,5,12,1
4699,3445,15,2023-05-03,5,5,1
4700,1888,3,2024-03-17,4,3,1
4701,1734,18,2022-04-14,5,4,0
4702,3343,4,2024-08-19,4,8,0
4703,165,2,2024-08-24,4,8,0
4704,646,3,2023-12-15,5,12,1
4705,4177,11,2022-01-27,5,1,1
4706,4386,4,2022-09-09,4,9,0
4707,4664,6,2022-01-18,5,1,1
4708,3337,1,2023-10-26,4,10,0
4709,1648,3,2024-02-23,5,2,1
4710,723,4,2023-08-20,3,8,0
4711,875,8,2022-02-08,5,2,1
4712,120,4,2022-01-13,4,1,1
4713,4883,16,2022-10-11,5,10,0
4714,257,15,2024-02-22,5,2,0
4715,3555,15,2022-12-03,3,12,0
4716,3887,19,2022-07-07,3,7,0
4717,3219,17,2024-11-02,5,11,1
4718,164,13,2023-02-26,5,2,0
4719,1334,10,2022-10-24,4,10,1
4720,1064,13,2024-10-03,5,10,0
4721,2643,9,2022-02-11,5,2,1
4722,3100,19,2023-03-09,4,3,0
4723,4741,10,2024-01-21,5,1,1
4724,4561,16,2022-01-11,4,1,0
4725,4179,17,2024-05-01,5,5,0
4726,2071,4,2024-01-01,5,1,1
4727,4848,19,2022-02-22,5,2,1
4728,102,11,2023-04-11,4,4,0
4729,2725,10,2023-01-18,5,1,1
4730,4585,2,2022-01-11,5,1,1
4731,2566,12,2024-06-03,4,6,0
4732,389,9,2022-11-09,5,11,1
4733,4633,16,2023-05-15,5,5,1
4734,2275,13,2022-07-16,5,7,1
4735,1215,16,2023-03-10,5,3,0
4736,688,11,2023-11-15,5,11,1
4737,1970,13,2023-01-20,3,1,0
4738,526,8,2022-06-04,4,6,0
4739,2078,3,2022-02-21,5,2,1
4740,1921,8,2023-02-22,5,2,1
4741,4375,7,2022-11-13,5,11,1
4742,1036,10,2024-11-26,5,11,1
4743,2633,11,2023-02-08,4,2,1
4744,3481,2,2022-04-26,4,4,0
4745,4066,16,2022-04-18,5,4,0
4746,4682,1,2024-04-07,4,4,0
4747,4386,5,2024-02-08,4,2,1
4748,2485,17,2022-01-18,5,1,1
4749,3480,7,2022-05-12,4,5,0
4750,737,3,2024-08-27,5,8,0
4751,95,20,2024-12-26,5,12,1
4752,2685,15,2023-08-27,4,8,0
4753,3805,16,2023-05-13,3,5,1
4754,56,6,2022-07-21,5,7,0
4755,370,19,2022-02-28,4,2,1
4756,4837,2,2024-06-25,4,6,0
4757,42,12,2022-10-23,5,10,0
4758,2669,4,2022-11-05,5,11,1
4759,3928,5,2024-07-22,5,7,0
4760,1710,2,2024-05-09,4,5,0
4761,4351,15,2024-12-02,4,12,0
4762,2146,1,2022-08-22,3,8,0
4763,3029,9,2022-08-06,4,8,0
4764,4042,13,2022-08-17,5,8,1
4765,3648,1,2022-12-02,5,12,1
4766,4911,2,2022-01-12,4,1,1
4767,3545,9,2024-07-18,3,7,0
4768,3986,2,2023-10-18,5,10,1
4769,1448,9,2023-11-11,5,11,1
4770,4737,7,2023-12-03,5,12,1
4771,3301,3,2023-09-27,5,9,0
4772,4190,15,2023-01-01,4,1,0
4773,3894,12,2023-03-25,5,3,1
4774,4286,11,2023-10-10,5,10,1
4775,4889,4,2024-07-09,4,7,0
4776,1629,11,2023-08-16,4,8,0
4777,4937,7,2022-05-13,4,5,0
4778,553,13,2024-01-20,4,1,0
4779,4399,12,2024-04-08,5,4,1
4780,3004,1,2022-11-19,5,11,1
4781,724,18,2024-11-19,5,11,1
4782,3694,7,2023-02-12,4,2,1
4783,4719,20,2022-12-28,5,12,1
4784,540,16,2022-12-10,3,12,0
4785,4825,15,2023-04-10,5,4,1
4786,1725,6,2024-07-14,4,7,0
4787,4784,12,2022-05-08,3,5,0
4788,1980,5,2022-07-21,4,7,0
4789,4216,15,2023-10-28,5,10,1
4790,2056,3,2024-02-09,5,2,1
4791,3555,10,2023-07-10,5,7,0
4792,1613,11,2023-11-01,5,11,1
4793,3024,16,2022-03-04,4,3,0
4794,2878,18,2024-01-08,5,1,1
4795,162,6,2023-07-13,4,7,0
4796,222,15,2022-11-16,4,11,0
4797,4078,8,2022-07-09,3,7,0
4798,4991,20,2024-09-03,4,9,0
4799,4635,6,2023-02-20,4,2,1
4800,4746,19,2024-09-02,5,9,1
4801,4187,17,2024-04-21,4,4,0
4802,456,20,2024-07-16,4,7,0
4803,3630,14,2023-03-02,5,3,1
4804,1368,14,2024-02-18,5,2,1
4805,766,15,2022-07-02,4,7,0
4806,374,5,2023-02-23,5,2,1
4807,104,11,2022-06-25,4,6,0
4808,4960,9,2022-10-05,5,10,1
4809,4638,18,2022-11-03,5,11,1
4810,690,9,2023-06-17,4,6,0
4811,945,10,2022-06-04,4,6,0
4812,2237,15,2022-08-22,4,8,0
4813,4668,12,2022-11-17,4,11,1
4814,3386,12,2022-05-15,4,5,0
4815,192,12,2023-05-12,4,5,0
4816,2241,18,2023-08-03,4,8,0
4817,1072,10,2022-03-05,5,3,1
4818,1443,4,2024-11-19,5,11,1
4819,3931,2,2023-12-25,5,12,1
4820,824,14,2022-07-14,4,7,0
4821,3747,12,2022-08-05,4,8,0
4822,4915,6,2024-01-16,4,1,1
4823,479,1,2024-03-12,3,3,1
4824,4116,11,2022-03-06,5,3,0
4825,4172,8,2022-06-13,5,6,0
4826,924,2,2022-10-08,4,10,1
4827,1113,8,2023-12-03,4,12,1
4828,3155,15,2023-07-09,4,7,0
4829,3511,3,2023-04-05,4,4,1
4830,260,7,2024-11-15,4,11,1
4831,998,17,2024-02-24,5,2,1
4832,2930,9,2024-05-09,3,5,0
4833,4429,17,2024-01-27,5,1,1
4834,1885,16,2023-12-03,5,12,0
4835,3445,6,2022-02-24,5,2,1
4836,1581,13,2024-10-07,5,10,0
4837,3063,7,2023-01-27,5,1,1
4838,1809,20,2023-07-15,5,7,0
4839,3507,15,2024-04-20,4,4,1
4840,2729,18,2022-08-14,4,8,0
4841,3349,5,2023-01-14,5,1,1
4842,2234,3,2024-02-20,5,2,1
4843,1815,5,2022-05-21,5,5,0
4844,721,3,2024-10-14,4,10,1
4845,4641,6,2024-12-19,4,12,1
4846,4346,6,2023-11-28,5,11,1
4847,2731,5,2024-01-26,5,1,1
4848,3425,16,2024-04-15,4,4,0
4849,937,4,2022-01-27,3,1,1
4850,4104,8,2022-10-18,5,10,1
4851,4086,1,2024-10-09,4,10,0
4852,3825,4,2022-02-23,4,2,1
4853,2379,5,2023-12-28,5,12,1
4854,4742,3,2022-10-16,5,10,1
4855,4882,8,2022-04-14,3,4,0
4856,3759,19,2024-12-09,4,12,1
4857,1399,14,2024-08-19,4,8,0
4858,4453,18,2023-08-22,3,8,0
4859,295,20,2022-10-23,5,10,1
4860,1384,17,2024-05-19,3,5,0
4861,3162,2,2023-08-23,4,8,0
4862,1689,11,2023-04-08,4,4,0
4863,187,8,2024-02-21,4,2,1
4864,3499,20,2023-06-06,4,6,0
4865,3438,10,2023-12-09,5,12,1
4866,4341,13,2023-09-02,5,9,1
4867,3555,4,2024-03-14,4,3,0
4868,2265,3,2022-09-11,4,9,0
4869,987,5,2024-04-02,4,4,0
4870,1450,6,2024-06-03,5,6,0
4871,2924,16,2024-01-09,5,1,0
4872,1100,6,2023-02-28,5,2,1
4873,2768,1,2023-12-09,4,12,1
4874,2747,9,2022-06-22,3,6,0
4875,4472,2,2022-07-26,3,7,0
4876,528,20,2024-09-02,4,9,0
4877,2571,5,2022-05-11,4,5,0
4878,3759,15,2024-08-27,5,8,0
4879,1,20,2023-06-10,3,6,0
4880,3270,20,2022-01-11,5,1,1
4881,4768,11,2024-09-22,5,9,1
4882,4058,6,2023-01-27,5,1,1
4883,4561,18,2023-08-25,3,8,0
4884,1876,8,2023-04-23,4,4,0
4885,2606,14,2023-11-19,4,11,1
4886,4201,10,2023-09-16,3,9,0
4887,2718,12,2024-06-26,3,6,0
4888,796,9,2024-04-22,3,4,0
4889,3098,6,2023-01-27,4,1,1
4890,2398,20,2023-04-05,4,4,0
4891,1216,20,2022-04-21,5,4,0
4892,3319,11,2024-02-21,5,2,1
4893,2887,4,2023-03-05,3,3,0
4894,3701,16,2024-04-06,3,4,0
4895,1186,1,2023-12-28,5,12,1
4896,219,9,2023-08-28,5,8,0
4897,2818,12,2022-09-08,4,9,0
4898,4324,20,2024-06-17,5,6,0
4899,1366,15,2022-11-02,4,11,0
4900,51,1,2022-03-25,5,3,1
4901,721,10,2022-05-05,5,5,0
4902,2834,7,2023-04-12,5,4,0
4903,2971,15,2022-06-10,5,6,1
4904,135,5,2022-04-18,4,4,0
4905,1862,8,2024-08-01,3,8,0
4906,2194,17,2022-07-19,5,7,0
4907,3397,8,2024-12-15,5,12,1
4908,4179,11,2023-11-11,5,11,1
4909,3535,16,2023-10-03,4,10,0
4910,4487,11,2023-07-22,4,7,0
4911,2903,14,2022-02-21,5,2,1
4912,3986,3,2022-02-18,5,2,1
4913,1411,3,2024-10-16,5,10,1
4914,3121,3,2023-10-12,4,10,1
4915,2954,11,2023-11-18,5,11,1
4916,1104,4,2023-12-10,3,12,1
4917,1152,8,2022-03-28,5,3,1
4918,4336,1,2023-08-22,3,8,0
4919,2389,12,2024-07-23,3,7,0
4920,4771,5,2024-07-26,3,7,0
4921,2410,7,2022-08-03,4,8,0
4922,239,11,2023-09-05,5,9,1
4923,2080,4,2022-06-02,4,6,0
4924,4906,2,2024-08-07,4,8,0
4925,1448,11,2022-01-02,3,1,1
4926,1588,13,2022-04-18,5,4,0
4927,3843,18,2022-01-27,5,1,1
4928,4010,2,2022-10-03,3,10,1
4929,951,7,2024-10-12,4,10,1
4930,2297,2,2022-06-26,5,6,0
4931,2833,1,2024-12-14,5,12,1
4932,4451,4,2024-08-22,5,8,0
4933,747,10,2023-09-25,4,9,0
4934,2905,4,2023-05-10,5,5,0
4935,4319,13,2023-05-08,5,5,1
4936,4069,8,2022-06-20,3,6,0
4937,3921,17,2024-11-03,5,11,1
4938,2547,2,2024-03-22,3,3,1
4939,1673,17,2022-03-06,5,3,1
4940,2308,15,2024-08-24,4,8,0
4941,1234,15,2024-01-08,4,1,0
4942,2529,8,2024-09-06,4,9,0
4943,516,17,2024-02-22,4,2,1
4944,1320,18,2023-08-20,4,8,0
4945,1431,15,2023-03-23,5,3,1
4946,188,14,2024-02-19,5,2,1
4947,184,8,2023-09-09,5,9,0
4948,76,15,2023-10-12,4,10,1
4949,1220,5,2022-06-26,3,6,0
4950,937,14,2024-11-23,5,11,1
4951,4056,9,2024-07-10,3,7,0
4952,4380,6,2024-04-18,4,4,0
4953,4512,18,2022-04-25,5,4,0
4954,3057,3,2022-05-08,4,5,0
4955,3799,10,2023-01-05,4,1,1
4956,1816,10,2023-05-22,3,5,0
4957,4784,6,2023-03-18,5,3,1
4958,1814,13,2022-03-03,5,3,0
4959,2744,17,2024-02-08,5,2,1
4960,4944,8,2022-12-19,5,12,1
4961,1572,18,2022-05-22,4,5,0
4962,4233,16,2023-12-27,5,12,0
4963,2032,11,2023-08-17,4,8,0
4964,2427,7,2024-05-07,3,5,0
4965,2809,10,2024-12-19,5,12,1
4966,785,14,2023-10-24,4,10,1
4967,2003,1,2023-09-24,3,9,0
4968,485,8,2022-08-04,4,8,0
4969,1327,2,2024-07-26,4,7,0
4970,4969,17,2023-05-01,5,5,0
4971,3902,13,2023-06-23,5,6,1
4972,2704,1,2023-08-18,3,8,0
4973,1996,11,2023-05-07,4,5,0
4974,3189,10,2023-08-18,3,8,0
4975,375,17,2022-03-05,5,3,1
4976,4900,12,2024-07-06,4,7,0
4977,3204,11,2023-02-16,5,2,1
4978,4216,13,2024-07-05,5,7,1
4979,4694,9,2022-09-14,5,9,1
4980,3965,16,2022-06-19,5,6,1
4981,4689,7,2022-04-24,5,4,0
4982,1752,1,2023-11-09,4,11,1
4983,2224,13,2024-08-04,5,8,1
4984,2427,4,2023-03-22,3,3,0
4985,2064,14,2024-08-09,4,8,0
4986,489,2,2022-12-12,4,12,1
4987,828,14,2022-07-17,4,7,0
4988,3100,10,2024-05-15,4,5,0
4989,3599,1,2022-11-15,5,11,1
4990,4206,18,2023-10-26,5,10,1
4991,4341,2,2022-06-05,3,6,0
4992,1037,8,2023-10-21,5,10,1
4993,1812,6,2024-05-02,4,5,0
4994,920,20,2023-01-13,4,1,1
4995,1684,6,2024-09-12,3,9,0
4996,3142,1,2022-06-20,3,6,0
4997,1929,10,2022-02-13,5,2,1
4998,2255,2,2023-09-19,4,9,0
4999,2834,7,2022-08-08,3,8,0
5000,3771,10,2024-10-26,5,10,1
5001,2366,13,2024-07-27,5,7,1
5002,39,1,2023-10-16,4,10,0
5003,2660,18,2024-10-04,5,10,1
5004,1791,4,2024-07-14,4,7,0
5005,1128,13,2024-07-01,5,7,1
5006,1636,19,2022-11-07,4,11,1
5007,3606,4,2023-04-04,3,4,0
5008,1738,6,2023-08-17,5,8,0
5009,2151,16,2024-07-03,5,7,1
5010,4061,17,2022-03-21,3,3,1
5011,4676,9,2023-12-19,5,12,1
5012,4546,11,2022-05-23,4,5,0
5013,4285,8,2022-12-07,4,12,1
5014,2779,14,2023-07-22,3,7,0
5015,2330,11,2022-04-28,3,4,0
5016,2586,1,2022-11-13,4,11,1
5017,2934,17,2023-12-12,4,12,1
5018,1506,4,2024-11-23,5,11,1
5019,3687,16,2023-03-17,4,3,0
5020,354,8,2023-04-11,4,4,0
5021,3950,19,2023-06-07,3,6,0
5022,696,9,2022-03-07,4,3,0
5023,4912,6,2023-02-28,5,2,1
5024,1742,2,2022-08-06,4,8,0
5025,549,19,2023-12-13,5,12,1
5026,624,15,2023-06-11,3,6,1
5027,3187,17,2024-06-26,3,6,0
5028,2297,8,2024-07-08,5,7,0
5029,4306,5,2024-10-26,5,10,1
5030,4468,6,2022-02-13,4,2,1
5031,1875,17,2024-04-13,4,4,0
5032,1253,11,2022-09-17,4,9,1
5033,3969,9,2023-06-21,4,6,0
5034,727,1,2022-08-13,3,8,0
5035,3704,7,2024-01-06,5,1,1
5036,2011,15,2022-12-28,5,12,0
5037,1987,4,2023-08-19,3,8,0
5038,3290,11,2024-07-05,3,7,0
5039,1857,10,2024-03-24,5,3,1
5040,2498,9,2024-12-19,5,12,1
5041,4751,12,2023-07-15,5,7,0
5042,912,14,2023-11-27,5,11,1
5043,3031,3,2022-01-26,5,1,1
5044,3064,4,2022-12-24,5,12,1
5045,4747,4,2022-08-09,5,8,0
5046,3167,12,2024-08-04,4,8,0
5047,3106,1,2024-11-04,5,11,1
5048,467,12,2024-09-05,4,9,0
5049,3789,4,2024-09-01,2,9,0
5050,345,15,2024-11-23,3,11,0
5051,3147,4,2023-01-23,5,1,1
5052,2559,9,2023-08-14,3,8,0
5053,155,3,2022-09-17,3,9,0
5054,4282,1,2022-11-01,5,11,1
5055,3529,5,2022-10-22,5,10,1
5056,3378,13,2024-10-05,5,10,0
5057,2825,20,2024-01-26,4,1,1
5058,4671,8,2024-11-25,4,11,1
5059,114,5,2022-01-17,4,1,1
5060,2413,10,2022-04-26,4,4,0
5061,1069,8,2023-01-15,5,1,1
5062,1638,4,2022-12-09,5,12,1
5063,4922,8,2024-04-13,3,4,0
5064,3332,8,2023-05-14,4,5,0
5065,1166,19,2022-08-25,5,8,0
5066,411,13,2024-05-05,4,5,1
5067,3153,12,2022-02-01,5,2,1
5068,4064,9,2023-02-14,4,2,1
5069,3602,19,2022-01-08,4,1,1
5070,2442,20,2023-05-10,4,5,0
5071,1310,2,2023-04-06,4,4,0
5072,4786,7,2022-08-28,5,8,0
5073,1042,18,2024-02-18,5,2,1
5074,805,1,2023-10-05,4,10,0
5075,3836,18,2022-09-14,4,9,0
5076,4557,8,2024-02-12,5,2,1
5077,1127,5,2024-12-26,4,12,1
5078,1313,18,2023-01-21,5,1,1
5079,3848,20,2023-08-07,4,8,0
5080,430,17,2022-02-13,5,2,1
5081,2105,17,2023-12-12,4,12,1
5082,2289,17,2022-02-13,4,2,1
5083,1094,20,2023-03-13,5,3,1
5084,723,9,2024-10-19,5,10,1
5085,884,3,2022-10-18,4,10,1
5086,4282,15,2024-02-08,4,2,0
5087,886,15,2022-07-19,3,7,0
5088,1882,16,2022-12-12,4,12,0
5089,607,4,2024-05-13,3,5,0
5090,3834,1,2022-09-14,4,9,0
5091,4370,3,2024-06-11,4,6,0
5092,3677,19,2024-12-25,5,12,1
5093,798,6,2022-05-05,4,5,0
5094,2541,16,2022-10-12,5,10,0
5095,994,15,2024-05-26,3,5,1
5096,162,8,2024-06-02,3,6,0
5097,2196,9,2024-06-14,4,6,0
5098,4002,13,2024-04-10,4,4,0
5099,4997,3,2023-08-01,4,8,0
5100,564,8,2023-03-05,5,3,1
5101,763,16,2023-01-16,4,1,0
5102,2829,20,2023-02-18,4,2,1
5103,1010,16,2023-03-17,4,3,0
5104,728,1,2022-01-15,4,1,1
5105,863,19,2023-05-13,4,5,0
5106,3635,13,2024-07-09,5,7,1
5107,1947,12,2022-09-04,3,9,0
5108,4755,12,2024-06-15,4,6,0
5109,3663,14,2022-03-02,5,3,1
5110,840,4,2023-10-05,5,10,1
5111,3561,1,2022-06-28,4,6,0
5112,4388,20,2022-08-26,5,8,0
5113,4098,5,2024-09-24,3,9,0
5114,3246,9,2022-05-11,5,5,0
5115,1598,9,2023-02-27,5,2,1
5116,3180,1,2024-09-10,4,9,0
5117,2420,14,2024-12-03,5,12,0
5118,4038,16,2022-04-22,4,4,0
5119,2002,14,2023-01-05,5,1,0
5120,2491,15,2022-11-05,3,11,0
5121,1203,20,2022-12-01,5,12,1
5122,2277,3,2024-06-07,4,6,0
5123,2171,14,2024-06-03,4,6,0
5124,2625,5,2022-05-13,4,5,0
5125,2060,10,2023-11-18,4,11,1
5126,989,20,2023-03-15,5,3,1
5127,2894,18,2022-04-05,4,4,0
5128,4727,1,2022-11-13,5,11,1
5129,2104,10,2023-10-13,5,10,1
5130,666,1,2022-02-10,5,2,1
5131,2099,14,2022-08-24,5,8,0
5132,1378,1,2023-01-20,4,1,1
5133,2785,11,2022-10-09,5,10,1
5134,4239,19,2022-08-06,3,8,0
5135,4976,6,2024-02-28,5,2,1
5136,2632,13,2022-03-01,4,3,0
5137,308,20,2024-05-20,4,5,0
5138,3729,2,2023-11-24,5,11,1
5139,3986,14,2023-01-05,3,1,0
5140,2242,13,2022-08-12,4,8,1
5141,4167,14,2023-01-13,5,1,0
5142,131,9,2022-01-27,5,1,1
5143,4592,4,2023-07-06,4,7,0
5144,3417,7,2024-05-12,5,5,0
5145,3175,12,2023-03-28,5,3,1
5146,1119,9,2023-03-12,3,3,0
5147,3344,1,2022-04-10,4,4,0
5148,765,9,2023-07-21,5,7,0
5149,4249,6,2024-05-10,5,5,0
5150,1777,11,2024-06-05,4,6,0
5151,3338,11,2024-11-22,5,11,1
5152,267,4,2023-04-20,5,4,0
5153,3321,4,2022-11-17,4,11,1
5154,3644,18,2022-06-22,4,6,0
5155,3522,17,2024-06-28,4,6,0
5156,3379,2,2024-03-17,4,3,1
5157,4759,11,2022-03-21,4,3,0
5158,4006,5,2024-06-24,4,6,0
5159,1105,1,2024-10-27,4,10,0
5160,12,4,2024-07-16,3,7,0
5161,1997,9,2023-07-19,5,7,0
5162,3786,13,2022-08-03,4,8,1
5163,3451,11,2022-09-05,5,9,1
5164,261,10,2022-09-03,4,9,0
5165,703,18,2022-04-11,4,4,0
5166,2998,3,2024-02-09,5,2,1
5167,2509,16,2022-12-26,5,12,0
5168,4244,17,2022-02-23,5,2,1
5169,3354,2,2024-04-08,3,4,0
5170,1405,20,2022-01-06,5,1,1
5171,3928,16,2022-07-05,4,7,1
5172,2147,7,2024-04-03,5,4,0
5173,3733,12,2024-06-09,3,6,0
5174,556,12,2022-02-09,5,2,1
5175,3093,7,2024-01-24,5,1,1
5176,79,13,2023-08-23,5,8,1
5177,1693,4,2022-02-03,5,2,1
5178,1648,9,2023-08-07,5,8,0
5179,2724,5,2024-07-08,5,7,0
5180,3707,8,2022-12-21,4,12,1
5181,1432,11,2023-11-14,5,11,1
5182,2899,15,2022-01-03,5,1,0
5183,655,11,2022-01-02,5,1,1
5184,4025,1,2023-07-05,4,7,0
5185,344,2,2023-01-07,5,1,1
5186,4088,5,2022-03-24,5,3,1
5187,1040,9,2024-12-01,5,12,1
5188,81,7,2023-10-21,5,10,1
5189,1092,3,2023-05-26,3,5,0
5190,715,9,2022-11-16,4,11,1
5191,2166,11,2023-04-12,3,4,0
5192,1451,9,2024-07-27,4,7,0
5193,4774,20,2023-09-11,3,9,0
5194,4600,1,2023-04-08,3,4,0
5195,3476,15,2024-10-19,4,10,1
5196,3499,12,2024-01-06,5,1,1
5197,4087,10,2022-05-04,5,5,0
5198,456,1,2022-05-06,4,5,0
5199,1164,1,2023-02-17,5,2,1
5200,1975,12,2023-07-27,5,7,0
5201,2058,9,2023-04-28,5,4,0
5202,1312,19,2023-10-12,5,10,1
5203,3592,8,2023-12-10,5,12,1
5204,1152,5,2022-11-28,5,11,1
5205,845,9,2023-11-09,3,11,1
5206,4635,7,2022-08-04,3,8,0
5207,580,14,2024-02-24,5,2,1
5208,1631,10,2024-04-20,5,4,0
5209,524,8,2024-05-28,4,5,0
5210,2334,7,2024-04-26,5,4,0
5211,1765,17,2024-11-18,4,11,1
5212,1611,11,2022-05-14,5,5,0
5213,277,7,2023-02-15,5,2,1
5214,4758,15,2022-05-25,5,5,1
5215,95,19,2024-06-19,4,6,0
5216,4886,14,2022-01-26,3,1,0
5217,546,15,2024-04-19,4,4,1
5218,3862,1,2024-07-08,4,7,0
5219,2507,18,2022-02-23,4,2,1
5220,3324,7,2024-02-03,5,2,1
5221,1725,4,2024-07-21,3,7,0
5222,4692,16,2024-04-01,4,4,0
5223,603,13,2022-10-04,4,10,0
5224,2847,12,2023-03-14,4,3,1
5225,4916,10,2024-09-28,4,9,0
5226,3567,16,2023-08-25,5,8,1
5227,4213,17,2023-06-09,4,6,0
5228,616,5,2022-04-15,4,4,0
5229,2996,2,2024-11-19,5,11,1
5230,1809,12,2023-07-25,5,7,0
5231,2930,10,2023-08-13,4,8,0
5232,1916,5,2023-01-02,5,1,1
5233,487,7,2022-06-02,3,6,0
5234,345,2,2022-02-24,5,2,1
5235,2609,6,2022-04-12,5,4,0
5236,813,18,2024-04-14,4,4,0
5237,1853,7,2023-02-25,5,2,1
5238,3426,16,2022-04-03,4,4,0
5239,3767,2,2022-12-22,4,12,1
5240,3233,10,2022-09-24,4,9,0
5241,4483,17,2024-02-01,4,2,1
5242,2938,5,2023-05-28,5,5,0
5243,1768,18,2023-01-06,5,1,1
5244,3778,3,2024-04-20,5,4,1
5245,1415,6,2022-04-14,4,4,0
5246,541,12,2023-08-19,2,8,0
5247,2411,6,2022-02-16,5,2,1
5248,1805,2,2024-09-10,5,9,0
5249,3457,18,2024-11-03,5,11,1
5250,2115,16,2024-08-23,4,8,1
5251,2171,3,2022-06-11,4,6,0
5252,507,5,2022-11-04,5,11,1
5253,1868,19,2023-11-23,4,11,1
5254,2026,3,2024-06-04,4,6,0
5255,4346,18,2024-11-25,5,11,1
5256,960,2,2023-08-09,4,8,0
5257,914,16,2023-11-20,5,11,0
5258,2127,10,2023-01-19,5,1,1
5259,2398,3,2024-12-17,5,12,1
5260,1668,16,2024-06-11,4,6,1
5261,1316,12,2024-03-08,5,3,1
5262,3591,6,2022-05-12,4,5,0
5263,1377,7,2022-05-21,5,5,0
5264,2000,6,2022-03-14,4,3,1
5265,418,19,2024-07-14,5,7,0
5266,462,1,2024-09-11,3,9,0
5267,170,2,2024-04-01,4,4,0
5268,4506,4,2024-07-05,5,7,0
5269,1322,1,2024-11-10,4,11,1
5270,4388,3,2023-06-05,4,6,0
5271,1001,17,2024-02-18,4,2,1
5272,1132,15,2024-07-20,4,7,0
5273,3881,6,2024-07-15,4,7,0
5274,3235,6,2024-05-10,5,5,0
5275,4232,2,2024-12-07,5,12,1
5276,4758,13,2023-06-08,5,6,1
5277,3885,8,2022-11-28,5,11,1
5278,2462,9,2022-02-23,5,2,1
5279,4610,17,2023-06-12,3,6,0
5280,1968,20,2024-01-01,5,1,1
5281,1445,12,2024-12-07,4,12,1
5282,4294,8,2024-05-09,3,5,0
5283,4236,8,2024-10-13,4,10,1
5284,1769,8,2024-05-04,2,5,0
5285,720,9,2023-07-14,3,7,0
5286,2928,10,2023-01-18,5,1,1
5287,2189,14,2024-01-15,4,1,0
5288,3615,16,2023-08-26,5,8,1
5289,4001,9,2024-02-24,5,2,1
5290,1412,10,2023-03-22,5,3,1
5291,2277,6,2024-05-04,4,5,0
5292,4571,3,2023-03-06,4,3,1
5293,148,7,2022-09-28,4,9,0
5294,3265,8,2024-06-10,3,6,0
5295,3768,14,2023-12-16,4,12,0
5296,4978,7,2023-11-22,5,11,1
5297,449,10,2024-10-27,4,10,1
5298,4021,5,2023-01-04,5,1,1
5299,809,9,2023-12-25,5,12,1
5300,3504,3,2024-12-28,4,12,1
5301,1956,4,2023-03-20,5,3,0
5302,3191,2,2022-10-16,5,10,1
5303,177,2,2023-03-22,5,3,1
5304,2244,6,2024-06-17,4,6,0
5305,2426,19,2024-08-21,3,8,0
5306,185,11,2023-12-25,5,12,1
5307,868,7,2023-11-18,5,11,1
5308,1072,13,2023-09-23,5,9,1
5309,1370,8,2022-12-07,4,12,1
5310,4753,3,2023-02-10,5,2,1
5311,3562,9,2024-08-27,5,8,0
5312,3225,16,2024-10-06,5,10,0
5313,1160,20,2022-05-13,4,5,0
5314,2354,11,2022-03-05,5,3,0
5315,1331,2,2023-09-08,4,9,0
5316,1778,7,2022-09-07,5,9,0
5317,1402,20,2024-05-10,5,5,0
5318,2805,6,2024-05-14,4,5,0
5319,1217,13,2024-10-19,3,10,0
5320,4236,16,2022-09-04,5,9,1
5321,3341,13,2022-11-24,5,11,0
5322,2117,6,2024-06-24,3,6,0
5323,42,14,2024-05-17,5,5,1
5324,4016,11,2024-08-26,4,8,0
5325,173,9,2024-11-22,4,11,1
5326,4106,18,2022-05-11,3,5,0
5327,697,4,2024-01-21,5,1,1
5328,1450,20,2023-10-20,5,10,1
5329,2966,17,2023-07-24,4,7,0
5330,1193,19,2023-03-23,4,3,0
5331,4794,2,2022-11-24,3,11,1
5332,3437,18,2022-07-24,4,7,0
5333,2834,2,2023-12-01,5,12,1
5334,2993,16,2023-08-24,5,8,1
5335,3945,6,2023-10-21,5,10,1
5336,930,4,2024-03-14,5,3,0
5337,1403,19,2022-03-06,3,3,0
5338,4088,1,2022-05-19,3,5,0
5339,2666,5,2023-08-18,3,8,0
5340,4421,19,2024-03-22,5,3,0
5341,3411,16,2023-11-16,3,11,0
5342,3668,2,2022-05-26,4,5,0
5343,4329,14,2023-02-09,5,2,1
5344,3147,1,2024-04-11,5,4,0
5345,1101,11,2023-05-28,5,5,0
5346,2488,6,2023-02-04,5,2,1
5347,3808,3,2024-08-21,5,8,0
5348,2561,2,2022-10-23,4,10,1
5349,3430,8,2024-02-11,5,2,1
5350,1465,13,2022-01-18,4,1,0
5351,816,14,2023-02-21,5,2,1
5352,959,11,2023-12-25,5,12,1
5353,1057,16,2024-07-05,5,7,1
5354,2908,14,2023-10-04,4,10,1
5355,1659,14,2022-06-06,4,6,0
5356,1208,8,2022-04-09,2,4,0
5357,1255,6,2023-04-10,4,4,0
5358,324,18,2024-11-25,5,11,1
5359,2203,3,2023-10-02,5,10,1
5360,816,19,2023-11-09,5,11,1
5361,4271,15,2022-06-17,5,6,1
5362,2594,1,2023-11-20,5,11,1
5363,534,9,2022-12-26,5,12,1
5364,1861,8,2024-03-08,4,3,1
5365,4545,9,2022-05-01,4,5,0
5366,1649,19,2022-07-18,5,7,0
5367,4321,10,2022-03-04,5,3,1
5368,2980,18,2023-07-25,5,7,0
5369,2927,9,2023-04-06,5,4,0
5370,1270,14,2023-11-28,4,11,1
5371,7,16,2022-12-24,3,12,0
5372,3125,10,2024-03-18,5,3,1
5373,2238,5,2023-05-13,4,5,0
5374,1697,18,2024-02-27,4,2,1
5375,816,5,2024-02-07,5,2,1
5376,4693,13,2022-12-04,3,12,0
5377,1190,9,2023-08-07,3,8,0
5378,4829,10,2022-02-28,5,2,1
5379,2022,11,2022-05-03,4,5,0
5380,1477,7,2024-12-19,4,12,1
5381,1091,15,2024-07-15,4,7,0
5382,1660,19,2023-05-18,3,5,0
5383,2298,3,2023-11-20,5,11,1
5384,863,8,2022-01-05,5,1,1
5385,4358,6,2024-04-19,4,4,0
5386,203,13,2023-07-28,4,7,1
5387,4477,4,2022-02-08,3,2,1
5388,1477,17,2024-12-06,5,12,1
5389,2250,9,2022-10-23,5,10,1
5390,2532,9,2022-12-10,5,12,1
5391,715,19,2024-10-09,5,10,1
5392,1796,13,2022-07-16,5,7,1
5393,3366,11,2023-03-21,5,3,0
5394,1478,3,2022-02-14,5,2,1
5395,534,5,2023-02-18,5,2,1
5396,2419,14,2022-11-10,5,11,1
5397,3844,9,2023-12-05,5,12,1
5398,3824,18,2024-11-19,5,11,1
5399,1204,11,2022-12-18,5,12,1
5400,1834,15,2022-07-23,4,7,0
5401,4756,15,2024-03-08,4,3,1
5402,1017,1,2023-04-14,4,4,0
5403,4462,18,2024-06-05,4,6,0
5404,1376,5,2022-06-10,5,6,0
5405,1648,5,2023-07-27,4,7,0
5406,3427,10,2024-01-22,5,1,1
5407,654,3,2024-04-05,5,4,1
5408,2666,8,2022-01-03,5,1,1
5409,2847,7,2022-02-10,5,2,1
5410,2820,17,2024-10-24,4,10,1
5411,1431,2,2024-08-08,4,8,0
5412,3709,14,2023-07-26,4,7,0
5413,4391,1,2023-11-19,5,11,1
5414,1452,10,2023-01-18,4,1,1
5415,1136,2,2024-11-05,4,11,1
5416,3945,17,2022-02-11,4,2,1
5417,43,8,2024-04-03,4,4,0
5418,2745,13,2024-04-07,4,4,0
5419,652,8,2022-03-14,4,3,1
5420,551,19,2024-04-17,4,4,0
5421,2931,17,2022-04-25,4,4,0
5422,4156,1,2024-09-09,4,9,0
5423,4091,12,2023-10-16,4,10,0
5424,3186,2,2022-08-12,4,8,0
5425,114,1,2024-07-26,2,7,0
5426,1432,13,2022-08-16,5,8,1
5427,1110,11,2024-01-27,5,1,1
5428,414,19,2023-07-03,4,7,0
5429,3073,8,2024-08-19,4,8,0
5430,2708,16,2022-05-28,5,5,1
5431,1580,12,2024-02-09,4,2,1
5432,3118,2,2024-08-09,2,8,0
5433,2986,20,2022-10-13,5,10,1
5434,1153,17,2024-05-08,4,5,0
5435,1565,10,2024-02-01,4,2,1
5436,585,6,2024-12-07,5,12,1
5437,4775,1,2023-03-14,5,3,1
5438,3160,14,2022-12-04,5,12,0
5439,2284,16,2022-05-18,5,5,1
5440,375,14,2022-08-02,4,8,0
5441,943,7,2022-07-19,4,7,0
5442,4828,12,2022-02-17,4,2,1
5443,4638,20,2022-07-17,4,7,0
5444,4456,10,2022-04-06,4,4,0
5445,4826,16,2022-04-16,5,4,0
5446,1555,18,2022-01-14,4,1,1
5447,2915,13,2022-04-12,5,4,0
5448,3891,13,2022-03-10,5,3,0
5449,4370,7,2024-04-17,5,4,0
5450,4739,18,2023-03-02,5,3,1
5451,986,19,2022-02-24,3,2,1
5452,128,13,2022-10-10,5,10,0
5453,1704,12,2024-01-19,4,1,1
5454,2867,13,2022-05-04,5,5,1
5455,2610,15,2024-04-02,5,4,1
5456,4058,11,2023-08-20,5,8,0
5457,3041,18,2024-01-21,5,1,1
5458,239,2,2022-08-12,4,8,0
5459,199,20,2023-01-10,5,1,1
5460,946,2,2022-11-08,4,11,1
5461,3145,14,2023-07-28,3,7,0
5462,1265,19,2023-08-27,3,8,0
5463,1414,17,2023-01-08,4,1,1
5464,3425,13,2023-02-03,5,2,0
5465,3670,17,2024-09-09,3,9,0
5466,2840,13,2024-03-19,3,3,0
5467,2434,1,2023-04-23,5,4,0
5468,4555,15,2022-12-02,3,12,0
5469,686,13,2023-08-13,5,8,1
5470,4335,19,2024-08-14,3,8,0
5471,3287,7,2022-08-15,4,8,0
5472,2545,5,2022-02-21,4,2,1
5473,2468,7,2023-11-21,5,11,1
5474,1646,11,2023-08-02,4,8,0
5475,3862,16,2023-06-26,5,6,1
5476,1218,14,2024-03-06,5,3,1
5477,3899,7,2024-06-06,4,6,0
5478,3891,15,2023-10-25,4,10,1
5479,4303,11,2023-09-01,5,9,1
5480,2305,14,2024-05-03,4,5,1
5481,1350,8,2024-01-27,5,1,1
5482,1802,5,2024-08-23,4,8,0
5483,3038,11,2023-09-13,5,9,1
5484,3164,15,2022-01-15,4,1,0
5485,601,6,2024-10-05,4,10,1
5486,4662,3,2022-09-20,4,9,0
5487,1054,14,2023-02-11,5,2,1
5488,3402,16,2024-09-17,5,9,1
5489,4179,20,2024-09-22,4,9,0
5490,1807,7,2023-08-15,5,8,0
5491,648,13,2024-02-06,2,2,0
5492,58,3,2023-11-20,5,11,1
5493,4154,16,2023-02-27,5,2,0
5494,4164,8,2024-12-06,5,12,1
5495,2587,12,2023-04-25,5,4,1
5496,662,14,2023-11-19,5,11,1
5497,272,11,2023-01-09,5,1,1
5498,1436,1,2022-06-01,4,6,0
5499,2918,10,2024-08-09,4,8,0
5500,2337,15,2024-11-26,3,11,0
5501,3163,3,2023-04-04,5,4,1
5502,1239,15,2023-10-27,5,10,1
5503,598,16,2024-08-09,4,8,1
5504,2229,12,2022-10-20,3,10,0
5505,2351,10,2023-05-16,3,5,0
5506,2110,5,2022-04-11,5,4,0
5507,2101,9,2023-09-09,4,9,1
5508,1890,5,2022-10-28,5,10,1
5509,4485,5,2024-08-17,4,8,0
5510,1280,12,2024-07-16,2,7,0
5511,3548,8,2024-10-05,4,10,1
5512,2379,20,2024-03-17,5,3,1
5513,4045,20,2022-02-10,5,2,1
5514,1799,2,2023-04-20,4,4,0
5515,4474,16,2024-03-20,4,3,0
5516,2085,17,2023-03-12,4,3,1
5517,3802,12,2024-02-09,5,2,1
5518,3086,20,2022-03-06,5,3,1
5519,4961,20,2023-03-19,5,3,1
5520,1981,18,2023-05-28,3,5,0
5521,3178,19,2024-05-26,4,5,0
5522,3053,18,2024-02-07,4,2,1
5523,1847,19,2024-01-21,5,1,1
5524,3774,6,2022-12-18,5,12,1
5525,87,13,2023-03-28,5,3,0
5526,1539,16,2023-01-10,3,1,0
5527,1579,14,2024-10-20,5,10,1
5528,4955,18,2023-02-03,5,2,1
5529,407,19,2024-06-04,4,6,0
5530,1569,4,2023-04-24,5,4,0
5531,3988,19,2022-05-01,4,5,0
5532,375,3,2022-05-04,5,5,0
5533,4980,17,2022-12-05,4,12,1
5534,66,2,2022-10-24,4,10,1
5535,4476,18,2023-04-24,3,4,0
5536,4657,12,2022-08-06,4,8,0
5537,1632,13,2024-06-07,5,6,1
5538,608,16,2023-08-11,5,8,1
5539,838,2,2024-04-14,4,4,0
5540,4043,7,2023-12-05,5,12,1
5541,4476,9,2023-07-02,5,7,0
5542,1813,15,2022-07-14,4,7,0
5543,2095,4,2023-01-06,5,1,1
5544,1217,11,2024-05-27,4,5,0
5545,4354,1,2023-03-03,4,3,1
5546,4628,14,2023-10-04,5,10,1
5547,1894,11,2022-06-08,3,6,0
5548,2551,18,2023-05-10,4,5,0
5549,2006,4,2024-12-21,5,12,1
5550,735,9,2024-08-27,3,8,0
5551,2183,16,2022-02-18,5,2,0
5552,1473,9,2024-11-26,5,11,1
5553,3859,15,2024-04-06,5,4,1
5554,4326,10,2023-08-28,3,8,0
5555,1680,11,2022-03-20,4,3,0
5556,88,2,2022-08-20,3,8,0
5557,4479,15,2024-02-10,3,2,0
5558,1016,16,2024-11-21,4,11,0
5559,261,12,2023-08-07,4,8,0
5560,4863,10,2022-01-22,5,1,1
5561,389,11,2022-07-16,3,7,0
5562,3821,7,2023-01-17,5,1,1
5563,2342,12,2023-01-21,5,1,1
5564,2523,9,2023-12-12,5,12,1
5565,1676,12,2022-08-03,3,8,0
5566,1625,7,2022-11-05,5,11,1
5567,4995,17,2022-05-06,5,5,0
5568,4407,20,2024-12-16,3,12,1
5569,3058,14,2024-12-08,4,12,0
5570,2558,11,2023-08-17,5,8,0
5571,2528,18,2023-12-23,5,12,1
5572,4536,1,2022-03-22,4,3,1
5573,3876,16,2022-07-23,4,7,1
5574,3965,6,2022-11-12,5,11,1
5575,561,17,2022-11-21,5,11,1
5576,1519,4,2023-08-03,3,8,0
5577,3918,1,2024-01-26,5,1,1
5578,3719,12,2022-12-10,4,12,1
5579,1456,13,2022-09-22,4,9,1
5580,647,3,2023-09-22,4,9,0
5581,3250,19,2022-12-20,5,12,1
5582,37,5,2024-09-11,4,9,0
5583,527,1,2022-01-21,4,1,1
5584,2418,14,2024-04-04,5,4,1
5585,3544,11,2023-12-25,3,12,1
5586,4180,2,2024-08-02,4,8,0
5587,4781,15,2023-12-16,3,12,0
5588,4113,10,2023-06-11,3,6,0
5589,887,1,2022-08-25,4,8,0
5590,2690,15,2022-10-10,5,10,1
5591,2537,20,2023-11-24,4,11,1
5592,1240,17,2023-08-13,4,8,0
5593,2142,12,2024-06-04,2,6,0
5594,1801,17,2023-01-20,5,1,1
5595,3104,8,2022-06-28,4,6,0
5596,3952,6,2024-11-24,5,11,1
5597,2113,20,2023-09-24,3,9,0
5598,2386,10,2024-07-05,3,7,0
5599,2908,12,2024-07-07,3,7,0
5600,3558,12,2023-06-18,3,6,0
5601,2320,5,2022-04-12,5,4,0
5602,126,6,2024-10-13,5,10,1
5603,1996,16,2023-04-26,3,4,0
5604,1580,8,2024-09-13,4,9,0
5605,691,5,2022-02-11,5,2,1
5606,3394,12,2022-10-26,4,10,0
5607,1672,11,2023-05-09,4,5,0
5608,3735,9,2024-01-25,5,1,1
5609,1633,8,2023-11-07,5,11,1
5610,2656,1,2022-03-05,5,3,1
5611,1220,11,2023-04-18,5,4,0
5612,1951,3,2022-06-22,4,6,0
5613,3367,11,2024-11-18,4,11,1
5614,3348,6,2022-11-28,5,11,1
5615,4520,5,2022-03-15,4,3,1
5616,3245,1,2022-08-02,3,8,0
5617,154,2,2024-08-04,4,8,0
5618,961,13,2024-02-26,4,2,0
5619,4992,1,2023-11-18,5,11,1
5620,3841,7,2024-01-05,5,1,1
5621,2563,19,2022-03-05,4,3,0
5622,773,6,2024-06-06,4,6,0
5623,2272,3,2023-07-27,5,7,0
5624,4338,12,2023-03-14,4,3,1
5625,4900,6,2023-10-15,5,10,1
5626,1814,1,2022-02-05,4,2,1
5627,1149,18,2022-11-20,5,11,1
5628,2230,5,2024-01-25,5,1,1
5629,2714,17,2022-12-09,5,12,1
5630,737,8,2023-07-28,3,7,0
5631,558,19,2024-04-10,3,4,0
5632,109,9,2024-05-25,3,5,0
5633,1615,13,2022-05-23,5,5,1
5634,3297,17,2024-10-18,4,10,1
5635,3338,14,2023-08-08,5,8,0
5636,2220,10,2022-06-18,4,6,0
5637,4587,2,2023-06-28,4,6,0
5638,769,9,2022-12-10,4,12,1
5639,3273,15,2023-09-03,5,9,1
5640,4995,7,2024-11-04,5,11,1
5641,4692,12,2024-01-21,5,1,1
5642,3142,16,2022-12-26,4,12,0
5643,2107,20,2022-07-14,4,7,0
5644,3867,15,2023-03-28,4,3,1
5645,1120,6,2022-10-14,5,10,1
5646,4278,9,2024-07-07,3,7,0
5647,4132,1,2024-06-01,3,6,0
5648,3618,13,2024-03-02,3,3,0
5649,398,19,2022-02-20,4,2,1
5650,1609,4,2022-12-15,5,12,1
5651,1564,10,2024-10-06,4,10,1
5652,4197,9,2022-04-06,3,4,0
5653,59,4,2023-09-17,3,9,0
5654,16,15,2023-05-23,5,5,1
5655,3068,18,2024-06-23,5,6,0
5656,3233,14,2022-04-23,5,4,1
5657,4363,7,2023-08-14,5,8,0
5658,977,20,2024-11-07,5,11,1
5659,1753,1,2023-02-17,5,2,1
5660,1081,10,2023-06-03,3,6,0
5661,1217,9,2022-10-18,5,10,1
5662,920,8,2023-02-20,4,2,1
5663,2282,6,2022-08-25,4,8,0
5664,2657,3,2024-10-02,4,10,1
5665,1532,15,2023-09-21,5,9,1
5666,3672,10,2024-09-10,4,9,0
5667,204,3,2023-10-16,5,10,1
5668,4871,5,2022-08-08,5,8,0
5669,3245,1,2023-11-14,4,11,1
5670,4646,15,2024-09-04,4,9,1
5671,3437,6,2023-08-28,3,8,0
5672,4903,20,2024-09-05,3,9,0
5673,3868,6,2022-11-14,5,11,1
5674,4297,2,2023-08-13,4,8,0
5675,3576,18,2024-06-22,4,6,0
5676,4136,10,2023-07-05,3,7,0
5677,4959,20,2022-09-17,4,9,0
5678,2704,4,2024-12-23,5,12,1
5679,3136,6,2022-10-10,4,10,1
5680,4926,7,2022-12-11,4,12,1
5681,2439,19,2022-02-19,5,2,1
5682,4296,2,2024-04-21,3,4,0
5683,4026,16,2023-08-11,5,8,1
5684,4734,15,2024-10-28,5,10,1
5685,4637,8,2023-11-17,4,11,1
5686,1936,8,2024-01-24,5,1,1
5687,1553,19,2023-04-08,3,4,0
5688,4692,6,2023-11-04,5,11,1
5689,4655,2,2024-02-23,5,2,1
5690,2888,16,2022-11-07,3,11,0
5691,1657,16,2024-12-23,4,12,0
5692,4771,19,2022-12-01,4,12,1
5693,1434,17,2023-08-27,4,8,0
5694,513,9,2023-03-16,5,3,0
5695,550,17,2023-12-22,5,12,1
5696,2858,15,2022-10-02,5,10,1
5697,4203,19,2024-06-06,4,6,0
5698,1524,2,2024-08-01,3,8,0
5699,1614,6,2024-03-25,5,3,1
5700,893,13,2023-03-03,4,3,0
5701,2034,2,2023-02-15,5,2,1
5702,4444,1,2022-07-24,5,7,0
5703,4908,17,2023-01-21,5,1,1
5704,3781,18,2022-08-19,3,8,0
5705,2572,18,2024-09-28,5,9,0
5706,3458,14,2023-02-25,5,2,1
5707,2961,9,2022-06-11,5,6,0
5708,2661,20,2022-06-03,4,6,0
5709,3537,15,2023-06-17,5,6,1
5710,4948,10,2024-07-19,3,7,0
5711,3679,19,2024-10-08,5,10,1
5712,4187,13,2022-08-17,4,8,1
5713,4351,15,2024-11-27,3,11,0
5714,2204,15,2023-07-25,3,7,0
5715,172,8,2022-08-24,4,8,0
5716,4652,18,2022-05-11,4,5,0
5717,3967,14,2023-07-28,3,7,0
5718,3773,16,2024-02-14,4,2,0
5719,2571,3,2022-02-25,4,2,1
5720,2983,7,2023-10-27,4,10,1
5721,4009,13,2023-06-22,3,6,1
5722,2926,6,2022-06-27,5,6,0
5723,3909,17,2022-06-22,3,6,0
5724,4087,17,2023-09-09,5,9,0
5725,1549,16,2023-03-09,5,3,0
5726,2920,7,2023-04-27,5,4,0
5727,695,16,2022-12-16,4,12,0
5728,748,20,2023-11-04,5,11,1
5729,1504,4,2023-05-08,4,5,0
5730,1888,12,2023-02-23,4,2,1
5731,508,16,2023-11-06,4,11,0
5732,4623,10,2022-10-03,5,10,1
5733,4395,16,2022-01-04,5,1,0
5734,1710,8,2022-09-12,4,9,0
5735,628,20,2023-01-14,5,1,1
5736,2533,18,2024-05-26,4,5,0
5737,598,18,2023-02-20,5,2,1
5738,3657,3,2022-03-06,5,3,1
5739,1089,19,2024-08-22,4,8,0
5740,4748,12,2022-07-05,4,7,0
5741,2960,10,2022-01-21,4,1,1
5742,4983,17,2023-12-06,5,12,1
5743,3625,2,2024-12-03,5,12,1
5744,3428,5,2023-12-08,5,12,1
5745,3005,7,2022-08-11,4,8,0
5746,4586,4,2022-10-11,4,10,1
5747,4683,15,2022-03-27,5,3,1
5748,4741,4,2023-04-26,4,4,0
5749,4823,6,2023-01-02,5,1,1
5750,4605,12,2022-02-22,5,2,1
5751,3490,1,2023-11-03,5,11,1
5752,3020,18,2024-12-01,5,12,1
5753,1755,8,2022-03-06,5,3,1
5754,3868,7,2023-09-08,3,9,0
5755,918,1,2022-05-24,5,5,0
5756,774,3,2023-08-23,4,8,0
5757,2202,7,2024-12-21,5,12,1
5758,2138,17,2024-12-11,3,12,1
5759,148,9,2024-10-01,5,10,1
5760,848,16,2022-06-09,5,6,1
5761,90,3,2022-06-09,4,6,0
5762,2217,15,2024-05-04,4,5,1
5763,3740,1,2023-12-01,4,12,1
5764,1078,19,2023-01-27,5,1,1
5765,3110,17,2023-01-12,5,1,1
5766,3615,5,2024-08-21,5,8,0
5767,1112,13,2022-01-19,4,1,0
5768,509,2,2023-04-14,4,4,0
5769,441,18,2023-03-25,5,3,1
5770,3177,9,2023-05-19,5,5,0
5771,4290,3,2023-08-05,4,8,0
5772,2995,15,2022-07-23,5,7,0
5773,1736,18,2023-09-09,3,9,0
5774,1924,13,2023-08-13,5,8,1
5775,4360,18,2022-07-20,5,7,0
5776,658,4,2022-03-09,3,3,0
5777,3742,10,2023-08-06,3,8,0
5778,2305,2,2024-08-10,4,8,0
5779,423,15,2022-04-10,4,4,1
5780,3505,5,2024-05-22,4,5,0
5781,4265,9,2024-08-28,4,8,0
5782,4637,14,2023-12-09,3,12,0
5783,3349,16,2022-09-13,4,9,1
5784,3436,5,2022-05-27,4,5,0
5785,524,10,2023-03-14,4,3,1
5786,3091,15,2023-11-08,3,11,0
5787,4384,12,2022-10-17,2,10,0
5788,115,19,2022-12-12,5,12,1
5789,494,9,2022-05-27,5,5,0
5790,4536,16,2024-12-25,4,12,0
5791,1513,10,2023-01-13,5,1,1
5792,2175,2,2023-10-17,4,10,1
5793,3305,7,2023-03-16,4,3,1
5794,2967,9,2023-12-25,5,12,1
5795,3182,7,2024-04-04,3,4,0
5796,1158,17,2023-11-05,5,11,1
5797,4347,12,2022-11-24,4,11,1
5798,2704,12,2023-03-24,5,3,1
5799,725,3,2022-05-24,4,5,0
5800,4928,8,2022-08-26,4,8,0
5801,3058,11,2024-03-20,4,3,0
5802,3306,2,2023-01-20,4,1,1
5803,1110,16,2024-06-05,5,6,1
5804,1865,15,2022-05-02,3,5,1
5805,3011,20,2022-06-28,4,6,0
5806,471,12,2022-10-07,3,10,0
5807,4444,4,2022-03-17,5,3,0
5808,1574,3,2024-09-01,5,9,0
5809,2275,11,2023-07-09,4,7,0
5810,1474,5,2024-07-12,4,7,0
5811,2651,15,2024-07-24,5,7,0
5812,3931,11,2024-06-13,5,6,0
5813,4739,9,2024-06-02,5,6,0
5814,4386,3,2022-06-24,5,6,0
5815,3929,17,2023-04-13,4,4,0
5816,3753,7,2023-10-11,4,10,1
5817,3746,17,2024-04-12,4,4,0
5818,3803,6,2023-10-02,5,10,1
5819,3988,20,2022-11-20,4,11,1
5820,4431,1,2023-04-06,3,4,0
5821,3014,16,2022-05-26,5,5,1
5822,2996,10,2024-04-15,5,4,0
5823,3660,6,2024-08-24,5,8,0
5824,2951,19,2024-09-08,5,9,1
5825,3586,8,2023-03-03,5,3,1
5826,2210,19,2024-07-27,3,7,0
5827,4520,16,2023-02-13,4,2,0
5828,3688,8,2023-01-23,4,1,1
5829,562,8,2022-06-13,4,6,0
5830,4150,4,2022-03-27,4,3,0
5831,464,19,2024-09-05,5,9,1
5832,1248,9,2023-08-15,3,8,0
5833,680,18,2023-02-07,4,2,1
5834,584,16,2024-12-22,3,12,0
5835,1793,6,2024-09-08,4,9,0
5836,847,19,2022-09-17,4,9,1
5837,2234,2,2022-07-20,3,7,0
5838,396,19,2024-06-21,4,6,0
5839,2833,2,2024-04-14,4,4,0
5840,2555,13,2023-03-23,5,3,0
5841,2241,16,2022-11-03,4,11,0
5842,1062,12,2024-03-19,5,3,1
5843,3717,11,2022-03-25,4,3,0
5844,416,13,2024-02-02,4,2,0
5845,779,6,2024-02-22,5,2,1
5846,1800,4,2023-06-24,3,6,0
5847,1181,17,2022-11-24,4,11,1
5848,1783,14,2024-01-04,5,1,0
5849,3283,19,2022-05-27,4,5,0
5850,4178,12,2024-04-10,5,4,1
5851,4036,6,2023-08-13,5,8,0
5852,3941,7,2023-06-02,5,6,0
5853,4271,14,2023-03-14,5,3,1
5854,2097,8,2023-06-11,3,6,0
5855,2611,14,2023-02-14,5,2,1
5856,1174,17,2024-10-18,5,10,1
5857,2699,13,2023-09-23,5,9,1
5858,1654,8,2023-12-10,5,12,1
5859,1488,4,2023-06-15,3,6,0
5860,971,20,2024-02-24,5,2,1
5861,1730,19,2024-08-01,4,8,0
5862,3319,18,2024-05-02,5,5,0
5863,2736,6,2023-10-27,5,10,1
5864,386,16,2023-07-01,5,7,1
5865,2654,18,2024-10-26,5,10,1
5866,2610,18,2024-11-10,5,11,1
5867,4597,3,2023-02-23,5,2,1
5868,1045,11,2022-08-24,4,8,0
5869,4544,3,2024-03-22,5,3,1
5870,1592,10,2022-09-21,3,9,0
5871,2923,9,2022-05-04,5,5,0
5872,3502,3,2023-05-14,3,5,0
5873,799,18,2023-11-27,5,11,1
5874,3178,6,2022-04-19,4,4,0
5875,1105,3,2023-07-15,2,7,0
5876,2783,17,2023-03-07,5,3,1
5877,1285,4,2022-05-04,4,5,0
5878,973,3,2022-08-28,4,8,0
5879,4134,10,2022-08-20,4,8,0
5880,3607,5,2023-11-03,5,11,1
5881,4922,17,2023-04-28,4,4,0
5882,2607,16,2024-10-17,3,10,0
5883,2528,13,2022-03-08,4,3,0
5884,1137,4,2024-10-19,5,10,1
5885,3373,7,2023-08-14,5,8,0
5886,3646,20,2022-04-13,3,4,0
5887,3739,7,2022-10-09,5,10,1
5888,933,2,2023-03-17,4,3,1
5889,849,9,2024-01-10,5,1,1
5890,3795,13,2024-11-20,3,11,0
5891,3004,11,2022-07-03,3,7,0
5892,2846,7,2024-02-03,5,2,1
5893,1102,8,2023-04-28,3,4,0
5894,1402,9,2024-01-15,4,1,1
5895,2321,5,2024-01-13,5,1,1
5896,4671,9,2023-08-09,4,8,0
5897,3913,16,2024-04-04,3,4,0
5898,3708,4,2022-02-11,5,2,1
5899,4287,3,2024-02-04,5,2,1
5900,4844,20,2024-09-28,5,9,0
5901,3675,20,2023-12-18,5,12,1
5902,4847,20,2024-02-13,4,2,1
5903,2450,5,2022-04-07,5,4,0
5904,3698,17,2022-03-26,4,3,1
5905,3879,13,2022-08-11,5,8,1
5906,15,2,2022-10-22,5,10,1
5907,539,3,2022-01-19,5,1,1
5908,4565,7,2024-04-09,4,4,0
5909,1533,9,2024-04-17,3,4,0
5910,3365,20,2022-08-27,4,8,0
5911,1171,9,2023-06-16,3,6,0
5912,4919,2,2023-07-13,3,7,0
5913,4604,2,2023-09-18,4,9,0
5914,842,1,2022-11-27,4,11,1
5915,3659,1,2023-04-24,5,4,0
5916,3260,19,2024-05-27,5,5,0
5917,1286,3,2023-05-24,4,5,0
5918,3323,20,2024-12-20,4,12,1
5919,1403,18,2023-09-06,5,9,0
5920,3779,18,2023-10-13,4,10,1
5921,1086,8,2022-10-19,4,10,1
5922,88,19,2024-06-28,5,6,0
5923,545,17,2022-03-22,5,3,1
5924,2394,4,2022-10-24,5,10,1
5925,2266,6,2024-03-24,4,3,1
5926,4249,20,2022-02-19,5,2,1
5927,2398,9,2022-02-22,5,2,1
5928,2372,17,2022-08-01,4,8,0
5929,1189,14,2023-01-22,5,1,0
5930,2899,6,2024-02-16,5,2,1
5931,2190,10,2024-05-13,4,5,0
5932,3461,8,2024-09-19,3,9,0
5933,2173,6,2023-12-11,5,12,1
5934,3332,6,2024-08-27,3,8,0
5935,4681,18,2023-06-08,4,6,0
5936,1808,17,2023-04-06,5,4,0
5937,2772,6,2022-04-02,3,4,0
5938,557,9,2024-08-17,3,8,0
5939,93,3,2024-06-06,4,6,0
5940,4723,10,2023-01-07,5,1,1
5941,2371,19,2024-08-19,3,8,0
5942,1396,18,2024-09-13,4,9,0
5943,2515,18,2023-06-17,5,6,0
5944,2191,16,2024-03-27,4,3,0
5945,4480,19,2022-01-22,4,1,1
5946,4488,9,2022-02-16,4,2,1
5947,1669,5,2022-12-19,5,12,1
5948,323,2,2023-11-05,4,11,1
5949,1676,4,2024-08-25,5,8,0
5950,258,16,2022-11-04,5,11,0
5951,4984,7,2024-12-17,5,12,1
5952,3273,4,2022-08-09,3,8,0
5953,2863,8,2024-12-25,5,12,1
5954,4561,3,2024-01-10,5,1,1
5955,4236,9,2023-08-04,4,8,0
5956,3582,17,2023-11-28,5,11,1
5957,280,6,2024-09-07,4,9,0
5958,4520,11,2022-12-22,5,12,1
5959,1529,20,2022-03-13,4,3,1
5960,4233,18,2024-01-09,5,1,1
5961,2257,18,2023-01-13,5,1,1
5962,3241,1,2023-09-09,4,9,0
5963,1905,6,2024-05-17,5,5,0
5964,1209,20,2022-04-26,3,4,0
5965,4249,11,2023-07-22,5,7,0
5966,2347,14,2022-05-04,4,5,1
5967,615,10,2022-09-19,4,9,0
5968,4484,11,2023-10-13,4,10,1
5969,3078,16,2024-07-14,5,7,1
5970,939,9,2023-04-16,4,4,0
5971,1144,16,2024-07-18,4,7,1
5972,4662,6,2024-04-25,5,4,0
5973,4008,8,2023-03-02,3,3,1
5974,2688,13,2024-12-12,5,12,0
5975,3320,20,2023-12-05,5,12,1
5976,3320,15,2022-10-19,5,10,1
5977,1047,6,2024-10-12,5,10,1
5978,1451,9,2022-09-19,5,9,1
5979,4239,17,2023-04-19,4,4,0
5980,4266,16,2023-12-09,4,12,0
5981,2997,12,2024-01-06,5,1,1
5982,1644,6,2024-01-13,3,1,1
5983,3437,8,2023-01-04,5,1,1
5984,2486,10,2024-10-06,5,10,1
5985,282,2,2022-05-24,4,5,0
5986,3945,12,2024-04-06,4,4,1
5987,1831,11,2023-12-21,5,12,1
5988,4835,7,2022-03-17,5,3,1
5989,1521,14,2024-09-11,5,9,1
5990,2727,18,2023-04-20,4,4,0
5991,4191,10,2022-05-07,4,5,0
5992,1204,11,2023-10-14,5,10,1
5993,685,9,2023-05-15,4,5,0
5994,883,10,2024-02-03,4,2,1
5995,3165,12,2023-09-27,3,9,0
5996,2681,4,2022-11-10,4,11,1
5997,1012,9,2024-12-10,4,12,1
5998,4931,8,2023-10-05,4,10,1
5999,1762,20,2023-06-15,4,6,0
6000,4446,14,2022-05-07,5,5,1
6001,662,16,2022-05-23,4,5,1
6002,4632,16,2022-12-16,4,12,0
6003,2135,7,2023-09-05,4,9,0
6004,1622,8,2024-11-17,5,11,1
6005,4036,18,2023-01-02,5,1,1
6006,541,14,2024-01-06,4,1,0
6007,4476,20,2022-03-16,4,3,1
6008,3954,15,2023-11-20,4,11,0
6009,3580,11,2024-05-09,2,5,0
6010,4966,16,2024-04-15,4,4,0
6011,3197,1,2023-04-13,4,4,0
6012,379,14,2024-07-09,3,7,0
6013,2143,2,2023-02-07,3,2,1
6014,2886,14,2024-11-01,4,11,1
6015,190,10,2024-08-22,4,8,0
6016,2998,4,2022-05-11,5,5,0
6017,4146,3,2024-12-15,5,12,1
6018,2388,4,2023-10-15,5,10,1
6019,4840,16,2024-03-20,5,3,0
6020,639,13,2022-04-08,3,4,0
6021,680,16,2024-01-27,4,1,0
6022,482,4,2023-08-13,4,8,0
6023,2188,5,2023-03-12,5,3,1
6024,1339,2,2024-05-26,3,5,0
6025,3947,18,2022-01-01,5,1,1
6026,2582,17,2024-09-22,4,9,0
6027,3624,5,2022-10-09,5,10,1
6028,2576,14,2024-11-14,5,11,1
6029,669,10,2022-03-03,5,3,1
6030,2879,13,2022-04-14,3,4,0
6031,398,7,2023-10-16,5,10,1
6032,2701,17,2022-05-08,4,5,0
6033,4284,17,2022-08-07,4,8,0
6034,2596,2,2022-11-21,5,11,1
6035,1896,7,2024-09-23,4,9,0
6036,1024,19,2022-12-24,4,12,1
6037,109,3,2024-05-10,5,5,0
6038,1922,1,2024-03-26,5,3,1
6039,4467,9,2024-11-22,5,11,1
6040,436,1,2023-06-24,4,6,0
6041,2838,6,2023-12-03,5,12,1
6042,186,6,2023-10-07,3,10,1
6043,1431,7,2022-12-26,3,12,1
6044,2221,15,2023-01-27,4,1,0
6045,3630,11,2023-06-04,4,6,0
6046,4055,13,2022-04-06,4,4,0
6047,799,15,2023-12-27,4,12,0
6048,4112,10,2022-05-03,3,5,0
6049,97,7,2022-03-08,5,3,1
6050,4969,5,2024-06-22,4,6,0
6051,4084,5,2024-09-17,5,9,0
6052,806,4,2023-02-11,5,2,1
6053,4970,4,2023-03-02,4,3,0
6054,4948,19,2023-02-04,5,2,1
6055,3362,12,2024-08-11,5,8,0
6056,3659,4,2023-04-20,4,4,0
6057,3803,6,2023-03-16,5,3,1
6058,853,7,2022-01-20,4,1,1
6059,2666,11,2022-12-07,5,12,1
6060,181,10,2024-03-01,5,3,1
6061,4969,20,2023-06-15,4,6,0
6062,3485,7,2024-03-14,4,3,1
6063,3917,4,2024-02-19,5,2,1
6064,621,7,2023-12-28,5,12,1
6065,3465,4,2023-11-10,4,11,1
6066,3186,1,2022-05-22,4,5,0
6067,1690,7,2023-07-20,2,7,0
6068,1497,15,2023-11-23,3,11,0
6069,1764,10,2022-06-28,3,6,0
6070,1912,3,2024-11-04,4,11,1
6071,199,19,2023-12-05,5,12,1
6072,2540,9,2023-01-08,4,1,1
6073,1855,15,2022-09-16,5,9,1
6074,2000,17,2022-08-15,3,8,0
6075,2341,2,2023-05-05,4,5,0
6076,226,4,2022-12-09,5,12,1
6077,1703,20,2022-09-01,4,9,0
6078,4776,18,2024-01-23,5,1,1
6079,3378,13,2023-01-27,4,1,0
6080,4034,12,2022-11-17,4,11,1
6081,2084,17,2024-02-07,5,2,1
6082,804,13,2023-01-20,4,1,0
6083,1174,1,2022-09-05,4,9,0
6084,322,9,2024-02-11,5,2,1
6085,2645,4,2024-09-04,2,9,0
6086,2279,20,2023-07-19,3,7,0
6087,2613,13,2023-01-07,3,1,0
6088,4446,16,2023-10-26,4,10,0
6089,2738,6,2023-03-13,4,3,1
6090,4059,20,2022-03-26,5,3,1
6091,3224,1,2023-11-09,5,11,1
6092,3575,8,2023-03-16,3,3,1
6093,2250,7,2022-06-09,4,6,0
6094,486,4,2022-04-19,4,4,0
6095,2171,7,2024-03-08,5,3,1
6096,3023,7,2024-06-22,5,6,0
6097,4630,3,2023-08-18,3,8,0
6098,1916,16,2023-11-23,5,11,0
6099,1942,2,2024-06-03,4,6,0
6100,2946,11,2023-04-10,4,4,0
6101,4180,12,2023-08-03,5,8,0
6102,2304,2,2024-05-27,4,5,0
6103,4662,15,2023-09-19,5,9,1
6104,1491,5,2024-06-12,5,6,0
6105,1606,12,2024-03-02,4,3,1
6106,4670,18,2024-12-13,5,12,1
6107,4933,13,2022-12-25,5,12,0
6108,1323,4,2024-06-03,5,6,0
6109,84,14,2023-06-21,3,6,0
6110,3035,9,2023-08-13,4,8,0
6111,2775,11,2024-12-18,5,12,1
6112,3716,13,2023-10-17,4,10,0
6113,4847,15,2024-06-07,5,6,1
6114,4805,9,2022-11-02,5,11,1
6115,3748,20,2022-09-09,3,9,0
6116,474,20,2024-05-07,3,5,0
6117,4702,10,2023-04-25,4,4,0
6118,1416,2,2024-03-01,3,3,1
6119,3494,19,2022-05-17,3,5,0
6120,1932,14,2023-07-26,3,7,0
6121,3590,7,2024-08-07,4,8,0
6122,2369,12,2024-09-08,4,9,0
6123,4006,1,2024-01-28,4,1,1
6124,6,1,2024-05-04,4,5,0
6125,2182,6,2022-02-21,5,2,1
6126,389,17,2024-05-21,3,5,0
6127,2698,19,2024-08-25,3,8,0
6128,1005,8,2024-07-15,5,7,0
6129,1111,19,2022-03-01,4,3,0
6130,2767,16,2023-03-11,4,3,0
6131,1106,17,2022-12-21,5,12,1
6132,366,17,2024-07-10,2,7,0
6133,178,6,2022-05-08,4,5,0
6134,1234,14,2022-03-09,5,3,1
6135,2355,20,2023-01-19,4,1,1
6136,4226,18,2023-04-05,5,4,0
6137,197,1,2023-11-18,4,11,1
6138,4238,13,2022-08-28,5,8,1
6139,1851,2,2022-03-09,5,3,1
6140,2954,8,2023-11-28,4,11,1
6141,629,11,2024-10-05,5,10,1
6142,516,5,2024-11-14,5,11,1
6143,1461,16,2022-07-22,5,7,1
6144,2630,5,2022-01-06,4,1,1
6145,208,11,2022-08-16,3,8,0
6146,4314,3,2024-01-17,5,1,1
6147,3436,9,2024-11-22,5,11,1
6148,4026,19,2022-10-20,4,10,1
6149,1200,18,2024-09-28,3,9,0
6150,1365,2,2023-06-05,3,6,0
6151,1039,13,2024-04-26,4,4,0
6152,3252,15,2024-03-22,5,3,1
6153,2646,13,2024-06-03,5,6,1
6154,2367,16,2022-12-09,3,12,0
6155,952,9,2023-07-17,4,7,0
6156,2021,13,2023-12-09,4,12,0
6157,4431,16,2022-04-13,5,4,0
6158,2122,6,2024-10-03,4,10,1
6159,2068,10,2022-04-03,4,4,0
6160,1573,10,2023-09-28,3,9,0
6161,1820,14,2023-07-15,3,7,0
6162,2524,14,2024-04-01,3,4,1
6163,4030,11,2024-05-21,5,5,0
6164,2829,9,2024-10-24,5,10,1
6165,1568,6,2022-11-08,5,11,1
6166,2062,14,2024-12-03,4,12,0
6167,310,19,2022-10-15,4,10,1
6168,2027,1,2023-01-01,5,1,1
6169,329,3,2022-07-04,4,7,0
6170,4385,6,2023-10-04,5,10,1
6171,4683,13,2024-08-24,5,8,1
6172,3547,4,2023-09-10,4,9,0
6173,1090,15,2024-01-03,5,1,0
6174,1038,15,2024-03-06,5,3,1
6175,758,7,2024-06-13,3,6,0
6176,3870,17,2022-05-07,4,5,0
6177,4454,5,2022-02-17,5,2,1
6178,855,7,2023-09-10,4,9,0
6179,3121,11,2023-10-05,5,10,1
6180,4141,12,2022-03-22,5,3,1
6181,2530,13,2023-10-28,4,10,0
6182,22,3,2023-11-03,5,11,1
6183,1453,10,2023-02-21,4,2,1
6184,4204,4,2022-11-27,5,11,1
6185,1229,12,2024-01-25,5,1,1
6186,2313,20,2024-02-18,5,2,1
6187,4206,3,2023-05-18,5,5,0
6188,1165,14,2024-02-01,4,2,1
6189,2929,7,2022-04-14,4,4,0
6190,1433,18,2023-06-11,3,6,0
6191,1727,8,2023-07-24,4,7,0
6192,4363,18,2024-10-13,5,10,1
6193,1248,14,2024-02-01,4,2,1
6194,1020,3,2022-05-16,5,5,0
6195,3855,10,2024-10-20,5,10,1
6196,1901,14,2023-12-13,4,12,0
6197,1453,1,2024-05-07,5,5,0
6198,4424,5,2024-03-20,5,3,1
6199,481,20,2023-09-16,4,9,0
6200,2285,9,2022-04-10,5,4,0
6201,722,19,2024-06-13,4,6,0
6202,4202,2,2022-08-11,3,8,0
6203,3029,16,2022-06-09,5,6,1
6204,684,9,2022-11-26,5,11,1
6205,2814,9,2023-03-05,5,3,0
6206,4309,15,2024-05-04,5,5,1
6207,1371,19,2024-09-12,3,9,1
6208,2313,12,2022-06-23,3,6,0
6209,4706,9,2022-08-26,3,8,0
6210,1142,19,2023-08-19,3,8,0
6211,2958,20,2022-05-02,5,5,0
6212,3016,5,2023-10-20,5,10,1
6213,2921,12,2022-08-08,3,8,0
6214,2683,6,2022-06-21,3,6,0
6215,3819,19,2022-06-05,5,6,0
6216,1357,10,2024-05-21,3,5,0
6217,2406,19,2022-12-25,4,12,1
6218,4936,1,2023-12-06,5,12,1
6219,3822,11,2024-08-24,4,8,0
6220,2728,8,2023-03-28,5,3,1
6221,1697,3,2024-11-25,5,11,1
6222,3007,3,2024-10-26,4,10,1
6223,3082,13,2023-07-09,5,7,1
6224,550,14,2023-10-13,5,10,1
6225,4095,7,2022-04-17,5,4,0
6226,4131,17,2023-12-05,5,12,1
6227,4099,12,2022-05-22,4,5,0
6228,1450,1,2023-04-05,4,4,0
6229,2543,10,2022-03-23,4,3,1
6230,4939,19,2023-02-05,5,2,1
6231,2359,10,2022-01-09,5,1,1
6232,1231,16,2022-11-28,4,11,0
6233,1447,5,2023-12-28,5,12,1
6234,1819,19,2022-11-10,5,11,1
6235,4868,11,2024-12-25,4,12,1
6236,4391,4,2023-02-02,4,2,1
6237,4854,10,2024-08-18,4,8,0
6238,2010,4,2023-05-21,5,5,0
6239,4456,3,2023-06-05,5,6,0
6240,4283,10,2022-08-08,4,8,0
6241,4579,20,2023-06-21,5,6,0
6242,2296,20,2022-03-03,5,3,1
6243,1983,14,2023-02-19,4,2,1
6244,814,19,2022-12-02,4,12,1
6245,2932,14,2024-04-18,5,4,1
6246,3240,3,2024-08-12,5,8,0
6247,4477,6,2023-10-16,5,10,1
6248,4187,16,2024-10-10,3,10,0
6249,780,12,2022-01-15,5,1,1
6250,3671,10,2023-02-25,4,2,1
6251,3622,9,2022-11-07,4,11,1
6252,527,10,2022-05-23,4,5,0
6253,3751,10,2024-10-22,5,10,1
6254,4955,7,2023-06-04,3,6,0
6255,3261,19,2023-08-11,4,8,0
6256,2064,12,2023-10-18,4,10,0
6257,1816,7,2024-12-01,5,12,1
6258,791,20,2022-05-08,5,5,0
6259,4361,4,2023-08-07,4,8,0
6260,3870,11,2022-01-06,5,1,1
6261,3585,14,2022-09-10,4,9,1
6262,1553,9,2023-05-01,3,5,0
6263,3597,14,2023-05-04,5,5,1
6264,2805,14,2024-07-18,4,7,0
6265,447,14,2023-02-15,4,2,1
6266,2806,18,2023-01-16,5,1,1
6267,1057,9,2023-02-27,4,2,1
6268,3642,14,2024-04-18,5,4,1
6269,1229,12,2022-07-18,4,7,0
6270,1673,6,2024-01-02,5,1,1
6271,2466,16,2023-12-24,5,12,0
6272,4949,5,2023-03-09,5,3,1
6273,3252,1,2023-02-05,4,2,1
6274,1221,9,2023-02-13,5,2,1
6275,2885,14,2024-02-26,5,2,1
6276,1189,18,2022-12-24,5,12,1
6277,1425,6,2022-07-12,4,7,0
6278,3464,15,2023-10-01,5,10,1
6279,4854,10,2023-11-05,5,11,1
6280,2816,5,2022-05-15,4,5,0
6281,4820,1,2023-11-25,3,11,1
6282,4587,1,2022-05-24,4,5,0
6283,2016,5,2023-12-11,5,12,1
6284,2022,6,2024-02-11,5,2,1
6285,865,7,2024-10-06,5,10,1
6286,314,4,2024-07-10,4,7,0
6287,3520,6,2024-06-03,5,6,0
6288,969,15,2024-11-16,4,11,0
6289,4912,15,2022-09-12,4,9,1
6290,371,7,2022-05-01,5,5,0
6291,2182,1,2022-02-19,4,2,1
6292,3580,11,2023-10-17,5,10,1
6293,3271,1,2022-06-14,3,6,0
6294,2225,15,2023-10-13,5,10,1
6295,1694,2,2023-11-04,4,11,1
6296,3547,13,2023-12-05,3,12,0
6297,631,2,2022-08-16,4,8,0
6298,261,14,2022-12-26,4,12,0
6299,1038,15,2022-05-02,5,5,1
6300,4178,6,2023-06-07,5,6,0
6301,3591,2,2022-02-09,5,2,1
6302,4414,14,2023-03-17,4,3,1
6303,952,2,2024-10-10,5,10,1
6304,3422,3,2024-12-22,4,12,1
6305,3702,13,2022-08-02,5,8,1
6306,4842,12,2024-04-01,4,4,1
6307,265,5,2023-08-03,3,8,0
6308,3076,11,2022-02-28,5,2,1
6309,3107,16,2023-06-14,5,6,1
6310,110,7,2023-05-17,5,5,0
6311,4572,7,2023-05-27,3,5,0
6312,564,1,2024-02-25,5,2,1
6313,2119,11,2024-09-01,4,9,1
6314,4544,18,2023-02-11,4,2,1
6315,4503,15,2022-01-07,5,1,0
6316,2502,7,2024-03-01,5,3,1
6317,3545,10,2024-06-18,4,6,0
6318,2185,13,2022-12-20,4,12,0
6319,512,9,2022-06-06,3,6,0
6320,2398,5,2024-07-06,4,7,0
6321,4247,18,2024-07-05,4,7,0
6322,1441,11,2023-07-12,4,7,0
6323,2547,7,2024-11-20,4,11,1
6324,4111,2,2022-07-03,5,7,0
6325,3990,8,2022-05-28,4,5,0
6326,3633,18,2022-01-03,3,1,1
6327,4748,17,2022-08-19,5,8,0
6328,3615,1,2024-02-14,5,2,1
6329,786,19,2022-05-18,4,5,0
6330,2031,9,2023-07-11,5,7,0
6331,81,11,2024-08-07,3,8,0
6332,4273,6,2024-02-15,4,2,1
6333,648,10,2022-08-04,4,8,0
6334,3784,5,2022-05-19,5,5,0
6335,941,17,2024-01-02,5,1,1
6336,509,10,2022-05-20,4,5,0
6337,1764,16,2022-02-03,4,2,0
6338,2190,4,2024-09-10,4,9,0
6339,2116,6,2024-07-02,4,7,0
6340,1638,3,2022-01-20,4,1,1
6341,1737,7,2024-06-22,4,6,0
6342,2477,7,2022-02-02,5,2,1
6343,2072,16,2022-02-07,3,2,0
6344,4264,5,2022-05-22,4,5,0
6345,3417,18,2022-05-02,4,5,0
6346,4798,1,2022-06-20,4,6,0
6347,4949,13,2022-03-13,4,3,0
6348,1121,19,2023-08-08,4,8,0
6349,4550,9,2022-02-24,4,2,1
6350,93,10,2024-05-26,4,5,0
6351,2174,11,2023-12-12,5,12,1
6352,1318,1,2024-06-24,3,6,0
6353,564,15,2024-08-13,4,8,0
6354,777,1,2023-05-05,3,5,0
6355,2464,3,2023-05-13,3,5,0
6356,3354,19,2022-10-11,5,10,1
6357,653,19,2024-05-01,4,5,0
6358,4848,10,2022-12-18,5,12,1
6359,3824,13,2024-11-11,5,11,0
6360,498,2,2022-07-12,4,7,0
6361,2817,9,2023-03-08,4,3,0
6362,1388,3,2024-02-08,5,2,1
6363,4744,3,2024-10-13,4,10,1
6364,1629,9,2023-03-18,4,3,0
6365,695,18,2024-03-04,5,3,1
6366,4808,13,2022-12-10,4,12,0
6367,2424,12,2024-06-23,3,6,0
6368,103,6,2024-09-04,3,9,0
6369,2207,18,2024-07-22,4,7,0
6370,2432,15,2024-05-27,5,5,1
6371,2581,18,2024-10-09,5,10,1
6372,42,4,2023-08-18,3,8,0
6373,378,14,2024-09-14,4,9,1
6374,473,17,2024-07-13,4,7,0
6375,3474,14,2022-11-06,5,11,1
6376,3242,2,2023-07-19,3,7,0
6377,3296,12,2022-10-13,4,10,0
6378,1319,12,2023-08-08,5,8,0
6379,1767,17,2022-07-11,4,7,0
6380,4721,12,2024-10-01,5,10,0
6381,3193,13,2024-12-21,4,12,0
6382,3520,19,2024-11-07,5,11,1
6383,748,13,2022-12-01,3,12,0
6384,3840,3,2022-02-11,4,2,1
6385,3096,1,2024-07-28,3,7,0
6386,3983,1,2024-03-26,5,3,1
6387,2734,16,2023-12-12,4,12,0
6388,4516,10,2024-04-21,4,4,0
6389,2545,1,2022-05-20,3,5,0
6390,2308,14,2022-12-22,3,12,0
6391,613,11,2024-12-09,5,12,1
6392,2699,5,2022-07-04,5,7,0
6393,399,19,2022-10-10,5,10,1
6394,1216,10,2023-12-22,5,12,1
6395,3978,3,2024-05-27,5,5,0
6396,1066,9,2024-09-06,5,9,1
6397,3328,16,2024-12-03,4,12,0
6398,701,8,2023-12-23,4,12,1
6399,286,11,2024-11-22,5,11,1
6400,4388,1,2022-12-01,4,12,1
6401,280,13,2023-01-02,5,1,0
6402,1520,2,2023-12-20,5,12,1
6403,1677,9,2022-04-07,5,4,0
6404,1521,6,2023-06-15,5,6,0
6405,3145,1,2022-06-19,4,6,0
6406,54,10,2023-10-21,4,10,1
6407,4992,17,2023-06-16,3,6,0
6408,1415,20,2024-11-13,4,11,1
6409,2329,10,2024-11-22,5,11,1
6410,4561,8,2022-04-07,4,4,0
6411,3202,8,2024-02-23,5,2,1
6412,1424,20,2022-06-19,4,6,0
6413,3974,4,2023-06-09,4,6,0
6414,844,8,2022-07-20,5,7,0
6415,4270,9,2022-03-17,4,3,0
6416,2305,5,2022-04-27,4,4,0
6417,1831,18,2022-07-20,4,7,0
6418,2326,5,2023-07-19,3,7,0
6419,2002,7,2024-10-08,5,10,1
6420,4913,10,2023-03-26,5,3,1
6421,4150,18,2024-08-22,4,8,0
6422,961,1,2022-05-15,3,5,0
6423,4582,8,2023-12-25,5,12,1
6424,26,17,2024-10-28,5,10,1
6425,607,15,2024-04-27,5,4,1
6426,3698,4,2023-05-23,3,5,0
6427,610,19,2024-05-13,4,5,0
6428,4996,19,2022-07-01,3,7,0
6429,613,16,2023-10-14,4,10,0
6430,3645,4,2022-04-27,3,4,0
6431,4530,13,2024-08-13,5,8,1
6432,2121,14,2022-10-26,4,10,1
6433,3129,6,2022-11-22,5,11,1
6434,2077,10,2022-04-21,3,4,0
6435,3445,12,2024-10-09,4,10,0
6436,3858,10,2022-01-17,5,1,1
6437,3787,18,2024-06-17,4,6,0
6438,417,1,2023-02-10,5,2,1
6439,3511,15,2024-03-06,4,3,1
6440,4383,8,2024-02-08,5,2,1
6441,4926,15,2023-07-01,3,7,0
6442,2451,17,2024-12-02,5,12,1
6443,4235,3,2024-06-25,5,6,0
6444,2455,20,2024-05-02,3,5,0
6445,1916,20,2023-11-19,4,11,1
6446,1213,13,2024-03-11,5,3,0
6447,203,10,2023-07-18,3,7,0
6448,3199,5,2022-11-24,5,11,1
6449,1666,15,2023-11-26,2,11,0
6450,3622,6,2024-04-10,4,4,0
6451,1810,7,2023-05-21,4,5,0
6452,3029,5,2023-06-28,4,6,0
6453,2001,2,2022-01-01,4,1,1
6454,109,18,2023-06-17,4,6,0
6455,1114,2,2023-09-07,4,9,0
6456,4020,9,2023-02-09,5,2,1
6457,2406,10,2024-05-03,3,5,0
6458,4130,6,2022-06-10,3,6,0
6459,3371,2,2022-12-17,5,12,1
6460,496,17,2023-05-04,4,5,0
6461,4306,15,2022-07-12,5,7,0
6462,1842,13,2024-12-26,5,12,0
6463,2084,9,2024-03-11,4,3,0
6464,203,9,2022-07-09,3,7,0
6465,3897,8,2022-09-23,3,9,0
6466,871,6,2024-08-03,4,8,0
6467,1323,16,2024-02-07,4,2,0
6468,2951,2,2022-10-13,4,10,1
6469,2880,15,2024-10-21,5,10,1
6470,2814,5,2024-11-26,5,11,1
6471,3551,13,2022-08-10,5,8,1
6472,123,19,2024-10-25,5,10,1
6473,154,2,2023-05-16,5,5,0
6474,2379,19,2024-12-03,4,12,1
6475,4851,13,2023-12-27,4,12,0
6476,3377,16,2024-08-04,5,8,1
6477,3528,16,2023-08-20,5,8,1
6478,3700,20,2023-07-22,3,7,0
6479,3878,20,2024-07-04,4,7,0
6480,1565,10,2024-07-15,5,7,0
6481,3533,8,2022-04-08,3,4,0
6482,2347,8,2024-02-19,5,2,1
6483,196,6,2022-10-10,4,10,1
6484,4473,10,2024-11-13,5,11,1
6485,4784,12,2024-09-16,4,9,0
6486,768,4,2023-09-02,4,9,0
6487,186,1,2023-03-27,5,3,1
6488,2521,11,2024-02-18,5,2,1
6489,1781,16,2024-01-11,4,1,0
6490,4578,12,2024-05-14,2,5,0
6491,1376,12,2023-09-12,4,9,0
6492,2692,4,2023-09-28,3,9,0
6493,4670,4,2023-06-03,5,6,0
6494,810,12,2022-08-01,4,8,0
6495,1657,3,2022-06-02,3,6,0
6496,495,18,2023-12-04,5,12,1
6497,842,8,2022-04-27,5,4,0
6498,2302,19,2024-07-06,4,7,0
6499,4957,13,2023-11-06,5,11,0
6500,963,1,2022-03-05,5,3,1
6501,1253,18,2022-06-04,5,6,0
6502,19,11,2023-06-20,4,6,0
6503,3121,20,2023-10-07,5,10,1
6504,2414,16,2022-03-13,4,3,0
6505,1867,15,2022-06-05,5,6,1
6506,3406,15,2022-12-06,3,12,0
6507,3406,17,2023-04-03,3,4,0
6508,905,14,2023-11-23,5,11,1
6509,2916,2,2023-06-17,4,6,0
6510,1396,10,2023-10-06,5,10,1
6511,1977,17,2023-06-12,4,6,0
6512,2736,12,2023-04-12,4,4,1
6513,4761,7,2024-07-22,4,7,0
6514,4072,15,2022-03-06,5,3,1
6515,2429,13,2024-02-22,5,2,0
6516,4198,3,2023-04-27,5,4,1
6517,314,15,2022-01-11,4,1,0
6518,4809,7,2024-05-14,5,5,0
6519,3030,18,2024-11-25,5,11,1
6520,403,14,2024-12-28,4,12,0
6521,2642,18,2024-04-15,5,4,0
6522,1389,15,2023-03-06,5,3,1
6523,4274,18,2024-12-23,4,12,1
6524,237,10,2022-08-17,4,8,0
6525,1021,1,2023-07-17,4,7,0
6526,3175,16,2023-02-25,3,2,0
6527,3632,2,2023-03-17,5,3,1
6528,4048,20,2023-08-25,4,8,0
6529,2333,1,2022-12-19,5,12,1
6530,4589,14,2024-05-15,5,5,1
6531,1780,2,2022-02-17,5,2,1
6532,1882,4,2024-01-22,4,1,1
6533,4510,4,2024-05-24,4,5,0
6534,577,12,2024-05-26,4,5,0
6535,52,7,2024-11-28,5,11,1
6536,1360,3,2024-11-28,5,11,1
6537,1353,13,2023-09-27,5,9,1
6538,981,13,2023-05-08,4,5,1
6539,4926,11,2023-01-28,5,1,1
6540,451,11,2022-05-09,4,5,0
6541,656,13,2024-08-22,5,8,1
6542,1316,17,2024-07-22,5,7,0
6543,3318,20,2022-01-13,5,1,1
6544,3798,20,2022-07-14,4,7,0
6545,3791,13,2022-03-16,4,3,0
6546,3749,9,2024-12-09,4,12,1
6547,1151,7,2022-08-13,4,8,0
6548,122,16,2023-02-20,3,2,0
6549,4621,17,2022-01-01,5,1,1
6550,1603,4,2023-11-27,5,11,1
6551,2431,11,2024-09-07,5,9,1
6552,4859,12,2024-02-11,5,2,1
6553,3346,19,2022-04-17,3,4,0
6554,2685,19,2024-08-18,4,8,0
6555,539,15,2024-04-12,5,4,1
6556,2696,2,2022-06-01,4,6,0
6557,261,16,2022-04-01,4,4,0
6558,2292,12,2022-09-23,5,9,0
6559,1982,2,2022-12-28,4,12,1
6560,1159,11,2022-11-05,5,11,1
6561,1648,13,2023-06-10,5,6,1
6562,1953,10,2023-04-16,4,4,0
6563,504,4,2024-02-25,4,2,1
6564,641,12,2022-05-18,5,5,0
6565,4279,9,2022-02-09,5,2,1
6566,646,8,2023-03-11,3,3,1
6567,3726,12,2023-06-24,4,6,0
6568,4777,15,2023-04-23,5,4,1
6569,428,16,2024-07-13,5,7,1
6570,825,14,2024-03-18,4,3,1
6571,4687,15,2024-11-15,5,11,0
6572,4901,19,2022-05-07,5,5,0
6573,2957,18,2023-05-19,4,5,0
6574,2666,20,2024-06-15,4,6,0
6575,3483,20,2024-06-27,3,6,0
6576,2419,3,2023-10-23,5,10,1
6577,4362,14,2022-01-01,5,1,0
6578,3529,9,2023-08-12,5,8,0
6579,4074,15,2024-02-26,3,2,0
6580,4775,4,2022-04-17,3,4,0
6581,532,7,2024-11-08,4,11,1
6582,4279,10,2023-09-18,4,9,0
6583,3183,13,2024-04-26,5,4,0
6584,4605,17,2022-09-11,3,9,0
6585,1672,1,2024-08-11,3,8,0
6586,2634,18,2022-08-25,5,8,0
6587,2184,17,2023-06-07,3,6,0
6588,435,4,2023-06-14,3,6,0
6589,1304,14,2022-05-05,4,5,1
6590,2170,15,2024-02-16,3,2,0
6591,1482,13,2024-01-03,3,1,0
6592,1335,19,2024-01-11,5,1,1
6593,4187,16,2023-06-05,5,6,1
6594,1060,6,2022-05-12,3,5,0
6595,654,1,2022-11-10,5,11,1
6596,4376,20,2023-08-23,4,8,0
6597,1298,7,2024-03-13,5,3,1
6598,1036,11,2023-01-04,4,1,1
6599,4428,8,2023-08-19,2,8,0
6600,411,11,2024-04-01,4,4,0
6601,962,11,2023-01-02,5,1,1
6602,2538,19,2024-11-16,4,11,1
6603,1265,15,2023-06-23,5,6,1
6604,1175,2,2024-12-20,5,12,1
6605,1380,18,2022-10-17,5,10,1
6606,2006,6,2022-03-10,4,3,1
6607,2319,4,2024-06-04,3,6,0
6608,1128,1,2023-08-18,4,8,0
6609,3955,20,2022-06-27,5,6,0
6610,1713,10,2022-07-13,4,7,0
6611,3134,20,2022-07-18,3,7,0
6612,212,20,2024-07-14,4,7,0
6613,1894,17,2022-02-01,4,2,1
6614,4708,19,2023-09-18,5,9,1
6615,1113,14,2023-12-27,4,12,0
6616,1064,20,2022-03-07,5,3,1
6617,593,1,2022-08-07,4,8,0
6618,1932,16,2023-10-08,5,10,0
6619,1366,10,2024-02-06,5,2,1
6620,3493,2,2024-03-11,5,3,1
6621,1438,12,2022-09-04,3,9,0
6622,1508,18,2023-03-03,5,3,1
6623,4786,2,2022-12-25,4,12,1
6624,2766,11,2023-12-10,4,12,1
6625,1000,19,2022-05-07,3,5,0
6626,4609,16,2022-09-15,5,9,1
6627,1095,10,2024-08-04,4,8,0
6628,1813,11,2022-12-26,5,12,1
6629,2016,11,2022-01-07,5,1,1
6630,4996,9,2023-10-26,5,10,1
6631,138,14,2024-12-16,3,12,0
6632,3277,12,2024-07-06,3,7,0
6633,2878,11,2022-07-17,3,7,0
6634,1110,1,2023-02-18,4,2,1
6635,4977,8,2023-01-11,5,1,1
6636,4949,20,2024-03-16,5,3,1
6637,2031,17,2024-11-28,4,11,1
6638,1679,18,2023-02-28,5,2,1
6639,1399,1,2023-11-25,5,11,1
6640,4339,9,2023-08-03,4,8,0
6641,532,3,2024-07-16,3,7,0
6642,3235,19,2022-06-24,4,6,0
6643,1658,10,2022-12-13,5,12,1
6644,2182,11,2024-12-22,5,12,1
6645,2370,7,2023-07-10,4,7,0
6646,669,1,2023-04-06,4,4,0
6647,4072,18,2024-03-06,5,3,1
6648,1518,4,2023-03-03,4,3,0
6649,1085,4,2024-04-09,4,4,0
6650,3431,15,2024-10-22,5,10,1
6651,233,19,2022-02-22,4,2,1
6652,2080,16,2024-08-08,3,8,1
6653,2171,6,2023-04-06,4,4,0
6654,2258,8,2024-12-13,4,12,1
6655,3826,6,2022-08-24,5,8,0
6656,3679,9,2024-05-25,4,5,0
6657,4256,6,2022-06-14,4,6,0
6658,3513,7,2023-01-26,5,1,1
6659,1954,17,2022-09-27,5,9,0
6660,2709,2,2022-04-05,4,4,0
6661,2925,14,2023-11-16,4,11,1
6662,75,13,2024-08-24,4,8,1
6663,2125,14,2023-09-07,5,9,1
6664,2479,7,2022-10-20,5,10,1
6665,1826,4,2024-09-26,4,9,0
6666,638,10,2024-10-09,4,10,1
6667,4574,5,2023-09-01,5,9,0
6668,3491,6,2023-09-26,4,9,0
6669,2952,11,2022-08-20,5,8,0
6670,3953,4,2024-05-03,4,5,0
6671,3112,20,2023-02-21,5,2,1
6672,2083,2,2022-06-08,3,6,0
6673,3719,17,2023-03-15,3,3,1
6674,2414,12,2024-09-20,4,9,0
6675,229,6,2022-07-26,4,7,0
6676,3045,5,2022-04-10,5,4,0
6677,3698,2,2022-05-13,5,5,0
6678,2667,3,2023-09-12,4,9,0
6679,2522,14,2022-07-26,4,7,0
6680,666,16,2023-12-05,5,12,0
6681,3603,13,2024-09-16,5,9,1
6682,3347,2,2022-08-25,3,8,0
6683,30,16,2024-04-20,5,4,0
6684,425,8,2024-07-14,5,7,0
6685,3739,5,2024-05-16,5,5,0
6686,4267,14,2023-06-10,4,6,0
6687,958,3,2022-12-24,5,12,1
6688,245,6,2023-09-03,5,9,0
6689,4310,7,2022-04-08,4,4,0
6690,2658,19,2024-08-17,4,8,0
6691,3063,6,2022-01-02,5,1,1
6692,1901,7,2022-08-12,5,8,0
6693,4594,16,2023-12-01,4,12,0
6694,137,19,2023-03-08,4,3,0
6695,126,18,2022-01-22,4,1,1
6696,1942,3,2022-08-18,4,8,0
6697,4020,2,2024-10-26,5,10,1
6698,581,17,2024-10-27,4,10,1
6699,457,1,2023-02-05,5,2,1
6700,2034,9,2023-02-08,5,2,1
6701,402,9,2024-09-24,5,9,1
6702,3935,4,2023-05-20,5,5,0
6703,4138,4,2023-06-21,3,6,0
6704,2510,9,2022-09-26,5,9,1
6705,2063,3,2023-08-24,4,8,0
6706,2137,17,2022-02-07,5,2,1
6707,139,17,2022-05-24,4,5,0
6708,1371,15,2023-01-01,5,1,0
6709,628,20,2023-11-05,4,11,1
6710,1852,5,2022-07-13,5,7,0
6711,3484,7,2022-05-11,5,5,0
6712,3041,4,2023-04-22,5,4,0
6713,1420,19,2022-03-04,4,3,0
6714,1338,11,2022-11-23,5,11,1
6715,1455,17,2023-08-26,4,8,0
6716,676,17,2023-01-10,5,1,1
6717,68,8,2023-10-16,5,10,1
6718,2401,17,2023-11-03,4,11,1
6719,4152,19,2023-05-05,4,5,0
6720,4223,11,2024-05-05,4,5,0
6721,2565,16,2022-09-23,5,9,1
6722,4922,9,2022-02-16,5,2,1
6723,2604,3,2024-10-19,5,10,1
6724,4293,8,2024-09-13,4,9,0
6725,3341,9,2022-07-14,5,7,0
6726,1421,13,2024-04-12,5,4,0
6727,2456,8,2022-01-03,4,1,1
6728,3976,18,2022-11-16,5,11,1
6729,1744,14,2022-06-24,4,6,0
6730,2043,5,2022-08-16,5,8,0
6731,1349,18,2023-02-10,5,2,1
6732,1701,12,2022-04-09,4,4,1
6733,1987,12,2024-03-26,4,3,1
6734,2930,3,2022-09-18,4,9,0
6735,2408,3,2022-09-06,4,9,0
6736,1209,2,2023-10-20,5,10,1
6737,4116,16,2022-05-14,5,5,1
6738,4922,1,2023-01-06,5,1,1
6739,768,1,2022-04-23,4,4,0
6740,3638,12,2023-08-02,3,8,0
6741,3251,3,2024-05-08,5,5,0
6742,4772,14,2024-04-24,5,4,1
6743,3241,6,2023-09-22,4,9,0
6744,1657,6,2022-05-22,5,5,0
6745,113,2,2023-09-28,4,9,0
6746,627,8,2022-11-17,5,11,1
6747,3840,2,2023-03-03,5,3,1
6748,4432,14,2023-04-02,3,4,1
6749,4773,5,2022-08-14,4,8,0
6750,714,16,2024-05-09,5,5,1
6751,2673,10,2024-11-24,5,11,1
6752,180,12,2023-11-13,5,11,1
6753,3875,4,2023-01-22,4,1,1
6754,2092,14,2023-01-28,5,1,0
6755,1351,17,2024-09-13,3,9,0
6756,275,15,2023-01-05,3,1,0
6757,1608,14,2023-06-02,4,6,0
6758,2029,4,2024-01-24,5,1,1
6759,2462,14,2023-07-18,4,7,0
6760,3882,17,2022-05-05,3,5,0
6761,1382,10,2022-05-12,3,5,0
6762,2086,8,2023-09-14,4,9,0
6763,3670,19,2022-09-04,5,9,1
6764,3964,18,2022-06-18,5,6,0
6765,3271,4,2023-08-26,3,8,0
6766,2901,20,2022-02-07,4,2,1
6767,2134,6,2022-06-20,4,6,0
6768,1649,11,2024-04-06,3,4,0
6769,1348,3,2024-10-04,5,10,1
6770,4912,20,2024-09-03,4,9,0
6771,4430,8,2022-06-12,4,6,0
6772,579,12,2023-02-22,4,2,1
6773,3658,2,2023-12-09,5,12,1
6774,657,16,2022-08-08,5,8,1
6775,2018,5,2024-07-12,5,7,0
6776,2732,4,2023-02-10,4,2,1
6777,1162,20,2022-01-02,4,1,1
6778,932,9,2022-11-03,5,11,1
6779,2211,2,2023-05-13,3,5,0
6780,1630,18,2023-09-23,3,9,0
6781,440,18,2024-06-02,3,6,0
6782,1898,19,2023-04-05,4,4,0
6783,595,16,2023-01-02,4,1,0
6784,354,19,2024-09-15,5,9,1
6785,3745,4,2022-02-22,5,2,1
6786,3388,11,2024-12-05,5,12,1
6787,2724,16,2022-05-09,5,5,1
6788,602,7,2022-07-05,4,7,0
6789,2137,11,2022-12-10,5,12,1
6790,3149,7,2022-06-04,4,6,0
6791,2047,6,2023-09-02,4,9,0
6792,2916,3,2022-12-06,5,12,1
6793,1795,9,2022-05-14,4,5,0
6794,3676,15,2024-10-28,5,10,1
6795,4561,3,2023-06-08,5,6,0
6796,760,18,2022-11-22,4,11,1
6797,228,12,2023-08-24,4,8,0
6798,334,6,2024-12-03,4,12,1
6799,753,9,2024-12-19,5,12,1
6800,3051,14,2022-03-14,4,3,1
6801,3078,20,2022-04-21,5,4,0
6802,3684,10,2022-07-21,5,7,0
6803,4408,8,2024-06-08,4,6,0
6804,172,9,2023-08-13,3,8,0
6805,937,13,2024-04-04,5,4,0
6806,3868,7,2023-09-08,5,9,0
6807,3317,6,2022-01-07,5,1,1
6808,1142,9,2022-10-18,4,10,1
6809,694,13,2024-05-06,5,5,1
6810,588,19,2023-11-12,5,11,1
6811,4449,6,2023-10-19,5,10,1
6812,680,13,2024-12-17,4,12,0
6813,495,12,2024-03-26,4,3,1
6814,3630,18,2022-01-07,5,1,1
6815,1789,16,2022-07-14,5,7,1
6816,1192,11,2024-12-12,4,12,1
6817,2317,20,2024-07-14,3,7,0
6818,1992,2,2022-04-26,4,4,0
6819,393,9,2024-10-24,5,10,1
6820,2345,9,2022-01-13,5,1,1
6821,2273,17,2024-02-06,4,2,1
6822,2427,8,2024-04-12,4,4,0
6823,1982,14,2024-11-27,5,11,1
6824,3829,2,2024-06-05,3,6,0
6825,60,11,2022-11-16,5,11,1
6826,4035,16,2023-07-18,5,7,1
6827,62,11,2022-11-08,5,11,1
6828,3458,13,2023-07-07,4,7,1
6829,2253,18,2022-05-21,3,5,0
6830,1140,14,2022-11-11,5,11,1
6831,2027,9,2023-09-08,4,9,1
6832,2524,2,2024-02-22,4,2,1
6833,4005,17,2022-02-25,5,2,1
6834,403,15,2022-03-24,4,3,1
6835,4829,7,2022-12-03,5,12,1
6836,2844,18,2023-04-23,5,4,0
6837,2024,2,2023-01-10,4,1,1
6838,3819,6,2024-03-27,4,3,1
6839,4572,6,2022-09-20,4,9,0
6840,4346,13,2022-12-16,4,12,0
6841,4689,12,2024-04-26,5,4,1
6842,1031,8,2022-07-06,3,7,0
6843,101,11,2022-11-18,5,11,1
6844,4378,13,2022-11-15,5,11,0
6845,163,13,2022-10-25,5,10,0
6846,4106,20,2022-01-10,5,1,1
6847,4099,19,2022-06-02,4,6,0
6848,3779,12,2023-04-09,5,4,1
6849,3863,16,2023-02-01,4,2,0
6850,3694,5,2022-04-27,5,4,0
6851,1325,5,2022-05-02,5,5,0
6852,2357,20,2024-06-04,3,6,0
6853,4469,1,2024-06-12,4,6,0
6854,1511,17,2022-06-19,4,6,0
6855,3861,9,2024-09-04,5,9,1
6856,2105,18,2024-08-10,4,8,0
6857,4739,19,2024-04-13,4,4,0
6858,4162,18,2023-04-14,4,4,0
6859,3497,6,2024-06-02,4,6,0
6860,3337,16,2024-05-07,4,5,1
6861,4035,19,2022-12-25,4,12,1
6862,4840,7,2022-01-27,4,1,1
6863,63,16,2024-10-09,4,10,0
6864,3060,17,2024-05-23,2,5,0
6865,2149,12,2023-02-20,5,2,1
6866,833,4,2024-07-19,3,7,0
6867,3528,16,2024-09-07,5,9,1
6868,2060,2,2023-01-21,4,1,1
6869,2887,20,2023-12-28,5,12,1
6870,1667,18,2024-02-05,5,2,1
6871,1147,19,2022-08-01,5,8,0
6872,4908,5,2023-05-16,4,5,0
6873,2385,18,2022-10-02,5,10,1
6874,2254,20,2022-03-24,4,3,1
6875,2850,13,2022-10-04,4,10,0
6876,2012,12,2024-10-01,4,10,0
6877,136,2,2024-11-18,5,11,1
6878,863,3,2024-11-24,5,11,1
6879,3670,16,2023-07-02,5,7,1
6880,928,15,2024-12-23,5,12,0
6881,2202,15,2024-07-06,5,7,0
6882,2200,19,2024-03-05,5,3,0
6883,3884,3,2024-06-02,4,6,0
6884,345,7,2022-02-18,5,2,1
6885,564,9,2024-03-23,4,3,0
6886,2624,10,2022-12-23,5,12,1
6887,2004,15,2022-11-14,3,11,0
6888,3929,7,2022-08-09,5,8,0
6889,357,8,2023-04-10,4,4,0
6890,2100,9,2023-04-16,3,4,0
6891,2955,11,2024-05-07,5,5,0
6892,141,16,2024-07-25,4,7,1
6893,2528,12,2024-06-23,4,6,0
6894,4868,11,2024-07-03,4,7,0
6895,2165,4,2024-05-21,4,5,0
6896,2976,20,2022-01-13,5,1,1
6897,433,1,2022-12-06,4,12,1
6898,3034,5,2023-09-13,4,9,0
6899,2179,14,2022-07-28,4,7,0
6900,1216,7,2023-09-16,4,9,0
6901,2622,1,2023-12-21,5,12,1
6902,3026,10,2024-03-23,5,3,1
6903,3668,13,2024-12-27,5,12,0
6904,2353,5,2024-10-09,4,10,1
6905,2425,8,2024-09-03,4,9,0
6906,2569,13,2024-03-02,5,3,0
6907,3661,15,2023-04-11,4,4,1
6908,2001,4,2022-01-11,5,1,1
6909,1141,14,2022-07-17,5,7,0
6910,2905,8,2022-10-23,4,10,1
6911,4912,20,2024-05-09,3,5,0
6912,4916,2,2022-08-16,3,8,0
6913,2082,19,2024-07-23,4,7,0
6914,2799,10,2024-04-07,4,4,0
6915,396,2,2022-06-14,4,6,0
6916,1259,18,2022-07-13,3,7,0
6917,2864,8,2022-10-05,4,10,1
6918,4070,6,2024-08-16,5,8,0
6919,2644,15,2023-08-24,3,8,0
6920,3165,8,2022-11-03,5,11,1
6921,3953,17,2024-03-27,5,3,1
6922,761,17,2024-03-26,4,3,1
6923,841,14,2024-04-11,4,4,1
6924,4914,15,2024-12-13,3,12,0
6925,71,9,2024-11-01,5,11,1
6926,1936,13,2023-04-12,4,4,0
6927,4491,15,2022-06-28,4,6,1
6928,4589,8,2023-10-10,5,10,1
6929,4684,19,2022-02-14,5,2,1
6930,404,3,2023-03-27,5,3,1
6931,4408,9,2024-11-12,4,11,1
6932,2646,15,2022-03-15,5,3,1
6933,4381,3,2022-06-23,5,6,0
6934,3178,17,2022-12-19,4,12,1
6935,4017,12,2024-02-09,3,2,1
6936,2498,4,2024-08-26,3,8,0
6937,2588,9,2023-04-08,5,4,0
6938,1062,4,2022-04-25,2,4,0
6939,1181,5,2023-02-27,5,2,1
6940,3745,4,2022-06-08,4,6,0
6941,4774,12,2024-03-10,5,3,1
6942,4446,13,2022-02-02,4,2,0
6943,2651,19,2022-03-11,3,3,0
6944,740,19,2023-11-17,4,11,1
6945,1451,10,2024-09-27,4,9,0
6946,4125,9,2024-08-14,5,8,0
6947,2642,11,2024-06-10,4,6,0
6948,961,16,2022-04-13,4,4,0
6949,1822,4,2024-10-26,4,10,1
6950,539,3,2023-06-16,4,6,0
6951,1760,13,2023-01-11,4,1,0
6952,87,15,2022-04-22,5,4,1
6953,747,14,2024-10-20,5,10,1
6954,3249,2,2022-08-17,3,8,0
6955,3160,13,2022-10-06,3,10,0
6956,4900,14,2022-12-25,5,12,0
6957,241,17,2022-08-06,3,8,0
6958,4593,5,2022-11-28,5,11,1
6959,2320,6,2024-12-21,5,12,1
6960,4924,17,2023-05-02,5,5,0
6961,1859,12,2022-06-22,2,6,0
6962,418,14,2024-05-17,5,5,1
6963,2818,11,2023-07-08,3,7,0
6964,2961,20,2024-04-15,4,4,0
6965,3113,9,2023-05-03,4,5,0
6966,1590,3,2024-04-24,5,4,1
6967,1615,15,2024-07-03,4,7,0
6968,3777,4,2023-11-12,5,11,1
6969,2145,15,2022-03-15,5,3,1
6970,284,8,2022-09-14,4,9,0
6971,3389,17,2022-05-26,4,5,0
6972,2670,8,2024-07-22,4,7,0
6973,363,7,2023-11-16,5,11,1
6974,4718,7,2023-03-25,5,3,1
6975,3322,15,2022-06-23,4,6,1
6976,1548,11,2023-09-24,4,9,1
6977,142,7,2022-07-26,4,7,0
6978,3018,3,2024-04-27,4,4,1
6979,1057,19,2022-11-01,5,11,1
6980,4690,4,2022-08-26,4,8,0
6981,4733,15,2023-02-22,4,2,0
6982,2355,15,2024-09-28,3,9,1
6983,1171,17,2024-06-20,5,6,0
6984,3268,8,2022-12-06,5,12,1
6985,103,18,2024-06-05,4,6,0
6986,3617,12,2022-03-07,4,3,1
6987,2563,17,2022-02-27,5,2,1
6988,4407,5,2024-10-10,4,10,1
6989,1819,8,2024-08-26,3,8,0
6990,1036,13,2023-09-15,5,9,1
6991,1390,4,2024-11-16,4,11,1
6992,1195,16,2022-04-25,4,4,0
6993,1426,7,2023-02-24,5,2,1
6994,4420,16,2023-08-13,5,8,1
6995,4754,20,2022-11-06,5,11,1
6996,85,3,2023-08-25,4,8,0
6997,2366,11,2023-02-08,5,2,1
6998,3041,19,2022-12-23,4,12,1
6999,2407,15,2022-07-23,3,7,0
7000,1085,16,2022-10-19,3,10,0
7001,1366,19,2024-11-02,4,11,1
7002,3315,3,2024-06-25,4,6,0
7003,3126,6,2024-02-24,4,2,1
7004,2661,1,2024-12-13,3,12,1
7005,1258,13,2022-09-01,5,9,1
7006,1756,15,2024-04-25,4,4,1
7007,3804,9,2023-12-17,5,12,1
7008,384,9,2022-07-28,4,7,0
7009,1054,18,2022-06-18,4,6,0
7010,1040,6,2022-06-17,4,6,0
7011,992,5,2022-06-26,4,6,0
7012,1557,18,2022-12-26,5,12,1
7013,2135,2,2022-05-08,5,5,0
7014,2891,18,2022-10-04,5,10,1
7015,4224,9,2022-05-16,4,5,0
7016,4877,11,2022-01-24,5,1,1
7017,2317,9,2023-07-06,4,7,0
7018,1452,3,2024-05-28,5,5,0
7019,4331,19,2024-08-01,4,8,0
7020,4076,4,2023-02-07,4,2,1
7021,2821,18,2023-10-03,4,10,1
7022,4193,12,2023-11-19,5,11,1
7023,2500,18,2024-12-10,5,12,1
7024,950,18,2022-03-10,5,3,1
7025,719,7,2024-10-18,5,10,1
7026,4774,1,2022-10-16,4,10,0
7027,4440,12,2023-09-12,3,9,0
7028,1932,5,2023-11-21,5,11,1
7029,3201,7,2024-02-18,4,2,1
7030,1171,2,2023-11-24,4,11,1
7031,4870,5,2022-10-07,5,10,1
7032,1499,16,2022-04-04,5,4,0
7033,1739,2,2022-11-25,4,11,1
7034,1591,4,2024-10-12,4,10,1
7035,1145,12,2023-11-12,5,11,1
7036,2892,6,2022-06-17,5,6,0
7037,1197,15,2022-08-20,4,8,0
7038,564,10,2024-07-27,3,7,0
7039,1668,15,2022-01-03,5,1,0
7040,1089,6,2022-10-06,5,10,1
7041,4045,12,2023-06-12,4,6,0
7042,904,5,2024-06-15,5,6,0
7043,1951,17,2023-09-11,4,9,0
7044,18,12,2023-09-07,4,9,0
7045,3285,15,2024-08-13,3,8,0
7046,2354,20,2022-02-28,5,2,1
7047,4888,7,2024-04-07,4,4,0
7048,776,17,2022-11-17,5,11,1
7049,1524,1,2022-03-15,5,3,1
7050,4716,9,2022-04-25,4,4,0
7051,145,2,2022-06-22,3,6,0
7052,703,11,2024-05-18,5,5,0
7053,1369,9,2024-03-19,4,3,0
7054,953,3,2024-12-04,4,12,1
7055,1131,5,2023-01-25,5,1,1
7056,457,19,2024-08-07,4,8,0
7057,3922,9,2023-04-28,5,4,0
7058,3363,9,2023-03-22,5,3,0
7059,3209,16,2022-10-22,3,10,0
7060,1045,6,2024-03-01,5,3,1
7061,2267,15,2022-01-21,5,1,0
7062,2277,6,2023-12-12,5,12,1
7063,3370,5,2022-09-07,5,9,0
7064,2156,6,2024-07-16,5,7,0
7065,4445,10,2024-07-26,5,7,0
7066,2819,9,2024-05-17,4,5,0
7067,4489,8,2024-05-15,4,5,0
7068,109,2,2023-03-19,3,3,1
7069,3537,5,2023-08-23,5,8,0
7070,1936,15,2022-02-21,4,2,0
7071,2740,8,2024-05-20,3,5,0
7072,3600,5,2023-02-05,5,2,1
7073,1588,8,2022-07-20,3,7,0
7074,3397,7,2022-09-10,5,9,0
7075,2206,11,2024-11-04,5,11,1
7076,1582,5,2022-05-08,4,5,0
7077,3691,12,2023-10-03,3,10,0
7078,1416,6,2024-08-12,4,8,0
7079,1842,3,2023-12-11,5,12,1
7080,2429,7,2022-11-10,5,11,1
7081,1235,17,2023-03-03,5,3,1
7082,2962,12,2024-01-26,4,1,1
7083,3244,16,2022-11-06,4,11,0
7084,2248,18,2023-04-08,5,4,0
7085,902,5,2023-06-03,5,6,0
7086,1071,14,2023-02-19,5,2,1
7087,4305,20,2022-04-28,4,4,0
7088,384,14,2023-09-23,5,9,1
7089,861,8,2024-08-02,4,8,0
7090,2510,8,2023-07-11,4,7,0
7091,16,5,2024-03-13,5,3,1
7092,3861,3,2022-10-23,5,10,1
7093,1613,16,2022-08-23,5,8,1
7094,1934,5,2022-10-23,5,10,1
7095,265,7,2022-05-03,5,5,0
7096,1040,3,2024-03-25,5,3,1
7097,1013,19,2024-12-11,5,12,1
7098,3493,10,2024-11-08,5,11,1
7099,2935,15,2023-02-24,4,2,0
7100,3857,8,2023-08-03,4,8,0
7101,1617,18,2022-12-13,4,12,1
7102,301,9,2023-11-23,4,11,1
7103,2464,9,2024-11-28,5,11,1
7104,1218,14,2024-12-16,4,12,0
7105,669,1,2022-11-14,4,11,1
7106,319,18,2022-07-08,4,7,0
7107,3226,8,2023-11-21,4,11,1
7108,329,12,2023-08-28,4,8,0
7109,3394,3,2022-12-27,5,12,1
7110,1861,10,2022-07-11,4,7,0
7111,1461,7,2022-09-05,5,9,0
7112,3730,12,2022-01-07,5,1,1
7113,4835,14,2022-12-07,4,12,0
7114,2648,18,2024-10-03,5,10,1
7115,3827,14,2024-03-26,5,3,1
7116,4197,20,2024-10-11,4,10,1
7117,2939,15,2022-07-20,5,7,0
7118,3950,5,2022-03-03,5,3,1
7119,1893,3,2023-02-10,5,2,1
7120,368,17,2024-05-06,4,5,0
7121,1893,13,2024-05-03,5,5,1
7122,1086,10,2022-02-28,4,2,1
7123,2230,8,2022-09-08,4,9,0
7124,2270,20,2022-07-21,4,7,0
7125,590,20,2024-03-24,4,3,1
7126,4521,20,2022-10-22,4,10,1
7127,3217,19,2024-05-22,3,5,0
7128,618,17,2022-03-02,5,3,1
7129,1586,1,2024-04-19,3,4,0
7130,1189,8,2023-01-02,5,1,1
7131,3895,17,2022-06-08,5,6,0
7132,956,8,2022-05-17,4,5,0
7133,4720,5,2022-01-19,5,1,1
7134,921,17,2023-05-22,3,5,0
7135,2660,13,2024-05-03,5,5,1
7136,3985,19,2023-11-19,5,11,1
7137,1792,20,2023-09-24,4,9,0
7138,3477,4,2024-03-13,4,3,0
7139,2702,4,2022-02-25,4,2,1
7140,1355,5,2022-06-02,3,6,0
7141,3070,11,2024-09-11,5,9,1
7142,4002,17,2022-09-08,4,9,0
7143,1314,12,2022-09-09,4,9,0
7144,3007,13,2024-12-15,4,12,0
7145,1254,12,2024-02-20,4,2,1
7146,3859,20,2024-04-09,3,4,0
7147,2014,4,2024-02-15,5,2,1
7148,1339,12,2024-10-02,3,10,0
7149,3848,14,2023-09-24,4,9,1
7150,919,1,2022-09-28,3,9,0
7151,4347,16,2024-09-12,5,9,1
7152,323,7,2022-12-25,5,12,1
7153,618,17,2024-05-26,5,5,0
7154,1692,13,2023-07-11,4,7,1
7155,4952,18,2022-06-24,5,6,0
7156,1191,15,2023-05-14,5,5,1
7157,2042,7,2024-09-19,4,9,0
7158,3523,7,2022-04-23,3,4,0
7159,2557,8,2022-05-18,4,5,0
7160,2497,12,2024-11-07,5,11,1
7161,2027,18,2023-09-28,5,9,0
7162,4561,10,2024-03-07,5,3,1
7163,3569,12,2023-06-06,4,6,0
7164,2517,11,2022-12-09,5,12,1
7165,373,2,2022-12-13,5,12,1
7166,1038,17,2024-05-22,3,5,0
7167,2666,2,2022-10-06,5,10,1
7168,4136,11,2022-02-16,5,2,1
7169,3326,2,2023-03-22,4,3,1
7170,1531,11,2023-05-24,5,5,0
7171,15,1,2024-08-19,4,8,0
7172,4661,16,2022-10-06,5,10,0
7173,3057,3,2023-04-06,5,4,1
7174,2727,3,2024-02-20,5,2,1
7175,1512,14,2023-11-10,5,11,1
7176,1155,13,2022-07-16,5,7,1
7177,2238,16,2023-09-08,5,9,1
7178,4,12,2024-12-04,5,12,1
7179,3482,6,2024-02-03,5,2,1
7180,125,3,2023-09-17,5,9,0
7181,3421,1,2024-08-07,5,8,0
7182,4325,6,2022-10-22,4,10,1
7183,3191,7,2024-09-07,4,9,0
7184,3114,2,2022-11-08,5,11,1
7185,2360,14,2022-09-27,5,9,1
7186,3368,14,2023-09-22,5,9,1
7187,1261,13,2024-03-02,5,3,0
7188,1319,17,2024-01-28,5,1,1
7189,2836,18,2023-06-19,4,6,0
7190,3510,10,2024-09-22,5,9,0
7191,3458,19,2023-01-12,5,1,1
7192,3597,14,2024-03-06,5,3,1
7193,1171,20,2024-05-20,3,5,0
7194,4112,16,2024-10-12,5,10,0
7195,2403,6,2022-09-02,4,9,0
7196,593,4,2022-06-26,4,6,0
7197,123,18,2024-03-07,5,3,1
7198,3195,13,2022-12-11,4,12,0
7199,342,9,2023-01-13,5,1,1
7200,846,2,2024-04-04,4,4,0
7201,2436,5,2024-08-19,4,8,0
7202,3053,15,2024-04-07,4,4,1
7203,2740,16,2022-09-19,5,9,1
7204,3414,16,2022-01-06,4,1,0
7205,2362,20,2023-01-17,4,1,1
7206,1375,8,2023-02-06,3,2,1
7207,2449,17,2024-11-28,5,11,1
7208,2488,11,2023-06-23,3,6,0
7209,3132,20,2023-12-26,4,12,1
7210,1063,3,2022-01-14,5,1,1
7211,1736,8,2024-11-08,3,11,1
7212,4243,12,2022-07-21,4,7,0
7213,2709,9,2024-09-25,5,9,1
7214,1138,3,2024-07-19,4,7,0
7215,3750,4,2023-11-03,5,11,1
7216,3845,1,2023-05-01,4,5,0
7217,2801,2,2024-02-23,5,2,1
7218,4914,3,2024-01-10,5,1,1
7219,1139,17,2023-09-23,2,9,0
7220,213,16,2024-05-09,5,5,1
7221,514,6,2022-08-28,4,8,0
7222,2766,18,2024-02-09,5,2,1
7223,297,12,2022-07-28,5,7,0
7224,1919,12,2022-01-02,5,1,1
7225,274,7,2023-02-21,5,2,1
7226,1516,11,2022-11-25,4,11,1
7227,2415,10,2024-02-10,5,2,1
7228,2753,6,2023-12-03,5,12,1
7229,1875,12,2023-09-12,4,9,0
7230,749,16,2023-04-12,5,4,0
7231,3598,14,2023-07-27,3,7,0
7232,3372,14,2022-01-12,3,1,0
7233,2506,20,2024-07-25,3,7,0
7234,1863,20,2024-02-10,5,2,1
7235,4306,13,2023-01-14,5,1,0
7236,3475,9,2023-12-26,5,12,1
7237,3183,3,2023-02-16,5,2,1
7238,3128,6,2022-03-16,5,3,1
7239,634,10,2022-12-28,4,12,1
7240,37,8,2024-05-28,4,5,0
7241,2276,5,2023-10-24,5,10,1
7242,4633,15,2023-02-25,3,2,0
7243,749,4,2024-10-18,5,10,1
7244,388,15,2024-08-18,5,8,0
7245,757,6,2022-01-04,5,1,1
7246,4607,2,2024-09-03,3,9,0
7247,4240,10,2023-12-22,4,12,1
7248,4754,17,2024-11-21,5,11,1
7249,743,6,2022-08-24,5,8,0
7250,3923,8,2023-11-26,5,11,1
7251,2108,10,2024-04-02,3,4,0
7252,2900,1,2022-03-05,5,3,1
7253,1070,20,2023-03-12,5,3,1
7254,4427,11,2022-02-13,5,2,1
7255,4677,13,2022-03-17,4,3,0
7256,2047,16,2024-03-03,3,3,0
7257,4442,7,2023-03-16,5,3,1
7258,2957,4,2024-04-12,3,4,0
7259,1140,12,2022-11-07,4,11,1
7260,3494,20,2023-03-11,5,3,1
7261,587,18,2023-12-22,5,12,1
7262,712,9,2023-09-06,5,9,1
7263,1104,9,2024-09-24,4,9,1
7264,3426,6,2022-10-17,4,10,1
7265,411,7,2022-06-16,4,6,0
7266,1518,4,2022-10-23,4,10,1
7267,727,10,2023-05-12,4,5,0
7268,476,10,2024-06-03,4,6,0
7269,4921,6,2024-03-08,5,3,1
7270,898,19,2022-10-18,4,10,1
7271,3604,3,2024-10-12,4,10,1
7272,1624,2,2023-02-02,5,2,1
7273,4133,9,2023-09-23,5,9,1
7274,3749,10,2024-07-11,4,7,0
7275,1106,15,2023-10-24,5,10,1
7276,3851,5,2022-09-19,5,9,0
7277,3,3,2024-02-18,5,2,1
7278,655,13,2022-07-13,4,7,1
7279,2191,18,2024-09-06,4,9,0
7280,133,12,2022-08-21,4,8,0
7281,410,12,2024-09-09,3,9,0
7282,4352,20,2023-12-16,4,12,1
7283,3854,4,2024-11-03,5,11,1
7284,3773,15,2023-01-10,3,1,0
7285,736,17,2022-08-01,3,8,0
7286,285,15,2022-10-05,4,10,1
7287,486,2,2022-02-27,3,2,1
7288,1219,1,2023-09-26,4,9,0
7289,3958,17,2023-05-02,3,5,0
7290,1702,8,2022-06-01,3,6,0
7291,4070,6,2024-09-22,3,9,0
7292,4899,13,2024-03-18,4,3,0
7293,4947,9,2022-08-09,3,8,0
7294,1827,13,2022-09-18,5,9,1
7295,4957,7,2022-08-07,5,8,0
7296,1612,13,2024-07-27,5,7,1
7297,781,7,2023-06-09,5,6,0
7298,1888,3,2023-01-20,5,1,1
7299,3076,13,2023-07-24,5,7,1
7300,2259,6,2023-07-04,5,7,0
7301,4785,2,2024-10-28,4,10,1
7302,53,5,2022-03-01,5,3,1
7303,2729,6,2024-06-16,5,6,0
7304,3287,17,2023-12-01,4,12,1
7305,1438,8,2023-11-10,5,11,1
7306,3394,19,2022-08-14,4,8,0
7307,3805,17,2022-08-02,4,8,0
7308,3858,13,2022-07-16,5,7,1
7309,2869,11,2023-05-18,3,5,0
7310,4906,12,2023-03-16,5,3,1
7311,4226,14,2022-05-18,4,5,1
7312,169,17,2024-03-21,5,3,1
7313,4734,18,2023-06-06,4,6,0
7314,1904,3,2022-07-05,4,7,0
7315,2233,19,2023-10-20,5,10,1
7316,2298,3,2023-02-08,4,2,1
7317,1852,14,2023-04-15,4,4,1
7318,2868,18,2022-04-27,5,4,0
7319,2209,7,2023-04-01,4,4,0
7320,333,10,2024-04-02,5,4,0
7321,132,3,2024-05-07,4,5,0
7322,4791,13,2022-06-03,5,6,1
7323,2912,4,2024-09-18,3,9,0
7324,3910,20,2024-01-19,5,1,1
7325,4986,1,2023-07-23,4,7,0
7326,3186,16,2023-04-07,5,4,0
7327,1203,13,2024-06-03,4,6,1
7328,3330,13,2024-01-24,4,1,0
7329,3515,1,2022-05-22,3,5,0
7330,1404,19,2022-08-06,4,8,0
7331,141,5,2022-07-22,4,7,0
7332,4477,15,2023-12-06,4,12,0
7333,3585,1,2024-07-12,4,7,0
7334,4731,6,2022-01-19,5,1,1
7335,870,2,2022-10-10,4,10,1
7336,2075,7,2023-11-13,5,11,1
7337,3082,16,2022-08-22,5,8,1
7338,3830,17,2024-04-19,4,4,0
7339,2106,9,2022-08-27,5,8,0
7340,2099,10,2022-09-18,5,9,0
7341,4091,1,2023-04-27,3,4,0
7342,1093,6,2024-09-02,4,9,0
7343,2324,4,2023-06-16,3,6,0
7344,1672,9,2024-03-18,4,3,0
7345,1351,14,2022-02-21,5,2,1
7346,4271,1,2022-12-01,5,12,1
7347,3786,7,2022-01-27,5,1,1
7348,3260,11,2024-12-23,5,12,1
7349,1594,9,2022-04-17,4,4,0
7350,1097,9,2024-03-06,4,3,0
7351,3452,3,2022-12-20,5,12,1
7352,127,4,2022-05-01,5,5,0
7353,1781,5,2024-11-03,4,11,1
7354,2890,8,2024-07-18,5,7,0
7355,4401,2,2024-08-08,3,8,0
7356,2801,2,2024-04-24,5,4,0
7357,4877,5,2022-01-06,5,1,1
7358,4802,15,2024-05-22,5,5,1
7359,1384,14,2023-11-25,4,11,1
7360,1721,15,2024-04-27,4,4,1
7361,3572,8,2024-06-05,4,6,0
7362,4640,8,2022-09-17,4,9,0
7363,953,6,2024-11-01,4,11,1
7364,2444,15,2022-02-01,5,2,0
7365,438,6,2023-10-06,5,10,1
7366,4443,12,2024-05-15,2,5,0
7367,174,5,2023-06-06,5,6,0
7368,3939,10,2024-01-05,5,1,1
7369,3154,16,2024-12-14,4,12,0
7370,728,5,2022-05-08,4,5,0
7371,475,18,2022-10-22,5,10,1
7372,3562,16,2024-04-11,3,4,0
7373,2784,12,2024-09-09,4,9,0
7374,4798,16,2023-07-10,5,7,1
7375,2405,4,2023-06-04,4,6,0
7376,1197,3,2023-12-02,5,12,1
7377,4030,17,2022-08-06,5,8,0
7378,4344,19,2024-11-19,5,11,1
7379,4167,4,2022-06-08,3,6,0
7380,3271,7,2023-05-19,4,5,0
7381,4084,1,2023-02-04,5,2,1
7382,317,12,2024-01-05,5,1,1
7383,449,17,2023-06-08,4,6,0
7384,1160,3,2024-09-11,4,9,0
7385,571,2,2024-09-06,4,9,0
7386,2254,18,2022-08-25,4,8,0
7387,845,5,2023-10-26,5,10,1
7388,1275,10,2023-05-23,4,5,0
7389,243,5,2023-12-15,5,12,1
7390,1149,1,2023-04-28,4,4,0
7391,3388,11,2022-03-03,4,3,0
7392,2039,1,2023-09-03,5,9,0
7393,1835,17,2024-08-20,4,8,0
7394,3518,3,2024-06-12,5,6,0
7395,3524,3,2023-05-26,4,5,0
7396,2206,8,2023-12-09,4,12,1
7397,2055,19,2022-12-24,5,12,1
7398,3430,12,2022-08-18,4,8,0
7399,2397,10,2023-03-16,5,3,1
7400,1987,8,2023-03-08,3,3,1
7401,192,5,2023-04-06,4,4,0
7402,4507,9,2023-09-04,5,9,1
7403,3478,9,2023-10-13,5,10,1
7404,1152,20,2024-07-09,5,7,0
7405,3274,5,2022-11-27,5,11,1
7406,4842,18,2023-11-08,5,11,1
7407,1091,17,2022-01-05,5,1,1
7408,1089,18,2022-05-10,5,5,0
7409,2772,8,2022-09-14,2,9,0
7410,1492,11,2024-03-20,4,3,0
7411,4692,10,2023-03-06,5,3,1
7412,4667,8,2023-07-25,4,7,0
7413,2100,5,2023-05-01,3,5,0
7414,2364,2,2023-01-12,3,1,1
7415,4883,17,2023-10-10,5,10,1
7416,81,15,2024-10-03,4,10,1
7417,268,16,2023-04-09,3,4,0
7418,73,20,2024-02-11,5,2,1
7419,3482,2,2022-12-03,4,12,1
7420,978,13,2023-02-12,5,2,0
7421,3092,3,2022-12-08,5,12,1
7422,3901,1,2023-04-05,5,4,0
7423,2846,5,2023-04-09,5,4,0
7424,242,5,2022-08-14,5,8,0
7425,4203,8,2023-06-14,3,6,0
7426,3908,19,2024-11-09,5,11,1
7427,1682,17,2022-07-01,5,7,0
7428,179,2,2024-06-03,4,6,0
7429,3234,17,2024-09-01,4,9,0
7430,3386,11,2023-10-19,4,10,1
7431,1165,14,2022-12-03,4,12,0
7432,1205,15,2024-11-11,5,11,0
7433,2605,4,2023-08-10,4,8,0
7434,2634,8,2023-06-28,4,6,0
7435,3222,15,2023-12-26,4,12,0
7436,614,1,2022-11-14,5,11,1
7437,378,7,2022-09-22,3,9,0
7438,2086,7,2024-06-03,3,6,0
7439,2550,8,2022-04-03,4,4,0
7440,5,12,2022-12-04,5,12,1
7441,856,17,2022-09-26,5,9,0
7442,905,12,2023-01-01,5,1,1
7443,2029,5,2024-08-11,4,8,0
7444,2479,9,2024-04-15,3,4,0
7445,1338,11,2022-07-04,3,7,0
7446,640,19,2022-01-18,5,1,1
7447,4965,17,2022-01-21,5,1,1
7448,800,5,2023-10-28,5,10,1
7449,2580,16,2024-10-17,3,10,0
7450,2032,6,2022-11-08,4,11,1
7451,941,2,2022-09-11,5,9,0
7452,3089,6,2023-05-14,4,5,0
7453,913,9,2023-09-15,4,9,1
7454,4600,16,2024-04-06,4,4,0
7455,2411,1,2024-12-08,5,12,1
7456,2054,4,2023-12-02,5,12,1
7457,1180,10,2023-03-15,5,3,1
7458,4464,18,2023-02-02,3,2,1
7459,978,6,2024-03-26,5,3,1
7460,3400,4,2022-12-01,4,12,1
7461,3452,3,2023-10-28,5,10,1
7462,2716,15,2024-04-09,5,4,1
7463,3611,9,2023-06-04,3,6,0
7464,2716,20,2024-04-03,4,4,0
7465,1523,16,2023-04-28,5,4,0
7466,2249,3,2023-07-23,5,7,0
7467,4352,8,2022-10-22,4,10,1
7468,1918,1,2022-10-18,4,10,0
7469,3271,7,2022-09-09,5,9,0
7470,2265,2,2024-12-03,4,12,1
7471,3480,20,2024-04-17,4,4,0
7472,171,8,2022-01-26,5,1,1
7473,2639,18,2023-11-12,5,11,1
7474,4014,19,2022-06-15,4,6,0
7475,1818,14,2023-12-18,4,12,0
7476,3683,14,2024-11-25,5,11,1
7477,1839,1,2023-03-13,4,3,1
7478,2064,16,2023-05-16,5,5,1
7479,1199,12,2022-08-28,4,8,0
7480,1715,3,2022-01-16,4,1,1
7481,739,20,2023-11-26,5,11,1
7482,1796,10,2022-10-04,5,10,1
7483,4198,11,2022-10-18,5,10,1
7484,2408,16,2022-02-14,5,2,0
7485,1621,3,2023-05-13,5,5,0
7486,1773,2,2023-02-04,4,2,1
7487,3595,8,2022-07-06,5,7,0
7488,823,6,2024-03-23,4,3,1
7489,165,9,2023-06-10,3,6,0
7490,2423,14,2022-11-07,5,11,1
7491,4144,8,2024-05-20,3,5,0
7492,2764,12,2023-04-27,4,4,1
7493,1661,18,2022-02-24,4,2,1
7494,521,5,2024-12-10,5,12,1
7495,833,12,2024-12-13,4,12,1
7496,3212,12,2022-11-25,5,11,1
7497,1149,12,2023-01-22,5,1,1
7498,1133,14,2022-04-02,5,4,1
7499,2533,14,2022-03-01,4,3,1
7500,3047,16,2024-05-10,5,5,1
7501,3848,7,2024-06-21,4,6,0
7502,1162,15,2024-11-17,4,11,0
7503,3508,17,2024-03-07,4,3,1
7504,2718,10,2023-12-23,4,12,1
7505,3025,15,2023-10-04,5,10,1
7506,3891,17,2024-11-12,5,11,1
7507,994,14,2024-04-02,5,4,1
7508,215,2,2024-08-15,3,8,0
7509,4111,10,2022-01-18,4,1,1
7510,4581,4,2023-04-12,3,4,0
7511,127,4,2024-09-07,4,9,0
7512,1170,5,2023-08-27,5,8,0
7513,1419,5,2024-03-10,5,3,1
7514,2185,2,2022-07-27,3,7,0
7515,2257,3,2023-08-10,4,8,0
7516,3284,8,2022-08-22,4,8,0
7517,814,3,2023-08-02,3,8,0
7518,864,6,2022-08-13,3,8,0
7519,4995,2,2024-01-18,5,1,1
7520,4171,20,2023-08-06,5,8,0
7521,2771,20,2024-12-10,5,12,1
7522,4107,4,2023-06-18,3,6,0
7523,4158,16,2023-02-10,4,2,0
7524,776,16,2023-01-04,4,1,0
7525,2938,5,2023-03-21,5,3,1
7526,3744,3,2023-09-11,5,9,0
7527,2365,2,2024-04-09,3,4,0
7528,603,20,2022-05-19,4,5,0
7529,3495,4,2024-08-08,4,8,0
7530,2253,5,2023-05-06,4,5,0
7531,2776,17,2024-01-11,4,1,1
7532,3143,20,2022-07-14,4,7,0
7533,223,20,2023-09-14,4,9,0
7534,540,15,2024-03-09,4,3,1
7535,3248,9,2022-12-01,5,12,1
7536,288,14,2022-06-13,4,6,0
7537,494,5,2024-07-17,3,7,0
7538,891,12,2024-03-28,5,3,1
7539,3567,10,2023-09-15,3,9,0
7540,3712,7,2024-01-12,4,1,1
7541,840,18,2022-08-04,3,8,0
7542,1423,8,2023-04-22,3,4,0
7543,4127,1,2022-03-26,5,3,1
7544,253,4,2022-02-26,5,2,1
7545,4564,1,2023-08-03,4,8,0
7546,3707,13,2024-09-13,5,9,1
7547,4374,7,2022-02-03,5,2,1
7548,4198,20,2022-03-03,5,3,1
7549,4729,14,2024-04-22,5,4,1
7550,3661,14,2022-10-06,4,10,1
7551,1804,2,2024-06-26,4,6,0
7552,1908,13,2024-12-26,5,12,0
7553,4660,16,2022-12-12,4,12,0
7554,4835,5,2024-07-23,4,7,0
7555,4081,15,2022-01-15,3,1,0
7556,1589,19,2024-02-23,5,2,1
7557,3582,9,2024-12-05,5,12,1
7558,3745,2,2023-02-10,5,2,1
7559,3285,11,2024-04-15,4,4,0
7560,4276,17,2024-04-13,4,4,0
7561,3141,9,2023-04-23,4,4,0
7562,4076,10,2024-10-01,5,10,1
7563,1816,20,2024-04-07,4,4,0
7564,4686,3,2022-01-10,5,1,1
7565,3498,8,2023-10-11,5,10,1
7566,2231,11,2022-01-21,5,1,1
7567,3838,14,2022-01-25,5,1,0
7568,3419,19,2023-10-13,5,10,1
7569,4548,9,2023-12-06,4,12,1
7570,3495,12,2022-08-08,4,8,0
7571,544,20,2024-02-15,5,2,1
7572,4645,14,2023-10-23,4,10,1
7573,4667,11,2024-10-16,5,10,1
7574,1506,13,2024-12-27,4,12,0
7575,1128,12,2022-10-02,4,10,0
7576,4546,3,2023-04-25,5,4,1
7577,3905,6,2022-03-15,5,3,1
7578,673,6,2024-08-21,4,8,0
7579,3713,12,2022-05-11,2,5,0
7580,4702,11,2022-11-05,5,11,1
7581,4312,9,2022-04-06,4,4,0
7582,1866,7,2023-04-08,5,4,0
7583,4329,13,2024-03-22,4,3,0
7584,1945,11,2024-05-05,3,5,0
7585,2317,9,2023-06-04,4,6,0
7586,3803,6,2023-11-17,4,11,1
7587,794,13,2024-12-04,4,12,0
7588,586,14,2024-04-14,5,4,1
7589,2133,13,2022-02-07,4,2,0
7590,17,13,2022-01-25,4,1,0
7591,3004,4,2024-05-24,4,5,0
7592,967,10,2023-05-10,4,5,0
7593,562,18,2024-09-23,3,9,0
7594,3619,10,2023-05-04,4,5,0
7595,3241,15,2024-10-28,5,10,1
7596,4104,9,2023-06-02,5,6,0
7597,3903,18,2023-01-11,4,1,1
7598,4885,16,2023-03-26,5,3,0
7599,1644,2,2024-01-09,3,1,1
7600,4855,10,2024-01-16,3,1,1
7601,80,13,2024-09-11,5,9,1
7602,4667,2,2024-03-13,5,3,1
7603,3582,8,2024-07-23,3,7,0
7604,1614,7,2023-05-17,5,5,0
7605,1721,17,2024-12-08,5,12,1
7606,2521,12,2023-12-05,4,12,1
7607,2902,7,2023-07-09,3,7,0
7608,2888,16,2024-11-24,4,11,0
7609,4336,15,2024-05-27,5,5,1
7610,2319,17,2024-04-13,5,4,0
7611,3875,20,2024-04-05,5,4,0
7612,4399,14,2023-08-13,5,8,0
7613,4814,18,2023-03-09,5,3,1
7614,4661,5,2023-03-15,5,3,1
7615,1806,15,2022-05-01,4,5,1
7616,2227,20,2023-07-09,3,7,0
7617,2481,5,2022-08-21,5,8,0
7618,2472,2,2024-02-16,4,2,1
7619,4672,9,2023-08-08,5,8,0
7620,3356,12,2024-07-03,3,7,0
7621,4473,16,2022-01-19,4,1,0
7622,4654,20,2024-08-16,4,8,0
7623,2735,12,2022-07-24,4,7,0
7624,22,18,2022-05-13,4,5,0
7625,546,9,2024-01-04,4,1,1
7626,4382,10,2023-05-09,5,5,0
7627,4763,19,2022-04-18,4,4,0
7628,3350,19,2022-09-02,4,9,1
7629,806,5,2022-10-23,5,10,1
7630,3450,9,2023-12-14,5,12,1
7631,3707,13,2023-05-04,5,5,1
7632,4831,15,2022-07-15,3,7,0
7633,2804,1,2022-01-18,5,1,1
7634,472,18,2022-03-05,4,3,1
7635,4766,11,2022-08-14,5,8,0
7636,4299,14,2024-08-26,4,8,0
7637,2797,12,2023-12-13,5,12,1
7638,964,16,2024-01-22,4,1,0
7639,1295,20,2022-08-05,3,8,0
7640,4138,9,2022-11-10,5,11,1
7641,2124,6,2023-02-07,4,2,1
7642,1817,10,2023-05-15,5,5,0
7643,2241,15,2022-07-17,4,7,0
7644,4521,4,2024-11-04,5,11,1
7645,233,7,2023-03-27,5,3,1
7646,2075,11,2023-08-21,4,8,0
7647,2711,13,2022-01-22,5,1,0
7648,2474,6,2022-09-18,4,9,0
7649,159,6,2022-11-19,5,11,1
7650,2047,15,2023-06-01,5,6,1
7651,2573,2,2022-05-12,4,5,0
7652,3985,6,2024-12-05,4,12,1
7653,4644,20,2023-07-02,4,7,0
7654,1446,8,2023-05-24,3,5,0
7655,2911,16,2022-12-14,4,12,0
7656,166,8,2024-10-01,5,10,1
7657,1688,18,2023-09-17,5,9,0
7658,1615,10,2022-03-07,4,3,1
7659,4985,11,2022-05-05,4,5,0
7660,79,4,2022-09-24,5,9,0
7661,1182,18,2024-11-08,5,11,1
7662,3598,17,2022-12-06,5,12,1
7663,791,10,2023-10-05,5,10,1
7664,1625,3,2023-01-21,4,1,1
7665,641,7,2022-05-27,4,5,0
7666,2982,2,2022-05-02,3,5,0
7667,5000,12,2024-03-09,5,3,1
7668,3720,18,2022-10-28,5,10,1
7669,3382,2,2022-09-28,3,9,0
7670,489,5,2023-05-20,3,5,0
7671,2743,19,2024-04-19,2,4,0
7672,4948,14,2022-09-20,5,9,1
7673,4102,1,2024-05-12,3,5,0
7674,1176,13,2022-12-03,4,12,0
7675,2521,8,2022-07-06,5,7,0
7676,2956,3,2022-05-01,3,5,0
7677,4299,20,2023-12-10,5,12,1
7678,119,10,2024-05-03,3,5,0
7679,810,7,2023-06-02,4,6,0
7680,862,20,2024-12-07,5,12,1
7681,4322,3,2023-03-24,4,3,1
7682,730,11,2022-02-07,4,2,1
7683,4996,10,2024-10-27,5,10,1
7684,955,12,2022-10-23,4,10,0
7685,610,5,2024-11-06,5,11,1
7686,3076,3,2024-01-16,5,1,1
7687,4754,20,2024-10-20,5,10,1
7688,4157,13,2022-01-24,5,1,0
7689,2499,6,2022-06-13,4,6,0
7690,4286,20,2024-09-05,4,9,0
7691,3003,3,2023-10-21,5,10,1
7692,1913,6,2023-08-07,4,8,0
7693,4885,6,2023-07-03,4,7,0
7694,2977,8,2023-07-07,4,7,0
7695,2294,2,2023-04-22,3,4,0
7696,3773,5,2022-04-12,4,4,0
7697,4505,18,2023-12-23,5,12,1
7698,4709,3,2023-01-11,5,1,1
7699,1997,5,2023-11-27,5,11,1
7700,3207,12,2023-08-17,4,8,0
7701,4988,3,2023-05-10,4,5,0
7702,3933,9,2022-04-14,4,4,0
7703,1834,13,2024-06-15,5,6,1
7704,76,5,2024-10-20,5,10,1
7705,2237,10,2023-10-01,4,10,1
7706,2314,19,2024-10-05,5,10,1
7707,3161,5,2024-11-03,5,11,1
7708,856,13,2022-02-08,4,2,0
7709,3225,15,2024-10-06,5,10,1
7710,4865,8,2022-01-23,5,1,1
7711,4790,9,2022-11-27,5,11,1
7712,2286,11,2022-02-18,5,2,1
7713,1501,19,2022-09-05,4,9,1
7714,1942,13,2024-03-01,2,3,0
7715,2987,17,2023-09-11,3,9,0
7716,784,12,2023-10-26,5,10,0
7717,4019,4,2024-08-07,5,8,0
7718,2806,20,2022-06-15,4,6,0
7719,3109,14,2024-04-27,5,4,1
7720,4751,5,2024-05-15,5,5,0
7721,1381,16,2024-07-11,4,7,1
7722,1551,12,2024-03-10,4,3,1
7723,3933,12,2024-03-08,5,3,1
7724,3096,19,2024-09-01,5,9,1
7725,1947,18,2023-06-19,4,6,0
7726,4452,2,2024-07-20,5,7,0
7727,1562,8,2024-07-11,3,7,0
7728,3141,11,2023-02-26,5,2,1
7729,367,6,2022-06-08,3,6,0
7730,461,10,2023-09-28,5,9,0
7731,1786,17,2022-10-22,4,10,1
7732,1748,18,2024-10-18,5,10,1
7733,2659,7,2024-01-12,5,1,1
7734,2930,11,2024-01-01,5,1,1
7735,1574,7,2022-04-21,3,4,0
7736,3976,5,2024-04-20,3,4,0
7737,4835,9,2024-07-12,5,7,0
7738,3646,11,2022-02-23,5,2,1
7739,2138,13,2022-04-26,4,4,0
7740,3044,4,2022-01-21,4,1,1
7741,2208,8,2022-04-10,3,4,0
7742,4964,7,2023-12-14,4,12,1
7743,2990,4,2024-10-16,5,10,1
7744,2126,7,2022-06-14,4,6,0
7745,1493,5,2024-11-04,5,11,1
7746,3350,2,2022-12-03,5,12,1
7747,694,16,2024-05-27,4,5,1
7748,2459,12,2023-09-14,5,9,0
7749,3256,5,2024-05-10,4,5,0
7750,3533,15,2024-09-15,5,9,1
7751,3628,10,2023-06-16,4,6,0
7752,3356,5,2023-10-18,5,10,1
7753,365,19,2023-01-07,5,1,1
7754,3969,8,2024-05-24,4,5,0
7755,1670,15,2024-08-04,4,8,0
7756,471,10,2024-04-24,3,4,0
7757,497,18,2022-04-23,4,4,0
7758,3985,19,2024-08-09,4,8,0
7759,2329,10,2023-07-25,3,7,0
7760,4852,13,2022-02-15,4,2,0
7761,4096,5,2024-06-13,4,6,0
7762,3498,10,2023-02-21,5,2,1
7763,2261,2,2024-07-14,4,7,0
7764,2321,1,2023-06-04,5,6,0
7765,4143,9,2023-02-10,5,2,1
7766,3563,20,2022-02-07,5,2,1
7767,4995,14,2023-08-23,3,8,0
7768,4593,13,2023-03-18,5,3,0
7769,2891,19,2024-11-22,5,11,1
7770,1582,12,2024-03-21,5,3,1
7771,1261,20,2023-09-03,5,9,0
7772,4060,8,2022-02-10,5,2,1
7773,3414,8,2024-04-12,4,4,0
7774,2191,13,2022-10-28,3,10,0
7775,3142,4,2023-04-02,5,4,0
7776,2525,16,2023-10-27,5,10,0
7777,1657,18,2023-12-21,5,12,1
7778,749,18,2023-02-12,5,2,1
7779,2460,6,2023-01-25,4,1,1
7780,4660,19,2024-04-03,5,4,0
7781,4018,3,2024-07-14,3,7,0
7782,2253,11,2022-06-11,3,6,0
7783,1165,6,2024-09-17,5,9,0
7784,2886,4,2023-08-09,3,8,0
7785,1876,9,2022-02-17,5,2,1
7786,500,2,2022-06-08,3,6,0
7787,2198,10,2022-09-17,4,9,0
7788,1151,10,2023-11-16,4,11,1
7789,2464,5,2023-03-01,4,3,1
7790,589,3,2022-08-07,5,8,0
7791,4865,12,2024-05-22,4,5,0
7792,4152,14,2022-07-09,5,7,0
7793,3163,1,2024-05-20,4,5,0
7794,370,12,2023-06-25,4,6,0
7795,2302,7,2023-10-25,4,10,1
7796,489,3,2024-11-07,4,11,1
7797,2995,11,2023-09-05,4,9,1
7798,3072,11,2024-03-06,4,3,0
7799,1525,14,2024-07-03,4,7,0
7800,2152,13,2023-10-17,4,10,0
7801,3545,11,2024-12-07,5,12,1
7802,410,19,2023-07-14,5,7,0
7803,1083,14,2022-08-06,5,8,0
7804,3259,6,2022-12-13,5,12,1
7805,1266,16,2022-09-07,5,9,1
7806,634,18,2023-06-28,4,6,0
7807,1226,4,2023-04-09,3,4,0
7808,3527,5,2022-04-02,5,4,0
7809,1428,18,2022-09-20,4,9,0
7810,4582,11,2024-02-07,5,2,1
7811,3852,1,2022-06-21,4,6,0
7812,35,10,2023-12-07,5,12,1
7813,809,3,2023-09-07,3,9,0
7814,2134,4,2022-08-12,3,8,0
7815,1101,18,2023-12-14,5,12,1
7816,4691,2,2024-01-02,5,1,1
7817,1499,1,2023-04-07,5,4,0
7818,2801,18,2024-08-22,4,8,0
7819,1402,1,2024-11-02,5,11,1
7820,1465,3,2024-09-23,3,9,0
7821,1498,4,2023-05-27,2,5,0
7822,4967,8,2024-09-17,3,9,0
7823,2652,18,2023-09-22,5,9,0
7824,3587,7,2022-09-08,5,9,0
7825,4278,16,2024-01-23,3,1,0
7826,3156,4,2024-02-04,5,2,1
7827,1119,14,2024-11-25,5,11,1
7828,748,3,2023-02-21,5,2,1
7829,3970,14,2024-05-07,4,5,1
7830,2703,2,2024-06-23,4,6,0
7831,534,17,2022-12-27,5,12,1
7832,3433,9,2023-04-11,4,4,0
7833,659,4,2022-10-13,5,10,1
7834,3854,13,2023-02-25,4,2,0
7835,2045,1,2023-07-02,4,7,0
7836,1431,13,2023-05-01,5,5,1
7837,3296,6,2024-12-14,4,12,1
7838,973,17,2022-01-03,4,1,1
7839,4725,9,2024-05-24,3,5,0
7840,4285,13,2023-07-14,4,7,1
7841,500,15,2023-01-28,4,1,0
7842,1331,5,2024-06-18,5,6,0
7843,3133,7,2024-11-08,4,11,1
7844,2381,4,2024-04-06,4,4,0
7845,4012,3,2024-12-07,5,12,1
7846,2691,1,2024-06-16,3,6,0
7847,4577,13,2022-03-08,3,3,0
7848,4278,7,2022-04-13,5,4,0
7849,885,7,2023-10-11,4,10,1
7850,1774,16,2022-04-07,3,4,0
7851,620,12,2023-02-14,5,2,1
7852,2123,7,2023-05-09,4,5,0
7853,4295,18,2024-08-13,4,8,0
7854,2056,3,2024-01-05,5,1,1
7855,4400,2,2023-06-17,4,6,0
7856,1241,17,2024-10-23,4,10,1
7857,2404,8,2023-12-17,4,12,1
7858,2044,18,2023-08-23,4,8,0
7859,4505,3,2023-06-14,2,6,0
7860,3717,16,2023-11-09,2,11,0
7861,935,10,2022-08-18,3,8,0
7862,2757,18,2023-09-26,4,9,0
7863,2130,2,2023-08-15,3,8,0
7864,1070,4,2024-05-18,5,5,0
7865,2187,7,2023-05-06,5,5,0
7866,760,3,2023-10-07,4,10,1
7867,3961,11,2024-11-01,5,11,1
7868,629,8,2022-10-14,5,10,1
7869,1206,17,2022-03-15,4,3,1
7870,4189,12,2023-05-25,5,5,0
7871,1057,9,2023-02-23,4,2,1
7872,2555,7,2022-06-09,2,6,0
7873,1293,12,2024-05-20,3,5,0
7874,1669,13,2023-01-11,4,1,0
7875,634,13,2022-01-16,5,1,0
7876,3756,20,2022-07-20,4,7,0
7877,3388,10,2022-07-21,3,7,0
7878,4816,11,2023-01-05,5,1,1
7879,2414,9,2023-06-05,5,6,0
7880,1845,17,2022-08-17,4,8,0
7881,3112,1,2024-05-11,4,5,0
7882,1130,4,2023-03-10,3,3,0
7883,4738,9,2024-08-24,5,8,0
7884,3198,2,2024-04-10,4,4,0
7885,1551,13,2024-10-17,3,10,0
7886,4420,4,2024-03-20,3,3,0
7887,4812,1,2023-01-17,5,1,1
7888,4833,6,2023-02-27,4,2,1
7889,598,7,2022-05-13,4,5,0
7890,439,11,2023-04-01,5,4,0
7891,4655,10,2023-12-21,4,12,1
7892,1450,20,2023-10-05,5,10,1
7893,3537,17,2023-07-12,3,7,0
7894,243,17,2022-08-16,3,8,0
7895,2098,11,2023-08-26,4,8,0
7896,1812,1,2022-09-28,4,9,0
7897,2110,1,2023-06-24,5,6,0
7898,2861,14,2022-04-03,5,4,1
7899,4792,3,2022-02-19,5,2,1
7900,4412,6,2022-06-21,2,6,0
7901,344,5,2022-09-05,4,9,0
7902,2027,3,2023-02-07,5,2,1
7903,3095,20,2022-06-18,3,6,0
7904,4836,18,2024-10-01,4,10,1
7905,3037,9,2022-02-03,4,2,1
7906,996,1,2023-12-03,5,12,1
7907,3751,14,2022-10-17,4,10,1
7908,3024,11,2024-06-01,4,6,0
7909,4995,15,2022-12-25,3,12,0
7910,4948,12,2022-08-23,3,8,0
7911,552,16,2022-03-03,3,3,0
7912,66,2,2024-04-20,4,4,0
7913,2011,13,2024-07-04,4,7,1
7914,2280,1,2022-11-25,5,11,1
7915,611,9,2023-07-16,5,7,0
7916,2931,11,2023-04-08,3,4,0
7917,1196,7,2024-04-26,4,4,0
7918,823,16,2023-09-14,5,9,1
7919,1322,14,2024-07-22,3,7,0
7920,271,16,2022-06-20,5,6,1
7921,1659,5,2023-05-13,5,5,0
7922,1443,7,2024-04-12,5,4,0
7923,4859,1,2024-11-20,5,11,1
7924,2327,14,2024-03-01,4,3,1
7925,3042,18,2022-04-13,5,4,0
7926,3640,20,2023-03-19,5,3,1
7927,1996,8,2024-04-03,4,4,0
7928,4208,13,2024-01-08,4,1,0
7929,2568,11,2024-12-16,5,12,1
7930,446,20,2022-04-02,3,4,0
7931,1862,16,2023-09-05,5,9,1
7932,1785,1,2022-09-09,4,9,0
7933,3898,4,2023-04-16,4,4,0
7934,1116,18,2022-01-16,5,1,1
7935,101,18,2024-11-14,5,11,1
7936,1920,18,2024-04-19,4,4,0
7937,4100,15,2023-08-24,3,8,0
7938,4012,15,2022-03-12,5,3,1
7939,2750,4,2023-07-26,3,7,0
7940,3298,10,2023-07-17,4,7,0
7941,3386,20,2022-01-27,5,1,1
7942,165,16,2022-07-02,4,7,1
7943,1951,20,2022-07-10,3,7,0
7944,720,14,2022-12-28,3,12,0
7945,1151,1,2024-02-15,5,2,1
7946,4265,10,2024-05-25,4,5,0
7947,4871,16,2024-06-10,5,6,1
7948,2608,1,2022-02-21,4,2,1
7949,3,7,2022-04-11,4,4,0
7950,2570,6,2022-02-25,5,2,1
7951,2570,10,2022-06-08,4,6,0
7952,4832,7,2023-09-22,4,9,0
7953,1281,17,2023-05-17,3,5,0
7954,3221,11,2022-05-01,4,5,0
7955,2400,3,2024-02-25,5,2,1
7956,4501,11,2022-08-11,4,8,0
7957,108,15,2024-11-26,4,11,0
7958,657,19,2022-02-04,5,2,1
7959,4751,20,2022-09-02,2,9,0
7960,1069,18,2023-08-27,4,8,0
7961,1191,5,2024-04-24,3,4,0
7962,963,8,2022-12-23,4,12,1
7963,3617,11,2022-04-26,5,4,0
7964,3436,10,2024-10-13,4,10,1
7965,2610,20,2023-08-24,4,8,0
7966,250,7,2024-05-02,3,5,0
7967,2298,2,2024-02-21,5,2,1
7968,3309,10,2023-12-02,4,12,1
7969,43,4,2022-10-24,3,10,1
7970,3087,4,2024-01-08,5,1,1
7971,857,12,2023-09-06,4,9,0
7972,4407,16,2023-08-02,5,8,1
7973,1565,9,2022-10-10,5,10,1
7974,4214,18,2023-11-14,5,11,1
7975,1300,16,2024-08-21,5,8,1
7976,504,14,2022-01-05,4,1,0
7977,3181,2,2022-06-19,3,6,0
7978,4734,8,2022-08-10,3,8,0
7979,2961,5,2024-11-14,5,11,1
7980,4346,6,2022-05-15,5,5,0
7981,3753,18,2023-11-24,5,11,1
7982,3674,16,2023-06-13,5,6,1
7983,4364,14,2023-02-14,4,2,1
7984,3669,3,2023-01-18,4,1,1
7985,2462,11,2024-04-12,4,4,0
7986,726,4,2024-12-12,3,12,1
7987,3930,17,2022-10-24,5,10,1
7988,1072,14,2023-08-06,4,8,0
7989,2237,1,2024-03-12,5,3,1
7990,2269,18,2022-06-04,3,6,0
7991,4801,10,2023-08-16,2,8,0
7992,3437,5,2024-04-05,5,4,0
7993,684,13,2024-10-16,4,10,0
7994,713,1,2022-12-11,4,12,1
7995,681,9,2023-12-24,4,12,1
7996,3835,5,2022-04-04,4,4,0
7997,4529,9,2022-09-26,4,9,1
7998,2128,8,2022-01-18,5,1,1
7999,3059,11,2024-03-16,4,3,0
8000,2947,19,2023-05-12,2,5,0
8001,3828,2,2023-12-18,5,12,1
8002,2009,17,2023-08-07,5,8,0
8003,4585,1,2024-06-28,5,6,0
8004,324,4,2023-11-20,5,11,1
8005,4,17,2022-05-04,5,5,0
8006,2762,9,2024-05-10,3,5,0
8007,3063,12,2022-01-15,5,1,1
8008,1169,3,2023-06-25,4,6,0
8009,2045,20,2024-09-21,3,9,0
8010,4986,11,2022-08-23,5,8,0
8011,363,6,2024-04-15,3,4,0
8012,1561,14,2023-07-22,5,7,0
8013,2003,2,2023-11-20,5,11,1
8014,1701,14,2023-05-07,4,5,1
8015,3837,16,2022-05-19,5,5,1
8016,104,12,2023-07-25,4,7,0
8017,171,18,2023-07-13,4,7,0
8018,4260,20,2022-09-27,4,9,0
8019,4489,19,2024-01-18,5,1,1
8020,2643,10,2023-02-12,4,2,1
8021,3652,7,2023-11-01,5,11,1
8022,3652,2,2024-07-21,4,7,0
8023,4595,12,2023-04-04,5,4,1
8024,3355,7,2024-11-07,5,11,1
8025,4763,9,2022-12-05,5,12,1
8026,4620,2,2023-09-14,3,9,0
8027,2242,20,2024-02-27,4,2,1
8028,2612,6,2023-11-04,4,11,1
8029,741,12,2023-06-17,3,6,0
8030,876,3,2022-05-27,4,5,0
8031,1866,10,2024-09-27,4,9,0
8032,2559,10,2023-09-18,3,9,0
8033,3474,17,2023-09-07,4,9,0
8034,491,7,2023-04-21,4,4,0
8035,1296,6,2024-02-05,4,2,1
8036,2004,1,2022-03-25,5,3,1
8037,4022,7,2023-02-05,5,2,1
8038,3615,18,2023-08-25,5,8,0
8039,4262,17,2023-02-07,4,2,1
8040,4790,2,2022-01-22,4,1,1
8041,1794,15,2024-10-11,4,10,1
8042,4142,12,2023-12-09,5,12,1
8043,1092,3,2022-11-02,4,11,1
8044,3532,4,2022-11-14,5,11,1
8045,4096,17,2023-12-28,5,12,1
8046,2024,9,2022-08-19,3,8,0
8047,4201,3,2024-05-10,5,5,0
8048,3567,11,2024-09-28,5,9,1
8049,4323,19,2024-09-10,5,9,1
8050,2731,15,2023-12-08,3,12,0
8051,1258,20,2024-02-21,4,2,1
8052,198,14,2022-05-05,5,5,1
8053,2711,10,2024-11-06,3,11,1
8054,4137,13,2024-05-01,5,5,1
8055,2302,11,2022-11-12,5,11,1
8056,2701,3,2022-01-27,5,1,1
8057,1645,4,2023-03-21,4,3,0
8058,1216,20,2022-09-12,4,9,0
8059,1449,3,2022-06-16,4,6,0
8060,4341,6,2024-04-08,4,4,0
8061,4065,12,2023-09-06,4,9,0
8062,4377,10,2022-08-12,4,8,0
8063,3509,4,2022-12-16,5,12,1
8064,2459,3,2022-09-19,4,9,0
8065,338,16,2022-06-07,5,6,1
8066,100,18,2023-06-07,4,6,0
8067,1256,13,2023-07-11,5,7,1
8068,4626,11,2022-03-19,5,3,0
8069,828,17,2023-04-11,3,4,0
8070,388,20,2024-05-17,3,5,0
8071,2563,10,2024-09-16,5,9,0
8072,4670,18,2023-10-11,5,10,1
8073,1171,5,2023-12-13,5,12,1
8074,4362,3,2024-01-28,5,1,1
8075,4770,16,2022-08-10,5,8,1
8076,4176,14,2024-10-10,3,10,1
8077,2499,3,2023-08-15,3,8,0
8078,3286,6,2022-10-27,5,10,1
8079,1045,18,2022-11-02,4,11,1
8080,1547,4,2022-08-06,3,8,0
8081,3923,20,2024-08-28,4,8,0
8082,3557,11,2022-02-26,5,2,1
8083,3499,6,2023-06-05,4,6,0
8084,2343,2,2022-09-05,4,9,0
8085,4085,18,2024-10-01,5,10,1
8086,936,7,2023-08-19,4,8,0
8087,4685,4,2023-10-03,5,10,1
8088,4662,8,2023-06-02,4,6,0
8089,3307,17,2023-08-07,4,8,0
8090,1505,14,2022-02-17,5,2,1
8091,3781,17,2023-01-25,4,1,1
8092,753,14,2022-08-21,4,8,0
8093,4798,15,2023-02-07,4,2,0
8094,3980,10,2022-07-08,3,7,0
8095,2581,19,2024-12-22,4,12,1
8096,4943,10,2022-11-28,4,11,1
8097,2252,18,2023-01-04,5,1,1
8098,4429,13,2022-05-10,5,5,1
8099,3208,16,2022-07-18,5,7,1
8100,3847,18,2023-02-04,5,2,1
8101,3234,18,2024-03-24,4,3,1
8102,3122,14,2023-02-18,4,2,1
8103,2328,14,2022-04-01,3,4,1
8104,2162,12,2022-03-07,5,3,1
8105,3084,7,2023-08-08,4,8,0
8106,4892,15,2022-08-11,3,8,0
8107,3341,8,2024-12-06,5,12,1
8108,358,19,2023-08-07,4,8,0
8109,2879,1,2022-03-03,5,3,1
8110,4495,14,2024-11-22,3,11,1
8111,1107,9,2023-08-19,3,8,0
8112,3154,11,2023-04-09,4,4,0
8113,3270,14,2022-05-09,5,5,1
8114,1592,10,2022-03-23,4,3,1
8115,1376,16,2024-05-26,4,5,1
8116,3725,12,2024-05-09,4,5,0
8117,1090,19,2022-01-22,5,1,1
8118,888,13,2023-05-22,4,5,1
8119,812,17,2022-06-23,4,6,0
8120,303,20,2024-04-14,3,4,0
8121,2107,12,2022-11-03,5,11,1
8122,2258,16,2024-08-02,5,8,1
8123,2301,2,2023-11-22,4,11,1
8124,2240,6,2022-11-20,4,11,1
8125,4772,6,2024-08-16,4,8,0
8126,4681,16,2024-04-04,4,4,0
8127,3803,6,2024-03-19,5,3,1
8128,4263,19,2024-04-08,4,4,0
8129,856,13,2023-06-15,5,6,1
8130,4932,8,2024-08-16,5,8,0
8131,3583,18,2023-02-25,3,2,1
8132,172,2,2022-10-18,5,10,1
8133,2575,5,2022-07-06,4,7,0
8134,1035,17,2023-10-11,5,10,1
8135,525,12,2022-03-23,4,3,1
8136,4828,13,2022-10-21,4,10,0
8137,3795,14,2023-04-04,5,4,1
8138,3632,20,2023-06-12,3,6,0
8139,4042,13,2024-08-16,5,8,1
8140,4910,1,2024-04-26,4,4,0
8141,461,6,2022-12-02,5,12,1
8142,774,15,2022-09-12,4,9,1
8143,2302,8,2024-06-20,4,6,0
8144,2107,19,2023-12-22,5,12,1
8145,3929,20,2024-09-07,4,9,0
8146,58,14,2022-09-25,5,9,1
8147,3076,11,2022-01-21,5,1,1
8148,1298,13,2022-01-02,4,1,0
8149,3221,9,2022-07-15,2,7,0
8150,4765,20,2024-02-13,5,2,1
8151,121,12,2023-06-04,4,6,0
8152,996,13,2024-07-10,5,7,1
8153,137,3,2022-04-16,4,4,1
8154,4386,18,2022-01-09,5,1,1
8155,504,2,2023-05-13,2,5,0
8156,4598,9,2022-03-01,4,3,0
8157,3672,6,2022-06-07,4,6,0
8158,4045,15,2022-09-04,5,9,1
8159,4644,4,2024-08-19,5,8,0
8160,2644,13,2024-09-17,5,9,1
8161,1241,16,2022-02-01,3,2,0
8162,3963,12,2023-04-27,5,4,1
8163,331,19,2022-10-11,4,10,1
8164,3447,19,2024-02-02,4,2,1
8165,4790,17,2023-04-01,5,4,0
8166,3453,9,2024-06-08,5,6,0
8167,3793,17,2023-04-09,3,4,0
8168,2449,16,2024-09-03,5,9,1
8169,461,15,2023-07-11,4,7,0
8170,1772,11,2022-09-10,5,9,1
8171,4486,15,2024-04-02,5,4,1
8172,2579,1,2023-11-10,5,11,1
8173,475,1,2024-03-16,5,3,1
8174,3640,5,2024-08-28,5,8,0
8175,411,19,2024-02-20,5,2,1
8176,4759,6,2023-12-25,5,12,1
8177,733,13,2024-07-11,5,7,1
8178,3507,10,2023-04-12,4,4,0
8179,1657,2,2023-09-06,4,9,0
8180,3830,11,2024-12-14,5,12,1
8181,1316,12,2023-12-01,5,12,1
8182,4366,15,2022-12-08,3,12,0
8183,4461,6,2023-08-23,4,8,0
8184,3691,12,2024-07-06,3,7,0
8185,2103,4,2023-07-02,4,7,0
8186,2741,9,2024-01-24,4,1,1
8187,2197,14,2023-12-14,3,12,0
8188,3468,7,2024-12-17,5,12,1
8189,2829,13,2024-02-14,5,2,0
8190,4135,7,2024-02-16,4,2,1
8191,128,8,2022-02-17,5,2,1
8192,303,13,2023-04-20,5,4,0
8193,2199,9,2023-04-14,4,4,0
8194,1257,14,2024-07-28,4,7,0
8195,4908,17,2023-07-23,3,7,0
8196,1373,6,2023-10-11,4,10,1
8197,2245,1,2024-09-11,4,9,0
8198,3364,18,2024-09-13,5,9,0
8199,1194,13,2024-05-03,5,5,1
8200,519,6,2023-04-02,5,4,0
8201,2914,9,2023-05-12,3,5,0
8202,2890,9,2022-08-10,5,8,0
8203,4290,1,2022-11-26,5,11,1
8204,4412,14,2024-05-07,4,5,1
8205,1028,15,2024-03-18,5,3,1
8206,636,4,2023-07-19,4,7,0
8207,2652,8,2022-01-09,4,1,1
8208,2114,3,2023-08-07,5,8,0
8209,660,10,2022-10-22,4,10,1
8210,1173,18,2024-07-17,3,7,0
8211,4388,6,2023-01-09,4,1,1
8212,1033,20,2024-01-14,4,1,1
8213,2645,5,2024-11-05,5,11,1
8214,2200,4,2024-09-27,3,9,0
8215,392,4,2024-01-09,4,1,1
8216,1759,8,2024-03-22,4,3,1
8217,2803,16,2022-04-17,3,4,0
8218,3084,20,2024-09-11,4,9,0
8219,637,15,2024-11-12,4,11,0
8220,4558,10,2024-02-23,4,2,1
8221,2592,7,2022-07-18,3,7,0
8222,4198,1,2024-02-03,5,2,1
8223,1244,9,2022-06-12,5,6,0
8224,1266,7,2023-05-06,4,5,0
8225,3592,10,2024-11-22,5,11,1
8226,3005,5,2024-07-25,4,7,0
8227,3471,5,2024-10-18,5,10,1
8228,19,16,2022-02-17,4,2,0
8229,182,10,2024-05-06,4,5,0
8230,4854,2,2024-11-08,5,11,1
8231,2322,1,2023-04-22,4,4,0
8232,681,5,2023-04-13,5,4,0
8233,1576,12,2023-07-11,5,7,0
8234,1081,18,2022-11-20,5,11,1
8235,4222,15,2022-09-27,5,9,1
8236,3304,11,2023-12-04,5,12,1
8237,412,10,2022-12-15,5,12,1
8238,1403,18,2022-06-06,3,6,0
8239,4879,14,2023-11-22,4,11,1
8240,1915,3,2024-06-21,4,6,0
8241,2302,2,2024-11-16,3,11,1
8242,292,10,2022-09-02,4,9,0
8243,722,17,2024-02-03,5,2,1
8244,1303,7,2024-05-25,4,5,0
8245,862,4,2023-10-19,5,10,1
8246,4970,9,2024-03-04,4,3,0
8247,2723,15,2024-06-22,5,6,1
8248,1085,10,2024-01-11,5,1,1
8249,846,3,2024-07-10,5,7,0
8250,3352,3,2022-03-14,5,3,1
8251,2884,7,2022-07-23,4,7,0
8252,3531,17,2022-02-21,5,2,1
8253,4665,17,2023-02-20,5,2,1
8254,1260,10,2022-02-19,4,2,1
8255,2960,4,2024-12-14,5,12,1
8256,2280,10,2022-01-03,5,1,1
8257,2264,20,2023-07-23,5,7,0
8258,4278,13,2022-07-04,5,7,1
8259,492,11,2022-05-17,5,5,0
8260,2149,1,2022-02-15,5,2,1
8261,2293,12,2023-12-23,4,12,1
8262,1881,6,2022-03-21,5,3,1
8263,2103,4,2022-12-06,5,12,1
8264,1756,10,2023-01-07,5,1,1
8265,1074,11,2023-09-03,4,9,1
8266,534,9,2022-06-01,4,6,0
8267,4474,16,2022-12-02,4,12,0
8268,1824,1,2023-02-16,4,2,1
8269,714,19,2022-01-17,5,1,1
8270,577,14,2024-12-06,4,12,0
8271,1807,9,2023-07-04,4,7,0
8272,979,10,2022-04-28,4,4,0
8273,3465,12,2022-02-15,5,2,1
8274,1928,5,2022-10-09,5,10,1
8275,4542,13,2024-11-02,5,11,0
8276,3059,4,2023-11-09,5,11,1
8277,2081,19,2023-02-14,4,2,1
8278,567,19,2023-02-12,5,2,1
8279,34,10,2023-08-13,4,8,0
8280,2805,3,2023-05-20,5,5,0
8281,1874,7,2022-01-19,5,1,1
8282,1603,6,2024-03-25,4,3,1
8283,3596,3,2022-06-25,4,6,0
8284,2851,16,2023-03-27,5,3,0
8285,3767,2,2022-01-21,5,1,1
8286,1206,18,2023-08-01,4,8,0
8287,2887,19,2024-05-01,4,5,0
8288,3493,2,2024-06-15,3,6,0
8289,902,19,2024-03-05,5,3,0
8290,164,12,2023-11-25,5,11,1
8291,3299,9,2023-01-09,5,1,1
8292,1123,10,2023-10-28,4,10,1
8293,2996,6,2022-09-22,5,9,0
8294,2692,18,2023-08-17,4,8,0
8295,3420,6,2024-09-26,5,9,0
8296,1064,16,2022-02-19,4,2,0
8297,4421,12,2022-11-05,4,11,1
8298,1803,4,2023-10-19,4,10,1
8299,410,20,2023-01-27,5,1,1
8300,3689,17,2023-11-11,4,11,1
8301,61,5,2023-04-24,4,4,0
8302,2948,15,2024-06-03,4,6,1
8303,1447,16,2022-04-25,4,4,0
8304,214,8,2024-02-18,5,2,1
8305,1596,2,2023-08-04,3,8,0
8306,3641,17,2022-09-20,5,9,0
8307,2377,20,2023-07-09,4,7,0
8308,3458,13,2024-08-26,4,8,1
8309,1653,4,2022-09-27,4,9,0
8310,692,3,2024-05-26,4,5,0
8311,2056,4,2024-02-06,5,2,1
8312,97,13,2023-04-17,4,4,0
8313,4013,5,2024-06-14,4,6,0
8314,4122,1,2024-04-03,4,4,0
8315,1952,16,2023-03-16,5,3,0
8316,1057,13,2022-09-12,5,9,1
8317,4877,9,2024-08-04,5,8,0
8318,917,15,2024-12-02,5,12,0
8319,2052,14,2022-06-24,3,6,0
8320,124,7,2023-05-22,5,5,0
8321,96,16,2023-07-14,5,7,1
8322,2767,6,2022-09-08,4,9,0
8323,1694,19,2022-01-28,5,1,1
8324,2975,15,2023-04-12,5,4,1
8325,2687,5,2023-06-12,5,6,0
8326,4882,1,2023-04-20,5,4,0
8327,3133,5,2024-12-22,5,12,1
8328,80,9,2024-09-28,4,9,1
8329,851,18,2023-03-21,4,3,1
8330,2474,3,2022-12-08,4,12,1
8331,2008,17,2022-02-03,5,2,1
8332,4784,2,2023-02-24,4,2,1
8333,997,16,2022-01-28,4,1,0
8334,282,2,2022-01-04,3,1,1
8335,444,17,2023-08-09,3,8,0
8336,2696,5,2024-01-17,5,1,1
8337,2645,1,2024-11-22,5,11,1
8338,1079,4,2024-01-18,5,1,1
8339,4750,4,2024-01-16,5,1,1
8340,3240,15,2022-01-17,3,1,0
8341,198,12,2023-06-27,4,6,0
8342,4155,12,2024-01-03,5,1,1
8343,3170,17,2022-03-08,4,3,1
8344,4840,5,2023-12-14,5,12,1
8345,3319,16,2024-07-17,5,7,1
8346,2472,15,2023-10-25,4,10,1
8347,2906,3,2022-05-25,4,5,0
8348,4043,12,2022-03-16,5,3,1
8349,4508,10,2022-06-25,5,6,0
8350,1471,3,2024-01-17,5,1,1
8351,1647,1,2023-04-17,5,4,0
8352,2010,8,2022-12-17,4,12,1
8353,1539,20,2023-02-26,5,2,1
8354,586,16,2023-04-25,5,4,0
8355,2366,20,2024-10-28,5,10,1
8356,409,4,2023-12-08,5,12,1
8357,1336,10,2024-03-07,4,3,1
8358,2178,17,2023-09-01,3,9,0
8359,4788,18,2022-02-15,4,2,1
8360,3354,3,2022-01-07,4,1,1
8361,2058,1,2024-12-25,5,12,1
8362,2297,16,2024-04-26,5,4,0
8363,933,19,2022-09-16,5,9,1
8364,3281,1,2022-08-12,3,8,0
8365,2066,11,2024-11-03,4,11,1
8366,4585,10,2022-02-02,5,2,1
8367,1423,4,2024-10-04,5,10,1
8368,4213,12,2022-01-19,5,1,1
8369,4105,19,2023-01-05,5,1,1
8370,2474,20,2023-06-06,4,6,0
8371,936,17,2024-09-06,3,9,0
8372,3189,15,2023-03-08,4,3,1
8373,171,10,2023-05-18,4,5,0
8374,2460,8,2023-05-24,3,5,0
8375,555,4,2024-03-28,3,3,0
8376,4138,16,2023-10-13,4,10,0
8377,2842,16,2024-04-27,4,4,0
8378,4669,11,2024-02-24,5,2,1
8379,1041,4,2022-09-18,4,9,0
8380,3548,4,2022-01-07,4,1,1
8381,3604,10,2023-05-10,3,5,0
8382,1526,20,2024-11-21,5,11,1
8383,2036,1,2022-06-12,5,6,0
8384,3605,19,2024-04-09,5,4,0
8385,250,18,2024-04-22,5,4,0
8386,666,6,2022-07-04,4,7,0
8387,4707,12,2023-08-19,4,8,0
8388,1618,1,2022-12-01,4,12,1
8389,2076,5,2022-03-19,5,3,1
8390,134,3,2024-10-19,5,10,1
8391,1289,20,2023-08-22,4,8,0
8392,3915,17,2022-12-01,4,12,1
8393,4115,9,2023-12-14,4,12,1
8394,3305,2,2023-11-13,4,11,1
8395,3860,13,2022-04-28,4,4,0
8396,4411,17,2024-02-03,5,2,1
8397,3457,5,2022-12-26,5,12,1
8398,59,5,2023-05-05,3,5,0
8399,2858,9,2022-04-10,4,4,0
8400,2439,9,2024-02-02,5,2,1
8401,3258,17,2023-06-12,3,6,0
8402,2222,15,2022-04-04,4,4,1
8403,266,19,2024-07-01,3,7,0
8404,3209,4,2023-02-08,5,2,1
8405,194,17,2022-07-03,4,7,0
8406,2236,17,2022-08-01,5,8,0
8407,397,16,2023-06-22,5,6,1
8408,1843,6,2022-12-07,5,12,1
8409,2177,15,2022-12-26,5,12,0
8410,3857,6,2022-06-28,4,6,0
8411,3808,4,2023-02-24,5,2,1
8412,2853,3,2023-04-04,5,4,1
8413,4243,10,2023-08-05,5,8,0
8414,215,16,2023-11-11,5,11,0
8415,821,11,2022-12-22,4,12,1
8416,3232,18,2023-12-10,5,12,1
8417,703,16,2022-06-21,5,6,1
8418,4796,20,2022-06-14,4,6,0
8419,4612,9,2024-04-08,2,4,0
8420,3240,3,2022-07-16,5,7,0
8421,536,10,2024-05-22,4,5,0
8422,1178,20,2023-05-10,3,5,0
8423,531,15,2022-03-05,4,3,1
8424,2026,7,2023-07-06,3,7,0
8425,726,2,2024-08-04,3,8,0
8426,407,17,2022-10-20,5,10,1
8427,2027,7,2022-06-13,3,6,0
8428,4834,17,2023-08-05,3,8,0
8429,2063,15,2022-09-03,5,9,1
8430,4221,17,2022-04-10,3,4,0
8431,986,8,2024-08-14,3,8,0
8432,107,5,2023-07-04,4,7,0
8433,3162,6,2022-09-26,4,9,0
8434,1599,3,2023-08-23,5,8,0
8435,1933,15,2024-02-15,5,2,0
8436,1590,19,2022-12-10,5,12,1
8437,2793,20,2022-01-21,5,1,1
8438,2968,16,2023-05-14,5,5,1
8439,2696,18,2024-11-01,5,11,1
8440,2304,4,2023-09-12,5,9,0
8441,934,6,2023-07-04,4,7,0
8442,1496,5,2022-04-14,4,4,0
8443,4077,18,2023-09-22,3,9,0
8444,1246,5,2023-01-04,5,1,1
8445,519,10,2022-04-14,4,4,0
8446,1517,10,2022-03-27,5,3,1
8447,622,14,2022-08-04,5,8,0
8448,3562,1,2022-04-09,4,4,0
8449,4030,1,2023-10-08,4,10,0
8450,2676,17,2022-09-18,4,9,0
8451,4585,20,2022-04-07,5,4,0
8452,837,10,2024-11-26,5,11,1
8453,3038,15,2023-01-07,4,1,0
8454,3891,12,2023-02-01,5,2,1
8455,3849,4,2022-04-01,2,4,0
8456,1749,15,2023-01-26,4,1,0
8457,2476,4,2024-07-26,4,7,0
8458,4962,5,2022-10-09,4,10,1
8459,119,10,2023-02-21,5,2,1
8460,2066,16,2022-02-05,4,2,0
8461,4525,9,2023-07-01,2,7,0
8462,2020,20,2023-10-05,5,10,1
8463,670,11,2023-08-08,4,8,0
8464,440,6,2023-05-14,4,5,0
8465,2251,7,2023-06-15,3,6,0
8466,4464,7,2023-08-05,4,8,0
8467,3926,4,2022-06-02,3,6,0
8468,3448,12,2024-09-14,4,9,0
8469,4017,13,2024-03-21,4,3,0
8470,4893,10,2022-09-13,4,9,0
8471,2017,7,2024-08-13,3,8,0
8472,2969,9,2024-07-10,5,7,0
8473,1043,3,2022-02-08,5,2,1
8474,4831,17,2023-10-01,5,10,1
8475,4452,20,2024-12-15,4,12,1
8476,1600,1,2023-05-17,3,5,0
8477,3883,7,2022-02-25,4,2,1
8478,3182,20,2023-10-20,4,10,1
8479,702,10,2024-04-05,4,4,0
8480,1968,15,2024-01-07,4,1,0
8481,3297,8,2022-02-21,3,2,1
8482,3878,10,2024-10-19,4,10,1
8483,2761,10,2023-10-11,5,10,1
8484,2111,20,2024-01-09,4,1,1
8485,4306,4,2022-02-27,4,2,1
8486,7,16,2022-11-04,3,11,0
8487,919,7,2023-03-02,4,3,1
8488,1650,16,2023-05-24,4,5,1
8489,1012,8,2024-12-26,4,12,1
8490,676,5,2023-02-26,4,2,1
8491,4245,13,2024-07-08,5,7,1
8492,2570,18,2022-10-20,5,10,1
8493,2927,3,2024-09-03,5,9,0
8494,105,14,2022-07-14,4,7,0
8495,3638,1,2023-08-08,3,8,0
8496,4506,10,2024-03-06,4,3,1
8497,2518,4,2024-07-22,3,7,0
8498,216,16,2023-05-09,4,5,1
8499,2142,10,2024-01-09,4,1,1
8500,2904,18,2023-08-21,3,8,0
8501,1373,18,2023-12-07,5,12,1
8502,1893,11,2023-02-05,5,2,1
8503,229,9,2022-08-22,4,8,0
8504,3304,12,2023-01-23,5,1,1
8505,4683,12,2022-08-18,5,8,0
8506,4146,17,2023-11-27,5,11,1
8507,3738,20,2024-04-14,5,4,0
8508,1694,17,2023-05-23,4,5,0
8509,4322,9,2023-03-06,4,3,0
8510,1316,3,2022-06-16,5,6,0
8511,201,15,2022-01-25,3,1,0
8512,4503,20,2022-01-03,4,1,1
8513,1262,13,2023-03-24,5,3,0
8514,2724,7,2022-04-07,3,4,0
8515,2168,12,2024-06-15,4,6,0
8516,2451,19,2023-10-22,5,10,1
8517,2370,5,2022-03-11,5,3,1
8518,4152,18,2022-08-25,4,8,0
8519,3580,5,2023-06-01,5,6,0
8520,3579,18,2024-01-10,5,1,1
8521,1336,19,2022-06-11,4,6,0
8522,4993,18,2022-09-27,4,9,0
8523,1220,13,2024-04-27,4,4,0
8524,4454,10,2022-04-07,4,4,0
8525,649,6,2022-07-17,5,7,0
8526,3688,6,2024-06-14,5,6,0
8527,673,18,2023-04-04,3,4,0
8528,197,20,2024-07-08,5,7,0
8529,3817,2,2024-08-20,3,8,0
8530,2878,1,2022-08-04,4,8,0
8531,3981,5,2024-01-17,5,1,1
8532,4041,3,2023-10-09,5,10,1
8533,4885,3,2022-03-18,5,3,1
8534,936,11,2024-05-02,4,5,0
8535,176,15,2023-02-27,3,2,0
8536,1472,2,2024-09-08,3,9,0
8537,3727,12,2022-02-01,4,2,1
8538,3660,3,2023-09-05,5,9,0
8539,3722,6,2024-03-20,5,3,1
8540,4437,20,2023-12-28,5,12,1
8541,2872,8,2022-11-28,4,11,1
8542,3857,19,2023-08-15,5,8,0
8543,4005,7,2022-10-10,5,10,1
8544,1097,19,2024-01-26,4,1,1
8545,3881,6,2022-04-07,4,4,0
8546,1272,20,2024-04-25,4,4,0
8547,3220,10,2022-11-24,5,11,1
8548,4388,1,2024-04-21,4,4,0
8549,590,13,2024-05-06,5,5,1
8550,100,20,2024-01-23,5,1,1
8551,3292,4,2023-05-17,5,5,0
8552,136,13,2023-05-12,5,5,1
8553,2679,7,2022-04-06,3,4,0
8554,1683,9,2023-03-06,4,3,0
8555,2613,19,2022-09-15,5,9,1
8556,4892,11,2023-08-12,4,8,0
8557,1993,12,2022-09-28,4,9,0
8558,4901,8,2024-01-17,5,1,1
8559,3864,16,2022-11-04,3,11,0
8560,982,10,2023-03-20,5,3,1
8561,2325,2,2023-03-20,4,3,1
8562,2344,16,2024-04-24,4,4,0
8563,3680,1,2024-08-02,4,8,0
8564,3638,18,2023-02-12,5,2,1
8565,2439,20,2024-04-07,4,4,0
8566,2565,17,2024-11-22,5,11,1
8567,441,1,2023-09-03,4,9,0
8568,2649,3,2023-02-10,5,2,1
8569,1067,11,2024-01-07,5,1,1
8570,4645,11,2022-11-17,5,11,1
8571,4232,16,2024-06-22,5,6,1
8572,1286,2,2022-02-02,5,2,1
8573,342,20,2024-10-25,5,10,1
8574,1101,8,2023-03-13,5,3,1
8575,2176,7,2022-01-27,3,1,1
8576,3145,2,2024-01-10,4,1,1
8577,3454,7,2024-04-27,5,4,0
8578,2607,5,2024-03-01,5,3,1
8579,2233,20,2024-11-20,5,11,1
8580,1241,18,2023-04-07,5,4,0
8581,1404,10,2023-08-14,3,8,0
8582,3940,6,2024-01-16,5,1,1
8583,3850,13,2024-08-10,5,8,1
8584,3575,6,2023-09-17,5,9,0
8585,972,16,2024-05-15,5,5,1
8586,1810,1,2024-05-18,2,5,0
8587,1219,9,2023-03-04,4,3,0
8588,275,10,2022-11-23,4,11,1
8589,1877,3,2023-05-08,4,5,0
8590,4541,17,2024-09-20,5,9,0
8591,4796,19,2023-01-21,4,1,1
8592,1906,15,2022-11-15,4,11,0
8593,3536,15,2023-08-23,4,8,0
8594,3483,15,2022-08-15,4,8,0
8595,2834,8,2022-02-15,4,2,1
8596,4503,3,2022-05-21,4,5,0
8597,2580,20,2023-03-14,5,3,1
8598,247,20,2022-11-26,5,11,1
8599,2279,9,2023-09-23,5,9,1
8600,2532,3,2023-12-12,4,12,1
8601,973,6,2022-03-28,5,3,1
8602,977,17,2023-11-18,3,11,1
8603,3599,11,2022-04-09,4,4,0
8604,3987,5,2023-09-19,3,9,0
8605,3139,4,2022-04-13,1,4,0
8606,3060,11,2024-12-06,5,12,1
8607,4568,13,2022-12-08,5,12,0
8608,2060,15,2022-08-03,5,8,0
8609,1983,20,2023-02-12,4,2,1
8610,4061,8,2024-01-19,4,1,1
8611,508,8,2023-09-14,4,9,0
8612,1274,12,2023-11-10,5,11,1
8613,3336,12,2022-01-03,4,1,1
8614,1282,11,2023-07-14,5,7,0
8615,936,11,2024-05-17,4,5,0
8616,4131,19,2022-06-27,5,6,0
8617,1708,6,2024-05-20,3,5,0
8618,869,11,2022-06-09,5,6,0
8619,1411,9,2024-09-14,5,9,1
8620,1219,2,2023-01-22,4,1,1
8621,108,14,2022-03-19,5,3,1
8622,889,7,2024-04-09,4,4,0
8623,3934,12,2022-04-13,5,4,1
8624,3879,2,2022-05-18,2,5,0
8625,4864,1,2023-04-27,5,4,0
8626,2847,19,2023-09-27,5,9,1
8627,2626,1,2023-07-11,4,7,0
8628,3246,14,2024-03-14,5,3,1
8629,223,18,2023-01-27,4,1,1
8630,4479,1,2024-12-14,5,12,1
8631,2860,10,2024-04-25,4,4,0
8632,518,17,2022-11-26,5,11,1
8633,3211,5,2024-03-27,5,3,1
8634,3683,18,2022-06-13,4,6,0
8635,1413,5,2024-10-15,5,10,1
8636,3218,15,2024-08-17,4,8,0
8637,4871,9,2024-02-20,4,2,1
8638,3439,5,2022-01-06,5,1,1
8639,4731,20,2022-07-07,4,7,0
8640,3842,20,2022-02-26,5,2,1
8641,711,4,2024-07-10,3,7,0
8642,4472,6,2022-11-17,5,11,1
8643,897,3,2023-05-16,3,5,0
8644,4147,8,2024-05-07,3,5,0
8645,1365,8,2024-07-07,4,7,0
8646,597,8,2022-06-10,4,6,0
8647,3346,2,2024-05-17,4,5,0
8648,4179,9,2022-12-14,4,12,1
8649,2351,3,2023-05-09,4,5,0
8650,2616,1,2024-11-26,4,11,1
8651,2218,16,2023-08-17,5,8,1
8652,1096,6,2022-03-04,5,3,1
8653,1026,3,2022-08-22,3,8,0
8654,2379,6,2022-05-15,5,5,0
8655,671,14,2023-01-14,3,1,0
8656,3633,20,2024-05-27,3,5,0
8657,630,18,2023-06-12,4,6,0
8658,296,9,2023-04-25,3,4,0
8659,1750,9,2022-09-12,5,9,1
8660,2649,20,2024-02-24,4,2,1
8661,1166,15,2023-03-22,5,3,1
8662,1782,9,2023-03-27,5,3,0
8663,4376,4,2024-06-19,3,6,0
8664,3308,7,2023-04-27,4,4,0
8665,2731,9,2023-07-04,5,7,0
8666,1311,17,2023-01-01,3,1,1
8667,192,19,2023-08-28,3,8,0
8668,3083,17,2024-12-16,5,12,1
8669,1138,2,2023-11-15,3,11,1
8670,634,6,2023-06-02,2,6,0
8671,225,20,2024-08-27,4,8,0
8672,416,3,2023-09-26,3,9,0
8673,3951,12,2024-09-01,3,9,0
8674,376,10,2023-08-23,4,8,0
8675,3363,1,2024-08-12,4,8,0
8676,4295,13,2024-08-26,4,8,1
8677,3324,7,2024-05-25,4,5,0
8678,4714,2,2024-06-04,5,6,0
8679,4245,9,2022-10-24,5,10,1
8680,1798,17,2024-12-07,5,12,1
8681,2064,5,2023-10-07,5,10,1
8682,3351,15,2022-09-22,5,9,1
8683,4054,5,2023-07-11,4,7,0
8684,3941,13,2024-08-28,5,8,1
8685,4955,15,2022-03-05,5,3,1
8686,2820,18,2022-04-11,5,4,0
8687,1008,18,2024-04-19,3,4,0
8688,2476,10,2022-11-04,4,11,1
8689,3641,2,2023-01-01,4,1,1
8690,587,11,2023-08-02,4,8,0
8691,55,20,2024-02-28,5,2,1
8692,1131,17,2024-08-21,3,8,0
8693,405,11,2023-09-25,5,9,1
8694,3742,20,2022-09-26,3,9,0
8695,4953,5,2022-08-06,5,8,0
8696,1917,1,2022-01-23,4,1,1
8697,1704,8,2024-05-18,4,5,0
8698,3600,1,2023-08-12,3,8,0
8699,3964,17,2022-05-21,4,5,0
8700,1151,3,2022-04-09,5,4,1
8701,3592,15,2023-09-14,5,9,1
8702,3220,15,2024-11-25,3,11,0
8703,1491,7,2023-10-28,5,10,1
8704,318,9,2024-07-05,2,7,0
8705,1677,17,2023-01-03,5,1,1
8706,646,12,2022-08-09,4,8,0
8707,4377,11,2024-04-01,4,4,0
8708,3982,6,2023-09-19,2,9,0
8709,718,5,2022-05-01,4,5,0
8710,3159,13,2023-10-26,4,10,0
8711,1648,19,2023-10-06,4,10,1
8712,2604,3,2022-06-17,4,6,0
8713,1046,2,2024-10-12,5,10,1
8714,3465,14,2024-03-07,5,3,1
8715,2157,16,2022-01-14,3,1,0
8716,674,10,2024-08-17,5,8,0
8717,170,20,2023-07-17,5,7,0
8718,1287,2,2022-05-09,4,5,0
8719,4474,6,2022-01-17,5,1,1
8720,780,13,2024-07-15,5,7,1
8721,3887,19,2022-01-04,5,1,1
8722,125,14,2024-07-11,3,7,0
8723,4413,10,2023-07-04,3,7,0
8724,3243,6,2024-08-06,4,8,0
8725,90,16,2022-05-20,4,5,1
8726,827,16,2022-07-08,5,7,1
8727,3680,10,2022-04-02,5,4,0
8728,1956,4,2024-12-17,5,12,1
8729,2982,8,2023-03-06,5,3,1
8730,4974,1,2024-12-14,4,12,1
8731,1155,5,2023-10-28,5,10,1
8732,525,16,2023-07-11,5,7,1
8733,311,19,2023-04-17,4,4,0
8734,4229,16,2024-06-13,5,6,1
8735,4716,1,2022-06-19,4,6,0
8736,1720,16,2022-09-05,5,9,1
8737,4787,12,2023-09-07,4,9,0
8738,1587,13,2024-03-13,3,3,0
8739,4680,19,2024-04-10,5,4,0
8740,191,10,2024-02-06,5,2,1
8741,4767,15,2022-03-25,5,3,1
8742,2462,12,2022-06-06,5,6,0
8743,3575,7,2023-02-16,5,2,1
8744,1659,16,2023-06-11,5,6,1
8745,741,15,2022-06-20,5,6,1
8746,2725,19,2024-06-05,4,6,0
8747,1216,4,2022-10-14,4,10,1
8748,100,8,2022-08-26,3,8,0
8749,4524,5,2024-01-11,5,1,1
8750,4642,13,2022-03-21,5,3,0
8751,957,8,2022-12-24,4,12,1
8752,3015,7,2023-05-11,5,5,0
8753,1049,4,2024-04-02,4,4,0
8754,3320,1,2022-06-28,3,6,0
8755,4215,4,2022-02-01,5,2,1
8756,1765,7,2024-09-18,5,9,0
8757,4413,6,2022-03-27,4,3,1
8758,3610,7,2024-06-07,4,6,0
8759,2433,7,2022-04-07,5,4,0
8760,590,6,2022-07-19,3,7,0
8761,3231,8,2022-11-09,4,11,1
8762,4160,11,2024-01-04,4,1,1
8763,1137,1,2024-08-03,4,8,0
8764,617,9,2023-07-15,3,7,0
8765,707,12,2022-07-17,3,7,0
8766,3659,6,2024-11-28,5,11,1
8767,4047,11,2022-04-20,2,4,0
8768,4313,10,2023-09-27,2,9,0
8769,4577,19,2023-05-24,4,5,0
8770,4385,7,2022-02-26,5,2,1
8771,2642,1,2024-11-01,5,11,1
8772,219,17,2023-07-02,4,7,0
8773,1143,2,2022-12-19,4,12,1
8774,102,13,2022-04-02,3,4,0
8775,4714,18,2022-09-01,4,9,0
8776,3515,1,2024-04-25,3,4,0
8777,2759,10,2024-09-02,4,9,0
8778,2492,9,2022-12-11,5,12,1
8779,1384,18,2022-04-11,5,4,0
8780,2922,12,2024-07-23,5,7,0
8781,2307,6,2022-05-15,4,5,0
8782,4164,11,2023-12-10,5,12,1
8783,4339,16,2022-03-22,4,3,0
8784,4078,8,2022-01-20,3,1,1
8785,215,5,2024-03-09,5,3,1
8786,1522,18,2022-02-20,5,2,1
8787,3397,4,2024-01-27,5,1,1
8788,2499,1,2024-08-01,5,8,0
8789,4632,9,2022-07-14,4,7,0
8790,2540,18,2023-02-03,5,2,1
8791,708,19,2023-11-01,4,11,1
8792,3200,10,2024-09-18,4,9,0
8793,4050,7,2023-07-21,4,7,0
8794,2468,8,2023-05-21,5,5,0
8795,3121,7,2024-04-26,4,4,0
8796,4142,3,2023-01-07,5,1,1
8797,2239,15,2023-10-08,5,10,1
8798,4877,17,2024-08-23,5,8,0
8799,3325,3,2023-06-24,3,6,0
8800,3606,5,2022-11-21,5,11,1
8801,1015,3,2024-05-08,3,5,0
8802,2449,14,2023-09-15,4,9,1
8803,2261,19,2023-12-15,5,12,1
8804,3015,8,2022-07-22,5,7,0
8805,4274,5,2024-06-25,5,6,0
8806,1019,4,2023-04-23,4,4,0
8807,2053,8,2022-12-18,5,12,1
8808,3107,3,2023-03-02,5,3,1
8809,1729,9,2024-01-01,5,1,1
8810,4923,19,2023-08-28,5,8,0
8811,1854,17,2023-04-13,4,4,0
8812,1451,4,2023-07-04,4,7,0
8813,2939,13,2023-12-07,4,12,0
8814,449,5,2022-03-13,4,3,1
8815,2034,19,2023-05-12,5,5,0
8816,2140,13,2023-09-16,4,9,1
8817,1068,15,2024-04-14,4,4,1
8818,1157,13,2023-12-10,4,12,0
8819,1259,12,2024-03-20,5,3,1
8820,366,16,2022-02-18,4,2,0
8821,2631,12,2024-12-18,5,12,1
8822,4380,7,2022-07-25,5,7,0
8823,1101,20,2023-12-13,5,12,1
8824,1660,6,2024-04-16,4,4,0
8825,4696,20,2022-06-17,3,6,0
8826,4423,20,2024-10-25,4,10,1
8827,1835,5,2022-06-13,5,6,0
8828,95,18,2024-05-02,5,5,0
8829,4865,3,2024-04-15,5,4,1
8830,2422,19,2024-12-13,5,12,1
8831,1414,14,2024-09-23,5,9,1
8832,4614,11,2022-09-10,4,9,1
8833,1059,2,2022-04-26,3,4,0
8834,296,14,2023-08-25,4,8,0
8835,3140,5,2024-04-16,4,4,0
8836,3227,8,2024-06-18,3,6,0
8837,1586,6,2024-08-22,3,8,0
8838,2373,11,2022-08-02,4,8,0
8839,2088,15,2024-03-24,5,3,1
8840,1389,10,2024-03-11,5,3,1
8841,3807,15,2023-09-27,4,9,1
8842,844,20,2022-03-09,4,3,1
8843,1588,3,2024-12-19,4,12,1
8844,1114,9,2022-06-27,5,6,0
8845,733,11,2023-02-01,5,2,1
8846,1915,10,2022-01-02,5,1,1
8847,876,12,2024-08-08,2,8,0
8848,1216,11,2022-01-25,4,1,1
8849,1712,5,2024-11-15,5,11,1
8850,4102,15,2023-06-17,5,6,1
8851,2954,20,2024-03-14,5,3,1
8852,1510,6,2024-01-23,4,1,1
8853,2850,8,2022-12-27,5,12,1
8854,130,10,2023-01-19,5,1,1
8855,1377,5,2023-03-21,5,3,1
8856,751,15,2023-08-28,4,8,0
8857,254,5,2022-10-25,5,10,1
8858,3009,6,2024-10-13,5,10,1
8859,971,12,2024-09-06,4,9,0
8860,3856,8,2022-10-15,5,10,1
8861,1755,20,2023-10-12,3,10,1
8862,412,4,2024-08-07,5,8,0
8863,234,18,2022-07-07,3,7,0
8864,2248,20,2023-07-26,3,7,0
8865,2857,4,2023-03-03,3,3,0
8866,1311,8,2022-06-04,5,6,0
8867,1948,17,2024-08-20,5,8,0
8868,2105,1,2023-11-05,5,11,1
8869,380,16,2022-07-23,5,7,1
8870,1106,7,2024-03-02,5,3,1
8871,95,9,2023-01-03,5,1,1
8872,2523,18,2023-09-27,5,9,0
8873,2794,3,2024-10-16,5,10,1
8874,3748,7,2023-01-14,5,1,1
8875,1496,7,2022-10-17,4,10,1
8876,945,16,2023-01-06,4,1,0
8877,427,13,2022-07-02,5,7,1
8878,3854,10,2022-12-14,5,12,1
8879,2718,18,2023-04-04,4,4,0
8880,1645,7,2023-03-16,5,3,1
8881,2887,2,2024-12-21,5,12,1
8882,3316,13,2022-11-15,5,11,0
8883,972,16,2024-05-16,5,5,1
8884,2357,11,2022-12-22,5,12,1
8885,4718,20,2024-09-03,3,9,0
8886,3257,9,2024-07-08,4,7,0
8887,3471,8,2023-11-07,4,11,1
8888,4643,2,2022-06-02,2,6,0
8889,3505,15,2022-10-24,5,10,1
8890,941,6,2023-06-03,5,6,0
8891,2236,13,2022-10-17,4,10,0
8892,4642,11,2024-09-02,5,9,1
8893,4670,13,2024-10-19,4,10,0
8894,4337,9,2022-08-26,4,8,0
8895,102,13,2024-05-01,5,5,1
8896,1630,18,2023-02-07,4,2,1
8897,410,8,2024-12-15,4,12,1
8898,1887,20,2023-08-21,4,8,0
8899,3870,19,2024-07-25,3,7,0
8900,2785,12,2022-12-04,5,12,1
8901,692,14,2023-10-22,4,10,1
8902,4931,13,2024-10-20,2,10,0
8903,4025,18,2023-01-06,5,1,1
8904,92,19,2024-07-08,4,7,0
8905,3718,18,2023-12-28,5,12,1
8906,1574,16,2023-07-01,5,7,1
8907,3888,9,2024-06-02,3,6,0
8908,2434,14,2022-04-17,5,4,1
8909,4695,2,2022-01-25,4,1,1
8910,1990,6,2024-08-10,3,8,0
8911,1826,8,2023-11-21,5,11,1
8912,615,2,2024-06-16,4,6,0
8913,1518,7,2024-07-05,3,7,0
8914,2532,13,2022-12-14,5,12,0
8915,2479,6,2024-12-10,5,12,1
8916,1045,11,2023-02-09,5,2,1
8917,367,12,2024-02-06,5,2,1
8918,4019,5,2022-12-02,5,12,1
8919,1764,9,2024-08-16,4,8,0
8920,2412,1,2023-11-10,5,11,1
8921,3869,8,2024-11-14,5,11,1
8922,3248,5,2024-09-26,5,9,0
8923,3981,12,2022-11-11,5,11,1
8924,1341,19,2024-10-11,5,10,1
8925,3579,5,2022-10-25,4,10,1
8926,432,7,2022-12-01,5,12,1
8927,2183,17,2024-10-09,5,10,1
8928,2798,9,2024-11-05,5,11,1
8929,2284,5,2023-02-27,5,2,1
8930,4837,8,2023-06-21,4,6,0
8931,2756,2,2023-06-03,4,6,0
8932,4152,16,2023-09-25,5,9,1
8933,4981,12,2022-03-22,5,3,1
8934,1696,5,2022-11-19,5,11,1
8935,1011,9,2024-09-10,5,9,1
8936,2284,14,2024-04-22,5,4,1
8937,596,4,2022-01-25,4,1,1
8938,3141,19,2024-12-08,5,12,1
8939,243,17,2024-11-20,4,11,1
8940,2450,3,2022-12-27,5,12,1
8941,3853,7,2023-12-07,4,12,1
8942,1301,5,2022-04-02,5,4,0
8943,4067,18,2023-03-15,4,3,1
8944,959,6,2023-05-26,5,5,0
8945,3386,2,2024-12-04,5,12,1
8946,2169,16,2024-08-13,5,8,1
8947,1676,11,2024-04-25,3,4,0
8948,317,18,2024-09-21,4,9,0
8949,4182,6,2022-04-01,4,4,0
8950,3363,8,2022-07-28,3,7,0
8951,3221,8,2024-10-23,5,10,1
8952,1492,18,2023-09-17,5,9,0
8953,3877,8,2024-10-12,4,10,1
8954,1614,17,2023-12-18,5,12,1
8955,4977,2,2022-04-20,4,4,0
8956,2481,7,2022-03-27,5,3,1
8957,3006,2,2024-01-27,5,1,1
8958,3515,9,2022-01-22,4,1,1
8959,3352,15,2023-03-25,5,3,1
8960,3134,16,2024-06-15,4,6,1
8961,1502,1,2022-05-01,3,5,0
8962,1277,1,2022-10-07,4,10,0
8963,883,5,2023-05-07,4,5,0
8964,4124,7,2023-12-12,4,12,1
8965,2522,1,2024-10-08,2,10,0
8966,3597,11,2024-03-16,4,3,0
8967,3281,15,2023-04-16,5,4,1
8968,3271,4,2023-10-24,5,10,1
8969,1768,2,2023-01-06,4,1,1
8970,38,14,2024-08-07,3,8,0
8971,4995,12,2024-04-24,5,4,1
8972,988,9,2022-07-19,3,7,0
8973,2221,11,2023-03-23,5,3,0
8974,4850,2,2023-03-09,5,3,1
8975,936,8,2023-01-22,4,1,1
8976,4725,8,2022-08-18,4,8,0
8977,4220,4,2022-06-14,4,6,0
8978,138,17,2022-03-17,4,3,1
8979,3070,4,2022-12-12,5,12,1
8980,1581,16,2024-11-05,3,11,0
8981,2917,11,2024-05-17,4,5,0
8982,4364,4,2024-01-07,5,1,1
8983,3175,15,2024-10-16,5,10,1
8984,3646,13,2023-09-12,4,9,1
8985,4315,3,2024-06-03,4,6,0
8986,539,20,2024-07-04,4,7,0
8987,1387,14,2024-12-09,5,12,0
8988,2601,2,2022-04-27,4,4,0
8989,4292,19,2023-07-15,5,7,0
8990,4414,10,2023-09-12,4,9,0
8991,18,13,2022-02-14,3,2,0
8992,288,10,2023-02-04,4,2,1
8993,1101,14,2022-06-06,4,6,0
8994,3779,4,2024-05-28,3,5,0
8995,550,14,2024-01-07,3,1,0
8996,367,2,2023-05-04,4,5,0
8997,2784,15,2024-06-02,5,6,1
8998,515,13,2023-02-01,5,2,0
8999,4111,8,2024-06-28,4,6,0
9000,3158,10,2023-09-24,3,9,0
9001,4550,8,2022-02-26,5,2,1
9002,33,1,2022-06-12,5,6,0
9003,890,4,2023-01-27,5,1,1
9004,3147,12,2024-12-14,4,12,1
9005,2828,15,2024-10-15,5,10,1
9006,4790,16,2024-06-17,5,6,1
9007,1975,12,2024-01-14,5,1,1
9008,410,5,2023-10-05,5,10,1
9009,3644,6,2024-01-10,4,1,1
9010,360,5,2022-06-13,4,6,0
9011,2264,1,2024-12-07,5,12,1
9012,33,17,2024-07-04,4,7,0
9013,851,18,2024-05-20,4,5,0
9014,3581,7,2022-04-05,3,4,0
9015,4435,12,2023-09-17,5,9,0
9016,1831,8,2024-02-27,5,2,1
9017,3554,14,2023-04-23,5,4,1
9018,180,20,2024-10-22,5,10,1
9019,1356,16,2023-11-19,4,11,0
9020,2169,6,2023-12-09,5,12,1
9021,4074,5,2024-01-14,5,1,1
9022,3385,17,2024-11-26,4,11,1
9023,4813,17,2022-03-06,5,3,1
9024,1734,16,2022-02-16,4,2,0
9025,778,19,2023-06-14,4,6,0
9026,4897,5,2023-04-27,5,4,0
9027,2006,20,2024-02-19,4,2,1
9028,3384,1,2022-02-24,4,2,1
9029,1956,17,2022-07-14,4,7,0
9030,272,12,2023-05-06,3,5,0
9031,742,14,2024-11-27,5,11,1
9032,1030,6,2023-09-07,4,9,0
9033,4198,15,2022-05-11,5,5,1
9034,4173,10,2023-08-23,3,8,0
9035,3284,5,2024-04-10,5,4,0
9036,4918,14,2022-11-23,5,11,1
9037,419,16,2024-12-20,4,12,0
9038,490,10,2023-05-05,4,5,0
9039,249,16,2022-08-26,4,8,1
9040,546,4,2022-07-06,5,7,0
9041,3919,18,2024-09-21,2,9,0
9042,1908,7,2022-12-15,5,12,1
9043,417,10,2024-02-08,5,2,1
9044,4506,15,2023-07-02,3,7,0
9045,1174,8,2022-11-14,5,11,1
9046,3530,11,2022-11-04,4,11,1
9047,3594,6,2022-05-13,4,5,0
9048,2586,3,2023-10-15,5,10,1
9049,4338,3,2024-06-22,3,6,0
9050,3858,15,2022-06-09,5,6,1
9051,4990,13,2023-08-23,5,8,1
9052,573,10,2023-02-07,5,2,1
9053,2148,15,2022-09-12,5,9,1
9054,1882,7,2023-08-12,4,8,0
9055,2553,2,2022-11-08,5,11,1
9056,4628,15,2024-07-24,5,7,0
9057,2614,19,2024-10-19,5,10,1
9058,4943,10,2022-01-20,5,1,1
9059,10,8,2022-02-23,5,2,1
9060,3688,4,2022-06-05,2,6,0
9061,1392,12,2022-02-26,4,2,1
9062,1097,6,2024-05-05,4,5,0
9063,968,2,2024-05-15,3,5,0
9064,3038,11,2022-08-14,4,8,0
9065,434,12,2024-04-23,3,4,1
9066,4497,18,2024-12-24,5,12,1
9067,2448,18,2022-09-25,4,9,0
9068,3875,17,2022-01-17,4,1,1
9069,3678,10,2022-05-08,4,5,0
9070,3788,9,2024-04-11,5,4,0
9071,4820,2,2024-11-14,5,11,1
9072,1843,4,2023-01-10,5,1,1
9073,1554,15,2022-08-06,5,8,0
9074,35,10,2022-06-08,4,6,0
9075,2939,4,2024-05-13,4,5,0
9076,2814,20,2022-11-25,4,11,1
9077,2424,14,2022-02-07,5,2,1
9078,3458,15,2023-04-21,5,4,1
9079,4692,5,2022-12-13,5,12,1
9080,2791,11,2024-07-24,4,7,0
9081,4328,12,2023-10-28,5,10,0
9082,2504,6,2022-07-02,5,7,0
9083,4077,20,2022-04-22,4,4,0
9084,2721,16,2022-09-26,5,9,1
9085,995,11,2024-05-08,5,5,0
9086,822,9,2022-07-08,4,7,0
9087,167,11,2024-02-17,3,2,1
9088,3483,7,2024-01-12,5,1,1
9089,3069,2,2022-11-11,4,11,1
9090,1876,15,2023-12-27,4,12,0
9091,3371,19,2023-09-23,4,9,1
9092,3953,6,2023-05-12,5,5,0
9093,2491,18,2023-09-23,4,9,0
9094,711,14,2022-02-21,5,2,1
9095,3914,19,2023-10-07,5,10,1
9096,2995,6,2024-06-18,4,6,0
9097,2547,10,2023-01-20,5,1,1
9098,3260,6,2024-01-24,5,1,1
9099,2392,7,2024-05-07,3,5,0
9100,4096,17,2023-02-14,5,2,1
9101,1210,1,2024-08-22,5,8,0
9102,1564,19,2023-12-04,5,12,1
9103,2220,14,2022-02-03,5,2,1
9104,630,15,2022-02-17,4,2,0
9105,2617,11,2022-12-10,5,12,1
9106,1894,13,2024-03-04,4,3,0
9107,3125,9,2024-04-13,3,4,0
9108,763,5,2022-04-11,4,4,0
9109,3938,12,2022-09-28,4,9,0
9110,1510,13,2023-10-11,3,10,0
9111,4385,20,2024-08-14,4,8,0
9112,1886,3,2023-02-14,5,2,1
9113,798,6,2024-05-16,4,5,0
9114,4046,11,2024-05-20,5,5,0
9115,2900,5,2022-07-21,5,7,0
9116,4032,8,2022-06-09,4,6,0
9117,474,6,2024-09-12,4,9,0
9118,3491,19,2022-08-20,3,8,0
9119,3056,18,2023-03-14,4,3,1
9120,1682,10,2024-02-09,5,2,1
9121,4776,14,2022-09-08,4,9,1
9122,3050,14,2023-09-10,4,9,1
9123,2076,17,2022-12-12,5,12,1
9124,4461,18,2024-06-17,4,6,0
9125,3861,2,2022-02-07,5,2,1
9126,240,14,2024-10-28,5,10,1
9127,4171,12,2022-02-24,3,2,1
9128,1984,8,2024-12-27,5,12,1
9129,4638,9,2022-12-06,5,12,1
9130,345,5,2022-07-17,4,7,0
9131,4972,1,2024-02-14,5,2,1
9132,4725,10,2024-06-09,4,6,0
9133,2035,14,2022-09-06,5,9,1
9134,1845,4,2022-07-03,3,7,0
9135,4893,19,2024-09-02,4,9,1
9136,2385,2,2023-02-26,5,2,1
9137,4700,20,2022-10-26,3,10,1
9138,3901,16,2024-12-13,4,12,0
9139,1566,2,2024-10-18,5,10,1
9140,1545,7,2023-08-03,5,8,0
9141,3424,8,2024-08-04,4,8,0
9142,175,11,2022-09-25,4,9,1
9143,990,6,2022-05-23,5,5,0
9144,14,3,2023-08-27,4,8,0
9145,4612,8,2023-12-16,5,12,1
9146,2245,15,2023-09-12,5,9,1
9147,4261,11,2024-06-06,5,6,0
9148,4981,12,2024-09-06,5,9,0
9149,3709,7,2022-08-04,4,8,0
9150,4678,9,2022-01-02,5,1,1
9151,4482,7,2024-03-17,4,3,1
9152,3415,20,2022-11-06,5,11,1
9153,1084,10,2023-02-25,5,2,1
9154,2948,11,2022-02-14,5,2,1
9155,4403,6,2024-01-02,5,1,1
9156,2652,19,2023-07-10,5,7,0
9157,2500,2,2023-03-10,5,3,1
9158,805,7,2023-04-15,5,4,0
9159,3004,19,2023-11-04,5,11,1
9160,767,7,2022-03-01,5,3,1
9161,196,2,2022-09-01,4,9,0
9162,2264,16,2024-11-21,3,11,0
9163,279,10,2023-08-24,4,8,0
9164,1079,13,2023-02-28,4,2,0
9165,3055,13,2023-02-10,4,2,0
9166,4144,15,2024-11-10,4,11,0
9167,3025,16,2024-02-19,4,2,0
9168,3908,15,2023-04-06,5,4,1
9169,2743,5,2024-03-18,5,3,1
9170,935,19,2023-04-03,4,4,0
9171,1732,7,2022-11-01,5,11,1
9172,2716,12,2024-02-13,5,2,1
9173,994,9,2023-03-08,5,3,0
9174,1720,7,2023-05-18,4,5,0
9175,147,18,2024-04-13,4,4,0
9176,4930,20,2024-03-27,4,3,1
9177,4796,6,2023-01-12,4,1,1
9178,3708,11,2024-11-21,4,11,1
9179,25,3,2024-08-14,4,8,0
9180,614,20,2023-06-19,4,6,0
9181,680,7,2023-08-21,3,8,0
9182,4994,18,2024-07-21,3,7,0
9183,494,10,2023-11-06,4,11,1
9184,2137,14,2022-01-11,5,1,0
9185,1374,12,2023-10-27,3,10,0
9186,1708,2,2022-02-19,5,2,1
9187,2576,14,2024-02-16,5,2,1
9188,2666,5,2023-11-05,5,11,1
9189,1748,18,2023-12-22,5,12,1
9190,2204,19,2023-10-22,4,10,1
9191,2792,14,2023-03-22,5,3,1
9192,1893,1,2024-05-16,3,5,0
9193,3898,7,2024-06-08,5,6,0
9194,4102,13,2024-04-16,5,4,0
9195,28,5,2022-06-12,5,6,0
9196,539,4,2022-09-25,4,9,0
9197,293,17,2024-11-03,5,11,1
9198,2620,1,2022-08-21,3,8,0
9199,605,10,2023-09-15,5,9,0
9200,2525,20,2023-07-25,4,7,0
9201,934,4,2023-10-16,5,10,1
9202,1885,3,2023-05-26,4,5,0
9203,1731,18,2022-06-24,4,6,0
9204,1867,18,2023-05-05,4,5,0
9205,15,1,2024-01-06,4,1,1
9206,1512,18,2023-03-01,4,3,1
9207,796,12,2023-07-27,3,7,0
9208,3736,19,2023-11-28,5,11,1
9209,1417,10,2022-11-08,5,11,1
9210,1317,16,2023-03-10,3,3,0
9211,4035,1,2023-10-11,3,10,0
9212,922,16,2023-08-14,5,8,1
9213,3672,18,2024-09-15,4,9,0
9214,4697,16,2022-10-08,5,10,0
9215,2302,20,2022-02-26,5,2,1
9216,4479,11,2022-11-10,5,11,1
9217,862,5,2022-03-20,4,3,1
9218,2639,16,2023-01-20,4,1,0
9219,1001,19,2022-04-28,4,4,0
9220,1833,12,2023-10-20,5,10,0
9221,4910,6,2023-12-10,4,12,1
9222,1619,17,2022-04-15,4,4,0
9223,2131,15,2022-08-22,4,8,0
9224,3382,12,2023-02-18,5,2,1
9225,3142,3,2023-04-04,4,4,1
9226,1615,4,2023-05-27,4,5,0
9227,2224,9,2022-09-16,5,9,1
9228,282,7,2022-02-10,5,2,1
9229,3664,17,2023-07-28,2,7,0
9230,335,16,2022-06-26,5,6,1
9231,3240,12,2024-04-05,4,4,1
9232,1107,11,2022-06-03,4,6,0
9233,3721,17,2023-02-12,4,2,1
9234,989,1,2024-09-08,4,9,0
9235,2647,15,2022-05-01,4,5,1
9236,2275,16,2022-04-04,5,4,0
9237,285,7,2023-04-28,4,4,0
9238,909,19,2024-09-26,4,9,1
9239,2854,4,2023-10-25,4,10,1
9240,782,18,2024-03-16,5,3,1
9241,4989,17,2024-06-28,4,6,0
9242,4674,15,2024-06-16,5,6,1
9243,2470,1,2022-06-13,4,6,0
9244,3875,2,2022-06-24,4,6,0
9245,4481,11,2022-01-28,5,1,1
9246,1092,12,2022-09-08,4,9,0
9247,786,3,2024-12-14,5,12,1
9248,4998,1,2024-01-03,5,1,1
9249,1033,13,2024-11-24,3,11,0
9250,500,11,2022-11-22,5,11,1
9251,116,1,2023-08-22,4,8,0
9252,2757,14,2023-05-26,5,5,1
9253,1806,17,2023-03-27,5,3,1
9254,110,11,2022-12-20,5,12,1
9255,2853,14,2023-08-01,3,8,0
9256,3229,19,2022-10-23,5,10,1
9257,4285,14,2023-06-09,4,6,0
9258,2186,5,2023-04-15,5,4,0
9259,3177,11,2023-10-24,5,10,1
9260,4923,2,2024-07-01,4,7,0
9261,3523,3,2024-03-03,4,3,1
9262,1790,15,2022-07-23,3,7,0
9263,3614,7,2023-04-20,4,4,0
9264,4640,3,2024-01-05,4,1,1
9265,3494,13,2024-01-07,5,1,0
9266,3316,18,2023-11-05,5,11,1
9267,2294,17,2023-11-28,5,11,1
9268,309,15,2024-11-21,5,11,0
9269,1372,2,2024-10-23,4,10,1
9270,3576,19,2024-08-14,4,8,0
9271,1109,5,2024-11-13,4,11,1
9272,2806,6,2023-08-24,3,8,0
9273,3429,6,2024-06-04,4,6,0
9274,3422,4,2024-06-20,4,6,0
9275,2772,15,2022-01-08,4,1,0
9276,2486,10,2024-06-28,4,6,0
9277,748,4,2022-06-03,5,6,0
9278,3753,18,2024-06-22,4,6,0
9279,171,13,2024-03-12,4,3,0
9280,2495,20,2023-07-13,3,7,0
9281,125,13,2022-03-08,5,3,0
9282,165,11,2023-08-11,5,8,0
9283,3341,15,2023-02-01,4,2,0
9284,1161,14,2023-06-13,3,6,0
9285,4348,11,2022-09-17,4,9,1
9286,231,20,2023-01-11,5,1,1
9287,4516,17,2024-09-06,4,9,0
9288,4788,19,2023-02-13,5,2,1
9289,3462,5,2023-03-01,5,3,1
9290,4983,3,2023-11-16,5,11,1
9291,118,16,2022-12-09,5,12,0
9292,64,10,2023-05-23,5,5,0
9293,4764,5,2023-10-15,5,10,1
9294,2039,5,2024-08-09,5,8,0
9295,494,4,2022-07-15,4,7,0
9296,4987,14,2022-12-09,5,12,0
9297,12,14,2024-01-07,4,1,0
9298,2078,11,2024-07-15,4,7,0
9299,2956,16,2022-02-27,3,2,0
9300,930,19,2023-01-26,5,1,1
9301,1960,2,2024-01-11,5,1,1
9302,420,2,2023-10-20,4,10,1
9303,3712,4,2022-09-06,4,9,0
9304,1017,1,2024-08-18,3,8,0
9305,3845,10,2022-06-16,3,6,0
9306,1915,20,2024-04-04,3,4,0
9307,3912,13,2023-07-04,5,7,1
9308,3826,12,2024-01-20,4,1,1
9309,226,7,2023-07-24,4,7,0
9310,4312,14,2023-05-23,4,5,1
9311,4052,16,2024-01-06,4,1,0
9312,949,19,2022-07-21,5,7,0
9313,2621,20,2023-11-22,5,11,1
9314,1486,19,2023-11-08,4,11,1
9315,2113,9,2022-08-22,4,8,0
9316,1651,19,2023-03-14,3,3,0
9317,4298,2,2023-05-11,3,5,0
9318,2218,12,2024-04-05,5,4,1
9319,2761,1,2024-05-28,3,5,0
9320,3939,13,2022-01-18,4,1,0
9321,27,15,2024-07-17,4,7,0
9322,4222,6,2023-12-21,4,12,1
9323,3175,16,2024-05-10,4,5,1
9324,1588,1,2024-02-11,5,2,1
9325,1699,14,2024-11-13,5,11,1
9326,450,14,2022-10-21,5,10,1
9327,1676,14,2024-02-16,5,2,1
9328,1352,10,2022-06-25,5,6,0
9329,776,15,2024-03-21,5,3,1
9330,3133,7,2023-11-21,5,11,1
9331,1538,16,2023-03-03,5,3,0
9332,3052,10,2024-11-27,4,11,1
9333,978,2,2023-02-20,5,2,1
9334,2202,6,2023-08-19,3,8,0
9335,123,8,2023-10-20,3,10,1
9336,276,1,2022-08-23,5,8,0
9337,1462,19,2024-12-20,5,12,1
9338,4904,16,2022-11-06,5,11,0
9339,97,15,2024-01-16,3,1,0
9340,515,10,2022-08-13,4,8,0
9341,2210,3,2023-01-19,5,1,1
9342,336,19,2024-11-12,4,11,1
9343,2978,5,2023-10-19,5,10,1
9344,2619,9,2023-12-08,5,12,1
9345,2353,16,2023-07-15,4,7,1
9346,3471,18,2024-04-04,4,4,0
9347,202,6,2024-11-22,4,11,1
9348,4350,9,2023-10-26,5,10,1
9349,4147,14,2023-08-09,4,8,0
9350,2043,15,2024-04-23,5,4,1
9351,1631,1,2024-08-18,3,8,0
9352,2299,9,2022-02-14,4,2,1
9353,911,4,2022-04-14,5,4,0
9354,2592,16,2022-02-03,4,2,0
9355,2262,18,2024-04-21,4,4,0
9356,4838,9,2022-08-05,4,8,0
9357,3171,9,2022-01-07,4,1,1
9358,1807,12,2024-05-27,5,5,0
9359,1452,12,2023-10-20,4,10,0
9360,2647,16,2022-10-02,5,10,0
9361,2043,1,2023-12-08,5,12,1
9362,259,17,2024-03-05,4,3,1
9363,3976,16,2022-07-01,5,7,1
9364,1065,2,2022-07-21,3,7,0
9365,4972,9,2023-08-27,3,8,0
9366,2142,19,2023-12-13,4,12,1
9367,3125,12,2023-12-08,5,12,1
9368,840,15,2024-01-15,2,1,0
9369,1442,9,2023-05-08,2,5,0
9370,2702,11,2024-12-22,5,12,1
9371,3651,12,2023-02-20,4,2,1
9372,2625,9,2024-03-17,3,3,0
9373,614,5,2024-01-11,5,1,1
9374,4744,7,2024-04-04,4,4,0
9375,3149,14,2022-02-03,4,2,1
9376,246,4,2024-04-05,5,4,0
9377,3005,6,2024-12-14,5,12,1
9378,290,12,2024-07-02,3,7,0
9379,1930,3,2022-10-11,4,10,1
9380,515,4,2022-02-23,5,2,1
9381,3677,4,2024-06-09,4,6,0
9382,1038,13,2022-07-19,5,7,1
9383,111,15,2023-03-12,5,3,1
9384,3661,18,2024-06-17,5,6,0
9385,3850,12,2024-07-21,2,7,0
9386,1243,19,2022-08-18,3,8,0
9387,2081,11,2022-05-02,3,5,0
9388,4641,4,2023-03-03,4,3,0
9389,3380,3,2024-05-09,5,5,0
9390,2232,3,2023-02-16,5,2,1
9391,4031,4,2024-04-12,4,4,0
9392,1441,6,2024-07-01,4,7,0
9393,3340,11,2022-02-19,5,2,1
9394,2554,15,2022-11-20,3,11,0
9395,4862,4,2022-03-14,2,3,0
9396,2666,9,2023-01-03,4,1,1
9397,2696,6,2024-11-18,5,11,1
9398,384,4,2023-07-27,4,7,0
9399,4877,19,2023-02-26,3,2,1
9400,141,2,2022-07-28,4,7,0
9401,1354,18,2024-02-20,5,2,1
9402,3756,15,2024-03-10,4,3,1
9403,210,11,2024-09-23,4,9,1
9404,1711,20,2024-07-19,5,7,0
9405,4972,18,2024-09-07,4,9,0
9406,1349,11,2022-10-16,5,10,1
9407,992,8,2022-04-11,4,4,0
9408,4423,20,2024-09-16,4,9,0
9409,2559,7,2024-03-23,5,3,1
9410,2860,18,2022-09-01,5,9,0
9411,4832,4,2023-02-24,5,2,1
9412,3821,16,2023-10-06,4,10,0
9413,1765,18,2022-09-21,4,9,0
9414,1776,10,2024-01-28,4,1,1
9415,1044,8,2023-09-10,5,9,0
9416,576,5,2024-05-18,5,5,0
9417,3421,7,2022-11-19,5,11,1
9418,983,11,2023-08-23,3,8,0
9419,1561,13,2022-11-05,5,11,0
9420,1036,5,2022-05-19,5,5,0
9421,3682,9,2024-02-16,5,2,1
9422,4386,6,2022-07-20,5,7,0
9423,848,12,2022-05-22,3,5,0
9424,699,9,2024-01-18,5,1,1
9425,3390,8,2024-03-20,5,3,1
9426,4545,18,2022-02-13,5,2,1
9427,305,16,2024-01-25,5,1,0
9428,4955,16,2024-07-28,5,7,1
9429,588,10,2022-06-14,3,6,0
9430,2394,19,2023-05-01,5,5,0
9431,491,15,2023-02-11,4,2,0
9432,879,14,2024-01-05,4,1,0
9433,2932,11,2022-12-10,5,12,1
9434,973,14,2024-10-25,5,10,1
9435,4121,8,2022-10-02,5,10,1
9436,170,13,2023-09-12,5,9,1
9437,2116,8,2024-01-07,3,1,1
9438,3821,12,2023-08-01,4,8,0
9439,4773,15,2023-04-13,3,4,1
9440,2520,18,2022-09-08,4,9,0
9441,2801,10,2023-10-05,4,10,1
9442,2730,14,2022-12-08,3,12,0
9443,1792,10,2024-10-06,5,10,1
9444,2527,12,2024-05-22,3,5,0
9445,998,7,2023-08-02,2,8,0
9446,1542,17,2022-02-23,4,2,1
9447,1374,14,2022-04-20,5,4,1
9448,3164,15,2023-01-19,4,1,0
9449,2106,5,2023-03-26,5,3,1
9450,575,19,2022-10-22,5,10,1
9451,880,11,2024-06-11,3,6,0
9452,1455,18,2022-09-28,4,9,0
9453,2976,11,2023-06-26,4,6,0
9454,44,5,2024-07-06,5,7,0
9455,497,18,2022-08-17,4,8,0
9456,1165,13,2023-02-06,5,2,0
9457,4067,9,2022-11-17,5,11,1
9458,591,12,2024-03-25,5,3,1
9459,2171,20,2022-01-25,5,1,1
9460,2371,3,2023-07-03,5,7,0
9461,2483,10,2022-11-09,4,11,1
9462,2684,6,2022-07-03,4,7,0
9463,1026,12,2023-10-19,3,10,0
9464,3751,20,2022-09-19,5,9,0
9465,1973,8,2024-03-25,5,3,1
9466,1983,16,2022-11-22,4,11,0
9467,211,2,2024-02-16,5,2,1
9468,2069,20,2022-01-18,5,1,1
9469,3244,9,2024-09-25,5,9,1
9470,2880,7,2023-04-09,5,4,0
9471,4560,17,2023-09-13,4,9,0
9472,1282,8,2023-01-23,4,1,1
9473,3391,5,2023-09-23,4,9,0
9474,1500,19,2023-07-19,4,7,0
9475,1944,4,2024-01-20,4,1,1
9476,3428,12,2024-05-16,3,5,0
9477,3519,11,2022-08-04,4,8,0
9478,2915,15,2023-02-06,3,2,0
9479,1099,18,2022-03-10,5,3,1
9480,2598,3,2024-09-03,4,9,0
9481,2789,15,2022-07-20,4,7,0
9482,4338,4,2023-10-15,4,10,1
9483,3574,14,2022-04-06,5,4,1
9484,3028,18,2023-01-24,5,1,1
9485,2171,5,2024-04-26,5,4,0
9486,1461,5,2023-10-21,5,10,1
9487,1481,18,2022-06-06,3,6,0
9488,3348,14,2023-06-19,3,6,0
9489,2206,2,2024-12-09,5,12,1
9490,2339,9,2024-11-07,3,11,1
9491,1788,11,2024-05-11,4,5,0
9492,139,10,2022-08-23,4,8,0
9493,1055,7,2024-01-09,5,1,1
9494,554,3,2023-08-28,4,8,0
9495,1598,6,2022-03-20,5,3,1
9496,4164,2,2023-11-18,4,11,1
9497,4051,2,2024-06-18,5,6,0
9498,2949,3,2024-08-20,4,8,0
9499,3884,20,2024-07-02,4,7,0
9500,1147,11,2022-01-10,5,1,1
9501,668,13,2024-08-16,5,8,1
9502,3098,14,2023-09-18,5,9,1
9503,1383,9,2023-11-12,5,11,1
9504,4388,3,2022-10-04,5,10,1
9505,944,8,2024-09-27,4,9,0
9506,883,9,2023-12-18,5,12,1
9507,1757,7,2023-12-01,5,12,1
9508,3447,13,2022-12-03,4,12,0
9509,2516,11,2022-01-08,5,1,1
9510,4544,4,2024-04-18,4,4,0
9511,2487,3,2023-09-10,3,9,0
9512,108,16,2024-10-03,4,10,0
9513,4429,6,2024-05-15,3,5,0
9514,3922,17,2023-08-17,3,8,0
9515,1365,3,2022-09-03,3,9,0
9516,4096,8,2022-05-22,4,5,0
9517,3658,15,2023-02-09,4,2,0
9518,530,4,2022-11-12,5,11,1
9519,1262,20,2023-07-21,4,7,0
9520,1284,16,2022-10-22,5,10,0
9521,3460,6,2024-04-21,3,4,0
9522,1425,14,2023-04-06,5,4,1
9523,3378,15,2024-08-09,3,8,0
9524,1271,4,2022-12-19,4,12,1
9525,4597,15,2022-04-23,5,4,1
9526,4198,20,2023-08-01,3,8,0
9527,4980,2,2023-03-11,4,3,1
9528,4744,12,2023-12-13,4,12,1
9529,1497,16,2024-07-15,4,7,1
9530,329,15,2024-12-28,5,12,0
9531,4000,11,2023-01-09,5,1,1
9532,4544,15,2022-11-16,3,11,0
9533,1306,16,2023-10-09,5,10,0
9534,1477,12,2022-05-17,3,5,0
9535,139,20,2023-07-17,4,7,0
9536,800,10,2022-09-15,4,9,0
9537,1757,10,2023-11-28,4,11,1
9538,2005,5,2024-11-10,4,11,1
9539,3000,10,2022-04-09,4,4,0
9540,4396,6,2022-08-26,3,8,0
9541,3124,20,2023-01-06,5,1,1
9542,4290,18,2023-03-28,5,3,1
9543,4746,3,2022-11-04,5,11,1
9544,3579,2,2022-12-24,5,12,1
9545,430,15,2022-11-13,5,11,0
9546,1691,12,2023-11-01,5,11,1
9547,3716,5,2023-11-28,4,11,1
9548,563,5,2024-08-28,5,8,0
9549,2817,12,2023-03-06,5,3,1
9550,549,6,2022-09-17,5,9,0
9551,153,6,2022-01-24,5,1,1
9552,4599,13,2024-12-26,5,12,0
9553,4182,5,2023-09-25,5,9,0
9554,2878,20,2024-02-08,5,2,1
9555,1867,10,2023-07-26,4,7,0
9556,1731,2,2023-08-19,3,8,0
9557,3656,4,2024-12-27,5,12,1
9558,4183,14,2023-11-06,5,11,1
9559,4388,7,2023-06-03,5,6,0
9560,1337,8,2023-11-01,5,11,1
9561,2295,4,2022-02-17,5,2,1
9562,4327,20,2023-02-23,4,2,1
9563,634,6,2023-10-03,5,10,1
9564,2040,17,2024-11-08,4,11,1
9565,1211,17,2024-10-05,5,10,1
9566,2215,15,2022-04-21,5,4,1
9567,1590,7,2022-11-15,4,11,1
9568,12,1,2022-06-27,3,6,0
9569,2086,2,2023-12-15,5,12,1
9570,1309,15,2023-02-25,3,2,0
9571,2008,20,2022-12-01,5,12,1
9572,4183,5,2023-06-07,5,6,0
9573,3205,17,2023-12-08,5,12,1
9574,2077,4,2022-10-24,4,10,1
9575,1678,18,2022-07-28,5,7,0
9576,4089,4,2022-09-08,4,9,0
9577,1704,4,2024-03-18,4,3,0
9578,3165,17,2024-11-08,5,11,1
9579,1133,20,2024-08-27,3,8,0
9580,2666,3,2023-03-14,5,3,1
9581,4708,15,2024-03-12,5,3,1
9582,4465,16,2023-12-25,4,12,0
9583,4803,10,2023-02-19,4,2,1
9584,2019,20,2022-10-12,5,10,1
9585,161,5,2022-07-04,5,7,0
9586,3336,1,2023-11-21,5,11,1
9587,1725,19,2023-06-13,3,6,0
9588,1573,19,2022-07-21,4,7,0
9589,630,13,2023-10-20,4,10,0
9590,4098,2,2024-04-15,3,4,0
9591,543,8,2023-11-01,5,11,1
9592,2478,17,2022-01-09,5,1,1
9593,4916,12,2024-09-14,3,9,0
9594,3343,12,2023-05-10,5,5,0
9595,4679,19,2024-06-07,3,6,0
9596,179,9,2024-06-15,4,6,0
9597,4733,15,2022-01-28,4,1,0
9598,4912,2,2022-03-07,5,3,1
9599,3386,10,2023-09-05,5,9,0
9600,1380,15,2023-01-22,5,1,0
9601,2631,20,2022-08-27,3,8,0
9602,658,4,2024-02-24,4,2,1
9603,3353,4,2024-06-27,2,6,0
9604,332,9,2023-11-09,5,11,1
9605,3182,12,2024-04-17,3,4,1
9606,3541,3,2023-04-22,5,4,1
9607,1778,14,2023-03-13,5,3,1
9608,629,13,2024-10-17,5,10,0
9609,4034,9,2024-10-03,4,10,1
9610,114,5,2023-08-13,3,8,0
9611,4604,11,2023-10-12,4,10,1
9612,1321,13,2023-02-10,4,2,0
9613,920,17,2023-10-20,5,10,1
9614,3980,5,2024-01-12,5,1,1
9615,3260,13,2024-07-19,5,7,1
9616,541,16,2023-03-14,4,3,0
9617,3077,9,2023-09-26,5,9,1
9618,930,4,2023-12-24,3,12,1
9619,3849,16,2024-08-14,5,8,1
9620,3626,1,2022-09-10,5,9,0
9621,1620,3,2023-06-06,4,6,0
9622,4804,7,2022-08-11,4,8,0
9623,3734,17,2024-10-16,5,10,1
9624,3975,2,2023-03-16,5,3,1
9625,4531,14,2024-08-07,5,8,0
9626,1767,17,2022-09-02,3,9,0
9627,3643,15,2022-04-21,5,4,1
9628,2276,3,2023-10-25,5,10,1
9629,3185,1,2024-07-21,3,7,0
9630,4986,2,2023-04-19,4,4,0
9631,475,9,2024-01-04,4,1,1
9632,3650,10,2022-10-15,5,10,1
9633,1776,7,2023-06-21,4,6,0
9634,3419,16,2022-04-08,4,4,0
9635,3243,3,2023-02-04,5,2,1
9636,137,20,2023-04-16,4,4,0
9637,3152,4,2022-01-19,4,1,1
9638,3051,7,2022-06-07,5,6,0
9639,2718,6,2023-02-07,5,2,1
9640,2021,3,2023-07-24,4,7,0
9641,2186,2,2022-06-20,5,6,0
9642,2789,1,2023-01-17,5,1,1
9643,1448,20,2023-10-10,5,10,1
9644,895,14,2022-10-11,5,10,1
9645,1142,3,2022-02-27,5,2,1
9646,219,1,2024-09-27,4,9,0
9647,1213,16,2022-12-02,4,12,0
9648,4931,5,2023-10-23,5,10,1
9649,1812,8,2023-02-13,5,2,1
9650,4721,20,2023-09-13,4,9,0
9651,2882,1,2022-05-24,4,5,0
9652,2141,17,2023-10-25,5,10,1
9653,4952,18,2024-05-08,4,5,0
9654,1305,12,2024-07-01,4,7,0
9655,1875,6,2024-06-26,5,6,0
9656,3064,11,2024-05-11,4,5,0
9657,1181,4,2022-07-08,5,7,0
9658,3762,2,2023-01-22,5,1,1
9659,4857,11,2022-04-20,4,4,0
9660,4114,3,2022-05-21,4,5,0
9661,2150,10,2024-03-09,5,3,1
9662,713,5,2022-06-22,4,6,0
9663,1563,8,2023-09-28,3,9,0
9664,1223,8,2024-08-24,4,8,0
9665,4328,12,2023-07-11,3,7,0
9666,632,19,2024-09-25,5,9,1
9667,4338,12,2023-08-09,4,8,0
9668,3355,8,2022-01-21,5,1,1
9669,865,3,2024-04-20,5,4,1
9670,2455,12,2024-11-15,5,11,1
9671,4449,17,2023-04-12,2,4,0
9672,2804,9,2023-11-09,5,11,1
9673,3954,19,2023-06-16,4,6,0
9674,2588,14,2022-08-26,4,8,0
9675,4862,9,2024-04-12,4,4,0
9676,4019,14,2024-10-15,5,10,1
9677,2470,4,2022-02-25,5,2,1
9678,4318,8,2023-07-22,3,7,0
9679,1423,4,2023-12-15,4,12,1
9680,1678,6,2024-05-13,3,5,0
9681,623,14,2023-05-16,4,5,1
9682,4159,8,2023-02-16,4,2,1
9683,3654,4,2023-03-20,3,3,0
9684,2367,10,2022-04-28,4,4,0
9685,4780,7,2024-09-02,5,9,0
9686,2888,17,2022-08-27,4,8,0
9687,4050,11,2023-12-17,5,12,1
9688,1167,5,2022-09-03,3,9,0
9689,3100,17,2024-11-17,5,11,1
9690,1147,5,2022-09-04,5,9,0
9691,2255,5,2024-03-20,5,3,1
9692,955,2,2023-11-23,5,11,1
9693,1552,18,2022-09-11,5,9,0
9694,4778,8,2023-04-14,5,4,0
9695,561,13,2024-11-08,4,11,0
9696,2257,3,2023-08-16,3,8,0
9697,4156,16,2023-11-03,4,11,0
9698,545,7,2022-02-25,4,2,1
9699,4208,19,2022-05-10,4,5,0
9700,583,4,2024-10-16,5,10,1
9701,840,16,2024-07-26,5,7,1
9702,217,2,2024-07-10,4,7,0
9703,950,5,2022-03-03,5,3,1
9704,2051,5,2022-12-12,5,12,1
9705,238,12,2022-07-03,4,7,0
9706,2638,13,2024-07-03,3,7,1
9707,3865,6,2023-01-25,5,1,1
9708,2347,17,2023-02-24,5,2,1
9709,2521,11,2024-11-23,5,11,1
9710,4760,17,2022-09-25,3,9,0
9711,4860,19,2022-11-06,5,11,1
9712,2885,9,2024-07-25,5,7,0
9713,2226,18,2023-01-01,5,1,1
9714,3357,9,2023-10-10,5,10,1
9715,2593,8,2024-11-15,4,11,1
9716,2594,7,2023-07-21,4,7,0
9717,3165,4,2024-09-11,4,9,0
9718,3442,13,2022-08-17,5,8,1
9719,4359,5,2022-09-07,5,9,0
9720,2619,1,2023-01-14,5,1,1
9721,3227,7,2024-12-27,5,12,1
9722,2902,2,2024-12-17,4,12,1
9723,2597,14,2022-07-16,4,7,0
9724,3934,13,2022-12-17,4,12,0
9725,2640,4,2024-03-22,4,3,0
9726,561,3,2022-06-16,4,6,0
9727,1041,8,2024-05-21,4,5,0
9728,3609,19,2023-05-02,4,5,0
9729,2949,10,2024-03-27,4,3,1
9730,2625,13,2022-09-06,5,9,1
9731,219,19,2022-04-26,4,4,0
9732,3306,5,2024-09-12,5,9,0
9733,3062,15,2023-09-20,5,9,1
9734,330,15,2023-05-09,4,5,1
9735,2004,1,2022-06-20,4,6,0
9736,4471,11,2024-10-15,5,10,1
9737,2192,16,2023-12-16,4,12,0
9738,4514,1,2022-06-07,4,6,0
9739,961,2,2022-09-18,3,9,0
9740,4697,12,2024-06-14,3,6,0
9741,4710,17,2023-10-19,5,10,1
9742,2070,17,2022-08-07,4,8,0
9743,41,2,2024-10-18,5,10,1
9744,3967,13,2023-12-27,5,12,0
9745,3391,17,2022-10-02,5,10,1
9746,3903,5,2023-05-01,5,5,0
9747,2931,13,2022-01-08,4,1,0
9748,3973,7,2022-06-10,4,6,0
9749,1635,11,2024-12-27,5,12,1
9750,2008,3,2022-08-10,4,8,0
9751,1533,10,2024-07-09,3,7,0
9752,1227,1,2024-08-14,4,8,0
9753,659,18,2023-03-25,5,3,1
9754,4618,9,2023-01-14,4,1,1
9755,2006,1,2024-02-16,5,2,1
9756,1132,11,2024-04-23,4,4,0
9757,1310,10,2023-08-26,4,8,0
9758,1968,15,2023-04-19,5,4,1
9759,1201,5,2022-04-11,3,4,0
9760,1345,3,2023-09-25,4,9,0
9761,3040,9,2024-10-23,5,10,1
9762,1357,12,2024-02-25,4,2,1
9763,1154,19,2023-12-06,4,12,1
9764,491,4,2022-08-07,5,8,0
9765,2668,4,2023-10-19,5,10,1
9766,4760,14,2022-11-20,4,11,1
9767,466,8,2024-01-06,5,1,1
9768,5000,6,2024-01-21,5,1,1
9769,4621,19,2024-08-09,4,8,0
9770,324,19,2022-01-16,5,1,1
9771,4951,9,2024-04-01,5,4,0
9772,1951,19,2023-05-08,3,5,0
9773,3560,8,2022-04-08,5,4,0
9774,2677,10,2024-12-04,5,12,1
9775,3889,4,2024-01-03,3,1,1
9776,1280,7,2022-09-11,5,9,0
9777,902,15,2023-09-04,5,9,1
9778,4787,2,2024-07-25,3,7,0
9779,2348,7,2024-03-28,5,3,1
9780,3004,17,2023-02-21,5,2,1
9781,1536,3,2024-07-19,4,7,0
9782,4772,18,2022-08-06,4,8,0
9783,3742,15,2024-07-13,4,7,0
9784,1602,8,2024-08-11,5,8,0
9785,2359,7,2023-01-13,4,1,1
9786,993,18,2023-07-18,4,7,0
9787,4320,10,2023-02-08,4,2,1
9788,3012,3,2023-09-25,5,9,0
9789,2743,5,2022-03-18,5,3,1
9790,2977,16,2024-12-07,4,12,0
9791,771,19,2022-01-23,5,1,1
9792,525,20,2022-03-26,5,3,1
9793,3876,7,2023-10-01,5,10,1
9794,4091,10,2022-08-25,4,8,0
9795,576,20,2024-01-12,5,1,1
9796,3463,20,2023-06-16,4,6,0
9797,1318,2,2024-04-20,3,4,0
9798,3604,12,2023-06-28,4,6,0
9799,1111,13,2024-02-13,4,2,0
9800,2360,6,2024-05-08,5,5,0
9801,4802,11,2024-01-10,5,1,1
9802,2261,2,2023-05-18,3,5,0
9803,1165,2,2022-04-20,3,4,0
9804,4932,13,2023-12-03,5,12,0
9805,423,7,2023-01-25,5,1,1
9806,4161,15,2023-08-15,3,8,0
9807,665,13,2023-12-19,4,12,0
9808,3708,19,2023-02-25,5,2,1
9809,606,11,2022-07-03,3,7,0
9810,2561,3,2023-11-12,4,11,1
9811,422,8,2023-10-13,5,10,1
9812,508,18,2023-01-02,3,1,1
9813,2194,2,2023-03-18,3,3,1
9814,1257,4,2022-01-27,4,1,1
9815,4312,16,2023-07-11,5,7,1
9816,1672,2,2023-05-11,4,5,0
9817,3289,7,2023-06-24,4,6,0
9818,3380,3,2023-07-11,5,7,0
9819,1201,13,2022-06-12,5,6,1
9820,3649,12,2023-08-14,5,8,0
9821,3227,6,2023-09-22,2,9,0
9822,150,9,2024-06-24,5,6,0
9823,4533,9,2024-12-23,5,12,1
9824,521,18,2022-05-21,4,5,0
9825,2412,2,2024-07-11,4,7,0
9826,927,4,2024-12-02,4,12,1
9827,3796,16,2023-03-02,4,3,0
9828,2795,10,2024-10-16,4,10,1
9829,2928,8,2022-10-03,4,10,1
9830,3233,9,2022-01-02,5,1,1
9831,3173,7,2023-03-04,5,3,1
9832,171,7,2024-09-08,4,9,0
9833,2273,16,2024-12-03,4,12,0
9834,478,9,2023-11-22,5,11,1
9835,516,6,2022-02-14,4,2,1
9836,456,12,2022-10-11,4,10,0
9837,2401,15,2023-11-01,5,11,0
9838,168,15,2022-10-16,5,10,1
9839,3667,6,2022-08-22,3,8,0
9840,1279,16,2022-05-25,5,5,1
9841,692,18,2022-10-23,4,10,1
9842,3614,11,2023-10-23,3,10,1
9843,3103,1,2024-01-19,4,1,1
9844,1672,4,2024-02-08,5,2,1
9845,1655,15,2022-05-24,5,5,1
9846,1492,7,2024-08-27,4,8,0
9847,1043,12,2024-02-15,3,2,1
9848,481,1,2024-12-14,4,12,1
9849,4179,8,2023-08-12,4,8,0
9850,587,16,2022-12-28,3,12,0
9851,2112,15,2024-08-10,3,8,0
9852,1847,5,2023-08-19,4,8,0
9853,3678,13,2023-07-16,5,7,1
9854,3976,5,2022-04-13,5,4,0
9855,1784,13,2022-03-25,3,3,0
9856,3668,6,2022-08-10,4,8,0
9857,3015,15,2023-09-04,4,9,1
9858,3448,6,2022-03-16,5,3,1
9859,729,14,2024-08-03,5,8,0
9860,3213,2,2024-06-13,4,6,0
9861,2478,16,2024-09-09,4,9,1
9862,199,12,2023-01-03,5,1,1
9863,2821,8,2023-08-18,4,8,0
9864,3752,2,2024-05-17,4,5,0
9865,598,19,2022-02-05,5,2,1
9866,3320,8,2022-09-23,4,9,0
9867,3120,18,2023-09-05,4,9,0
9868,4807,20,2023-08-03,4,8,0
9869,3615,11,2024-05-23,5,5,0
9870,2655,8,2022-07-10,3,7,0
9871,4998,3,2022-11-01,4,11,1
9872,1357,12,2022-02-22,5,2,1
9873,2806,10,2023-01-28,5,1,1
9874,2093,16,2024-06-27,5,6,1
9875,3770,5,2022-05-20,4,5,0
9876,2963,9,2022-08-25,5,8,0
9877,1492,20,2023-08-27,4,8,0
9878,1365,17,2022-12-05,5,12,1
9879,928,10,2022-01-26,4,1,1
9880,1992,13,2024-06-27,5,6,1
9881,2429,6,2024-05-05,5,5,0
9882,1880,16,2022-08-01,4,8,1
9883,1215,12,2022-09-15,5,9,0
9884,3795,10,2022-06-16,4,6,0
9885,4918,14,2022-05-15,4,5,1
9886,1500,1,2024-02-22,5,2,1
9887,2765,13,2024-06-09,4,6,1
9888,1627,15,2023-05-26,5,5,1
9889,1347,11,2023-09-21,5,9,1
9890,1783,7,2024-07-28,4,7,0
9891,2098,7,2022-11-17,5,11,1
9892,3893,10,2023-01-14,5,1,1
9893,2534,7,2024-10-09,5,10,1
9894,2834,18,2023-02-07,5,2,1
9895,163,18,2022-05-15,5,5,0
9896,3658,2,2024-12-19,4,12,1
9897,3408,8,2023-10-06,4,10,1
9898,1183,9,2022-05-23,5,5,0
9899,2017,4,2023-02-23,5,2,1
9900,2904,3,2024-03-20,5,3,1
9901,2048,18,2022-07-26,5,7,0
9902,153,11,2023-07-14,4,7,0
9903,3047,11,2022-01-27,5,1,1
9904,2306,8,2024-07-20,5,7,0
9905,4258,9,2024-02-07,4,2,1
9906,1113,11,2024-07-16,4,7,0
9907,303,17,2022-12-05,4,12,1
9908,3539,1,2022-01-19,3,1,1
9909,768,1,2024-06-22,3,6,0
9910,1251,17,2024-10-01,5,10,1
9911,4036,8,2024-05-09,4,5,0
9912,494,2,2022-09-03,3,9,0
9913,854,12,2023-03-05,4,3,1
9914,1155,12,2022-06-10,4,6,0
9915,4039,14,2024-04-08,5,4,1
9916,2308,18,2023-06-27,4,6,0
9917,216,19,2024-06-06,4,6,0
9918,1371,19,2022-05-24,4,5,0
9919,3571,16,2023-11-09,5,11,0
9920,2489,5,2023-05-26,5,5,0
9921,4813,12,2022-02-07,5,2,1
9922,4384,11,2023-09-08,5,9,1
9923,3072,3,2023-01-05,5,1,1
9924,3354,14,2024-07-07,3,7,0
9925,1233,17,2023-12-04,5,12,1
9926,3793,4,2022-11-23,5,11,1
9927,533,5,2024-08-22,5,8,0
9928,1999,13,2022-02-08,5,2,0
9929,537,2,2022-02-14,4,2,1
9930,1539,2,2022-03-02,5,3,1
9931,1659,13,2023-09-24,4,9,1
9932,3992,7,2022-03-12,4,3,1
9933,2440,14,2023-11-12,5,11,1
9934,1462,19,2024-04-25,4,4,0
9935,3477,4,2022-02-21,5,2,1
9936,3436,15,2022-09-25,5,9,1
9937,1149,3,2023-04-12,5,4,1
9938,1409,20,2022-07-11,4,7,0
9939,922,4,2023-04-08,4,4,0
9940,3825,3,2022-08-03,4,8,0
9941,3797,11,2022-08-21,4,8,0
9942,1419,18,2022-08-04,5,8,0
9943,2517,1,2022-10-02,4,10,0
9944,4313,18,2022-07-11,4,7,0
9945,2653,20,2023-02-03,5,2,1
9946,3625,16,2024-02-27,4,2,0
9947,693,17,2023-11-10,4,11,1
9948,2755,8,2024-09-19,4,9,0
9949,927,4,2023-08-21,4,8,0
9950,377,17,2023-03-10,5,3,1
9951,3344,9,2024-09-05,4,9,1
9952,2669,2,2022-10-16,5,10,1
9953,1689,18,2022-12-21,5,12,1
9954,4671,20,2023-10-08,5,10,1
9955,3468,9,2023-12-03,4,12,1
9956,4338,11,2022-03-15,4,3,0
9957,3611,5,2022-02-06,5,2,1
9958,746,15,2023-05-15,4,5,1
9959,3836,17,2022-08-02,5,8,0
9960,3813,8,2024-06-03,5,6,0
9961,4953,14,2023-10-27,5,10,1
9962,4664,4,2024-04-18,4,4,0
9963,3714,2,2022-09-14,5,9,0
9964,3448,9,2022-11-06,4,11,1
9965,547,18,2024-08-11,4,8,0
9966,3690,19,2023-06-24,4,6,0
9967,2146,7,2024-09-25,4,9,0
9968,1241,1,2022-10-23,5,10,0
9969,3339,18,2023-05-14,5,5,0
9970,2322,12,2023-03-05,5,3,1
9971,4103,14,2022-11-28,5,11,1
9972,1244,1,2024-02-14,5,2,1
9973,250,8,2024-10-23,4,10,1
9974,3277,1,2024-06-16,4,6,0
9975,1235,13,2022-11-09,3,11,0
9976,528,7,2023-05-27,5,5,0
9977,3578,13,2022-08-20,5,8,1
9978,2772,13,2024-11-16,5,11,0
9979,4485,12,2023-04-17,5,4,1
9980,4024,14,2022-08-28,4,8,0
9981,4080,19,2024-04-01,5,4,0
9982,3363,19,2023-05-20,4,5,0
9983,3792,4,2023-02-20,4,2,1
9984,581,13,2023-09-09,5,9,1
9985,2721,2,2023-05-19,5,5,0
9986,690,4,2024-12-17,4,12,1
9987,1848,18,2022-11-21,4,11,1
9988,3793,8,2023-06-25,3,6,0
9989,4310,10,2022-05-24,4,5,0
9990,4257,11,2023-07-12,4,7,0
9991,3055,16,2022-04-16,3,4,0
9992,2609,5,2023-09-25,4,9,0
9993,2947,19,2024-08-23,3,8,0
9994,212,5,2023-05-06,4,5,0
9995,1319,5,2024-08-24,4,8,0
9996,2177,15,2023-09-11,5,9,1
9997,4101,19,2023-10-10,5,10,1
9998,3422,6,2024-07-25,4,7,0
9999,1306,9,2022-06-04,3,6,0
10000,2944,9,2023-11-03,4,11,1
10001,4671,7,2023-12-18,3,12,1
10002,3157,19,2024-09-23,5,9,1
10003,2431,5,2023-04-04,5,4,0
10004,3559,2,2023-04-22,5,4,0
10005,4216,11,2022-08-24,5,8,0
10006,3199,18,2024-04-05,5,4,0
10007,4561,12,2022-12-13,5,12,1
10008,3397,4,2023-09-25,4,9,0
10009,4234,9,2023-10-12,5,10,1
10010,1931,15,2022-02-27,4,2,0
10011,1599,7,2023-09-26,5,9,0
10012,4072,8,2023-08-19,3,8,0
10013,4989,10,2023-01-17,4,1,1
10014,4911,10,2022-03-28,4,3,1
10015,695,1,2023-11-20,4,11,1
10016,3394,16,2024-04-08,4,4,0
10017,3867,7,2024-03-27,5,3,1
10018,1880,12,2023-06-14,4,6,0
10019,4250,18,2023-03-12,4,3,1
10020,3714,18,2024-10-02,5,10,1
10021,3825,12,2024-08-08,4,8,0
10022,3938,2,2024-07-02,3,7,0
10023,4621,5,2024-06-27,4,6,0
10024,3786,5,2022-06-28,5,6,0
10025,157,5,2022-12-24,5,12,1
10026,623,14,2022-12-27,4,12,0
10027,4785,13,2024-01-16,3,1,0
10028,2725,3,2023-10-10,4,10,1
10029,1335,3,2024-09-12,3,9,0
10030,3345,14,2023-08-16,4,8,0
10031,313,5,2022-03-14,5,3,1
10032,4938,12,2023-07-21,4,7,0
10033,929,2,2024-07-24,4,7,0
10034,2258,5,2023-04-23,4,4,0
10035,349,14,2022-06-05,4,6,0
10036,2311,10,2024-07-07,4,7,0
10037,3476,8,2024-07-27,4,7,0
10038,4910,16,2023-05-23,5,5,1
10039,2620,16,2022-05-14,5,5,1
10040,2534,2,2023-01-07,5,1,1
10041,1045,16,2023-06-25,4,6,1
10042,729,4,2023-03-22,3,3,0
10043,1574,12,2022-07-05,4,7,0
10044,875,8,2022-09-13,4,9,0
10045,3476,8,2024-07-07,4,7,0
10046,1320,12,2024-11-08,5,11,1
10047,199,14,2024-08-10,5,8,0
10048,1804,8,2023-05-18,3,5,0
10049,613,18,2023-06-18,4,6,0
10050,6,16,2024-06-13,5,6,1
10051,2060,11,2024-08-22,4,8,0
10052,992,4,2023-11-24,5,11,1
10053,4999,13,2022-08-16,5,8,1
10054,1726,3,2023-01-26,5,1,1
10055,2896,20,2022-02-10,3,2,1
10056,220,5,2024-09-13,5,9,0
10057,4897,5,2024-03-15,5,3,1
10058,4453,1,2022-12-22,5,12,1
10059,3013,17,2024-09-07,3,9,0
10060,833,12,2022-12-20,4,12,1
10061,2410,16,2024-02-12,4,2,0
10062,3947,4,2024-08-23,4,8,0
10063,1261,18,2024-08-20,4,8,0
10064,4011,19,2024-03-07,3,3,0
10065,1149,17,2024-02-27,5,2,1
10066,1820,17,2023-08-19,3,8,0
10067,3076,10,2022-12-07,5,12,1
10068,1258,12,2023-06-09,4,6,0
10069,489,7,2022-10-28,4,10,1
10070,4238,14,2023-05-08,5,5,1
10071,4078,2,2024-05-26,5,5,0
10072,1594,17,2023-03-28,5,3,1
10073,3879,20,2022-10-27,5,10,1
10074,4086,6,2022-12-23,5,12,1
10075,4970,17,2022-08-05,3,8,0
10076,2962,7,2023-07-19,4,7,0
10077,1800,20,2023-08-25,3,8,0
10078,2961,19,2022-11-19,5,11,1
10079,2061,5,2023-05-11,3,5,0
10080,852,14,2022-04-27,5,4,1
10081,2822,18,2023-12-04,5,12,1
10082,4610,7,2024-11-17,5,11,1
10083,813,10,2022-07-24,3,7,0
10084,1288,14,2024-01-04,5,1,0
10085,3716,6,2022-06-11,4,6,0
10086,3751,10,2022-09-07,3,9,0
10087,4053,17,2023-12-07,5,12,1
10088,4988,7,2023-06-01,4,6,0
10089,4119,13,2023-01-10,2,1,0
10090,2124,1,2024-07-25,3,7,0
10091,1645,3,2024-02-03,4,2,1
10092,2756,3,2022-01-11,5,1,1
10093,915,5,2022-10-10,4,10,1
10094,2377,16,2024-03-23,5,3,0
10095,2049,4,2022-08-03,3,8,0
10096,3387,20,2023-10-11,5,10,1
10097,290,15,2023-11-22,4,11,0
10098,3837,9,2023-04-25,3,4,0
10099,1622,12,2023-01-13,4,1,1
10100,1336,20,2023-04-28,5,4,0
10101,3126,6,2023-11-14,5,11,1
10102,721,13,2023-10-05,4,10,0
10103,35,17,2023-03-22,4,3,1
10104,818,14,2023-03-26,5,3,1
10105,2710,17,2024-07-13,3,7,0
10106,2560,4,2023-11-20,4,11,1
10107,2530,19,2023-05-06,4,5,0
10108,2887,7,2024-10-27,5,10,1
10109,2030,12,2024-07-15,3,7,0
10110,3311,20,2023-06-02,4,6,0
10111,2712,17,2023-02-11,4,2,1
10112,3359,12,2022-06-22,5,6,0
10113,294,1,2023-09-13,4,9,0
10114,4273,17,2024-12-18,5,12,1
10115,4020,14,2024-02-22,5,2,1
10116,4513,8,2024-01-21,4,1,1
10117,4267,1,2022-03-18,5,3,1
10118,2328,8,2024-01-23,5,1,1
10119,3928,17,2024-07-03,5,7,0
10120,2451,6,2022-05-24,3,5,0
10121,421,8,2024-04-03,4,4,0
10122,4587,20,2023-04-24,3,4,0
10123,540,13,2023-08-07,5,8,1
10124,4379,12,2023-02-15,5,2,1
10125,4470,16,2023-05-21,5,5,1
10126,1597,11,2024-09-22,5,9,1
10127,4857,4,2023-10-11,4,10,1
10128,3250,16,2024-10-04,4,10,0
10129,659,4,2023-06-20,4,6,0
10130,1247,13,2023-04-02,4,4,0
10131,1959,3,2022-09-08,4,9,0
10132,390,20,2023-12-27,5,12,1
10133,3359,17,2023-03-22,5,3,1
10134,4780,12,2024-03-10,5,3,1
10135,1932,15,2024-11-04,4,11,0
10136,2295,8,2024-12-28,5,12,1
10137,3113,10,2023-02-01,5,2,1
10138,4377,16,2023-07-24,5,7,1
10139,3116,6,2022-08-25,4,8,0
10140,3046,16,2022-06-22,5,6,1
10141,192,4,2023-06-04,4,6,0
10142,91,3,2024-05-21,3,5,0
10143,1690,2,2024-10-09,5,10,1
10144,370,13,2023-06-06,5,6,1
10145,2264,19,2022-01-04,5,1,1
10146,2746,5,2022-05-17,5,5,0
10147,2978,13,2022-06-26,5,6,1
10148,2830,16,2024-01-16,4,1,0
10149,2088,15,2022-04-14,5,4,1
10150,3755,10,2024-10-09,5,10,1
10151,3751,8,2022-06-23,4,6,0
10152,204,1,2023-06-27,4,6,0
10153,3781,13,2024-03-16,4,3,0
10154,3138,9,2023-03-28,4,3,0
10155,1507,4,2022-06-28,4,6,0
10156,2267,1,2023-10-14,3,10,0
10157,1185,2,2022-02-23,5,2,1
10158,2680,15,2024-08-25,2,8,0
10159,1668,9,2022-02-02,5,2,1
10160,1345,1,2024-09-08,4,9,0
10161,2424,11,2024-01-26,5,1,1
10162,4716,6,2023-08-07,3,8,0
10163,3321,15,2022-02-28,5,2,0
10164,1269,7,2024-05-16,4,5,0
10165,3523,13,2022-09-26,5,9,1
10166,351,16,2023-01-09,4,1,0
10167,3872,2,2023-08-14,4,8,0
10168,2051,8,2022-08-13,3,8,0
10169,3486,13,2024-03-11,4,3,0
10170,3997,1,2023-09-21,4,9,0
10171,1160,6,2024-09-07,4,9,0
10172,3959,1,2024-07-07,3,7,0
10173,2946,15,2022-02-03,5,2,0
10174,3265,16,2023-02-12,3,2,0
10175,4408,17,2024-12-12,5,12,1
10176,1072,9,2022-01-04,4,1,1
10177,3334,13,2024-01-18,4,1,0
10178,2152,2,2024-04-11,5,4,0
10179,3962,12,2024-02-06,5,2,1
10180,988,1,2022-01-04,5,1,1
10181,2121,15,2022-09-08,5,9,1
10182,4736,3,2023-01-22,5,1,1
10183,3180,20,2024-02-19,4,2,1
10184,2381,11,2022-10-04,5,10,1
10185,689,18,2022-02-26,4,2,1
10186,2965,14,2024-07-17,5,7,0
10187,1260,13,2023-02-26,4,2,0
10188,3068,8,2022-06-11,4,6,0
10189,1514,12,2022-10-14,4,10,0
10190,1587,20,2022-07-08,3,7,0
10191,3416,8,2023-02-08,4,2,1
10192,702,20,2023-04-26,3,4,0
10193,2978,5,2022-05-13,4,5,0
10194,4481,1,2023-12-05,5,12,1
10195,2336,1,2022-02-25,5,2,1
10196,4663,15,2023-12-06,3,12,0
10197,4739,12,2023-09-11,5,9,0
10198,930,10,2023-11-17,5,11,1
10199,3253,11,2022-11-09,5,11,1
10200,2778,18,2024-06-14,3,6,0
10201,4617,13,2024-03-24,4,3,0
10202,1609,3,2023-09-20,4,9,0
10203,117,6,2024-05-08,5,5,0
10204,2804,17,2022-04-20,3,4,0
10205,484,13,2022-08-06,5,8,1
10206,2936,18,2024-10-04,5,10,1
10207,3489,16,2022-06-27,5,6,1
10208,4936,6,2022-12-20,5,12,1
10209,1988,11,2022-01-06,4,1,1
10210,86,4,2024-07-20,3,7,0
10211,4369,18,2022-01-01,5,1,1
10212,15,19,2022-12-16,4,12,1
10213,2812,4,2022-01-12,3,1,1
10214,3782,20,2023-08-18,4,8,0
10215,335,4,2022-07-21,2,7,0
10216,1434,10,2023-07-15,3,7,0
10217,584,13,2022-08-19,5,8,1
10218,2461,7,2022-12-01,5,12,1
10219,1532,6,2023-04-05,5,4,0
10220,1828,11,2022-03-09,5,3,0
10221,4473,9,2024-04-15,5,4,0
10222,522,14,2024-07-10,4,7,0
10223,3948,12,2022-01-11,5,1,1
10224,4229,17,2024-10-19,4,10,1
10225,2591,6,2024-12-07,4,12,1
10226,4188,1,2024-11-24,5,11,1
10227,1042,16,2023-08-13,5,8,1
10228,2443,4,2022-03-09,4,3,0
10229,4017,16,2023-05-24,4,5,1
10230,1631,3,2022-02-02,5,2,1
10231,3864,19,2023-08-12,4,8,0
10232,3704,2,2023-08-22,5,8,0
10233,495,12,2024-03-21,4,3,1
10234,556,6,2022-10-02,5,10,1
10235,871,12,2022-04-22,5,4,1
10236,4915,15,2024-05-17,5,5,1
10237,2738,10,2023-02-15,4,2,1
10238,2247,5,2024-01-26,5,1,1
10239,3501,15,2023-12-14,4,12,0
10240,552,14,2024-09-01,5,9,1
10241,3204,12,2023-04-16,5,4,1
10242,4693,14,2022-03-24,5,3,1
10243,1171,13,2023-11-12,5,11,0
10244,315,17,2024-11-28,5,11,1
10245,2592,16,2022-11-21,3,11,0
10246,2257,3,2023-03-12,5,3,1
10247,3698,5,2023-07-05,4,7,0
10248,3066,3,2024-02-02,5,2,1
10249,3237,20,2022-09-23,5,9,0
10250,3852,13,2024-09-04,5,9,1
10251,3968,6,2023-07-21,4,7,0
10252,1575,9,2023-02-12,5,2,1
10253,1250,8,2022-07-25,4,7,0
10254,4648,7,2024-01-12,4,1,1
10255,3471,13,2023-07-13,5,7,1
10256,101,1,2023-09-04,5,9,0
10257,2661,1,2024-03-06,5,3,1
10258,1441,2,2023-08-08,5,8,0
10259,4050,17,2022-11-15,4,11,1
10260,1779,19,2022-08-21,5,8,0
10261,648,11,2022-12-26,4,12,1
10262,659,12,2022-12-12,3,12,1
10263,4905,1,2022-08-15,3,8,0
10264,605,9,2023-10-01,5,10,1
10265,1847,15,2022-03-09,5,3,1
10266,4426,19,2022-03-18,4,3,0
10267,2907,8,2023-10-20,5,10,1
10268,4074,19,2024-03-09,4,3,0
10269,8,20,2023-12-01,5,12,1
10270,1745,17,2023-06-20,5,6,0
10271,624,18,2024-08-23,3,8,0
10272,436,5,2023-08-03,4,8,0
10273,4558,18,2022-03-06,4,3,1
10274,2988,16,2023-04-25,5,4,0
10275,4036,17,2023-03-14,4,3,1
10276,2221,2,2024-12-14,5,12,1
10277,3482,18,2022-12-04,4,12,1
10278,660,14,2022-01-08,4,1,0
10279,4978,2,2023-10-28,3,10,1
10280,4935,19,2024-04-16,3,4,0
10281,737,18,2024-07-14,4,7,0
10282,3889,19,2024-09-05,5,9,1
10283,1472,1,2022-02-26,5,2,1
10284,2511,10,2024-07-27,3,7,0
10285,908,9,2023-03-08,4,3,0
10286,2197,12,2022-05-13,4,5,0
10287,4988,3,2022-05-14,4,5,0
10288,388,8,2024-11-16,5,11,1
10289,4959,11,2022-03-26,4,3,0
10290,210,16,2024-10-26,5,10,0
10291,3573,18,2024-06-13,5,6,0
10292,1151,7,2023-07-14,5,7,0
10293,3550,14,2024-03-22,5,3,1
10294,78,5,2023-05-02,5,5,0
10295,1383,12,2024-10-20,3,10,0
10296,1996,13,2024-12-27,4,12,0
10297,4913,6,2022-03-05,5,3,1
10298,1762,12,2022-04-04,4,4,1
10299,4765,15,2023-11-11,5,11,0
10300,2918,9,2024-07-25,4,7,0
10301,2625,2,2023-12-23,5,12,1
10302,127,13,2023-04-08,3,4,0
10303,2263,4,2022-09-02,4,9,0
10304,1706,16,2023-05-16,5,5,1
10305,4292,13,2022-11-17,2,11,0
10306,4908,12,2023-02-13,5,2,1
10307,4975,12,2022-08-04,5,8,0
10308,3267,18,2023-08-08,5,8,0
10309,2896,7,2022-03-12,4,3,1
10310,2237,2,2024-07-27,5,7,0
10311,3401,19,2024-09-28,4,9,1
10312,1473,15,2023-11-20,4,11,0
10313,4435,16,2022-12-26,5,12,0
10314,2367,8,2023-05-11,2,5,0
10315,1161,15,2024-10-24,5,10,1
10316,30,7,2023-07-16,5,7,0
10317,4872,14,2022-03-16,5,3,1
10318,2836,5,2023-07-27,5,7,0
10319,170,12,2024-04-09,5,4,1
10320,3305,8,2024-03-17,4,3,1
10321,4012,11,2023-01-18,5,1,1
10322,1492,12,2023-11-08,5,11,1
10323,4361,7,2022-11-12,5,11,1
10324,4896,7,2023-06-04,4,6,0
10325,1557,3,2022-01-11,4,1,1
10326,616,20,2023-06-22,4,6,0
10327,1316,10,2024-12-26,5,12,1
10328,703,2,2022-03-14,3,3,1
10329,2980,20,2023-12-15,5,12,1
10330,2926,7,2023-01-17,4,1,1
10331,2023,15,2022-10-08,4,10,1
10332,4194,16,2023-10-06,5,10,0
10333,4201,18,2024-08-23,3,8,0
10334,1395,5,2024-09-08,5,9,0
10335,574,5,2023-10-14,5,10,1
10336,3561,14,2024-03-10,5,3,1
10337,4061,3,2024-05-05,4,5,0
10338,4392,6,2022-11-01,5,11,1
10339,2235,5,2023-06-07,4,6,0
10340,3758,6,2024-04-07,3,4,0
10341,1428,14,2024-07-27,4,7,0
10342,2925,4,2023-09-28,4,9,0
10343,2172,10,2024-01-19,4,1,1
10344,3958,15,2024-10-09,5,10,1
10345,810,20,2022-11-14,4,11,1
10346,298,6,2024-05-14,3,5,0
10347,2530,7,2024-11-16,4,11,1
10348,386,11,2023-01-03,5,1,1
10349,1431,4,2023-06-04,4,6,0
10350,468,5,2024-05-26,4,5,0
10351,3024,20,2023-07-21,3,7,0
10352,466,2,2022-06-16,4,6,0
10353,1049,2,2022-01-05,4,1,1
10354,1196,11,2022-05-07,3,5,0
10355,1351,18,2022-08-01,4,8,0
10356,1300,16,2022-05-18,4,5,1
10357,2045,13,2024-04-03,3,4,0
10358,1704,6,2024-09-09,3,9,0
10359,4869,18,2022-11-12,3,11,1
10360,1044,1,2024-02-04,5,2,1
10361,4523,12,2023-01-20,5,1,1
10362,227,13,2024-11-03,3,11,0
10363,4823,12,2022-11-11,5,11,1
10364,3097,16,2023-10-08,5,10,0
10365,2910,18,2024-07-04,4,7,0
10366,251,18,2022-07-22,5,7,0
10367,1549,15,2022-04-15,5,4,1
10368,505,5,2023-07-01,4,7,0
10369,3715,19,2023-06-03,3,6,0
10370,1456,5,2022-04-07,3,4,0
10371,2374,20,2024-07-02,5,7,0
10372,3104,15,2023-04-26,4,4,1
10373,4948,12,2023-06-18,4,6,0
10374,1246,15,2022-01-04,3,1,0
10375,266,7,2022-06-21,4,6,0
10376,2349,10,2023-01-22,5,1,1
10377,2324,13,2024-07-19,5,7,1
10378,3107,5,2022-12-18,4,12,1
10379,538,2,2023-11-11,4,11,1
10380,2057,13,2022-07-09,5,7,1
10381,2628,16,2024-06-09,5,6,1
10382,4920,11,2024-12-08,5,12,1
10383,3929,19,2022-09-28,3,9,1
10384,403,20,2024-09-13,5,9,0
10385,4981,10,2023-09-02,5,9,0
10386,2000,1,2024-07-15,4,7,0
10387,1790,4,2023-01-04,5,1,1
10388,887,13,2022-06-08,5,6,1
10389,3340,14,2022-05-14,5,5,1
10390,4249,5,2023-10-18,5,10,1
10391,438,10,2024-11-05,3,11,1
10392,2106,7,2022-01-08,5,1,1
10393,1253,8,2022-05-16,3,5,0
10394,2298,11,2023-12-03,5,12,1
10395,2968,5,2023-12-20,5,12,1
10396,1748,12,2024-12-08,5,12,1
10397,861,11,2022-08-18,3,8,0
10398,3034,13,2023-05-11,5,5,1
10399,258,7,2022-05-24,5,5,0
10400,589,5,2023-06-13,4,6,0
10401,3626,20,2023-10-12,4,10,1
10402,842,2,2022-03-04,5,3,1
10403,664,7,2024-06-18,4,6,0
10404,1695,15,2023-02-21,4,2,0
10405,511,2,2024-12-02,5,12,1
10406,2169,10,2023-03-12,4,3,1
10407,1246,15,2024-06-04,4,6,1
10408,4483,12,2022-10-27,5,10,0
10409,718,16,2023-03-26,5,3,0
10410,4041,20,2024-03-21,5,3,1
10411,4277,14,2023-01-23,5,1,0
10412,174,3,2022-01-15,5,1,1
10413,1288,12,2023-02-26,4,2,1
10414,3056,2,2024-01-12,5,1,1
10415,950,12,2022-07-01,5,7,0
10416,2904,8,2024-03-05,5,3,1
10417,1037,17,2024-06-27,4,6,0
10418,1468,14,2024-09-01,5,9,1
10419,3390,2,2023-11-05,3,11,1
10420,3012,3,2023-07-06,3,7,0
10421,3703,17,2023-02-02,5,2,1
10422,4667,6,2024-10-08,5,10,1
10423,3784,19,2022-10-07,4,10,1
10424,2474,20,2024-05-11,3,5,0
10425,4143,16,2023-02-15,5,2,0
10426,2227,15,2022-08-28,4,8,0
10427,4834,7,2022-10-22,5,10,1
10428,3550,13,2022-02-14,4,2,0
10429,4814,15,2022-01-18,4,1,0
10430,1321,19,2024-11-26,4,11,1
10431,3338,6,2023-07-07,4,7,0
10432,1875,19,2022-10-13,5,10,1
10433,4952,9,2023-09-19,5,9,1
10434,1486,1,2023-04-15,3,4,0
10435,2093,20,2024-12-11,4,12,1
10436,2057,4,2022-04-12,3,4,0
10437,1025,12,2022-04-01,4,4,1
10438,754,2,2024-04-13,4,4,0
10439,4979,4,2023-01-26,5,1,1
10440,3974,11,2022-04-15,5,4,0
10441,1965,1,2023-08-11,5,8,0
10442,1398,2,2022-09-18,3,9,0
10443,1802,19,2024-08-06,4,8,0
10444,711,11,2023-09-21,5,9,1
10445,2488,4,2023-01-09,5,1,1
10446,2024,17,2022-09-21,3,9,0
10447,4595,14,2023-02-01,5,2,1
10448,3160,14,2022-07-11,5,7,0
10449,4209,20,2024-04-06,3,4,0
10450,4175,11,2024-03-28,5,3,0
10451,920,9,2024-05-08,3,5,0
10452,457,3,2022-04-06,5,4,1
10453,2907,19,2022-04-28,5,4,0
10454,4649,9,2023-07-26,5,7,0
10455,2569,12,2024-04-16,4,4,1
10456,4585,7,2023-05-01,3,5,0
10457,4738,12,2022-08-13,4,8,0
10458,2794,16,2024-04-20,4,4,0
10459,3965,9,2023-05-24,4,5,0
10460,2413,20,2024-06-24,4,6,0
10461,1794,20,2022-05-08,4,5,0
10462,2794,10,2024-10-26,3,10,1
10463,850,8,2022-05-25,4,5,0
10464,4849,8,2022-07-19,3,7,0
10465,3116,4,2022-07-18,4,7,0
10466,1729,3,2024-09-16,5,9,0
10467,1669,5,2024-02-13,5,2,1
10468,568,1,2024-09-03,3,9,0
10469,1728,20,2024-10-15,4,10,1
10470,360,10,2022-02-09,5,2,1
10471,1660,1,2022-01-02,4,1,1
10472,26,13,2023-07-26,4,7,1
10473,1928,1,2024-03-16,5,3,1
10474,4889,16,2023-01-18,3,1,0
10475,4381,20,2023-10-04,5,10,1
10476,160,7,2023-04-14,4,4,0
10477,3913,16,2024-08-06,4,8,1
10478,864,1,2023-08-01,5,8,0
10479,4506,7,2022-06-18,4,6,0
10480,1986,19,2024-02-22,5,2,1
10481,2967,13,2023-01-12,4,1,0
10482,3587,7,2024-06-15,5,6,0
10483,4259,2,2023-05-04,4,5,0
10484,3577,20,2022-02-03,4,2,1
10485,3758,7,2023-03-20,4,3,1
10486,1411,2,2023-07-07,3,7,0
10487,4461,12,2024-12-03,5,12,1
10488,2900,18,2023-11-03,5,11,1
10489,3597,2,2024-12-17,5,12,1
10490,2749,19,2022-04-18,5,4,0
10491,3045,12,2024-10-22,3,10,0
10492,4122,9,2024-03-10,3,3,0
10493,1563,14,2024-08-12,4,8,0
10494,2568,9,2023-06-11,4,6,0
10495,3815,3,2024-06-15,3,6,0
10496,647,9,2024-06-25,5,6,0
10497,4954,2,2022-02-25,5,2,1
10498,4822,20,2024-10-21,5,10,1
10499,621,5,2022-07-19,4,7,0
10500,91,18,2022-07-09,3,7,0
10501,4964,18,2024-09-25,4,9,0
10502,696,1,2024-03-22,5,3,1
10503,1622,11,2022-01-10,4,1,1
10504,3670,4,2022-12-15,4,12,1
10505,4824,1,2024-11-04,5,11,1
10506,1943,6,2024-07-07,3,7,0
10507,4207,12,2023-04-21,5,4,1
10508,2531,7,2024-11-12,5,11,1
10509,3180,12,2023-12-13,4,12,1
10510,4090,16,2024-11-10,4,11,0
10511,1310,20,2022-03-04,5,3,1
10512,546,8,2023-12-04,5,12,1
10513,1713,1,2023-12-21,4,12,1
10514,1714,19,2024-12-21,4,12,1
10515,4834,9,2022-03-07,3,3,0
10516,1964,15,2022-12-06,4,12,0
10517,1549,18,2023-02-17,5,2,1
10518,3492,12,2024-10-17,5,10,0
10519,1196,19,2023-11-18,5,11,1
10520,476,16,2022-11-12,4,11,0
10521,3039,10,2024-11-09,5,11,1
10522,1127,3,2022-08-14,3,8,0
10523,2405,11,2023-11-10,4,11,1
10524,3239,19,2023-06-18,3,6,0
10525,3186,4,2022-09-02,4,9,0
10526,2245,11,2023-04-05,4,4,0
10527,2999,1,2024-09-21,4,9,0
10528,856,2,2024-10-25,5,10,1
10529,949,1,2022-11-17,5,11,1
10530,1854,14,2022-01-14,3,1,0
10531,608,11,2022-12-10,5,12,1
10532,4526,16,2022-06-22,5,6,1
10533,1363,16,2024-05-05,5,5,1
10534,2863,17,2022-02-04,4,2,1
10535,601,16,2024-01-19,4,1,0
10536,1480,4,2023-04-21,5,4,0
10537,3362,4,2023-04-01,3,4,0
10538,3218,14,2023-02-14,5,2,1
10539,4567,4,2022-03-09,5,3,0
10540,4980,11,2022-10-09,5,10,1
10541,4147,20,2024-04-25,4,4,0
10542,2268,12,2023-06-03,4,6,0
10543,1975,13,2022-03-25,5,3,0
10544,2126,6,2023-08-10,5,8,0
10545,4985,18,2023-12-11,5,12,1
10546,4220,11,2023-02-22,5,2,1
10547,4963,18,2022-07-20,3,7,0
10548,3167,16,2022-04-17,5,4,0
10549,2843,15,2022-03-26,5,3,1
10550,254,18,2024-02-21,5,2,1
10551,2739,14,2024-07-04,4,7,0
10552,2898,3,2023-06-27,2,6,0
10553,1044,1,2023-02-03,4,2,1
10554,3312,13,2024-03-12,3,3,0
10555,2771,18,2024-04-18,4,4,0
10556,2342,15,2023-06-17,4,6,1
10557,4297,15,2022-12-24,5,12,0
10558,3796,15,2022-06-07,4,6,1
10559,603,5,2023-02-15,5,2,1
10560,2548,3,2024-05-02,3,5,0
10561,1714,7,2024-01-07,5,1,1
10562,1143,20,2022-02-11,4,2,1
10563,1070,19,2023-09-03,5,9,1
10564,3197,12,2022-07-28,4,7,0
10565,830,3,2022-07-18,4,7,0
10566,4071,19,2022-11-20,5,11,1
10567,3740,11,2024-02-06,5,2,1
10568,2561,20,2023-08-26,4,8,0
10569,317,16,2022-09-01,5,9,1
10570,671,11,2023-05-09,5,5,0
10571,2064,5,2023-01-01,5,1,1
10572,2867,2,2022-09-03,4,9,0
10573,421,1,2022-11-25,5,11,1
10574,2703,3,2022-04-26,5,4,1
10575,4567,10,2024-11-26,4,11,1
10576,2130,8,2022-02-07,4,2,1
10577,1154,19,2022-09-19,4,9,1
10578,4969,6,2023-02-23,5,2,1
10579,1857,19,2023-11-22,5,11,1
10580,2840,16,2024-11-16,4,11,0
10581,206,13,2022-12-09,4,12,0
10582,4209,6,2022-03-02,5,3,1
10583,1125,7,2024-05-22,4,5,0
10584,3181,16,2022-05-06,5,5,1
10585,1705,13,2024-04-08,4,4,0
10586,1419,4,2024-01-20,3,1,1
10587,1748,16,2023-04-26,4,4,0
10588,4454,15,2024-01-11,5,1,0
10589,3763,3,2023-03-22,5,3,1
10590,46,13,2022-06-19,4,6,1
10591,3603,12,2024-07-03,5,7,0
10592,1187,3,2022-10-28,5,10,1
10593,4981,5,2023-06-21,5,6,0
10594,3988,19,2024-03-03,4,3,0
10595,300,16,2024-04-12,4,4,0
10596,4102,7,2024-02-11,5,2,1
10597,3197,3,2024-09-23,4,9,0
10598,3965,19,2023-07-28,4,7,0
10599,1124,18,2024-05-19,4,5,0
10600,2616,17,2022-01-07,4,1,1
10601,864,16,2023-05-15,5,5,1
10602,1753,4,2023-02-18,5,2,1
10603,2926,15,2024-03-13,5,3,1
10604,2616,14,2022-12-09,3,12,0
10605,2239,8,2024-11-06,4,11,1
10606,1028,8,2024-09-03,4,9,0
10607,3643,12,2022-11-05,4,11,1
10608,3300,6,2023-04-03,3,4,0
10609,4152,15,2024-08-09,5,8,0
10610,3272,17,2022-12-20,5,12,1
10611,2448,11,2023-05-19,5,5,0
10612,3018,15,2023-06-28,5,6,1
10613,228,7,2023-08-19,5,8,0
10614,3811,6,2024-08-26,4,8,0
10615,4555,11,2024-01-03,5,1,1
10616,535,17,2022-10-12,4,10,1
10617,1036,18,2022-11-09,5,11,1
10618,3037,9,2022-02-09,5,2,1
10619,2450,1,2022-09-25,4,9,0
10620,3995,12,2024-04-23,5,4,1
10621,3904,6,2023-12-15,5,12,1
10622,3179,4,2024-03-09,5,3,0
10623,4398,13,2022-10-11,5,10,0
10624,3055,11,2024-12-05,5,12,1
10625,4723,6,2023-03-02,5,3,1
10626,2722,1,2022-06-16,4,6,0
10627,3790,14,2022-01-15,3,1,0
10628,4634,13,2024-04-23,4,4,0
10629,2737,3,2022-12-10,4,12,1
10630,4559,18,2024-06-06,4,6,0
10631,2085,8,2024-10-27,5,10,1
10632,2917,13,2024-08-11,4,8,1
10633,2800,14,2022-08-14,4,8,0
10634,1141,9,2024-12-25,5,12,1
10635,1366,20,2022-12-02,5,12,1
10636,1447,3,2022-03-08,5,3,1
10637,2035,16,2023-07-13,5,7,1
10638,2477,2,2024-09-28,3,9,0
10639,4743,9,2023-01-17,5,1,1
10640,2213,2,2024-09-02,3,9,0
10641,631,12,2023-01-14,5,1,1
10642,2004,8,2024-01-21,5,1,1
10643,607,2,2024-10-21,4,10,1
10644,1537,8,2022-11-18,4,11,1
10645,4414,4,2023-01-26,5,1,1
10646,1069,18,2023-06-21,4,6,0
10647,757,18,2022-04-12,4,4,0
10648,4251,1,2023-04-21,3,4,0
10649,1660,7,2023-05-20,5,5,0
10650,4615,11,2023-07-06,4,7,0
10651,453,10,2022-11-22,4,11,1
10652,3179,14,2023-06-09,4,6,0
10653,1754,7,2023-08-02,3,8,0
10654,2224,15,2022-08-27,3,8,0
10655,2102,9,2022-09-10,5,9,1
10656,4493,20,2023-08-06,4,8,0
10657,2941,20,2023-11-05,5,11,1
10658,2317,12,2023-09-17,3,9,0
10659,1207,1,2024-02-21,5,2,1
10660,2360,14,2022-05-02,3,5,1
10661,4341,15,2024-01-10,4,1,0
10662,3801,10,2022-06-05,3,6,0
10663,1748,7,2024-01-19,5,1,1
10664,4256,1,2023-06-13,5,6,0
10665,2001,2,2023-10-18,5,10,1
10666,2255,17,2024-02-15,4,2,1
10667,3144,8,2023-12-16,5,12,1
10668,4008,14,2022-03-20,5,3,1
10669,3691,16,2022-04-02,5,4,0
10670,4103,12,2023-02-15,5,2,1
10671,4162,2,2022-06-07,4,6,0
10672,605,16,2022-07-06,4,7,1
10673,2078,9,2022-10-22,5,10,1
10674,2531,9,2022-12-18,5,12,1
10675,2538,5,2024-12-19,5,12,1
10676,3992,7,2023-01-06,4,1,1
10677,4526,13,2024-12-08,4,12,0
10678,3646,8,2024-09-04,4,9,0
10679,2168,7,2022-06-04,4,6,0
10680,4078,5,2022-03-20,5,3,1
10681,3952,8,2022-01-14,4,1,1
10682,4222,9,2024-04-01,4,4,0
10683,188,3,2022-10-16,5,10,1
10684,804,10,2024-08-05,3,8,0
10685,662,12,2022-04-28,5,4,1
10686,2739,13,2023-08-22,5,8,1
10687,2216,2,2024-09-14,5,9,0
10688,4979,13,2022-12-01,3,12,0
10689,860,6,2024-04-27,4,4,0
10690,1180,3,2022-08-04,5,8,0
10691,1920,17,2024-09-12,4,9,0
10692,817,5,2023-11-18,5,11,1
10693,1427,15,2024-05-12,5,5,1
10694,2028,16,2022-01-11,4,1,0
10695,3877,3,2024-05-10,4,5,0
10696,351,9,2022-11-13,5,11,1
10697,2131,11,2022-10-24,5,10,1
10698,1355,19,2024-04-28,5,4,0
10699,1096,3,2022-01-22,4,1,1
10700,3013,2,2023-03-13,5,3,1
10701,3807,9,2022-07-19,5,7,0
10702,360,16,2022-06-10,5,6,1
10703,4545,12,2023-12-14,3,12,1
10704,1305,19,2022-12-24,5,12,1
10705,42,8,2024-09-21,3,9,0
10706,2366,6,2024-10-01,4,10,1
10707,4500,9,2023-11-05,5,11,1
10708,4301,11,2024-08-06,4,8,0
10709,3428,13,2023-08-06,4,8,1
10710,1055,8,2023-11-25,4,11,1
10711,2156,12,2023-08-25,4,8,0
10712,2093,15,2022-10-20,5,10,1
10713,4749,15,2022-05-12,5,5,1
10714,615,19,2023-05-18,4,5,0
10715,2810,5,2024-02-19,4,2,1
10716,596,19,2022-12-26,5,12,1
10717,3250,17,2023-08-15,4,8,0
10718,3462,4,2022-06-25,4,6,0
10719,27,18,2023-09-20,4,9,0
10720,2303,2,2024-02-27,5,2,1
10721,2972,11,2022-08-14,3,8,0
10722,4062,19,2024-02-02,5,2,1
10723,4360,3,2022-07-22,5,7,0
10724,829,16,2024-04-17,5,4,0
10725,1041,11,2023-01-15,5,1,1
10726,1386,15,2024-03-16,5,3,1
10727,3786,12,2023-10-06,4,10,0
10728,2448,6,2024-06-22,4,6,0
10729,4502,12,2024-04-19,5,4,1
10730,2691,18,2023-07-03,4,7,0
10731,611,19,2022-04-19,5,4,0
10732,3116,5,2022-05-13,4,5,0
10733,3577,18,2023-01-27,5,1,1
10734,1878,5,2024-12-25,5,12,1
10735,4805,17,2023-02-08,5,2,1
10736,4314,10,2024-01-11,5,1,1
10737,2731,9,2022-12-11,4,12,1
10738,2698,14,2024-12-10,4,12,0
10739,4196,8,2024-09-10,5,9,0
10740,52,3,2023-06-10,4,6,0
10741,4505,2,2024-08-14,5,8,0
10742,2271,16,2023-12-19,4,12,0
10743,4811,20,2022-01-15,4,1,1
10744,1106,2,2024-05-12,3,5,0
10745,1153,13,2024-03-11,5,3,0
10746,1266,19,2024-07-28,4,7,0
10747,2473,8,2023-10-03,4,10,1
10748,2701,11,2022-12-07,4,12,1
10749,2643,9,2024-02-01,5,2,1
10750,3406,16,2023-02-16,3,2,0
10751,3414,20,2024-09-02,4,9,0
10752,160,2,2023-03-05,5,3,1
10753,1186,5,2023-07-09,5,7,0
10754,4012,19,2024-10-14,5,10,1
10755,4653,10,2023-03-14,5,3,1
10756,3436,11,2023-05-14,4,5,0
10757,34,2,2023-02-12,4,2,1
10758,876,18,2023-06-14,4,6,0
10759,332,1,2024-08-01,4,8,0
10760,3310,14,2024-10-23,5,10,1
10761,4901,13,2023-06-21,5,6,1
10762,1320,17,2023-10-04,3,10,1
10763,1799,7,2024-05-26,4,5,0
10764,3391,3,2024-12-11,5,12,1
10765,4445,7,2022-09-17,4,9,0
10766,4216,2,2022-03-09,5,3,1
10767,3555,4,2024-09-21,4,9,0
10768,4407,12,2022-09-25,4,9,0
10769,3567,15,2023-04-25,5,4,1
10770,1339,15,2022-12-11,4,12,0
10771,770,7,2022-08-03,5,8,0
10772,598,8,2022-02-15,4,2,1
10773,421,15,2022-02-20,3,2,0
10774,510,3,2022-02-09,5,2,1
10775,2053,5,2024-09-09,3,9,0
10776,485,14,2024-03-21,5,3,1
10777,4122,7,2023-03-11,4,3,1
10778,1104,6,2023-04-18,4,4,0
10779,84,14,2024-11-22,4,11,1
10780,2742,2,2023-12-11,4,12,1
10781,1634,12,2023-11-21,5,11,1
10782,2532,20,2024-09-20,5,9,0
10783,4898,14,2022-10-01,5,10,1
10784,3479,11,2024-09-05,5,9,1
10785,3557,3,2022-09-26,4,9,0
10786,804,18,2023-11-13,4,11,1
10787,4582,11,2022-02-03,5,2,1
10788,3815,14,2022-09-24,4,9,1
10789,1213,6,2023-10-07,5,10,1
10790,1725,15,2023-07-10,4,7,0
10791,3329,8,2023-07-04,3,7,0
10792,1074,6,2022-06-13,3,6,0
10793,4386,14,2023-12-09,5,12,0
10794,3711,12,2024-04-09,4,4,1
10795,2340,10,2022-03-28,5,3,1
10796,3256,7,2022-08-16,4,8,0
10797,876,1,2024-09-08,4,9,0
10798,3259,13,2023-12-27,4,12,0
10799,313,13,2024-11-14,4,11,0
10800,1965,17,2024-12-02,3,12,1
10801,2099,4,2023-11-26,4,11,1
10802,3378,1,2024-12-17,5,12,1
10803,4963,8,2022-01-05,3,1,1
10804,1554,2,2023-08-22,3,8,0
10805,2762,7,2024-04-09,4,4,0
10806,1131,17,2023-11-13,4,11,1
10807,3711,13,2023-09-28,5,9,1
10808,1063,5,2023-10-16,5,10,1
10809,977,9,2022-09-24,5,9,1
10810,1535,12,2024-06-26,4,6,0
10811,1723,9,2023-10-17,5,10,1
10812,36,15,2024-10-28,5,10,1
10813,4490,20,2022-02-24,5,2,1
10814,1062,20,2023-10-28,3,10,1
10815,1034,4,2024-09-25,3,9,0
10816,2297,1,2023-06-03,5,6,0
10817,1488,16,2023-04-08,4,4,0
10818,143,16,2023-10-27,5,10,0
10819,2582,10,2023-03-26,5,3,1
10820,1391,7,2023-09-22,5,9,0
10821,4035,18,2024-12-23,4,12,1
10822,4826,8,2024-09-23,5,9,0
10823,4062,9,2022-05-18,4,5,0
10824,2348,5,2022-06-12,2,6,0
10825,3974,2,2023-01-19,5,1,1
10826,4982,16,2024-03-18,3,3,0
10827,1385,4,2022-12-04,3,12,1
10828,2570,12,2024-03-15,4,3,1
10829,3415,8,2022-02-19,5,2,1
10830,3416,11,2022-10-11,5,10,1
10831,2678,19,2022-10-26,5,10,1
10832,2217,18,2022-11-25,4,11,1
10833,2875,17,2024-03-15,4,3,1
10834,2372,2,2024-06-27,4,6,0
10835,2101,17,2022-10-18,4,10,1
10836,1867,14,2022-07-25,3,7,0
10837,1754,10,2023-01-15,5,1,1
10838,4205,11,2024-04-21,5,4,0
10839,4732,20,2023-01-23,4,1,1
10840,3255,18,2024-07-05,5,7,0
10841,557,16,2023-08-21,5,8,1
10842,3239,18,2022-01-18,5,1,1
10843,4011,3,2023-07-23,5,7,0
10844,1061,10,2024-04-16,4,4,0
10845,3607,15,2022-10-15,5,10,1
10846,915,14,2024-05-14,5,5,1
10847,1256,17,2022-04-11,5,4,0
10848,2295,1,2023-03-23,5,3,1
10849,2194,6,2024-11-26,4,11,1
10850,2850,8,2024-02-04,5,2,1
10851,4860,11,2023-05-09,3,5,0
10852,2764,19,2024-03-26,4,3,0
10853,2500,8,2023-10-25,4,10,1
10854,2951,14,2023-09-27,5,9,1
10855,548,2,2022-05-07,3,5,0
10856,127,9,2024-01-21,5,1,1
10857,930,14,2022-09-14,4,9,1
10858,2930,14,2023-11-18,5,11,1
10859,3702,2,2024-06-04,3,6,0
10860,3533,2,2024-03-27,5,3,1
10861,3774,11,2023-05-12,5,5,0
10862,2632,20,2022-11-09,5,11,1
10863,1266,7,2022-06-14,3,6,0
10864,1045,2,2022-04-28,3,4,0
10865,1152,11,2023-04-06,4,4,0
10866,403,7,2023-07-12,3,7,0
10867,2931,8,2023-11-13,5,11,1
10868,100,6,2022-04-04,4,4,0
10869,84,19,2023-02-13,5,2,1
10870,4849,14,2024-07-12,5,7,0
10871,3343,15,2024-05-16,5,5,1
10872,728,19,2022-11-26,5,11,1
10873,2889,5,2024-02-01,5,2,1
10874,3096,12,2022-04-12,5,4,1
10875,1264,10,2022-10-06,5,10,1
10876,4783,11,2023-05-25,5,5,0
10877,626,12,2022-04-01,5,4,1
10878,2350,18,2023-06-07,4,6,0
10879,4729,5,2022-07-27,3,7,0
10880,631,11,2022-11-26,4,11,1
10881,3557,18,2022-07-27,4,7,0
10882,610,5,2024-03-27,5,3,1
10883,4647,2,2023-07-14,4,7,0
10884,1258,7,2024-04-01,4,4,0
10885,4738,9,2023-10-02,5,10,1
10886,4641,18,2024-08-28,4,8,0
10887,3692,16,2023-05-22,5,5,1
10888,87,16,2023-10-04,4,10,0
10889,984,8,2024-07-27,4,7,0
10890,4487,3,2022-11-06,4,11,1
10891,3180,14,2024-10-12,4,10,1
10892,3166,12,2023-11-20,5,11,1
10893,3666,19,2022-01-07,5,1,1
10894,3531,18,2023-12-08,5,12,1
10895,1082,15,2022-11-28,5,11,0
10896,4552,3,2023-05-25,4,5,0
10897,3091,18,2024-04-10,3,4,0
10898,2406,11,2024-03-17,3,3,0
10899,2872,13,2023-09-14,5,9,1
10900,3110,15,2023-09-20,5,9,1
10901,2429,16,2023-10-25,4,10,0
10902,2982,11,2023-12-14,5,12,1
10903,2724,12,2024-12-04,5,12,1
10904,627,11,2024-10-14,5,10,1
10905,1744,4,2023-03-21,4,3,0
10906,4523,8,2022-06-12,3,6,0
10907,292,2,2023-11-10,5,11,1
10908,4874,9,2024-07-24,2,7,0
10909,2375,8,2023-02-10,4,2,1
10910,368,14,2024-10-15,4,10,1
10911,3210,13,2022-04-06,4,4,0
10912,315,12,2023-04-24,5,4,1
10913,3224,18,2023-11-04,5,11,1
10914,2079,19,2022-02-22,5,2,1
10915,2453,3,2024-08-07,4,8,0
10916,1459,5,2024-09-23,5,9,0
10917,969,17,2024-02-17,4,2,1
10918,3480,5,2022-12-09,5,12,1
10919,3556,7,2024-04-08,3,4,0
10920,2658,14,2024-09-17,4,9,1
10921,2097,2,2023-04-08,5,4,0
10922,3623,13,2022-10-17,5,10,0
10923,828,4,2022-01-04,5,1,1
10924,4172,11,2024-05-17,4,5,0
10925,2493,17,2023-08-26,2,8,0
10926,3374,19,2024-03-13,3,3,0
10927,147,19,2024-07-11,4,7,0
10928,3760,17,2024-11-28,5,11,1
10929,632,13,2024-09-22,5,9,1
10930,2811,3,2023-05-08,2,5,0
10931,4937,5,2022-04-25,4,4,0
10932,4250,11,2024-11-09,5,11,1
10933,3235,16,2023-01-19,5,1,0
10934,4405,20,2024-12-22,5,12,1
10935,3646,7,2023-05-19,4,5,0
10936,2431,16,2024-07-08,5,7,1
10937,1961,8,2024-07-25,5,7,0
10938,4126,6,2022-06-03,5,6,0
10939,471,1,2024-06-28,4,6,0
10940,2271,6,2023-08-03,4,8,0
10941,924,9,2024-09-03,5,9,1
10942,3886,3,2024-09-06,4,9,0
10943,4554,7,2022-05-14,5,5,0
10944,762,6,2024-11-07,5,11,1
10945,2720,8,2023-10-04,5,10,1
10946,579,16,2022-06-26,5,6,1
10947,1689,14,2024-12-26,3,12,0
10948,4196,20,2024-05-05,3,5,0
10949,1160,12,2022-03-01,5,3,1
10950,161,10,2024-08-21,2,8,0
10951,1668,9,2022-03-22,3,3,0
10952,3728,13,2024-01-02,5,1,0
10953,486,10,2023-01-05,5,1,1
10954,3604,19,2024-01-16,4,1,1
10955,4318,15,2024-06-25,5,6,1
10956,2595,15,2022-04-09,5,4,1
10957,3741,13,2023-11-23,5,11,0
10958,2513,2,2023-12-19,5,12,1
10959,59,17,2024-10-17,4,10,1
10960,3410,8,2024-12-22,5,12,1
10961,1096,19,2024-01-22,5,1,1
10962,3601,20,2022-04-10,4,4,0
10963,3156,16,2023-05-10,5,5,1
10964,4413,12,2024-01-28,5,1,1
10965,1999,7,2023-06-23,3,6,0
10966,1871,15,2022-08-06,2,8,0
10967,2146,15,2023-08-14,4,8,0
10968,1475,4,2022-01-07,3,1,1
10969,467,6,2023-10-10,4,10,1
10970,3808,14,2024-09-12,4,9,1
10971,390,2,2024-03-17,3,3,1
10972,1756,2,2023-04-11,5,4,0
10973,918,10,2023-07-06,4,7,0
10974,3507,11,2023-11-27,4,11,1
10975,3541,7,2022-01-07,5,1,1
10976,4248,12,2023-04-23,5,4,1
10977,452,7,2024-07-01,5,7,0
10978,583,9,2022-06-26,5,6,0
10979,1197,2,2022-05-08,4,5,0
10980,253,12,2023-06-22,3,6,0
10981,1006,20,2024-02-03,4,2,1
10982,3161,8,2024-01-03,5,1,1
10983,3143,5,2023-03-08,5,3,1
10984,722,1,2023-07-22,5,7,0
10985,2041,15,2024-09-06,5,9,1
10986,3003,5,2024-12-07,5,12,1
10987,3036,1,2023-06-05,4,6,0
10988,2475,18,2023-01-21,4,1,1
10989,2334,18,2023-01-16,5,1,1
10990,3891,7,2022-04-15,4,4,0
10991,182,14,2024-04-28,4,4,1
10992,2469,14,2022-09-04,5,9,1
10993,4473,4,2022-12-08,5,12,1
10994,2800,2,2022-09-05,4,9,0
10995,4835,7,2024-11-21,4,11,1
10996,1713,6,2024-06-13,4,6,0
10997,1592,1,2023-06-17,4,6,0
10998,3013,6,2024-06-04,3,6,0
10999,4627,17,2023-09-08,4,9,0
11000,1498,20,2022-04-24,4,4,0
11001,3933,15,2023-02-09,3,2,0
11002,3829,7,2022-06-08,5,6,0
11003,1033,15,2022-02-25,5,2,0
11004,2005,4,2023-10-08,5,10,1
11005,2251,17,2023-09-10,4,9,0
11006,187,6,2024-03-20,4,3,1
11007,4427,1,2022-05-20,3,5,0
11008,1726,3,2024-05-17,4,5,0
11009,2971,5,2023-01-26,5,1,1
11010,3570,2,2023-12-26,5,12,1
11011,2049,17,2022-05-27,4,5,0
11012,186,13,2024-01-05,4,1,0
11013,3953,8,2022-04-23,3,4,0
11014,968,8,2022-01-25,5,1,1
11015,2965,6,2024-08-17,5,8,0
11016,3972,3,2024-12-10,5,12,1
11017,2371,5,2023-10-07,5,10,1
11018,1587,6,2022-12-13,5,12,1
11019,2443,7,2023-10-05,5,10,1
11020,1676,6,2024-05-20,2,5,0
11021,3323,8,2024-08-06,4,8,0
11022,2944,18,2023-09-19,4,9,0
11023,3842,12,2022-11-12,5,11,1
11024,2423,6,2022-12-24,4,12,1
11025,3181,13,2022-10-09,2,10,0
11026,757,17,2022-09-04,4,9,0
11027,9,3,2022-11-04,5,11,1
11028,4989,12,2023-11-01,4,11,1
11029,4395,17,2022-03-08,4,3,1
11030,4320,16,2022-03-18,4,3,0
11031,3431,3,2022-04-05,5,4,1
11032,4743,12,2024-01-05,4,1,1
11033,868,17,2024-01-12,5,1,1
11034,2029,14,2023-12-14,4,12,0
11035,48,8,2024-01-27,5,1,1
11036,4345,15,2023-03-08,5,3,1
11037,1273,10,2022-11-04,4,11,1
11038,1321,3,2022-01-16,4,1,1
11039,2720,4,2023-01-10,5,1,1
11040,1059,7,2022-09-07,3,9,0
11041,4569,1,2022-09-23,3,9,0
11042,1501,15,2022-08-24,5,8,0
11043,3728,9,2024-04-11,3,4,0
11044,2016,6,2023-02-24,5,2,1
11045,3532,15,2022-02-25,5,2,0
11046,4814,14,2023-02-22,5,2,1
11047,3306,18,2024-11-24,5,11,1
11048,1556,14,2023-04-11,4,4,1
11049,540,6,2023-03-07,5,3,1
11050,2077,5,2024-10-04,5,10,1
11051,1947,20,2023-12-20,5,12,1
11052,4247,16,2024-05-15,5,5,1
11053,363,18,2024-09-28,5,9,0
11054,1377,13,2024-04-22,5,4,0
11055,4577,16,2022-06-25,5,6,1
11056,3693,10,2022-09-16,4,9,0
11057,2033,17,2024-01-14,3,1,1
11058,3160,6,2024-04-16,4,4,0
11059,2542,18,2023-02-21,5,2,1
11060,29,13,2024-11-22,2,11,0
11061,4556,1,2022-09-20,5,9,0
11062,630,9,2024-02-18,5,2,1
11063,3204,3,2022-12-11,5,12,1
11064,1886,2,2024-05-08,3,5,0
11065,942,19,2024-05-26,4,5,0
11066,2479,3,2023-04-26,5,4,1
11067,2302,1,2024-01-27,5,1,1
11068,2487,18,2023-03-16,5,3,1
11069,357,18,2024-05-25,4,5,0
11070,2237,2,2022-11-02,5,11,1
11071,1049,5,2024-10-13,5,10,1
11072,1655,3,2023-10-07,5,10,1
11073,2379,3,2023-05-26,3,5,0
11074,3516,7,2024-01-26,4,1,1
11075,2600,13,2023-03-18,4,3,0
11076,4140,6,2022-06-21,3,6,0
11077,4561,2,2023-01-13,4,1,1
11078,1924,12,2023-07-09,5,7,0
11079,626,17,2022-07-19,4,7,0
11080,2872,7,2024-10-07,5,10,1
11081,4294,3,2023-06-04,3,6,0
11082,706,6,2022-12-10,5,12,1
11083,4643,15,2023-10-06,5,10,1
11084,1551,7,2023-08-15,3,8,0
11085,2112,11,2022-03-18,3,3,0
11086,2839,3,2024-03-28,5,3,1
11087,4419,17,2024-07-28,4,7,0
11088,860,7,2024-10-07,5,10,1
11089,1782,8,2024-06-05,3,6,0
11090,4982,19,2024-08-08,3,8,0
11091,3960,8,2022-05-22,3,5,0
11092,3778,7,2024-07-25,4,7,0
11093,1815,1,2024-12-22,5,12,1
11094,3107,14,2023-01-19,4,1,0
11095,2268,11,2024-03-23,3,3,0
11096,2290,13,2023-01-07,4,1,0
11097,3829,3,2022-09-22,4,9,0
11098,273,5,2022-10-18,5,10,1
11099,4552,9,2024-10-16,4,10,1
11100,2348,19,2022-07-26,4,7,0
11101,2830,20,2024-07-16,3,7,0
11102,3657,7,2024-03-15,4,3,1
11103,1653,11,2024-06-04,3,6,0
11104,3069,5,2024-05-22,4,5,0
11105,38,8,2024-11-28,5,11,1
11106,608,7,2023-07-01,5,7,0
11107,2543,20,2024-01-26,5,1,1
11108,2522,15,2024-09-22,4,9,1
11109,2286,4,2022-10-26,5,10,1
11110,2620,8,2022-10-21,4,10,1
11111,2835,10,2023-07-04,5,7,0
11112,639,12,2023-02-08,5,2,1
11113,2119,16,2023-06-07,5,6,1
11114,1423,7,2024-01-25,5,1,1
11115,996,4,2023-04-07,3,4,0
11116,3947,15,2023-06-03,4,6,1
11117,2999,13,2024-08-18,5,8,1
11118,1105,15,2022-04-21,4,4,1
11119,4772,12,2024-09-24,4,9,0
11120,3478,16,2022-05-01,5,5,1
11121,276,16,2022-07-03,5,7,1
11122,70,15,2023-03-07,5,3,1
11123,2219,3,2023-07-15,4,7,0
11124,2543,12,2024-10-06,5,10,0
11125,4307,3,2023-03-11,4,3,1
11126,1848,12,2024-10-15,5,10,0
11127,2379,19,2022-07-27,3,7,0
11128,1492,19,2022-02-03,5,2,1
11129,2811,15,2024-04-28,4,4,1
11130,928,2,2022-07-05,3,7,0
11131,3013,8,2022-02-16,4,2,1
11132,67,11,2023-09-02,4,9,1
11133,2891,9,2024-09-18,5,9,1
11134,3173,17,2022-12-06,5,12,1
11135,1630,17,2024-10-20,5,10,1
11136,4396,4,2024-06-23,3,6,0
11137,1047,3,2024-05-08,4,5,0
11138,4205,9,2023-09-19,5,9,1
11139,1622,1,2023-01-27,5,1,1
11140,1971,2,2023-12-20,5,12,1
11141,3333,20,2023-12-01,4,12,1
11142,2604,18,2023-01-28,5,1,1
11143,2098,18,2024-05-20,4,5,0
11144,4586,11,2023-06-18,5,6,0
11145,3274,20,2024-09-03,4,9,0
11146,3749,3,2024-09-25,5,9,0
11147,4037,1,2023-05-03,4,5,0
11148,2213,13,2024-12-24,5,12,0
11149,3219,14,2024-07-14,5,7,0
11150,448,8,2022-11-01,5,11,1
11151,4260,13,2024-04-24,4,4,0
11152,575,6,2023-03-09,5,3,1
11153,3292,12,2022-10-18,4,10,0
11154,2611,17,2023-05-28,3,5,0
11155,437,15,2022-11-10,5,11,0
11156,2851,5,2024-11-21,5,11,1
11157,2237,11,2022-10-26,5,10,1
11158,448,8,2022-02-11,4,2,1
11159,2774,12,2024-06-20,3,6,0
11160,2566,16,2024-08-27,5,8,1
11161,4260,17,2024-07-28,3,7,0
11162,2100,10,2022-08-01,4,8,0
11163,4993,16,2024-05-16,5,5,1
11164,3244,1,2022-07-22,4,7,0
11165,2690,4,2024-07-05,4,7,0
11166,940,6,2023-06-27,4,6,0
11167,3631,12,2024-12-25,5,12,1
11168,4237,10,2022-07-05,4,7,0
11169,2382,12,2024-01-05,3,1,1
11170,31,19,2022-12-26,4,12,1
11171,4342,13,2024-06-25,4,6,1
11172,4808,5,2024-10-03,5,10,1
11173,2394,20,2022-03-16,4,3,1
11174,4062,18,2024-11-05,5,11,1
11175,440,7,2023-02-07,5,2,1
11176,2767,16,2022-04-09,4,4,0
11177,912,13,2024-12-17,2,12,0
11178,474,3,2023-11-15,5,11,1
11179,3770,15,2022-09-21,5,9,1
11180,1342,10,2024-07-01,5,7,0
11181,3266,7,2023-06-14,3,6,0
11182,4571,3,2024-04-14,5,4,1
11183,3807,8,2023-07-25,4,7,0
11184,1560,16,2023-06-07,5,6,1
11185,2979,20,2023-02-14,3,2,1
11186,3483,5,2023-12-05,5,12,1
11187,2641,8,2022-12-12,5,12,1
11188,3551,1,2023-12-28,5,12,1
11189,98,13,2024-04-24,2,4,0
11190,1622,7,2024-11-16,5,11,1
11191,2775,3,2023-05-26,4,5,0
11192,3294,4,2022-06-15,4,6,0
11193,3871,15,2024-09-04,5,9,1
11194,1187,14,2022-04-16,4,4,1
11195,4040,10,2022-06-12,5,6,0
11196,1068,14,2023-09-19,5,9,1
11197,1895,13,2022-05-18,5,5,1
11198,435,6,2022-08-15,4,8,0
11199,3276,11,2022-06-21,3,6,0
11200,3698,5,2022-03-12,5,3,1
11201,4770,13,2024-11-05,2,11,0
11202,4156,7,2023-10-05,5,10,1
11203,3785,17,2024-08-22,4,8,0
11204,4685,11,2022-01-03,5,1,1
11205,2717,5,2024-03-13,5,3,1
11206,3835,2,2022-10-13,5,10,1
11207,16,6,2024-07-16,3,7,0
11208,909,15,2022-01-24,4,1,0
11209,967,2,2024-02-20,4,2,1
11210,2510,7,2024-11-03,5,11,1
11211,167,13,2023-11-25,4,11,0
11212,1052,19,2024-10-11,5,10,1
11213,4060,3,2022-06-14,4,6,0
11214,4546,7,2023-08-26,3,8,0
11215,3655,2,2023-04-01,4,4,0
11216,4345,14,2022-06-17,5,6,0
11217,2768,14,2023-08-17,4,8,0
11218,1812,3,2023-09-24,4,9,0
11219,1080,3,2024-10-20,5,10,1
11220,306,3,2024-09-17,5,9,0
11221,3284,1,2024-12-19,4,12,1
11222,3134,17,2022-05-05,3,5,0
11223,1778,5,2022-06-08,5,6,0
11224,317,10,2022-02-16,5,2,1
11225,178,7,2024-02-19,5,2,1
11226,4843,18,2022-07-24,4,7,0
11227,1257,3,2023-11-13,5,11,1
11228,4213,11,2023-07-10,4,7,0
11229,840,16,2023-02-08,4,2,0
11230,2688,20,2023-03-13,5,3,1
11231,18,17,2022-06-13,4,6,0
11232,3705,11,2023-01-03,5,1,1
11233,3522,5,2022-02-06,5,2,1
11234,591,18,2024-06-27,4,6,0
11235,2592,1,2023-06-16,4,6,0
11236,2708,20,2024-01-04,4,1,1
11237,1524,15,2024-04-02,4,4,1
11238,3,16,2023-03-23,4,3,0
11239,3709,10,2023-05-24,3,5,0
11240,4575,4,2023-02-09,5,2,1
11241,2389,5,2023-02-06,5,2,1
11242,1166,4,2023-09-28,4,9,0
11243,2585,19,2022-11-09,5,11,1
11244,4564,13,2022-01-26,4,1,0
11245,1556,2,2022-03-04,5,3,1
11246,4397,7,2022-12-02,5,12,1
11247,1383,7,2023-03-14,5,3,1
11248,3827,16,2024-12-17,5,12,0
11249,2970,4,2024-02-27,5,2,1
11250,815,3,2024-08-01,3,8,0
11251,4655,14,2023-05-12,5,5,1
11252,3365,20,2024-09-03,4,9,0
11253,2549,5,2022-09-23,3,9,0
11254,3577,9,2022-02-22,5,2,1
11255,1867,9,2023-05-04,3,5,0
11256,3151,20,2024-08-18,4,8,0
11257,1876,8,2023-03-21,5,3,1
11258,4098,3,2023-11-21,5,11,1
11259,4524,19,2023-07-28,4,7,0
11260,2922,5,2022-02-28,5,2,1
11261,330,9,2024-04-01,5,4,0
11262,4299,14,2024-03-03,5,3,1
11263,3474,6,2022-09-18,3,9,0
11264,2455,19,2024-05-04,3,5,0
11265,651,15,2023-09-27,5,9,1
11266,3256,9,2022-05-20,4,5,0
11267,2033,9,2023-09-23,5,9,1
11268,1272,6,2022-12-16,5,12,1
11269,915,7,2024-02-13,4,2,1
11270,4507,10,2022-09-04,4,9,0
11271,2840,14,2024-10-09,5,10,1
11272,3905,8,2022-08-27,2,8,0
11273,1468,14,2022-03-02,5,3,1
11274,893,7,2024-04-08,5,4,0
11275,398,7,2024-09-04,3,9,0
11276,589,3,2022-11-17,5,11,1
11277,3974,18,2023-04-24,4,4,0
11278,527,15,2024-01-14,3,1,0
11279,2997,10,2022-10-09,5,10,1
11280,426,1,2024-01-08,5,1,1
11281,466,14,2023-10-11,4,10,1
11282,3243,8,2022-04-10,4,4,0
11283,1164,5,2022-09-02,5,9,0
11284,4542,3,2023-11-20,5,11,1
11285,210,12,2023-08-18,5,8,0
11286,483,14,2024-03-27,5,3,1
11287,4120,10,2024-12-13,4,12,1
11288,665,19,2024-05-09,3,5,0
11289,2899,9,2022-05-06,4,5,0
11290,2385,15,2023-01-20,2,1,0
11291,599,17,2022-01-26,4,1,1
11292,1331,20,2023-11-20,5,11,1
11293,567,5,2022-01-19,5,1,1
11294,541,16,2024-01-24,5,1,0
11295,2948,15,2024-06-14,5,6,1
11296,1658,7,2024-04-18,2,4,0
11297,758,16,2022-09-04,5,9,1
11298,4397,12,2022-03-04,5,3,1
11299,3986,19,2023-12-17,4,12,1
11300,214,6,2024-03-01,5,3,1
11301,2029,17,2023-01-21,5,1,1
11302,2327,16,2022-12-25,3,12,0
11303,4573,3,2023-02-12,4,2,1
11304,2805,15,2022-04-27,5,4,1
11305,4862,18,2022-09-20,3,9,0
11306,761,20,2024-08-21,4,8,0
11307,1914,12,2023-08-13,4,8,0
11308,566,7,2023-12-06,4,12,1
11309,3760,18,2024-06-13,4,6,0
11310,4432,12,2022-04-19,5,4,1
11311,1483,6,2022-07-22,4,7,0
11312,943,5,2022-04-24,5,4,0
11313,767,10,2022-01-09,5,1,1
11314,2608,19,2023-06-24,3,6,0
11315,588,11,2022-07-16,5,7,0
11316,1467,8,2022-07-06,5,7,0
11317,1534,4,2023-11-13,5,11,1
11318,3606,14,2023-08-27,3,8,0
11319,1596,5,2022-10-27,5,10,1
11320,2369,10,2022-02-23,4,2,1
11321,178,7,2023-11-18,5,11,1
11322,1554,11,2024-02-18,5,2,1
11323,1777,11,2024-09-12,5,9,1
11324,3397,11,2022-11-26,5,11,1
11325,4908,19,2023-12-23,5,12,1
11326,3471,9,2024-12-11,5,12,1
11327,4990,10,2022-07-16,4,7,0
11328,724,7,2023-09-06,4,9,0
11329,1344,4,2024-04-07,5,4,0
11330,198,16,2023-10-10,4,10,0
11331,3555,9,2024-07-06,5,7,0
11332,4651,13,2022-06-24,5,6,1
11333,2248,12,2023-11-18,5,11,1
11334,1971,3,2024-08-07,3,8,0
11335,2082,9,2023-09-14,2,9,1
11336,4515,7,2023-11-13,5,11,1
11337,1016,6,2022-06-22,4,6,0
11338,3881,11,2022-04-18,4,4,0
11339,3952,1,2023-02-21,5,2,1
11340,4509,12,2023-04-15,4,4,1
11341,4541,16,2023-05-08,5,5,1
11342,3055,3,2024-10-11,5,10,1
11343,4966,18,2023-12-22,5,12,1
11344,2215,15,2024-12-02,2,12,0
11345,133,4,2023-04-25,4,4,0
11346,815,6,2022-01-14,5,1,1
11347,215,11,2022-08-12,3,8,0
11348,1867,17,2023-06-14,5,6,0
11349,4714,10,2022-04-04,3,4,0
11350,2125,2,2024-03-04,5,3,1
11351,2679,10,2023-11-20,5,11,1
11352,4261,6,2024-05-25,4,5,0
11353,4736,10,2022-10-23,5,10,1
11354,3758,20,2022-02-22,4,2,1
11355,3809,14,2024-09-03,4,9,1
11356,3030,13,2023-03-15,3,3,0
11357,3066,7,2022-09-22,2,9,0
11358,1069,8,2024-08-27,4,8,0
11359,2463,9,2023-09-25,5,9,1
11360,932,16,2022-01-05,5,1,0
11361,680,17,2022-09-10,3,9,0
11362,1002,6,2022-04-23,3,4,0
11363,4027,8,2022-06-18,4,6,0
11364,4772,15,2022-11-25,3,11,0
11365,1795,6,2023-01-28,5,1,1
11366,273,5,2022-03-17,5,3,1
11367,30,3,2022-08-17,4,8,0
11368,4155,19,2022-05-10,3,5,0
11369,3777,20,2022-04-25,3,4,0
11370,1240,18,2022-11-21,5,11,1
11371,947,5,2022-05-23,4,5,0
11372,4208,16,2022-09-26,4,9,1
11373,1786,16,2024-03-21,3,3,0
11374,2010,15,2024-06-14,5,6,1
11375,4532,4,2024-02-13,4,2,1
11376,3631,13,2024-10-17,4,10,0
11377,1411,1,2023-10-08,4,10,0
11378,4220,6,2024-04-23,4,4,0
11379,438,11,2022-07-12,5,7,0
11380,1494,2,2023-07-11,3,7,0
11381,4873,15,2024-05-17,4,5,1
11382,1431,7,2022-06-11,3,6,0
11383,321,6,2022-09-17,4,9,0
11384,1326,12,2023-06-11,5,6,0
11385,2452,8,2023-11-19,5,11,1
11386,1078,1,2023-09-02,3,9,0
11387,3446,20,2024-05-06,3,5,0
11388,4788,8,2024-03-16,5,3,1
11389,4377,15,2024-04-05,5,4,1
11390,1777,1,2022-05-15,4,5,0
11391,2641,3,2024-07-11,4,7,0
11392,1595,5,2022-11-26,5,11,1
11393,3446,4,2024-07-01,4,7,0
11394,1891,1,2023-07-04,4,7,0
11395,4366,14,2022-11-12,5,11,1
11396,1913,14,2023-02-10,4,2,1
11397,3605,19,2023-04-03,4,4,0
11398,609,14,2024-04-06,4,4,1
11399,4568,16,2022-08-26,5,8,1
11400,3671,17,2022-04-21,5,4,0
11401,4111,1,2024-12-22,5,12,1
11402,4826,8,2024-07-05,3,7,0
11403,3569,18,2024-10-21,5,10,1
11404,3871,14,2024-11-27,5,11,1
11405,54,5,2023-12-22,5,12,1
11406,33,16,2023-10-09,4,10,0
11407,2808,19,2022-03-22,4,3,0
11408,592,2,2024-01-13,5,1,1
11409,1298,15,2024-10-28,4,10,1
11410,2161,4,2024-03-14,3,3,0
11411,3364,8,2022-05-21,5,5,0
11412,4303,8,2022-08-15,4,8,0
11413,2154,13,2022-08-11,5,8,1
11414,1442,2,2023-03-05,5,3,1
11415,17,7,2023-09-02,4,9,0
11416,1001,11,2024-01-01,5,1,1
11417,3876,18,2022-03-22,5,3,1
11418,4977,11,2022-12-23,5,12,1
11419,2709,11,2023-06-28,4,6,0
11420,3157,9,2023-05-13,2,5,0
11421,2785,9,2022-08-01,4,8,0
11422,3012,1,2024-12-05,5,12,1
11423,2973,2,2023-08-06,3,8,0
11424,2464,17,2024-08-16,4,8,0
11425,1684,16,2023-12-23,3,12,0
11426,4596,15,2024-03-19,5,3,1
11427,319,9,2022-07-10,4,7,0
11428,2583,4,2024-05-03,4,5,0
11429,1998,2,2023-11-24,5,11,1
11430,3573,20,2022-03-24,5,3,1
11431,2936,12,2022-01-21,4,1,1
11432,4647,19,2022-06-26,4,6,0
11433,785,10,2024-09-25,4,9,0
11434,4769,7,2023-05-06,4,5,0
11435,342,16,2022-09-27,4,9,1
11436,840,5,2023-05-03,4,5,0
11437,2632,17,2024-12-20,5,12,1
11438,2698,1,2024-04-10,4,4,0
11439,4886,3,2023-07-04,3,7,0
11440,2913,13,2022-02-17,4,2,0
11441,1794,1,2024-07-17,3,7,0
11442,704,6,2023-06-07,4,6,0
11443,3811,7,2023-07-24,5,7,0
11444,3627,6,2024-12-25,4,12,1
11445,4760,17,2023-02-20,5,2,1
11446,111,11,2022-01-08,5,1,1
11447,2043,19,2024-01-07,5,1,1
11448,1957,5,2023-03-07,4,3,1
11449,4773,11,2022-05-19,4,5,0
11450,3593,12,2022-03-22,4,3,1
11451,2439,20,2023-01-16,5,1,1
11452,4117,10,2024-09-25,4,9,0
11453,3390,14,2022-04-08,5,4,1
11454,3497,7,2024-05-11,3,5,0
11455,204,17,2024-04-19,5,4,0
11456,147,10,2023-09-19,4,9,0
11457,123,8,2024-11-05,5,11,1
11458,2471,14,2022-12-11,3,12,0
11459,510,13,2022-10-27,3,10,0
11460,2631,10,2023-09-08,3,9,0
11461,4958,9,2022-06-25,4,6,0
11462,3595,10,2024-07-03,4,7,0
11463,446,18,2022-05-17,5,5,0
11464,4374,16,2024-05-01,5,5,1
11465,295,19,2024-12-24,5,12,1
11466,1256,6,2024-09-11,3,9,0
11467,2205,4,2022-02-09,5,2,1
11468,2338,1,2023-09-05,3,9,0
11469,1154,1,2022-02-14,4,2,1
11470,4033,7,2022-11-16,5,11,1
11471,1194,13,2024-12-14,5,12,0
11472,1462,16,2024-02-07,3,2,0
11473,1971,13,2023-09-05,5,9,1
11474,4682,13,2022-10-22,4,10,0
11475,2925,19,2024-08-01,5,8,0
11476,4424,4,2023-04-28,3,4,0
11477,3327,15,2023-07-09,4,7,0
11478,3782,2,2024-08-03,5,8,0
11479,1009,3,2023-01-06,5,1,1
11480,1564,14,2024-03-28,5,3,1
11481,2833,6,2024-05-09,5,5,0
11482,341,12,2023-04-06,5,4,1
11483,1139,19,2023-03-17,4,3,0
11484,1999,16,2022-06-02,5,6,1
11485,4990,18,2022-01-28,5,1,1
11486,2288,15,2022-09-13,4,9,1
11487,2746,18,2022-05-02,5,5,0
11488,2921,17,2023-08-13,4,8,0
11489,4776,9,2024-04-22,4,4,0
11490,3972,4,2022-10-20,5,10,1
11491,3105,16,2024-04-15,4,4,0
11492,2587,10,2023-04-20,3,4,0
11493,1238,7,2024-08-27,5,8,0
11494,4741,4,2023-07-05,4,7,0
11495,1342,14,2023-10-15,5,10,1
11496,2918,16,2023-01-13,3,1,0
11497,3535,14,2024-10-20,4,10,1
11498,2395,19,2022-06-25,3,6,0
11499,2675,16,2022-06-19,5,6,1
11500,2732,8,2022-07-28,5,7,0
11501,1591,1,2022-04-17,4,4,0
11502,3816,20,2024-03-02,4,3,1
11503,1644,19,2022-08-24,3,8,0
11504,3854,17,2023-12-11,5,12,1
11505,1835,2,2024-12-18,5,12,1
11506,592,7,2023-06-27,4,6,0
11507,1663,5,2024-03-07,5,3,1
11508,2151,17,2024-12-19,5,12,1
11509,2751,7,2023-03-09,5,3,1
11510,2229,1,2022-01-08,5,1,1
11511,4044,13,2022-03-27,4,3,0
11512,3165,13,2022-08-12,5,8,1
11513,90,4,2024-05-04,3,5,0
11514,2675,5,2023-01-10,5,1,1
11515,2879,7,2023-07-23,3,7,0
11516,1289,16,2024-11-19,5,11,0
11517,2574,17,2024-05-26,3,5,0
11518,1499,15,2023-04-08,5,4,1
11519,1494,1,2022-11-23,5,11,1
11520,480,10,2022-12-05,5,12,1
11521,4787,2,2023-06-14,3,6,0
11522,529,14,2024-01-01,4,1,0
11523,3212,13,2022-08-03,5,8,1
11524,3182,8,2022-05-21,3,5,0
11525,3000,19,2023-06-05,3,6,0
11526,2131,18,2024-02-13,5,2,1
11527,1406,15,2022-11-21,4,11,0
11528,3452,15,2023-03-09,5,3,1
11529,4136,16,2024-03-04,3,3,0
11530,2512,20,2023-08-05,5,8,0
11531,1351,1,2022-10-01,3,10,0
11532,980,1,2022-09-04,3,9,0
11533,3308,19,2024-08-05,5,8,0
11534,1076,15,2024-04-18,5,4,1
11535,4913,6,2024-11-03,5,11,1
11536,1971,4,2024-05-13,5,5,0
11537,1668,19,2022-06-22,3,6,0
11538,4303,14,2022-06-02,4,6,0
11539,2597,1,2023-07-12,4,7,0
11540,3087,8,2024-03-04,5,3,1
11541,1146,6,2022-07-03,5,7,0
11542,2984,4,2024-05-20,4,5,0
11543,1841,16,2022-01-20,3,1,0
11544,2883,12,2024-03-14,5,3,1
11545,860,9,2023-11-04,5,11,1
11546,2545,7,2023-02-13,5,2,1
11547,4231,2,2022-04-28,4,4,0
11548,1894,11,2022-02-08,5,2,1
11549,775,18,2022-03-09,5,3,1
11550,746,7,2023-12-05,5,12,1
11551,1912,3,2023-10-24,5,10,1
11552,4437,2,2022-10-22,5,10,1
11553,3279,6,2023-03-03,5,3,1
11554,345,9,2022-04-02,4,4,0
11555,900,4,2022-10-25,5,10,1
11556,650,16,2022-09-25,5,9,1
11557,121,15,2022-03-27,5,3,1
11558,2716,5,2023-09-02,4,9,0
11559,634,1,2024-01-06,3,1,1
11560,4196,11,2022-10-19,5,10,1
11561,3044,19,2024-01-11,5,1,1
11562,247,2,2024-04-28,4,4,0
11563,3781,6,2024-09-21,4,9,0
11564,2415,16,2023-03-02,5,3,0
11565,3983,16,2023-06-18,4,6,1
11566,4417,9,2022-08-17,3,8,0
11567,2082,3,2023-12-23,5,12,1
11568,4127,7,2024-06-07,5,6,0
11569,4832,2,2024-02-06,4,2,1
11570,4202,4,2024-10-24,5,10,1
11571,1281,15,2024-03-27,5,3,1
11572,1937,15,2024-07-06,3,7,0
11573,1116,3,2024-03-06,5,3,1
11574,4673,18,2022-12-24,5,12,1
11575,420,10,2022-08-01,5,8,0
11576,3169,3,2022-07-19,3,7,0
11577,4743,6,2023-10-10,5,10,1
11578,1078,18,2022-04-01,4,4,0
11579,1307,7,2024-05-17,4,5,0
11580,3237,5,2022-11-17,5,11,1
11581,2937,11,2022-12-17,5,12,1
11582,4859,4,2022-02-15,5,2,1
11583,4016,14,2022-06-12,4,6,0
11584,3129,10,2024-08-11,4,8,0
11585,3479,10,2022-05-12,4,5,0
11586,4328,10,2023-07-24,4,7,0
11587,3988,15,2024-06-28,5,6,1
11588,864,11,2022-01-21,5,1,1
11589,3595,15,2024-07-20,4,7,0
11590,4473,5,2023-01-19,5,1,1
11591,3615,2,2022-02-22,5,2,1
11592,1204,2,2023-02-01,4,2,1
11593,1698,20,2023-01-18,4,1,1
11594,118,1,2022-02-14,5,2,1
11595,3127,14,2023-02-19,5,2,1
11596,4060,6,2024-10-15,5,10,1
11597,269,14,2022-09-16,5,9,1
11598,1466,3,2024-02-04,5,2,1
11599,4745,10,2023-03-22,5,3,1
11600,3537,13,2024-05-15,5,5,1
11601,3510,17,2023-05-20,4,5,0
11602,1541,9,2023-03-04,4,3,0
11603,762,18,2022-01-24,5,1,1
11604,1953,5,2024-11-18,5,11,1
11605,3837,10,2022-11-06,3,11,1
11606,845,14,2024-06-13,3,6,0
11607,1798,18,2022-09-02,5,9,0
11608,3428,13,2023-11-27,4,11,0
11609,2620,18,2024-05-22,3,5,0
11610,3564,13,2024-02-27,5,2,0
11611,3026,11,2023-11-04,5,11,1
11612,4457,12,2024-05-19,3,5,0
11613,1744,7,2024-05-26,5,5,0
11614,3697,19,2023-07-20,3,7,0
11615,2109,3,2023-06-13,4,6,0
11616,2563,10,2022-07-20,5,7,0
11617,4144,6,2023-06-05,5,6,0
11618,1071,3,2022-08-25,4,8,0
11619,3990,18,2024-09-13,4,9,0
11620,2386,19,2023-12-11,5,12,1
11621,3543,18,2022-03-10,5,3,1
11622,4496,3,2024-11-20,5,11,1
11623,4133,2,2023-09-26,3,9,0
11624,3085,11,2023-08-13,4,8,0
11625,4811,8,2022-12-24,5,12,1
11626,4774,12,2022-10-24,4,10,0
11627,3288,4,2024-07-10,5,7,0
11628,1731,6,2022-05-23,4,5,0
11629,22,5,2024-10-13,5,10,1
11630,4304,16,2024-06-25,5,6,1
11631,1252,17,2024-05-17,4,5,0
11632,747,20,2022-11-09,5,11,1
11633,428,18,2022-04-04,4,4,0
11634,2430,13,2023-06-07,5,6,1
11635,3945,13,2022-04-21,5,4,0
11636,770,14,2024-11-09,5,11,1
11637,2520,5,2023-02-02,5,2,1
11638,873,2,2023-04-08,3,4,0
11639,2083,6,2022-03-08,5,3,1
11640,279,18,2023-06-14,3,6,0
11641,1870,18,2023-11-15,5,11,1
11642,4592,9,2023-05-12,5,5,0
11643,4392,2,2022-06-21,4,6,0
11644,2944,17,2024-06-25,3,6,0
11645,2331,13,2024-04-28,4,4,0
11646,3496,6,2023-05-15,4,5,0
11647,4038,16,2023-08-02,5,8,1
11648,2839,7,2023-07-04,5,7,0
11649,3499,13,2023-06-03,5,6,1
11650,3454,5,2022-12-18,5,12,1
11651,274,14,2023-05-18,4,5,1
11652,4738,11,2023-08-02,3,8,0
11653,1961,16,2023-11-26,3,11,0
11654,4526,7,2024-12-12,5,12,1
11655,2941,14,2022-11-24,4,11,1
11656,2716,5,2024-07-16,5,7,0
11657,2157,8,2024-10-08,4,10,1
11658,3609,16,2023-10-22,4,10,0
11659,1353,7,2024-01-17,5,1,1
11660,1722,3,2023-08-09,4,8,0
11661,4388,13,2024-10-10,4,10,0
11662,439,12,2024-09-10,4,9,0
11663,4650,15,2023-02-05,4,2,0
11664,4475,3,2023-10-28,5,10,1
11665,4157,6,2024-02-14,5,2,1
11666,3053,6,2022-02-13,4,2,1
11667,4860,3,2023-06-03,4,6,0
11668,815,9,2024-09-09,4,9,1
11669,137,11,2024-04-27,4,4,0
11670,2237,1,2023-03-07,5,3,1
11671,4523,8,2022-09-11,3,9,0
11672,4360,1,2022-03-16,5,3,1
11673,4217,16,2024-12-16,5,12,0
11674,235,6,2022-06-26,3,6,0
11675,642,3,2022-11-21,4,11,1
11676,236,9,2022-06-07,4,6,0
11677,4310,14,2022-10-23,4,10,1
11678,13,12,2023-08-09,4,8,0
11679,477,6,2023-02-17,5,2,1
11680,1425,18,2022-08-23,3,8,0
11681,4392,8,2023-08-27,4,8,0
11682,1328,11,2022-01-03,5,1,1
11683,4071,10,2023-01-22,3,1,1
11684,4895,14,2024-08-03,4,8,0
11685,2668,4,2022-10-08,5,10,1
11686,1788,2,2023-06-08,2,6,0
11687,508,6,2024-09-24,5,9,0
11688,4748,18,2022-02-26,5,2,1
11689,4669,15,2022-04-12,5,4,1
11690,1510,15,2024-07-15,3,7,0
11691,262,1,2024-02-11,5,2,1
11692,1572,18,2022-07-21,4,7,0
11693,2059,2,2022-07-24,4,7,0
11694,3,17,2022-07-28,3,7,0
11695,1448,1,2023-08-03,5,8,0
11696,57,4,2023-06-19,3,6,0
11697,1980,15,2022-05-14,5,5,1
11698,3304,12,2022-08-01,4,8,0
11699,4367,6,2024-09-07,5,9,0
11700,185,14,2024-04-27,5,4,1
11701,2255,16,2022-10-08,5,10,0
11702,4372,7,2022-04-17,5,4,0
11703,2012,10,2024-06-06,5,6,0
11704,3326,15,2024-12-03,4,12,0
11705,4005,4,2022-07-07,3,7,0
11706,211,9,2022-09-13,5,9,1
11707,4586,8,2023-09-25,4,9,0
11708,2640,10,2022-03-20,4,3,1
11709,1206,15,2023-02-26,5,2,0
11710,2716,7,2022-08-10,4,8,0
11711,1558,7,2024-05-04,4,5,0
11712,168,4,2023-01-12,4,1,1
11713,1655,12,2022-11-24,4,11,1
11714,4290,2,2024-07-24,3,7,0
11715,4723,19,2022-03-10,4,3,0
11716,4016,6,2023-04-17,4,4,0
11717,253,4,2023-08-05,3,8,0
11718,4711,11,2023-12-12,5,12,1
11719,1080,6,2022-10-25,5,10,1
11720,2113,9,2023-12-01,5,12,1
11721,523,12,2023-10-27,5,10,0
11722,51,19,2022-01-06,4,1,1
11723,1911,11,2023-07-28,4,7,0
11724,3960,11,2023-05-23,3,5,0
11725,1982,20,2024-03-22,5,3,1
11726,3040,11,2023-05-14,4,5,0
11727,3890,19,2022-10-27,4,10,1
11728,2059,10,2024-07-04,4,7,0
11729,4967,4,2023-03-08,3,3,0
11730,505,15,2024-07-08,5,7,0
11731,3962,11,2022-01-20,5,1,1
11732,1705,2,2024-07-11,3,7,0
11733,1526,6,2023-01-22,3,1,1
11734,3314,15,2022-08-24,3,8,0
11735,3732,6,2022-06-22,4,6,0
11736,4843,1,2023-08-16,4,8,0
11737,13,19,2024-02-04,4,2,1
11738,1515,18,2022-02-09,5,2,1
11739,696,2,2022-11-02,5,11,1
11740,4031,16,2023-12-17,4,12,0
11741,2361,7,2024-12-18,5,12,1
11742,1070,16,2024-06-07,5,6,1
11743,4373,16,2022-11-06,3,11,0
11744,4715,12,2022-07-12,4,7,0
11745,3743,17,2022-12-02,5,12,1
11746,580,4,2022-07-23,4,7,0
11747,4876,14,2022-03-02,3,3,1
11748,3915,11,2023-03-07,4,3,0
11749,1671,1,2024-03-25,5,3,1
11750,1783,5,2024-02-03,5,2,1
11751,3822,4,2024-06-22,4,6,0
11752,1898,12,2024-03-08,5,3,1
11753,906,8,2024-08-05,3,8,0
11754,3001,12,2024-12-13,5,12,1
11755,2131,9,2022-09-26,5,9,1
11756,4126,15,2022-03-01,4,3,1
11757,711,15,2024-06-06,5,6,1
11758,694,15,2023-02-20,4,2,0
11759,4590,7,2023-08-15,3,8,0
11760,664,18,2023-01-04,5,1,1
11761,2881,5,2022-10-01,5,10,1
11762,800,6,2024-04-11,4,4,0
11763,160,20,2023-12-09,5,12,1
11764,1483,19,2022-07-12,4,7,0
11765,2947,3,2023-08-17,5,8,0
11766,3236,11,2023-04-14,3,4,0
11767,4349,15,2023-09-04,5,9,1
11768,328,20,2023-12-28,4,12,1
11769,958,6,2023-11-10,4,11,1
11770,3934,17,2024-07-04,3,7,0
11771,1076,11,2024-01-08,5,1,1
11772,929,5,2022-08-06,4,8,0
11773,3532,6,2024-05-11,4,5,0
11774,4821,7,2023-04-28,5,4,0
11775,1195,1,2022-10-27,4,10,0
11776,3307,15,2022-07-18,3,7,0
11777,2797,1,2023-12-01,5,12,1
11778,11,10,2023-07-12,4,7,0
11779,2816,4,2022-11-12,5,11,1
11780,4654,1,2024-01-12,5,1,1
11781,3376,16,2022-03-05,4,3,0
11782,97,3,2024-10-10,5,10,1
11783,868,16,2024-03-25,3,3,0
11784,1471,6,2023-06-15,5,6,0
11785,16,7,2024-12-10,5,12,1
11786,3564,1,2024-08-23,3,8,0
11787,541,5,2022-09-22,5,9,0
11788,3295,1,2023-10-02,4,10,0
11789,248,18,2024-10-19,4,10,1
11790,4104,2,2022-02-24,4,2,1
11791,3655,10,2022-08-12,4,8,0
11792,4717,6,2022-01-22,5,1,1
11793,3263,12,2022-12-19,4,12,1
11794,1666,20,2022-09-01,5,9,0
11795,574,20,2022-06-27,4,6,0
11796,785,12,2024-08-17,4,8,0
11797,966,19,2024-03-08,4,3,0
11798,281,1,2022-04-12,2,4,0
11799,190,13,2023-09-17,5,9,1
11800,2282,9,2024-10-24,5,10,1
11801,151,8,2023-09-09,3,9,0
11802,107,11,2022-07-01,4,7,0
11803,3806,13,2023-04-07,5,4,0
11804,4975,1,2022-09-28,4,9,0
11805,2556,20,2023-11-05,5,11,1
11806,818,14,2023-12-08,5,12,0
11807,2045,3,2022-01-02,5,1,1
11808,4097,19,2023-11-16,5,11,1
11809,4115,16,2024-04-25,4,4,0
11810,900,1,2024-09-27,3,9,0
11811,2050,17,2022-09-28,3,9,0
11812,4335,4,2023-07-02,5,7,0
11813,1047,7,2023-06-18,5,6,0
11814,3762,8,2024-05-28,4,5,0
11815,2306,20,2022-10-22,5,10,1
11816,2872,16,2022-06-09,4,6,1
11817,4054,5,2022-11-27,5,11,1
11818,2770,6,2024-09-02,5,9,0
11819,1432,2,2022-03-18,5,3,1
11820,499,5,2023-06-24,3,6,0
11821,4447,13,2022-12-14,4,12,0
11822,279,3,2024-02-15,5,2,1
11823,3793,7,2024-09-09,3,9,0
11824,4116,19,2023-11-23,4,11,1
11825,1455,18,2023-02-18,5,2,1
11826,412,3,2022-06-15,4,6,0
11827,2432,19,2024-03-06,5,3,0
11828,2904,2,2024-07-15,4,7,0
11829,2318,2,2023-03-13,5,3,1
11830,4499,18,2022-12-19,5,12,1
11831,4737,5,2022-12-25,5,12,1
11832,4098,5,2022-01-26,5,1,1
11833,4316,1,2022-09-02,5,9,0
11834,2252,9,2022-03-20,3,3,0
11835,1460,7,2024-09-11,5,9,0
11836,2214,7,2024-02-03,5,2,1
11837,4932,18,2024-11-05,5,11,1
11838,1780,15,2022-05-11,4,5,1
11839,300,15,2024-12-01,4,12,0
11840,880,13,2022-10-17,5,10,0
11841,4262,12,2022-01-26,4,1,1
11842,56,13,2022-04-09,5,4,0
11843,3913,9,2023-01-06,5,1,1
11844,4669,4,2023-05-14,3,5,0
11845,4463,19,2022-04-06,5,4,0
11846,1053,17,2022-02-16,5,2,1
11847,3998,12,2024-05-20,4,5,0
11848,1675,2,2022-07-09,4,7,0
11849,3184,5,2024-04-05,4,4,0
11850,893,10,2024-04-16,3,4,0
11851,2513,16,2023-10-08,4,10,0
11852,3119,20,2023-12-18,3,12,1
11853,567,3,2024-06-17,4,6,0
11854,4882,4,2022-12-26,4,12,1
11855,987,19,2023-06-08,3,6,0
11856,1937,11,2024-04-24,4,4,0
11857,2549,9,2024-05-09,3,5,0
11858,4837,10,2022-07-27,4,7,0
11859,162,18,2023-05-03,4,5,0
11860,478,16,2023-04-08,3,4,0
11861,385,20,2023-04-24,3,4,0
11862,2892,17,2024-04-06,4,4,0
11863,4094,19,2024-12-17,5,12,1
11864,1058,6,2024-11-28,5,11,1
11865,4454,4,2022-10-08,5,10,1
11866,2468,11,2023-04-23,4,4,0
11867,3315,9,2024-05-27,5,5,0
11868,3382,8,2024-11-09,5,11,1
11869,417,17,2023-06-20,4,6,0
11870,2840,7,2024-10-01,4,10,1
11871,676,12,2023-02-24,5,2,1
11872,1623,4,2022-09-14,4,9,0
11873,4462,10,2022-05-28,5,5,0
11874,4165,10,2024-04-17,5,4,0
11875,2934,14,2023-10-19,4,10,1
11876,1740,12,2022-01-07,5,1,1
11877,3941,7,2023-02-15,5,2,1
11878,2612,3,2024-05-22,4,5,0
11879,1230,14,2022-02-17,5,2,1
11880,589,20,2024-07-20,3,7,0
11881,2133,16,2022-07-09,3,7,1
11882,4136,10,2024-06-08,3,6,0
11883,4037,14,2022-10-17,5,10,1
11884,398,19,2024-09-04,4,9,1
11885,603,3,2023-05-02,4,5,0
11886,1866,20,2023-06-11,5,6,0
11887,575,9,2024-09-13,5,9,1
11888,1613,7,2024-04-11,3,4,0
11889,2519,16,2022-08-28,5,8,1
11890,2543,3,2024-08-28,4,8,0
11891,422,15,2024-08-24,4,8,0
11892,57,13,2024-09-03,5,9,1
11893,818,13,2024-07-18,5,7,1
11894,2163,3,2022-09-03,5,9,0
11895,3076,13,2022-05-08,5,5,1
11896,1909,16,2023-01-05,4,1,0
11897,1654,6,2022-10-11,5,10,1
11898,45,5,2022-08-13,4,8,0
11899,1809,6,2022-05-04,4,5,0
11900,1701,5,2024-10-25,5,10,1
11901,4713,10,2023-10-07,5,10,1
11902,1442,19,2022-06-24,4,6,0
11903,3303,3,2024-04-18,5,4,1
11904,246,17,2024-06-11,5,6,0
11905,2646,18,2024-02-05,5,2,1
11906,1785,1,2022-12-15,5,12,1
11907,3596,17,2024-03-08,5,3,1
11908,4508,8,2022-05-26,4,5,0
11909,1689,15,2023-06-09,4,6,1
11910,535,12,2022-08-06,5,8,0
11911,997,2,2022-11-12,5,11,1
11912,3129,12,2024-02-10,5,2,1
11913,3106,11,2024-08-06,3,8,0
11914,2728,16,2024-10-26,4,10,0
11915,3268,17,2024-01-13,5,1,1
11916,4650,17,2022-11-28,4,11,1
11917,464,1,2023-12-21,4,12,1
11918,4470,7,2022-08-05,4,8,0
11919,4081,8,2024-05-28,3,5,0
11920,1460,2,2022-09-10,2,9,0
11921,1062,17,2022-05-01,5,5,0
11922,935,2,2023-12-14,4,12,1
11923,3017,16,2022-12-20,3,12,0
11924,3607,11,2022-06-11,3,6,0
11925,572,6,2023-10-19,5,10,1
11926,2246,11,2023-11-09,5,11,1
11927,16,15,2022-09-14,5,9,1
11928,3137,2,2024-03-16,3,3,1
11929,4281,17,2023-07-11,4,7,0
11930,3646,13,2023-02-07,5,2,0
11931,2003,10,2022-02-26,5,2,1
11932,396,6,2023-01-07,4,1,1
11933,2023,19,2024-08-25,4,8,0
11934,561,17,2022-06-25,4,6,0
11935,4020,13,2023-12-15,5,12,0
11936,2833,18,2022-08-17,4,8,0
11937,2123,10,2024-01-25,5,1,1
11938,3290,6,2023-06-09,4,6,0
11939,1686,10,2022-04-15,5,4,0
11940,3115,6,2023-10-23,5,10,1
11941,163,8,2024-08-27,3,8,0
11942,2116,19,2022-07-12,5,7,0
11943,903,6,2022-01-04,5,1,1
11944,4164,15,2023-05-20,5,5,1
11945,306,2,2024-11-18,5,11,1
11946,4255,20,2023-08-15,4,8,0
11947,4966,8,2024-12-25,5,12,1
11948,3880,4,2024-08-18,5,8,0
11949,2393,4,2023-10-14,5,10,1
11950,840,13,2024-07-27,5,7,1
11951,946,14,2023-09-12,5,9,1
11952,2470,20,2023-10-07,4,10,1
11953,1736,12,2024-04-22,4,4,1
11954,1587,3,2024-07-14,5,7,0
11955,4156,8,2024-02-01,5,2,1
11956,3973,17,2024-05-27,3,5,0
11957,2240,8,2024-10-21,5,10,1
11958,4175,20,2024-11-11,4,11,1
11959,647,18,2024-06-05,3,6,0
11960,4004,3,2022-07-22,5,7,0
11961,4661,1,2022-11-13,5,11,1
11962,4603,19,2022-04-25,3,4,0
11963,2612,2,2023-07-02,3,7,0
11964,1994,5,2024-10-06,5,10,1
11965,563,17,2022-10-26,4,10,1
11966,4901,9,2023-12-27,5,12,1
11967,3427,15,2023-11-28,5,11,0
11968,3165,16,2023-06-08,5,6,1
11969,1803,18,2022-02-05,5,2,1
11970,2171,12,2023-09-22,4,9,0
11971,4898,13,2022-06-24,5,6,1
11972,601,7,2023-04-23,4,4,0
11973,4269,6,2022-12-10,5,12,1
11974,2911,3,2024-10-08,5,10,1
11975,3314,3,2024-04-18,5,4,1
11976,4277,1,2024-10-03,3,10,0
11977,3392,16,2022-02-11,4,2,0
11978,4250,20,2022-07-12,4,7,0
11979,1653,17,2024-01-22,5,1,1
11980,4944,13,2024-06-22,5,6,1
11981,1549,14,2024-04-26,4,4,1
11982,134,12,2024-05-03,3,5,0
11983,2076,11,2024-07-25,4,7,0
11984,3523,8,2024-02-22,5,2,1
11985,137,20,2023-03-25,5,3,1
11986,1503,18,2023-06-06,3,6,0
11987,1387,3,2023-09-07,4,9,0
11988,4788,6,2022-08-19,5,8,0
11989,275,18,2023-09-02,5,9,0
11990,1235,10,2023-04-18,4,4,0
11991,2880,14,2023-11-14,5,11,1
11992,2316,6,2024-11-02,5,11,1
11993,1699,14,2023-07-19,5,7,0
11994,4949,1,2022-04-23,4,4,0
11995,1456,1,2022-09-27,3,9,0
11996,205,19,2022-07-07,4,7,0
11997,4299,8,2022-11-23,4,11,1
11998,1834,18,2023-09-28,4,9,0
11999,3370,20,2022-12-16,4,12,1
12000,2505,9,2023-01-12,5,1,1
