UserID,Name,Email,Preferences,Gender,NumberOfAdults,NumberOfChildren,Age,City
1,Ayaan,ayaan26@outlook.com,"City, Nature",Male,1,0,65,Ahmedabad
2,Sai,sai605@hotmail.com,"Nature, Adventure",Male,1,0,56,Mumbai
3,Mohan,mohan204@rediffmail.com,Nature,Male,2,0,18,Bangalore
4,Lakshmi,lakshmi349@outlook.com,"Adventure, City",Male,5,0,23,Kolkata
5,Reyansh,reyansh368@outlook.com,"Nature, Adventure, Beach",Female,4,1,52,Delhi
6,Vikram,vikram81@rediffmail.com,"Nature, Historical",Other,3,2,54,Chennai
7,Arjun,arjun47@yahoo.com,"Nature, Historical",Male,4,2,42,Hyderabad
8,Divya,divya651@outlook.com,"Historical, Nature",Female,2,1,62,Delhi
9,Rekha,rekha651@yahoo.com,"Beach, Historical, Nature",Other,2,0,35,Ahmedabad
10,Kiara,kiara702@outlook.com,"Nature, Adventure",Male,4,2,43,Hyderabad
11,Arjun,arjun217@rediffmail.com,"Adventure, Historical",Male,3,0,59,Jaipur
12,Ishaan,ishaan272@yahoo.com,"City, Nature",Other,3,0,55,Kolkata
13,Geeta,geeta409@outlook.com,"City, Nature",Male,3,0,21,Delhi
14,Ishaan,ishaan643@yahoo.com,Nature,Other,1,0,47,Ahmedabad
15,Priya,priya995@rediffmail.com,"Beach, Historical",Other,3,1,52,Hyderabad
16,Rohit,rohit115@outlook.com,Nature,Male,2,3,64,Hyderabad
17,Neha,neha781@yahoo.com,City,Male,4,0,58,Ahmedabad
18,Rekha,rekha204@yahoo.com,"City, Adventure",Male,3,1,51,Mumbai
19,Rekha,rekha332@hotmail.com,"Beach, Historical",Male,5,2,37,Chennai
20,Vihaan,vihaan247@rediffmail.com,"City, Historical",Male,3,2,52,Bangalore
21,Krishna,krishna676@hotmail.com,"Beach, Historical, Nature",Male,2,2,45,Chennai
22,Ritika,ritika774@yahoo.com,"Nature, Historical",Female,5,1,46,Ahmedabad
23,Pooja,pooja124@yahoo.com,"City, Nature",Male,2,1,32,Surat
24,Kiara,kiara8@gmail.com,"Nature, Adventure",Male,1,0,39,Delhi
25,Neha,neha244@outlook.com,Adventure,Male,3,1,54,Surat
26,Tanvi,tanvi249@hotmail.com,Nature,Male,1,1,40,Kolkata
27,Deepa,deepa479@gmail.com,"Beach, Nature",Male,2,0,24,Chennai
28,Diya,diya195@rediffmail.com,Historical,Male,2,0,33,Delhi
29,Pooja,pooja828@rediffmail.com,"Beach, Nature",Male,3,1,18,Delhi
30,Riya,riya171@hotmail.com,Adventure,Female,2,0,21,Bangalore
31,Vikram,vikram3@hotmail.com,"Beach, City",Female,2,1,64,Ahmedabad
32,Shruti,shruti159@yahoo.com,"Nature, Historical",Male,5,1,52,Mumbai
33,Rahul,rahul59@gmail.com,"City, Historical, Adventure",Female,3,2,28,Mumbai
34,Neha,neha83@yahoo.com,"City, Historical",Other,1,2,43,Delhi
35,Sunita,sunita253@rediffmail.com,"Nature, Adventure, Beach",Male,3,0,55,Surat
36,Anjali,anjali324@outlook.com,"Beach, Adventure",Other,3,0,43,Bangalore
37,Nisha,nisha469@outlook.com,"City, Historical",Male,2,3,24,Delhi
38,Ritika,ritika219@rediffmail.com,"Beach, City",Male,5,2,33,Pune
39,Meera,meera162@hotmail.com,"Beach, Historical, Nature",Other,2,3,59,Ahmedabad
40,Aarav,aarav684@rediffmail.com,"Nature, Historical",Other,1,2,34,Delhi
41,Reyansh,reyansh761@rediffmail.com,"Adventure, City",Female,2,0,39,Chennai
42,Priya,priya518@hotmail.com,"Beach, City",Male,1,0,35,Mumbai
43,Aarav,aarav342@yahoo.com,"Beach, City",Male,3,1,45,Ahmedabad
44,Aarav,aarav115@gmail.com,"Adventure, City",Other,1,0,53,Bangalore
45,Lakshmi,lakshmi131@gmail.com,"Nature, Historical",Female,4,2,20,Pune
46,Aadhya,aadhya699@yahoo.com,"Beach, Nature",Female,4,2,44,Surat
47,Ishaan,ishaan948@yahoo.com,"Historical, Nature",Male,4,0,65,Pune
48,Deepa,deepa822@yahoo.com,"Beach, City",Male,4,0,20,Jaipur
49,Kiara,kiara205@hotmail.com,"City, Adventure",Female,4,2,32,Mumbai
50,Diya,diya409@outlook.com,"Beach, City",Male,5,0,59,Ahmedabad
51,Kiran,kiran696@rediffmail.com,"Adventure, Historical",Male,1,3,29,Surat
52,Priya,priya40@gmail.com,"Nature, Adventure, Beach",Female,2,2,45,Surat
53,Neha,neha119@hotmail.com,"City, Historical, Adventure",Male,2,1,18,Ahmedabad
54,Ritika,ritika704@yahoo.com,"City, Adventure",Female,1,1,39,Surat
55,Rahul,rahul680@gmail.com,"Nature, Historical",Other,2,0,43,Hyderabad
56,Mohan,mohan131@yahoo.com,Nature,Other,5,1,29,Surat
57,Sunita,sunita309@hotmail.com,"Beach, Historical, Nature",Male,2,0,55,Surat
58,Rahul,rahul477@hotmail.com,Historical,Other,2,0,65,Bangalore
59,Sai,sai291@rediffmail.com,"Nature, Adventure, Beach",Female,1,3,33,Hyderabad
60,Kiara,kiara826@yahoo.com,"Adventure, City",Male,1,3,57,Delhi
61,Divya,divya425@rediffmail.com,"Beach, Adventure",Other,3,0,33,Bangalore
62,Aarav,aarav915@gmail.com,Nature,Male,2,3,51,Jaipur
63,Vihaan,vihaan571@yahoo.com,"Beach, Nature",Female,1,0,51,Ahmedabad
64,Rekha,rekha325@hotmail.com,"Nature, Adventure, Beach",Other,4,0,53,Jaipur
65,Kavya,kavya762@hotmail.com,Historical,Female,4,2,35,Ahmedabad
66,Shruti,shruti642@yahoo.com,"Beach, City",Female,1,0,35,Pune
67,Rahul,rahul915@rediffmail.com,"City, Historical",Male,2,0,27,Chennai
68,Arjun,arjun425@hotmail.com,"Adventure, Historical",Other,2,0,44,Kolkata
69,Geeta,geeta969@gmail.com,"City, Historical, Adventure",Female,2,2,37,Kolkata
70,Deepa,deepa552@rediffmail.com,"Nature, Adventure, Beach",Male,2,0,49,Mumbai
71,Vikram,vikram345@hotmail.com,"Historical, Nature",Female,5,3,52,Mumbai
72,Kiran,kiran607@rediffmail.com,"Beach, Historical",Male,3,0,47,Bangalore
73,Vihaan,vihaan267@hotmail.com,"Adventure, Historical",Male,2,0,42,Hyderabad
74,Deepa,deepa259@gmail.com,Adventure,Male,3,0,40,Chennai
75,Arjun,arjun800@gmail.com,"Beach, Historical",Male,2,0,27,Chennai
76,Krishna,krishna485@gmail.com,"City, Historical, Adventure",Male,2,0,41,Bangalore
77,Rekha,rekha622@gmail.com,"Historical, Nature",Female,1,0,37,Surat
78,Vikram,vikram407@yahoo.com,"City, Historical",Other,3,1,24,Hyderabad
79,Rekha,rekha825@gmail.com,"City, Historical, Adventure",Male,2,0,41,Delhi
80,Neha,neha664@outlook.com,"Beach, Historical",Female,4,0,41,Jaipur
81,Ishaan,ishaan446@yahoo.com,City,Other,2,2,52,Jaipur
82,Divya,divya447@rediffmail.com,"Beach, City",Female,4,2,23,Hyderabad
83,Pooja,pooja250@hotmail.com,"City, Historical, Adventure",Other,3,0,49,Pune
84,Ananya,ananya500@yahoo.com,"City, Adventure",Female,2,2,62,Hyderabad
85,Mohan,mohan11@rediffmail.com,"Beach, Adventure",Male,2,0,53,Chennai
86,Tanvi,tanvi662@hotmail.com,Historical,Male,1,0,62,Chennai
87,Nisha,nisha680@rediffmail.com,"City, Adventure",Female,3,0,65,Ahmedabad
88,Rohit,rohit361@hotmail.com,"Beach, City",Female,2,0,30,Pune
89,Ayaan,ayaan761@rediffmail.com,"Historical, Nature",Male,2,0,64,Surat
90,Anjali,anjali612@outlook.com,"Beach, Nature",Male,2,0,37,Mumbai
91,Ritika,ritika130@outlook.com,"Nature, Adventure",Male,3,1,26,Jaipur
92,Reyansh,reyansh894@gmail.com,"City, Historical, Adventure",Female,2,0,29,Mumbai
93,Priya,priya964@hotmail.com,"Beach, Nature",Male,2,0,58,Mumbai
94,Ishaan,ishaan153@rediffmail.com,"Nature, Historical",Male,5,0,44,Surat
95,Rekha,rekha810@rediffmail.com,"City, Nature",Other,2,2,37,Surat
96,Lakshmi,lakshmi313@rediffmail.com,"Nature, Adventure, Beach",Male,3,1,31,Chennai
97,Priya,priya677@gmail.com,"Historical, Nature",Male,2,0,18,Kolkata
98,Pooja,pooja706@rediffmail.com,Adventure,Female,1,0,36,Jaipur
99,Arjun,arjun704@yahoo.com,"Beach, City",Other,3,2,30,Kolkata
100,Ayaan,ayaan558@yahoo.com,"Adventure, City",Female,4,0,28,Hyderabad
101,Rekha,rekha767@rediffmail.com,"Nature, Historical",Female,1,1,62,Kolkata
102,Sneha,sneha513@rediffmail.com,Adventure,Female,1,0,45,Pune
103,Rekha,rekha257@gmail.com,"City, Historical",Male,5,2,54,Surat
104,Vivaan,vivaan784@outlook.com,"City, Historical, Adventure",Male,4,0,51,Jaipur
105,Sneha,sneha186@rediffmail.com,Nature,Other,4,3,48,Pune
106,Deepa,deepa342@outlook.com,"Beach, Nature",Male,2,1,36,Kolkata
107,Mohan,mohan38@hotmail.com,"City, Historical",Female,2,0,43,Ahmedabad
108,Aarav,aarav674@rediffmail.com,Historical,Female,1,1,57,Jaipur
109,Pooja,pooja779@gmail.com,"Beach, Adventure",Female,3,2,46,Jaipur
110,Ayaan,ayaan30@rediffmail.com,"City, Nature",Other,2,1,53,Kolkata
111,Sai,sai231@gmail.com,Historical,Male,3,0,63,Hyderabad
112,Neha,neha723@outlook.com,Nature,Female,5,0,53,Bangalore
113,Vikram,vikram196@rediffmail.com,City,Other,4,2,35,Kolkata
114,Rohit,rohit957@rediffmail.com,"Beach, City",Male,2,0,55,Surat
115,Shruti,shruti887@yahoo.com,Historical,Other,2,0,52,Kolkata
116,Divya,divya956@outlook.com,"Beach, Adventure",Other,2,0,44,Mumbai
117,Rahul,rahul763@hotmail.com,Beach,Female,5,2,59,Bangalore
118,Shruti,shruti988@gmail.com,"Adventure, City",Other,5,0,24,Jaipur
119,Reyansh,reyansh539@hotmail.com,"Beach, Historical",Other,1,2,27,Delhi
120,Tanvi,tanvi801@outlook.com,"Adventure, Historical",Other,3,1,39,Ahmedabad
121,Vikram,vikram978@outlook.com,Adventure,Other,1,0,58,Hyderabad
122,Kiara,kiara765@gmail.com,Nature,Male,4,1,24,Jaipur
123,Kavya,kavya711@outlook.com,"Beach, Historical",Male,2,0,40,Pune
124,Lakshmi,lakshmi150@yahoo.com,City,Female,3,2,28,Bangalore
125,Sai,sai625@hotmail.com,"Nature, Adventure, Beach",Other,2,2,27,Chennai
126,Divya,divya654@outlook.com,Historical,Female,3,2,47,Hyderabad
127,Ritika,ritika162@gmail.com,Historical,Female,5,0,45,Hyderabad
128,Divya,divya866@outlook.com,"Beach, Adventure",Female,4,0,42,Surat
129,Amit,amit589@outlook.com,"Nature, Historical",Male,5,1,35,Mumbai
130,Sunita,sunita886@gmail.com,"Nature, Adventure, Beach",Other,2,2,36,Chennai
131,Rekha,rekha822@outlook.com,"City, Nature",Other,2,0,64,Bangalore
132,Reyansh,reyansh926@gmail.com,"Nature, Historical",Female,1,0,26,Delhi
133,Meera,meera335@hotmail.com,"Historical, Nature",Male,1,1,41,Ahmedabad
134,Neha,neha936@outlook.com,"Historical, Nature",Female,5,2,36,Pune
135,Ayaan,ayaan480@gmail.com,"Adventure, City",Male,4,1,43,Ahmedabad
136,Suresh,suresh93@hotmail.com,"Beach, Historical",Female,3,0,61,Hyderabad
137,Geeta,geeta391@outlook.com,"Beach, Nature",Other,2,0,53,Pune
138,Usha,usha227@gmail.com,Historical,Other,2,0,26,Mumbai
139,Aditya,aditya312@hotmail.com,"Beach, Nature",Male,2,1,42,Jaipur
140,Suresh,suresh687@rediffmail.com,Nature,Other,3,0,44,Delhi
141,Shruti,shruti631@hotmail.com,"Beach, City",Male,3,0,46,Chennai
142,Suresh,suresh102@outlook.com,"Beach, Historical, Nature",Other,2,0,30,Delhi
143,Divya,divya94@yahoo.com,"Nature, Adventure, Beach",Male,1,0,26,Surat
144,Aadhya,aadhya71@rediffmail.com,"Beach, Adventure",Other,2,2,39,Bangalore
145,Rekha,rekha3@outlook.com,"Adventure, City",Male,3,2,25,Mumbai
146,Krishna,krishna16@outlook.com,"City, Nature",Other,2,0,21,Bangalore
147,Deepa,deepa539@gmail.com,"City, Historical",Female,2,0,55,Delhi
148,Pooja,pooja516@yahoo.com,"Nature, Adventure, Beach",Male,3,2,60,Ahmedabad
149,Nisha,nisha470@gmail.com,"Nature, Adventure",Female,4,0,24,Jaipur
150,Pooja,pooja76@gmail.com,"Adventure, Historical",Other,1,0,57,Surat
151,Mohan,mohan730@outlook.com,Beach,Other,3,0,56,Kolkata
152,Reyansh,reyansh813@gmail.com,"Beach, Historical, Nature",Other,4,0,32,Kolkata
153,Rohit,rohit848@hotmail.com,Beach,Female,3,0,38,Hyderabad
154,Suresh,suresh977@yahoo.com,Adventure,Male,1,0,45,Delhi
155,Suresh,suresh832@yahoo.com,"Beach, Historical, Nature",Male,3,1,39,Delhi
156,Deepa,deepa363@hotmail.com,"Nature, Adventure",Female,3,0,54,Ahmedabad
157,Aadhya,aadhya159@hotmail.com,"City, Nature",Male,2,1,25,Hyderabad
158,Sunita,sunita232@hotmail.com,"Beach, Historical, Nature",Other,3,1,19,Surat
159,Sneha,sneha30@yahoo.com,"Beach, City",Other,4,2,40,Mumbai
160,Ananya,ananya891@yahoo.com,"City, Historical, Adventure",Other,2,0,58,Mumbai
161,Sai,sai765@rediffmail.com,"Beach, Adventure",Female,2,0,41,Hyderabad
162,Rahul,rahul796@rediffmail.com,"Nature, Adventure, Beach",Male,4,0,57,Mumbai
163,Sai,sai279@hotmail.com,Nature,Female,3,0,31,Ahmedabad
164,Ayaan,ayaan354@hotmail.com,"Beach, Nature",Female,3,1,51,Hyderabad
165,Aditya,aditya226@hotmail.com,"Nature, Adventure, Beach",Male,1,0,31,Bangalore
166,Priya,priya297@outlook.com,"Beach, Nature",Male,2,0,26,Kolkata
167,Ritika,ritika721@yahoo.com,City,Other,4,2,22,Kolkata
168,Aditya,aditya447@gmail.com,Historical,Male,4,1,54,Kolkata
169,Deepa,deepa297@gmail.com,Beach,Male,5,0,57,Jaipur
170,Suresh,suresh91@hotmail.com,"Beach, Nature",Male,2,0,23,Kolkata
171,Nisha,nisha764@outlook.com,"City, Nature",Female,4,0,58,Delhi
172,Anjali,anjali523@yahoo.com,"City, Adventure",Female,3,2,27,Chennai
173,Reyansh,reyansh150@outlook.com,"Beach, Adventure",Male,3,1,59,Delhi
174,Ananya,ananya975@hotmail.com,Historical,Other,4,0,54,Surat
175,Rahul,rahul885@outlook.com,"Adventure, City",Female,1,0,37,Hyderabad
176,Geeta,geeta58@outlook.com,City,Male,2,0,21,Pune
177,Meera,meera79@gmail.com,"Nature, Adventure, Beach",Other,3,0,53,Mumbai
178,Pooja,pooja931@rediffmail.com,"Beach, Adventure",Female,3,1,21,Jaipur
179,Reyansh,reyansh831@outlook.com,"City, Historical",Other,3,0,63,Jaipur
180,Pooja,pooja537@rediffmail.com,"Nature, Adventure, Beach",Male,2,2,42,Kolkata
181,Rohit,rohit696@rediffmail.com,"Nature, Adventure",Other,3,0,24,Ahmedabad
182,Vikram,vikram291@outlook.com,"Nature, Adventure, Beach",Male,2,1,27,Pune
183,Nisha,nisha991@hotmail.com,"Adventure, City",Other,3,0,53,Kolkata
184,Rohit,rohit833@yahoo.com,City,Male,3,0,41,Mumbai
185,Suresh,suresh317@yahoo.com,"Beach, Adventure",Female,5,0,32,Bangalore
186,Ishaan,ishaan80@outlook.com,"Beach, Nature",Other,4,2,51,Mumbai
187,Rohit,rohit898@rediffmail.com,"Adventure, City",Other,2,0,62,Surat
188,Kavya,kavya739@hotmail.com,"Nature, Adventure",Female,2,1,46,Surat
189,Meera,meera771@hotmail.com,"City, Nature",Other,2,3,48,Chennai
190,Suresh,suresh695@rediffmail.com,Historical,Female,4,1,50,Ahmedabad
191,Deepa,deepa990@yahoo.com,"Beach, Adventure",Other,1,0,59,Jaipur
192,Suresh,suresh568@gmail.com,City,Male,2,1,35,Jaipur
193,Neha,neha151@hotmail.com,"City, Historical",Male,4,2,19,Kolkata
194,Vihaan,vihaan406@rediffmail.com,"City, Adventure",Male,2,0,32,Mumbai
195,Rahul,rahul954@gmail.com,"Adventure, Historical",Male,1,0,48,Bangalore
196,Tanvi,tanvi460@rediffmail.com,"Beach, Historical",Male,1,0,27,Ahmedabad
197,Rekha,rekha541@hotmail.com,"Beach, Nature",Female,2,0,33,Kolkata
198,Usha,usha469@gmail.com,"Beach, Nature",Female,3,0,50,Surat
199,Riya,riya736@yahoo.com,"Nature, Historical",Female,1,0,54,Kolkata
200,Ananya,ananya681@gmail.com,City,Female,1,1,50,Ahmedabad
201,Mohan,mohan21@hotmail.com,Adventure,Male,3,3,34,Mumbai
202,Amit,amit808@gmail.com,"City, Adventure",Male,3,1,55,Pune
203,Krishna,krishna46@outlook.com,"Beach, Historical, Nature",Female,4,0,61,Jaipur
204,Tanvi,tanvi647@yahoo.com,"Adventure, City",Male,3,2,20,Hyderabad
205,Diya,diya45@yahoo.com,"Nature, Adventure",Female,5,1,52,Jaipur
206,Priya,priya38@yahoo.com,"Nature, Historical",Female,4,0,59,Pune
207,Sneha,sneha128@outlook.com,Nature,Female,3,2,42,Pune
208,Ananya,ananya509@hotmail.com,"City, Adventure",Other,2,0,45,Delhi
209,Lakshmi,lakshmi617@yahoo.com,"Beach, Historical, Nature",Female,2,0,60,Hyderabad
210,Nisha,nisha457@rediffmail.com,Nature,Male,3,0,20,Pune
211,Usha,usha446@outlook.com,"Nature, Adventure",Male,3,0,50,Bangalore
212,Vivaan,vivaan147@rediffmail.com,Historical,Male,1,0,59,Pune
213,Suresh,suresh393@rediffmail.com,"Nature, Adventure",Other,2,0,41,Pune
214,Pooja,pooja782@gmail.com,"City, Historical, Adventure",Male,3,0,59,Hyderabad
215,Riya,riya984@gmail.com,"Beach, Historical",Other,2,1,53,Delhi
216,Priya,priya794@outlook.com,Historical,Male,5,0,49,Chennai
217,Ayaan,ayaan139@gmail.com,Historical,Male,4,0,23,Pune
218,Amit,amit727@gmail.com,"Beach, Historical, Nature",Other,2,0,28,Bangalore
219,Suresh,suresh521@yahoo.com,"Beach, Nature",Male,4,0,49,Mumbai
220,Suresh,suresh568@rediffmail.com,"City, Adventure",Female,4,1,57,Delhi
221,Arjun,arjun317@hotmail.com,Adventure,Other,2,0,54,Delhi
222,Krishna,krishna996@outlook.com,"City, Historical",Female,2,1,26,Ahmedabad
223,Geeta,geeta187@yahoo.com,Nature,Other,5,0,25,Ahmedabad
224,Ishaan,ishaan312@yahoo.com,"Historical, Nature",Female,5,0,51,Hyderabad
225,Sai,sai257@yahoo.com,"Beach, Historical, Nature",Female,1,0,52,Delhi
226,Neha,neha657@yahoo.com,"City, Historical, Adventure",Other,2,1,64,Surat
227,Rohit,rohit863@rediffmail.com,"Nature, Adventure",Male,1,2,54,Hyderabad
228,Aadhya,aadhya786@rediffmail.com,Nature,Other,3,0,58,Ahmedabad
229,Meera,meera658@outlook.com,Adventure,Male,4,1,37,Jaipur
230,Arjun,arjun706@gmail.com,"Historical, Nature",Female,2,0,39,Surat
231,Ishaan,ishaan321@outlook.com,"City, Adventure",Female,1,0,53,Delhi
232,Rahul,rahul248@hotmail.com,"Beach, Nature",Female,2,0,21,Hyderabad
233,Vikram,vikram885@rediffmail.com,Nature,Male,5,2,38,Surat
234,Rahul,rahul195@yahoo.com,Adventure,Other,2,2,49,Mumbai
235,Sai,sai968@hotmail.com,City,Female,5,0,40,Mumbai
236,Vihaan,vihaan289@hotmail.com,"Nature, Adventure, Beach",Other,3,0,18,Delhi
237,Lakshmi,lakshmi138@outlook.com,"City, Adventure",Female,2,0,54,Ahmedabad
238,Diya,diya372@rediffmail.com,"Nature, Historical",Male,2,0,53,Hyderabad
239,Usha,usha697@rediffmail.com,"Beach, Nature",Male,5,0,39,Ahmedabad
240,Suresh,suresh774@yahoo.com,"Beach, Adventure",Other,3,1,20,Mumbai
241,Krishna,krishna731@outlook.com,Adventure,Other,2,1,50,Bangalore
242,Rahul,rahul954@rediffmail.com,"Adventure, Historical",Male,2,1,37,Surat
243,Rohit,rohit520@rediffmail.com,"Beach, Historical, Nature",Female,3,0,19,Pune
244,Rohit,rohit690@gmail.com,Nature,Other,2,2,62,Mumbai
245,Rekha,rekha486@outlook.com,"City, Historical, Adventure",Other,2,0,48,Bangalore
246,Anjali,anjali645@rediffmail.com,Beach,Male,4,0,54,Delhi
247,Diya,diya20@hotmail.com,"Adventure, Historical",Female,2,1,44,Ahmedabad
248,Usha,usha943@hotmail.com,"Nature, Adventure",Other,1,0,38,Jaipur
249,Anjali,anjali386@outlook.com,"Historical, Nature",Female,5,0,40,Hyderabad
250,Usha,usha496@yahoo.com,"City, Nature",Female,3,0,37,Hyderabad
251,Aadhya,aadhya707@hotmail.com,"Adventure, Historical",Female,2,2,64,Hyderabad
252,Meera,meera125@rediffmail.com,"Beach, Historical, Nature",Female,4,0,40,Bangalore
253,Meera,meera44@outlook.com,"City, Historical",Female,5,1,65,Jaipur
254,Aadhya,aadhya207@rediffmail.com,"Beach, City",Other,3,0,57,Surat
255,Riya,riya249@gmail.com,City,Male,3,0,44,Pune
256,Tanvi,tanvi103@yahoo.com,"Beach, Historical",Other,5,0,59,Jaipur
257,Tanvi,tanvi667@yahoo.com,"Nature, Historical",Female,2,0,23,Surat
258,Kiara,kiara548@gmail.com,"Historical, Nature",Female,4,0,20,Kolkata
259,Shruti,shruti191@outlook.com,"Nature, Adventure",Male,2,1,39,Hyderabad
260,Divya,divya657@rediffmail.com,City,Female,4,0,50,Jaipur
261,Sneha,sneha198@gmail.com,"Adventure, Historical",Male,3,1,63,Bangalore
262,Aarav,aarav755@outlook.com,"Nature, Historical",Other,3,0,57,Kolkata
263,Lakshmi,lakshmi528@outlook.com,"City, Historical",Female,3,0,26,Jaipur
264,Rahul,rahul959@yahoo.com,"Beach, Historical",Female,2,0,35,Pune
265,Nisha,nisha597@rediffmail.com,"Beach, Historical",Female,3,1,21,Delhi
266,Divya,divya315@yahoo.com,Beach,Other,3,2,63,Hyderabad
267,Ayaan,ayaan655@outlook.com,"City, Adventure",Other,2,3,48,Bangalore
268,Divya,divya766@rediffmail.com,"City, Adventure",Female,3,2,52,Chennai
269,Riya,riya697@rediffmail.com,"City, Historical",Other,2,1,22,Surat
270,Ayaan,ayaan64@rediffmail.com,City,Male,3,0,38,Ahmedabad
271,Pooja,pooja120@yahoo.com,"City, Historical, Adventure",Female,1,1,21,Jaipur
272,Krishna,krishna526@hotmail.com,Historical,Other,1,0,37,Mumbai
273,Kiran,kiran261@gmail.com,"Beach, Adventure",Other,1,0,62,Delhi
274,Ritika,ritika62@gmail.com,Adventure,Male,2,0,26,Kolkata
275,Suresh,suresh913@hotmail.com,Historical,Female,2,1,60,Ahmedabad
276,Krishna,krishna670@outlook.com,"Beach, Nature",Male,5,0,26,Chennai
277,Aarav,aarav775@gmail.com,"Nature, Historical",Female,3,1,52,Kolkata
278,Kiara,kiara254@hotmail.com,"City, Adventure",Male,2,2,64,Delhi
279,Aditya,aditya829@hotmail.com,"Nature, Adventure, Beach",Male,2,0,56,Mumbai
280,Pooja,pooja613@gmail.com,"City, Nature",Other,1,0,52,Chennai
281,Vihaan,vihaan144@rediffmail.com,"Nature, Historical",Male,4,1,38,Surat
282,Rekha,rekha792@outlook.com,"City, Nature",Female,4,3,51,Chennai
283,Deepa,deepa308@outlook.com,"Nature, Adventure",Other,5,2,29,Kolkata
284,Mohan,mohan508@gmail.com,"City, Adventure",Other,3,2,38,Kolkata
285,Deepa,deepa153@outlook.com,Beach,Male,4,0,32,Hyderabad
286,Ishaan,ishaan826@hotmail.com,"Nature, Adventure",Other,2,0,51,Bangalore
287,Vikram,vikram249@outlook.com,"Beach, Adventure",Female,3,2,41,Delhi
288,Ritika,ritika742@yahoo.com,"Nature, Adventure",Female,2,1,20,Delhi
289,Diya,diya824@rediffmail.com,"Beach, Historical, Nature",Male,2,2,39,Hyderabad
290,Aarav,aarav217@yahoo.com,"Beach, Nature",Other,5,0,33,Surat
291,Aadhya,aadhya407@yahoo.com,"Beach, Historical, Nature",Female,4,0,52,Pune
292,Nisha,nisha268@outlook.com,City,Female,2,2,64,Jaipur
293,Rahul,rahul937@yahoo.com,"City, Adventure",Female,2,1,32,Bangalore
294,Vivaan,vivaan268@rediffmail.com,"City, Historical, Adventure",Other,3,0,30,Pune
295,Kiara,kiara389@rediffmail.com,"City, Nature",Female,3,2,39,Hyderabad
296,Shruti,shruti990@hotmail.com,Historical,Male,3,0,26,Ahmedabad
297,Shruti,shruti189@rediffmail.com,"Nature, Adventure",Other,1,2,60,Mumbai
298,Aarav,aarav423@yahoo.com,"City, Nature",Male,3,0,50,Jaipur
299,Suresh,suresh62@rediffmail.com,"Nature, Adventure, Beach",Female,3,0,52,Ahmedabad
300,Deepa,deepa13@gmail.com,City,Other,2,3,19,Ahmedabad
301,Lakshmi,lakshmi826@yahoo.com,"Beach, Nature",Male,3,0,57,Ahmedabad
302,Priya,priya835@outlook.com,"Beach, City",Female,1,3,47,Surat
303,Riya,riya714@yahoo.com,"Nature, Historical",Other,4,0,59,Mumbai
304,Sai,sai416@hotmail.com,Beach,Other,2,1,62,Bangalore
305,Sai,sai512@hotmail.com,"Adventure, Historical",Other,5,3,51,Mumbai
306,Kiara,kiara217@rediffmail.com,Adventure,Female,1,0,35,Ahmedabad
307,Sunita,sunita674@gmail.com,"Historical, Nature",Female,1,0,27,Kolkata
308,Arjun,arjun307@yahoo.com,"City, Historical, Adventure",Male,3,2,61,Ahmedabad
309,Rohit,rohit394@yahoo.com,"City, Historical",Other,3,0,24,Kolkata
310,Kiara,kiara859@gmail.com,"Adventure, Historical",Other,4,3,43,Pune
311,Vivaan,vivaan650@outlook.com,Historical,Female,2,1,42,Kolkata
312,Ananya,ananya697@rediffmail.com,Beach,Male,4,0,33,Delhi
313,Sai,sai275@yahoo.com,Beach,Other,4,0,42,Pune
314,Suresh,suresh110@gmail.com,"Beach, Historical",Female,2,1,24,Bangalore
315,Sai,sai192@hotmail.com,Historical,Other,3,0,19,Delhi
316,Amit,amit568@gmail.com,"Nature, Adventure, Beach",Other,4,2,18,Hyderabad
317,Deepa,deepa398@gmail.com,"Beach, Historical, Nature",Male,3,0,42,Bangalore
318,Krishna,krishna276@outlook.com,"Beach, City",Female,1,0,35,Kolkata
319,Nisha,nisha496@gmail.com,"City, Adventure",Female,5,1,49,Surat
320,Usha,usha201@hotmail.com,"Beach, Nature",Male,2,2,39,Surat
321,Vikram,vikram824@outlook.com,Historical,Female,2,2,59,Surat
322,Krishna,krishna308@outlook.com,"Nature, Adventure, Beach",Other,2,0,43,Pune
323,Meera,meera753@hotmail.com,"City, Historical, Adventure",Male,2,0,43,Pune
324,Ayaan,ayaan955@rediffmail.com,"Beach, Adventure",Other,5,0,53,Mumbai
325,Divya,divya966@yahoo.com,Historical,Female,4,0,44,Jaipur
326,Krishna,krishna649@outlook.com,"City, Nature",Female,3,1,42,Delhi
327,Pooja,pooja613@hotmail.com,"City, Historical, Adventure",Female,3,2,62,Kolkata
328,Ritika,ritika38@outlook.com,"Beach, Historical, Nature",Other,3,0,33,Pune
329,Kavya,kavya663@rediffmail.com,"Nature, Adventure",Other,5,1,43,Pune
330,Lakshmi,lakshmi109@gmail.com,"Beach, Nature",Female,2,1,53,Surat
331,Sunita,sunita227@hotmail.com,"City, Adventure",Female,2,1,62,Ahmedabad
332,Ishaan,ishaan354@gmail.com,Adventure,Male,2,2,23,Delhi
333,Ishaan,ishaan357@outlook.com,"Adventure, Historical",Female,4,1,40,Jaipur
334,Reyansh,reyansh449@hotmail.com,"Adventure, Historical",Male,2,2,25,Mumbai
335,Rohit,rohit664@gmail.com,"Historical, Nature",Other,2,0,28,Pune
336,Mohan,mohan437@hotmail.com,"City, Nature",Female,3,0,60,Kolkata
337,Kiran,kiran30@rediffmail.com,"Beach, Adventure",Female,3,0,63,Chennai
338,Aadhya,aadhya286@gmail.com,"City, Historical, Adventure",Male,4,1,41,Pune
339,Diya,diya469@gmail.com,"Beach, City",Other,4,1,58,Pune
340,Rekha,rekha398@rediffmail.com,Beach,Other,1,0,47,Surat
341,Ananya,ananya834@outlook.com,"Nature, Adventure, Beach",Other,1,0,25,Chennai
342,Nisha,nisha120@yahoo.com,"City, Adventure",Other,1,0,56,Bangalore
343,Sunita,sunita393@hotmail.com,"Historical, Nature",Female,3,1,59,Bangalore
344,Mohan,mohan171@hotmail.com,"Nature, Historical",Male,2,2,57,Mumbai
345,Amit,amit975@gmail.com,Adventure,Male,2,0,53,Ahmedabad
346,Shruti,shruti419@hotmail.com,Nature,Other,4,0,23,Surat
347,Vivaan,vivaan815@yahoo.com,"Nature, Historical",Male,2,1,28,Jaipur
348,Sunita,sunita761@hotmail.com,"Beach, Historical, Nature",Other,1,0,52,Pune
349,Ritika,ritika843@gmail.com,Historical,Other,2,0,65,Chennai
350,Nisha,nisha896@gmail.com,Historical,Female,2,2,46,Delhi
351,Riya,riya215@rediffmail.com,"City, Adventure",Other,3,0,57,Bangalore
352,Aadhya,aadhya834@yahoo.com,"Nature, Adventure",Other,2,0,52,Bangalore
353,Rahul,rahul721@outlook.com,"Nature, Historical",Other,2,2,61,Delhi
354,Krishna,krishna986@hotmail.com,"Nature, Adventure",Female,4,0,26,Chennai
355,Ishaan,ishaan729@outlook.com,"City, Nature",Other,2,0,58,Hyderabad
356,Deepa,deepa385@hotmail.com,"City, Historical",Other,4,1,43,Ahmedabad
357,Sneha,sneha712@outlook.com,Historical,Female,2,0,64,Delhi
358,Divya,divya651@outlook.com,"City, Historical",Other,2,3,31,Jaipur
359,Sneha,sneha331@outlook.com,"Adventure, Historical",Other,3,1,49,Pune
360,Vihaan,vihaan48@gmail.com,Historical,Male,1,2,46,Jaipur
361,Aarav,aarav982@hotmail.com,"Beach, Adventure",Other,5,2,37,Bangalore
362,Sneha,sneha96@outlook.com,"Beach, City",Male,2,2,28,Mumbai
363,Kiran,kiran641@outlook.com,"City, Nature",Female,3,1,18,Chennai
364,Tanvi,tanvi80@yahoo.com,"City, Historical, Adventure",Male,3,0,18,Pune
365,Ayaan,ayaan881@hotmail.com,"Adventure, City",Female,1,0,64,Delhi
366,Reyansh,reyansh321@outlook.com,"Nature, Historical",Male,2,2,26,Bangalore
367,Arjun,arjun544@rediffmail.com,"Beach, Historical",Other,3,0,64,Chennai
368,Ishaan,ishaan942@hotmail.com,"Nature, Adventure, Beach",Other,2,0,24,Bangalore
369,Ayaan,ayaan604@hotmail.com,"City, Adventure",Female,2,0,35,Delhi
370,Riya,riya567@rediffmail.com,"Nature, Adventure, Beach",Other,3,1,62,Mumbai
371,Nisha,nisha211@rediffmail.com,"Nature, Adventure, Beach",Other,2,0,59,Mumbai
372,Riya,riya507@hotmail.com,"Beach, Nature",Male,2,1,51,Mumbai
373,Suresh,suresh957@outlook.com,"Adventure, City",Female,4,1,41,Ahmedabad
374,Ananya,ananya782@hotmail.com,"City, Historical",Male,3,0,31,Mumbai
375,Vihaan,vihaan972@hotmail.com,City,Female,3,1,44,Kolkata
376,Kiran,kiran85@rediffmail.com,"Beach, Historical, Nature",Other,2,0,23,Ahmedabad
377,Aadhya,aadhya998@yahoo.com,"Beach, Historical, Nature",Female,2,1,59,Delhi
378,Nisha,nisha716@hotmail.com,"City, Nature",Male,2,2,25,Jaipur
379,Usha,usha624@gmail.com,"Nature, Historical",Other,3,1,25,Mumbai
380,Krishna,krishna719@gmail.com,"Historical, Nature",Female,5,1,64,Hyderabad
381,Kavya,kavya381@yahoo.com,"Beach, City",Other,4,1,19,Pune
382,Lakshmi,lakshmi279@rediffmail.com,"City, Historical",Female,3,1,22,Jaipur
383,Divya,divya524@outlook.com,"Nature, Adventure",Female,4,0,28,Hyderabad
384,Reyansh,reyansh916@rediffmail.com,"Beach, Nature",Male,3,0,18,Chennai
385,Aditya,aditya484@outlook.com,Beach,Male,2,3,20,Ahmedabad
386,Deepa,deepa230@outlook.com,"City, Nature",Female,5,0,22,Surat
387,Suresh,suresh123@rediffmail.com,"Nature, Adventure",Male,2,1,20,Kolkata
388,Arjun,arjun899@hotmail.com,"Nature, Historical",Female,2,1,18,Pune
389,Diya,diya299@rediffmail.com,"Nature, Historical",Other,3,0,55,Jaipur
390,Diya,diya751@rediffmail.com,"City, Nature",Male,1,0,32,Ahmedabad
391,Amit,amit652@gmail.com,"Adventure, Historical",Male,4,0,65,Hyderabad
392,Reyansh,reyansh211@rediffmail.com,"City, Nature",Female,2,0,27,Hyderabad
393,Sai,sai45@yahoo.com,City,Female,3,0,65,Delhi
394,Geeta,geeta98@rediffmail.com,"Adventure, City",Other,4,0,54,Mumbai
395,Lakshmi,lakshmi679@yahoo.com,"City, Nature",Female,2,0,43,Pune
396,Rahul,rahul464@outlook.com,"City, Nature",Male,5,0,55,Delhi
397,Ishaan,ishaan109@yahoo.com,Historical,Female,2,0,40,Chennai
398,Pooja,pooja316@hotmail.com,"Beach, City",Male,1,2,37,Surat
399,Aditya,aditya221@outlook.com,"Adventure, City",Male,3,3,43,Ahmedabad
400,Vihaan,vihaan694@outlook.com,"Beach, City",Male,1,0,46,Ahmedabad
401,Mohan,mohan256@gmail.com,Historical,Male,4,0,18,Mumbai
402,Kiara,kiara134@yahoo.com,Beach,Female,3,2,23,Surat
403,Geeta,geeta266@gmail.com,"Beach, Historical",Male,2,1,26,Delhi
404,Rohit,rohit126@gmail.com,Historical,Male,2,1,64,Kolkata
405,Shruti,shruti31@hotmail.com,Nature,Male,2,2,35,Hyderabad
406,Pooja,pooja905@yahoo.com,"Nature, Adventure",Other,3,0,36,Jaipur
407,Deepa,deepa904@rediffmail.com,Adventure,Male,1,0,44,Chennai
408,Anjali,anjali256@rediffmail.com,"Beach, Historical",Female,4,0,52,Jaipur
409,Amit,amit935@rediffmail.com,City,Female,2,0,38,Surat
410,Kiara,kiara31@outlook.com,"Nature, Adventure",Female,3,1,32,Bangalore
411,Reyansh,reyansh254@yahoo.com,"Beach, City",Other,4,2,21,Chennai
412,Sunita,sunita867@hotmail.com,"City, Adventure",Male,2,1,65,Pune
413,Geeta,geeta29@outlook.com,"City, Historical, Adventure",Other,1,2,49,Ahmedabad
414,Nisha,nisha180@hotmail.com,"Nature, Adventure",Male,1,1,19,Ahmedabad
415,Tanvi,tanvi1@outlook.com,"Nature, Adventure, Beach",Male,4,0,29,Pune
416,Vihaan,vihaan23@yahoo.com,"City, Historical, Adventure",Other,5,1,51,Pune
417,Arjun,arjun383@hotmail.com,"City, Historical, Adventure",Male,2,0,28,Kolkata
418,Shruti,shruti665@outlook.com,"Historical, Nature",Other,5,1,57,Pune
419,Kiara,kiara682@rediffmail.com,"Historical, Nature",Female,2,1,26,Bangalore
420,Aarav,aarav972@rediffmail.com,Beach,Other,1,1,57,Chennai
421,Sunita,sunita107@hotmail.com,"Adventure, City",Female,3,0,38,Bangalore
422,Sai,sai842@outlook.com,Historical,Male,2,0,22,Pune
423,Priya,priya806@gmail.com,"Beach, Historical",Male,2,1,28,Kolkata
424,Shruti,shruti903@hotmail.com,"City, Adventure",Other,2,2,54,Chennai
425,Kavya,kavya463@gmail.com,"Nature, Adventure",Female,1,0,24,Delhi
426,Rohit,rohit175@hotmail.com,"Historical, Nature",Other,1,2,23,Pune
427,Rekha,rekha629@hotmail.com,"Beach, Historical",Female,5,0,45,Bangalore
428,Vihaan,vihaan104@outlook.com,"Beach, Adventure",Male,2,1,64,Ahmedabad
429,Priya,priya677@outlook.com,"Nature, Historical",Male,1,0,53,Jaipur
430,Ishaan,ishaan56@outlook.com,"Beach, Historical",Female,1,2,58,Surat
431,Tanvi,tanvi205@gmail.com,"Beach, Historical",Male,2,0,23,Jaipur
432,Ayaan,ayaan316@hotmail.com,Adventure,Female,4,0,59,Ahmedabad
433,Vikram,vikram190@outlook.com,Beach,Female,2,0,46,Jaipur
434,Priya,priya232@outlook.com,"City, Historical, Adventure",Male,2,1,24,Delhi
435,Amit,amit828@rediffmail.com,Nature,Other,2,0,42,Ahmedabad
436,Deepa,deepa989@rediffmail.com,Adventure,Other,4,0,23,Kolkata
437,Aditya,aditya515@rediffmail.com,City,Other,3,1,25,Jaipur
438,Ananya,ananya972@yahoo.com,"Beach, Adventure",Male,1,0,61,Kolkata
439,Diya,diya843@yahoo.com,"Nature, Adventure, Beach",Female,2,1,22,Delhi
440,Vikram,vikram570@hotmail.com,"Beach, Historical, Nature",Female,4,1,18,Surat
441,Geeta,geeta536@hotmail.com,"Beach, Nature",Female,1,1,55,Delhi
442,Reyansh,reyansh577@gmail.com,"Nature, Historical",Other,4,2,34,Kolkata
443,Shruti,shruti586@rediffmail.com,Adventure,Male,2,0,57,Surat
444,Kiran,kiran40@hotmail.com,"Adventure, Historical",Other,2,1,35,Pune
445,Vivaan,vivaan346@outlook.com,"Nature, Historical",Female,4,2,61,Delhi
446,Kiara,kiara138@outlook.com,Historical,Female,2,0,59,Delhi
447,Diya,diya453@yahoo.com,Nature,Other,2,1,41,Mumbai
448,Neha,neha811@yahoo.com,"City, Historical",Female,3,0,51,Surat
449,Vivaan,vivaan178@yahoo.com,"Beach, Adventure",Male,2,0,41,Chennai
450,Sneha,sneha378@hotmail.com,City,Female,3,0,19,Chennai
451,Suresh,suresh501@rediffmail.com,Historical,Male,5,0,53,Pune
452,Amit,amit168@outlook.com,"City, Historical",Female,1,0,54,Chennai
453,Kiara,kiara663@yahoo.com,"Beach, Adventure",Female,3,1,61,Mumbai
454,Tanvi,tanvi934@yahoo.com,"Historical, Nature",Other,4,0,56,Hyderabad
455,Sneha,sneha434@hotmail.com,"City, Adventure",Female,2,0,61,Ahmedabad
456,Usha,usha407@rediffmail.com,"Beach, Nature",Male,3,1,41,Ahmedabad
457,Rekha,rekha624@outlook.com,"Nature, Historical",Other,1,0,35,Pune
458,Sneha,sneha268@outlook.com,"Beach, Adventure",Male,3,0,21,Surat
459,Kiran,kiran677@outlook.com,"Adventure, City",Other,1,0,36,Hyderabad
460,Deepa,deepa415@hotmail.com,"Nature, Adventure",Other,3,1,30,Pune
461,Kiara,kiara703@rediffmail.com,Adventure,Other,2,0,28,Ahmedabad
462,Ananya,ananya301@gmail.com,Adventure,Male,3,1,53,Bangalore
463,Rohit,rohit671@gmail.com,"City, Nature",Female,2,2,44,Pune
464,Suresh,suresh267@rediffmail.com,"Nature, Historical",Female,4,0,58,Surat
465,Geeta,geeta967@rediffmail.com,"City, Historical",Female,4,1,61,Kolkata
466,Anjali,anjali306@hotmail.com,"Nature, Adventure",Male,1,0,44,Surat
467,Divya,divya147@outlook.com,"Historical, Nature",Male,2,1,29,Pune
468,Vihaan,vihaan5@hotmail.com,"Beach, City",Male,4,0,28,Jaipur
469,Sai,sai133@rediffmail.com,Nature,Other,2,0,48,Kolkata
470,Aarav,aarav39@rediffmail.com,"Beach, Adventure",Other,2,0,38,Ahmedabad
471,Diya,diya19@gmail.com,"City, Nature",Male,3,0,26,Delhi
472,Vikram,vikram516@rediffmail.com,"Nature, Historical",Male,1,0,36,Jaipur
473,Anjali,anjali611@rediffmail.com,"Adventure, Historical",Female,4,3,39,Jaipur
474,Amit,amit769@yahoo.com,"Historical, Nature",Female,1,0,26,Chennai
475,Vivaan,vivaan604@rediffmail.com,"Historical, Nature",Male,2,1,20,Kolkata
476,Priya,priya790@rediffmail.com,"Nature, Adventure, Beach",Male,3,0,24,Mumbai
477,Vihaan,vihaan707@gmail.com,Nature,Female,2,1,48,Bangalore
478,Aadhya,aadhya712@gmail.com,"Nature, Historical",Female,3,1,35,Surat
479,Rekha,rekha718@yahoo.com,Nature,Male,3,1,36,Delhi
480,Reyansh,reyansh510@yahoo.com,"Nature, Adventure, Beach",Male,4,2,30,Pune
481,Deepa,deepa303@yahoo.com,"Nature, Adventure",Other,2,0,48,Pune
482,Riya,riya3@gmail.com,"City, Historical",Male,4,1,27,Delhi
483,Neha,neha77@gmail.com,"Beach, City",Other,2,3,36,Hyderabad
484,Divya,divya52@gmail.com,"Historical, Nature",Male,4,0,61,Pune
485,Lakshmi,lakshmi757@gmail.com,"Beach, Nature",Male,1,0,59,Bangalore
486,Rohit,rohit367@hotmail.com,"Nature, Adventure, Beach",Female,4,0,39,Bangalore
487,Ayaan,ayaan411@hotmail.com,Historical,Female,4,1,48,Kolkata
488,Kavya,kavya116@yahoo.com,"Nature, Adventure",Male,1,2,48,Surat
489,Pooja,pooja186@rediffmail.com,Beach,Female,3,2,64,Bangalore
490,Tanvi,tanvi943@hotmail.com,"Beach, Nature",Female,2,0,59,Pune
491,Aarav,aarav722@rediffmail.com,"City, Historical, Adventure",Other,3,3,60,Pune
492,Anjali,anjali536@rediffmail.com,"Beach, Nature",Female,3,0,40,Kolkata
493,Ishaan,ishaan860@rediffmail.com,"Nature, Adventure, Beach",Male,1,2,50,Jaipur
494,Shruti,shruti891@yahoo.com,"City, Historical",Female,2,0,35,Mumbai
495,Neha,neha229@rediffmail.com,Beach,Female,4,0,46,Surat
496,Pooja,pooja91@hotmail.com,Historical,Female,1,0,59,Mumbai
497,Reyansh,reyansh414@hotmail.com,"Nature, Adventure",Other,3,2,56,Surat
498,Nisha,nisha912@rediffmail.com,"Beach, Historical, Nature",Male,3,0,39,Pune
499,Vihaan,vihaan837@yahoo.com,Historical,Female,3,1,48,Pune
500,Pooja,pooja117@gmail.com,"City, Nature",Male,2,2,36,Ahmedabad
501,Anjali,anjali383@gmail.com,"Nature, Adventure",Male,2,2,65,Kolkata
502,Reyansh,reyansh261@rediffmail.com,"Beach, Adventure",Male,1,2,31,Jaipur
503,Diya,diya734@outlook.com,"Beach, Nature",Female,1,1,61,Surat
504,Ayaan,ayaan791@hotmail.com,Historical,Other,3,1,49,Mumbai
505,Anjali,anjali754@gmail.com,"Beach, Historical, Nature",Female,4,0,50,Bangalore
506,Geeta,geeta178@yahoo.com,"Beach, Nature",Female,3,1,38,Ahmedabad
507,Vikram,vikram429@rediffmail.com,"City, Nature",Female,2,0,36,Jaipur
508,Krishna,krishna142@hotmail.com,"Nature, Adventure, Beach",Other,4,1,62,Ahmedabad
509,Rahul,rahul729@rediffmail.com,"Beach, Adventure",Male,2,1,61,Pune
510,Krishna,krishna728@yahoo.com,City,Other,3,0,25,Pune
511,Mohan,mohan492@rediffmail.com,"City, Historical, Adventure",Other,3,1,52,Hyderabad
512,Lakshmi,lakshmi828@gmail.com,City,Male,1,0,60,Mumbai
513,Diya,diya274@yahoo.com,"Nature, Historical",Other,2,2,62,Hyderabad
514,Aadhya,aadhya772@rediffmail.com,"Nature, Adventure",Female,4,0,61,Ahmedabad
515,Kiara,kiara761@rediffmail.com,Beach,Male,3,2,62,Hyderabad
516,Vihaan,vihaan949@hotmail.com,Beach,Female,5,3,38,Ahmedabad
517,Vihaan,vihaan14@outlook.com,"Beach, Adventure",Other,4,2,46,Chennai
518,Suresh,suresh774@rediffmail.com,"Beach, Historical, Nature",Other,3,1,30,Hyderabad
519,Pooja,pooja182@gmail.com,"Historical, Nature",Male,3,0,20,Kolkata
520,Sneha,sneha570@outlook.com,"Adventure, City",Male,3,0,39,Jaipur
521,Ishaan,ishaan41@yahoo.com,"Adventure, Historical",Other,1,2,57,Hyderabad
522,Shruti,shruti809@rediffmail.com,"Beach, Historical, Nature",Female,1,1,51,Chennai
523,Ananya,ananya534@gmail.com,City,Male,2,1,23,Pune
524,Kiara,kiara905@yahoo.com,"Adventure, Historical",Female,2,0,57,Ahmedabad
525,Tanvi,tanvi575@gmail.com,"Beach, Nature",Other,2,0,59,Surat
526,Usha,usha250@gmail.com,"Adventure, Historical",Female,5,2,42,Hyderabad
527,Ritika,ritika742@outlook.com,"Beach, Historical",Other,4,0,50,Jaipur
528,Shruti,shruti45@outlook.com,"Beach, Adventure",Female,3,2,28,Ahmedabad
529,Ritika,ritika8@gmail.com,"Beach, Adventure",Other,3,0,61,Kolkata
530,Reyansh,reyansh211@rediffmail.com,Nature,Other,4,0,61,Bangalore
531,Vivaan,vivaan471@outlook.com,"Nature, Adventure",Male,1,0,34,Ahmedabad
532,Arjun,arjun589@yahoo.com,"Beach, City",Female,2,1,45,Pune
533,Vivaan,vivaan399@gmail.com,"Beach, Historical, Nature",Male,3,1,65,Surat
534,Aditya,aditya718@gmail.com,"City, Adventure",Other,1,2,37,Surat
535,Sai,sai289@hotmail.com,Beach,Female,4,0,28,Ahmedabad
536,Kiara,kiara140@hotmail.com,"Beach, Historical, Nature",Female,5,0,61,Pune
537,Aarav,aarav567@rediffmail.com,"Adventure, City",Male,1,1,43,Ahmedabad
538,Mohan,mohan970@gmail.com,"Nature, Historical",Male,3,2,40,Chennai
539,Deepa,deepa928@rediffmail.com,"Adventure, City",Male,2,1,34,Chennai
540,Ayaan,ayaan186@rediffmail.com,"Nature, Adventure",Other,2,1,36,Delhi
541,Priya,priya101@yahoo.com,"City, Historical, Adventure",Female,5,0,60,Chennai
542,Reyansh,reyansh292@rediffmail.com,"City, Historical",Male,2,0,57,Hyderabad
543,Geeta,geeta157@rediffmail.com,"City, Historical, Adventure",Female,4,3,28,Mumbai
544,Rahul,rahul253@yahoo.com,Nature,Female,4,0,64,Pune
545,Tanvi,tanvi474@hotmail.com,"City, Adventure",Female,2,0,59,Surat
546,Sai,sai862@outlook.com,"Adventure, City",Other,2,1,58,Delhi
547,Arjun,arjun914@gmail.com,City,Other,1,1,43,Surat
548,Aadhya,aadhya929@gmail.com,"Beach, Historical, Nature",Female,3,3,48,Bangalore
549,Suresh,suresh402@yahoo.com,"City, Historical, Adventure",Other,4,0,50,Ahmedabad
550,Sai,sai407@outlook.com,City,Male,3,2,57,Bangalore
551,Neha,neha144@hotmail.com,"Historical, Nature",Male,3,1,27,Jaipur
552,Amit,amit42@yahoo.com,Adventure,Male,1,0,20,Chennai
553,Anjali,anjali930@outlook.com,Beach,Female,5,2,20,Pune
554,Reyansh,reyansh721@rediffmail.com,"Beach, City",Other,2,1,29,Kolkata
555,Vikram,vikram375@rediffmail.com,"City, Historical",Other,2,3,32,Ahmedabad
556,Kiran,kiran362@outlook.com,Adventure,Female,4,0,26,Jaipur
557,Kavya,kavya236@gmail.com,City,Other,2,0,28,Pune
558,Rekha,rekha735@gmail.com,"City, Nature",Female,4,1,48,Jaipur
559,Tanvi,tanvi216@rediffmail.com,"Historical, Nature",Other,4,0,20,Bangalore
560,Sunita,sunita607@yahoo.com,"Adventure, City",Other,3,2,27,Mumbai
561,Kavya,kavya265@yahoo.com,City,Female,3,1,19,Hyderabad
562,Sai,sai222@hotmail.com,"Nature, Adventure, Beach",Female,4,0,44,Surat
563,Ishaan,ishaan814@rediffmail.com,"Historical, Nature",Other,3,0,64,Pune
564,Divya,divya611@rediffmail.com,"City, Historical",Male,2,0,19,Chennai
565,Anjali,anjali881@rediffmail.com,Nature,Male,3,0,57,Surat
566,Aditya,aditya899@rediffmail.com,City,Male,1,1,56,Ahmedabad
567,Aarav,aarav919@hotmail.com,City,Female,2,0,51,Kolkata
568,Kiara,kiara961@hotmail.com,Beach,Female,3,1,62,Surat
569,Reyansh,reyansh436@yahoo.com,"Beach, City",Female,4,2,23,Hyderabad
570,Rekha,rekha898@rediffmail.com,Nature,Female,2,1,18,Surat
571,Anjali,anjali121@rediffmail.com,"Beach, Historical",Female,3,1,38,Kolkata
572,Suresh,suresh110@yahoo.com,Nature,Other,3,0,52,Kolkata
573,Sunita,sunita375@rediffmail.com,"Beach, City",Other,2,0,53,Ahmedabad
574,Tanvi,tanvi184@outlook.com,"Beach, Historical, Nature",Other,2,3,54,Pune
575,Kiran,kiran754@yahoo.com,"Beach, Nature",Other,2,2,28,Delhi
576,Aadhya,aadhya521@hotmail.com,"Adventure, Historical",Other,3,1,21,Bangalore
577,Vikram,vikram988@gmail.com,"City, Historical",Male,2,1,23,Delhi
578,Priya,priya228@outlook.com,"City, Historical",Other,1,0,43,Surat
579,Anjali,anjali294@rediffmail.com,"Nature, Adventure",Male,3,0,30,Ahmedabad
580,Meera,meera200@gmail.com,"Nature, Adventure, Beach",Other,3,0,28,Mumbai
581,Suresh,suresh245@gmail.com,"Historical, Nature",Male,5,1,40,Kolkata
582,Kiran,kiran601@yahoo.com,City,Male,3,0,23,Ahmedabad
583,Meera,meera744@rediffmail.com,"City, Historical, Adventure",Female,2,2,32,Surat
584,Diya,diya466@hotmail.com,"City, Historical, Adventure",Male,2,0,24,Ahmedabad
585,Arjun,arjun516@outlook.com,"Adventure, Historical",Male,4,3,52,Surat
586,Priya,priya711@hotmail.com,Beach,Other,2,0,39,Jaipur
587,Divya,divya919@rediffmail.com,"Beach, Historical",Female,1,0,58,Chennai
588,Kiara,kiara820@outlook.com,Nature,Female,3,0,34,Chennai
589,Meera,meera96@hotmail.com,"Adventure, Historical",Male,3,0,38,Pune
590,Aadhya,aadhya916@rediffmail.com,"Beach, City",Male,5,1,30,Jaipur
591,Diya,diya241@yahoo.com,"Beach, City",Male,2,2,57,Pune
592,Ishaan,ishaan798@gmail.com,"Beach, Nature",Male,3,1,57,Mumbai
593,Ritika,ritika981@gmail.com,Adventure,Female,3,0,54,Hyderabad
594,Shruti,shruti188@rediffmail.com,"Beach, City",Female,2,1,21,Ahmedabad
595,Lakshmi,lakshmi490@rediffmail.com,"Nature, Adventure",Other,2,2,29,Jaipur
596,Ayaan,ayaan716@rediffmail.com,Historical,Female,3,0,31,Kolkata
597,Geeta,geeta104@outlook.com,"City, Adventure",Other,4,0,34,Chennai
598,Sneha,sneha483@rediffmail.com,"Adventure, Historical",Female,2,0,44,Pune
599,Suresh,suresh875@hotmail.com,"Beach, City",Female,2,0,54,Chennai
600,Reyansh,reyansh739@outlook.com,"City, Nature",Other,2,0,27,Bangalore
601,Tanvi,tanvi826@gmail.com,"Historical, Nature",Female,2,3,58,Ahmedabad
602,Ritika,ritika738@outlook.com,Adventure,Female,2,2,21,Kolkata
603,Reyansh,reyansh708@yahoo.com,"Nature, Adventure",Male,4,0,58,Delhi
604,Pooja,pooja763@outlook.com,"Beach, City",Female,2,1,34,Pune
605,Vivaan,vivaan422@gmail.com,"City, Adventure",Other,5,0,54,Ahmedabad
606,Ananya,ananya800@outlook.com,"City, Adventure",Female,3,0,65,Jaipur
607,Sai,sai391@rediffmail.com,"Nature, Historical",Female,3,0,28,Pune
608,Deepa,deepa647@rediffmail.com,"City, Historical, Adventure",Female,4,0,28,Pune
609,Kiara,kiara322@outlook.com,"Nature, Historical",Other,2,1,35,Jaipur
610,Suresh,suresh766@rediffmail.com,City,Female,2,0,19,Bangalore
611,Riya,riya678@outlook.com,"City, Historical",Male,2,0,22,Jaipur
612,Mohan,mohan56@gmail.com,Beach,Other,4,0,34,Surat
613,Ishaan,ishaan87@hotmail.com,"Nature, Historical",Male,2,0,58,Bangalore
614,Krishna,krishna540@yahoo.com,"Beach, Historical",Male,3,2,38,Jaipur
615,Divya,divya999@rediffmail.com,"Beach, City",Other,2,3,62,Ahmedabad
616,Ananya,ananya606@rediffmail.com,Historical,Other,3,2,45,Ahmedabad
617,Ritika,ritika318@outlook.com,Adventure,Other,2,0,37,Pune
618,Deepa,deepa267@yahoo.com,"Nature, Historical",Male,1,2,26,Pune
619,Meera,meera481@rediffmail.com,"Beach, Historical",Other,5,2,48,Hyderabad
620,Aarav,aarav785@hotmail.com,"Nature, Historical",Other,2,0,41,Chennai
621,Deepa,deepa904@rediffmail.com,Nature,Female,2,1,59,Kolkata
622,Vikram,vikram226@outlook.com,"City, Historical",Female,3,1,57,Hyderabad
623,Meera,meera665@rediffmail.com,"Beach, City",Female,2,0,26,Hyderabad
624,Ayaan,ayaan653@hotmail.com,"Nature, Adventure, Beach",Female,2,1,30,Pune
625,Vivaan,vivaan156@gmail.com,"Beach, Historical, Nature",Male,2,0,35,Bangalore
626,Pooja,pooja745@gmail.com,"City, Nature",Male,2,0,39,Kolkata
627,Nisha,nisha805@hotmail.com,"City, Adventure",Female,3,0,23,Bangalore
628,Vihaan,vihaan273@hotmail.com,"City, Historical",Other,2,0,34,Kolkata
629,Aarav,aarav125@yahoo.com,Beach,Female,2,3,30,Jaipur
630,Reyansh,reyansh534@yahoo.com,Adventure,Female,3,0,38,Bangalore
631,Aditya,aditya763@rediffmail.com,City,Male,2,1,30,Pune
632,Vihaan,vihaan885@yahoo.com,"Beach, Nature",Male,3,0,28,Hyderabad
633,Geeta,geeta123@hotmail.com,"City, Nature",Male,5,1,62,Jaipur
634,Rekha,rekha159@outlook.com,"City, Historical",Male,2,0,57,Pune
635,Vihaan,vihaan62@outlook.com,"Adventure, City",Other,3,0,49,Chennai
636,Rahul,rahul572@outlook.com,Historical,Other,2,1,40,Bangalore
637,Priya,priya921@gmail.com,Adventure,Other,2,0,62,Jaipur
638,Diya,diya581@yahoo.com,"Beach, Historical, Nature",Female,2,0,56,Ahmedabad
639,Kavya,kavya71@rediffmail.com,"Adventure, City",Female,2,0,41,Jaipur
640,Aarav,aarav795@rediffmail.com,Beach,Other,2,0,41,Surat
641,Riya,riya329@gmail.com,"Beach, Historical, Nature",Female,2,1,53,Bangalore
642,Usha,usha290@outlook.com,Nature,Other,2,0,60,Delhi
643,Aditya,aditya856@yahoo.com,"Historical, Nature",Male,2,0,24,Mumbai
644,Sunita,sunita658@hotmail.com,Adventure,Other,3,1,21,Pune
645,Kiara,kiara621@gmail.com,"Beach, Historical",Male,3,2,23,Jaipur
646,Vihaan,vihaan370@rediffmail.com,Nature,Female,4,0,57,Hyderabad
647,Anjali,anjali42@gmail.com,"Nature, Historical",Male,5,3,24,Delhi
648,Kiara,kiara545@hotmail.com,"Beach, Adventure",Male,3,0,58,Bangalore
649,Mohan,mohan768@rediffmail.com,Nature,Other,1,1,40,Jaipur
650,Lakshmi,lakshmi905@gmail.com,"Historical, Nature",Male,3,1,60,Bangalore
651,Ritika,ritika615@hotmail.com,"City, Adventure",Female,3,3,41,Kolkata
652,Lakshmi,lakshmi846@outlook.com,"Nature, Adventure, Beach",Male,3,0,53,Hyderabad
653,Suresh,suresh985@hotmail.com,Historical,Female,1,0,36,Surat
654,Vivaan,vivaan531@yahoo.com,"Nature, Historical",Male,2,0,38,Mumbai
655,Sneha,sneha942@rediffmail.com,City,Other,3,1,24,Mumbai
656,Divya,divya365@yahoo.com,"Adventure, City",Female,2,1,32,Hyderabad
657,Nisha,nisha95@rediffmail.com,Beach,Other,5,1,64,Pune
658,Tanvi,tanvi178@hotmail.com,"City, Historical, Adventure",Male,3,0,64,Surat
659,Vikram,vikram81@gmail.com,"Adventure, Historical",Female,4,0,25,Chennai
660,Rekha,rekha951@gmail.com,Beach,Male,2,0,52,Surat
661,Ishaan,ishaan335@rediffmail.com,"City, Nature",Male,1,1,43,Jaipur
662,Rekha,rekha590@rediffmail.com,"City, Historical",Male,2,2,27,Bangalore
663,Rohit,rohit85@hotmail.com,"City, Historical, Adventure",Other,1,0,23,Kolkata
664,Neha,neha445@yahoo.com,"Adventure, City",Female,3,0,59,Surat
665,Diya,diya575@rediffmail.com,City,Male,2,0,45,Pune
666,Sunita,sunita92@gmail.com,Nature,Female,2,0,40,Surat
667,Vivaan,vivaan789@outlook.com,"Historical, Nature",Female,3,3,46,Surat
668,Ishaan,ishaan452@gmail.com,"City, Nature",Male,3,0,64,Delhi
669,Ayaan,ayaan758@gmail.com,"City, Nature",Other,5,2,36,Mumbai
670,Rohit,rohit711@gmail.com,"Nature, Historical",Female,2,0,65,Ahmedabad
671,Aadhya,aadhya209@rediffmail.com,City,Female,3,1,27,Mumbai
672,Vikram,vikram597@rediffmail.com,"Nature, Adventure",Female,2,0,62,Surat
673,Sneha,sneha55@hotmail.com,"Beach, Historical",Male,2,0,60,Pune
674,Reyansh,reyansh20@outlook.com,Beach,Male,5,1,63,Delhi
675,Rahul,rahul497@rediffmail.com,"Beach, Historical, Nature",Male,2,1,47,Ahmedabad
676,Vivaan,vivaan41@yahoo.com,City,Female,2,0,28,Mumbai
677,Amit,amit701@outlook.com,"City, Adventure",Other,2,3,50,Hyderabad
678,Vihaan,vihaan641@outlook.com,Beach,Male,5,2,32,Bangalore
679,Rohit,rohit919@hotmail.com,"Adventure, City",Male,3,1,61,Surat
680,Kiara,kiara428@yahoo.com,"City, Historical, Adventure",Male,2,0,56,Pune
681,Pooja,pooja556@yahoo.com,"Beach, Adventure",Other,1,1,30,Bangalore
682,Nisha,nisha706@rediffmail.com,"Adventure, City",Female,5,3,27,Surat
683,Kavya,kavya326@gmail.com,"Beach, Historical, Nature",Other,5,0,38,Bangalore
684,Vivaan,vivaan784@outlook.com,Nature,Female,2,1,58,Hyderabad
685,Ishaan,ishaan798@yahoo.com,"Beach, Nature",Male,2,1,57,Surat
686,Sneha,sneha621@rediffmail.com,"Nature, Adventure, Beach",Male,3,0,19,Pune
687,Sai,sai705@hotmail.com,"Adventure, City",Other,4,0,59,Pune
688,Ananya,ananya873@hotmail.com,Adventure,Female,1,0,20,Kolkata
689,Aarav,aarav948@outlook.com,Nature,Male,3,3,31,Delhi
690,Ananya,ananya950@hotmail.com,"Nature, Adventure, Beach",Female,3,2,33,Kolkata
691,Kiran,kiran795@gmail.com,"Nature, Adventure, Beach",Other,4,1,43,Surat
692,Sunita,sunita609@rediffmail.com,City,Other,4,2,51,Delhi
693,Pooja,pooja468@gmail.com,"City, Nature",Other,3,3,20,Ahmedabad
694,Vikram,vikram529@gmail.com,"Beach, Adventure",Female,2,2,36,Jaipur
695,Kavya,kavya433@outlook.com,"Nature, Adventure, Beach",Male,3,2,47,Jaipur
696,Sai,sai740@rediffmail.com,"Beach, Nature",Male,4,2,62,Ahmedabad
697,Krishna,krishna403@hotmail.com,"Adventure, Historical",Female,1,0,63,Chennai
698,Divya,divya93@outlook.com,"Adventure, Historical",Other,3,1,28,Delhi
699,Sai,sai117@hotmail.com,"City, Adventure",Male,3,0,50,Surat
700,Kavya,kavya388@rediffmail.com,Beach,Male,4,2,54,Bangalore
701,Kavya,kavya890@yahoo.com,"Historical, Nature",Other,1,0,64,Jaipur
702,Meera,meera642@yahoo.com,"Beach, Nature",Male,5,0,34,Mumbai
703,Divya,divya510@hotmail.com,"Beach, Historical, Nature",Male,3,0,31,Surat
704,Tanvi,tanvi465@hotmail.com,Historical,Male,3,0,53,Hyderabad
705,Usha,usha644@rediffmail.com,"Beach, Adventure",Male,2,0,40,Mumbai
706,Ishaan,ishaan875@gmail.com,"City, Historical, Adventure",Other,2,2,21,Delhi
707,Deepa,deepa183@yahoo.com,"Nature, Historical",Other,3,1,54,Ahmedabad
708,Ananya,ananya990@hotmail.com,"City, Historical, Adventure",Female,5,0,37,Pune
709,Suresh,suresh920@hotmail.com,"City, Historical",Female,4,0,48,Bangalore
710,Ayaan,ayaan712@outlook.com,"Adventure, Historical",Other,2,0,31,Surat
711,Vihaan,vihaan112@rediffmail.com,City,Male,2,1,63,Hyderabad
712,Lakshmi,lakshmi624@outlook.com,"Beach, City",Other,3,1,26,Surat
713,Sunita,sunita509@rediffmail.com,Adventure,Female,4,2,32,Hyderabad
714,Diya,diya2@gmail.com,"Beach, Historical",Female,3,0,31,Surat
715,Deepa,deepa424@gmail.com,"Adventure, Historical",Female,3,1,18,Chennai
716,Meera,meera261@gmail.com,"Nature, Historical",Female,3,0,18,Delhi
717,Rohit,rohit350@hotmail.com,"City, Historical, Adventure",Other,5,2,30,Pune
718,Rohit,rohit945@hotmail.com,Adventure,Male,3,0,58,Jaipur
719,Ritika,ritika918@outlook.com,Historical,Female,5,0,51,Hyderabad
720,Sunita,sunita743@outlook.com,"Beach, Historical, Nature",Other,1,1,39,Pune
721,Arjun,arjun993@yahoo.com,"Beach, City",Male,2,0,52,Bangalore
722,Sunita,sunita621@hotmail.com,"Historical, Nature",Other,1,2,37,Pune
723,Aditya,aditya279@hotmail.com,"City, Historical",Female,4,0,37,Chennai
724,Anjali,anjali310@yahoo.com,"Beach, Nature",Female,4,1,23,Jaipur
725,Neha,neha26@hotmail.com,City,Male,2,2,64,Ahmedabad
726,Nisha,nisha795@outlook.com,"Adventure, City",Male,4,2,61,Bangalore
727,Aadhya,aadhya742@gmail.com,Historical,Female,3,1,18,Hyderabad
728,Aditya,aditya704@rediffmail.com,"City, Historical",Female,2,0,51,Hyderabad
729,Vivaan,vivaan592@outlook.com,"Beach, Adventure",Female,2,0,52,Pune
730,Pooja,pooja688@gmail.com,"Beach, City",Male,2,0,57,Ahmedabad
731,Neha,neha105@yahoo.com,"Beach, Historical, Nature",Female,3,0,63,Hyderabad
732,Sunita,sunita251@yahoo.com,"City, Historical",Female,3,0,46,Mumbai
733,Krishna,krishna30@hotmail.com,"Nature, Adventure",Male,2,0,43,Bangalore
734,Rekha,rekha913@rediffmail.com,Historical,Other,2,0,30,Ahmedabad
735,Sai,sai998@hotmail.com,"City, Historical, Adventure",Male,1,2,62,Jaipur
736,Reyansh,reyansh467@outlook.com,Historical,Female,2,0,57,Hyderabad
737,Suresh,suresh402@yahoo.com,"Adventure, Historical",Female,2,0,48,Delhi
738,Amit,amit491@hotmail.com,"Historical, Nature",Female,4,1,26,Ahmedabad
739,Reyansh,reyansh416@gmail.com,"Adventure, Historical",Other,3,2,52,Jaipur
740,Kiran,kiran605@hotmail.com,"City, Nature",Other,2,0,48,Kolkata
741,Arjun,arjun349@yahoo.com,"City, Historical, Adventure",Female,4,0,39,Ahmedabad
742,Riya,riya178@gmail.com,"City, Historical, Adventure",Female,1,1,38,Ahmedabad
743,Reyansh,reyansh842@hotmail.com,"Historical, Nature",Female,5,0,24,Surat
744,Vikram,vikram336@hotmail.com,"Nature, Adventure",Male,2,0,55,Mumbai
745,Ishaan,ishaan677@yahoo.com,Historical,Other,2,1,46,Chennai
746,Aadhya,aadhya698@outlook.com,"Nature, Historical",Other,4,1,45,Pune
747,Sai,sai597@gmail.com,"Nature, Adventure, Beach",Other,2,0,36,Mumbai
748,Suresh,suresh923@rediffmail.com,"Nature, Adventure",Male,3,2,40,Delhi
749,Meera,meera887@gmail.com,"City, Nature",Female,3,0,38,Kolkata
750,Kiran,kiran391@hotmail.com,"Beach, Historical, Nature",Male,3,0,30,Ahmedabad
751,Vikram,vikram864@outlook.com,Nature,Male,2,2,26,Bangalore
752,Aarav,aarav74@gmail.com,"Adventure, City",Other,4,1,26,Delhi
753,Krishna,krishna658@hotmail.com,Historical,Other,3,0,29,Jaipur
754,Neha,neha435@rediffmail.com,Historical,Female,2,0,56,Mumbai
755,Sunita,sunita511@yahoo.com,City,Female,2,1,41,Mumbai
756,Aditya,aditya582@hotmail.com,"City, Adventure",Male,3,3,23,Bangalore
757,Anjali,anjali880@outlook.com,Historical,Other,1,2,23,Chennai
758,Tanvi,tanvi646@gmail.com,"Beach, Historical, Nature",Other,2,0,39,Ahmedabad
759,Aarav,aarav481@hotmail.com,City,Female,3,0,40,Hyderabad
760,Meera,meera172@gmail.com,"Nature, Adventure, Beach",Other,2,2,34,Mumbai
761,Tanvi,tanvi593@yahoo.com,"City, Historical, Adventure",Male,3,0,65,Surat
762,Vivaan,vivaan294@hotmail.com,"City, Historical",Male,3,2,35,Hyderabad
763,Krishna,krishna631@outlook.com,"Beach, City",Female,1,0,29,Surat
764,Ishaan,ishaan675@hotmail.com,"City, Adventure",Male,2,1,49,Bangalore
765,Anjali,anjali883@gmail.com,"Adventure, Historical",Male,5,1,27,Jaipur
766,Deepa,deepa789@hotmail.com,"City, Nature",Other,2,1,31,Surat
767,Amit,amit56@outlook.com,"Beach, Nature",Male,2,0,37,Jaipur
768,Ritika,ritika240@hotmail.com,Beach,Female,2,1,45,Mumbai
769,Meera,meera950@hotmail.com,Beach,Other,2,1,20,Delhi
770,Ritika,ritika653@outlook.com,Nature,Other,5,2,39,Hyderabad
771,Sneha,sneha822@gmail.com,"Beach, City",Other,3,0,61,Chennai
772,Geeta,geeta789@yahoo.com,City,Female,3,3,38,Ahmedabad
773,Aarav,aarav689@gmail.com,"City, Historical",Male,2,1,61,Jaipur
774,Amit,amit225@outlook.com,"Beach, City",Male,1,1,21,Surat
775,Aadhya,aadhya974@rediffmail.com,"Beach, Nature",Other,5,0,56,Bangalore
776,Vikram,vikram673@rediffmail.com,"Historical, Nature",Male,3,0,47,Delhi
777,Divya,divya945@outlook.com,Nature,Other,5,1,38,Hyderabad
778,Kavya,kavya800@gmail.com,"Beach, City",Male,2,0,21,Hyderabad
779,Priya,priya183@hotmail.com,"City, Historical",Female,5,0,43,Bangalore
780,Shruti,shruti112@yahoo.com,"Beach, Historical, Nature",Female,2,1,46,Hyderabad
781,Reyansh,reyansh36@gmail.com,"City, Historical",Other,3,1,19,Jaipur
782,Ishaan,ishaan669@gmail.com,"Nature, Adventure",Other,2,0,39,Kolkata
783,Sunita,sunita4@rediffmail.com,Adventure,Female,2,2,22,Ahmedabad
784,Kiara,kiara4@hotmail.com,Adventure,Male,3,2,40,Pune
785,Nisha,nisha411@gmail.com,"City, Historical",Female,3,3,23,Jaipur
786,Meera,meera664@yahoo.com,"Historical, Nature",Other,1,0,30,Hyderabad
787,Vikram,vikram918@gmail.com,"City, Adventure",Female,1,1,65,Chennai
788,Krishna,krishna37@yahoo.com,"Beach, Historical",Other,5,0,42,Delhi
789,Ritika,ritika659@outlook.com,Adventure,Other,5,2,19,Mumbai
790,Rohit,rohit58@outlook.com,"Nature, Adventure",Female,1,2,60,Ahmedabad
791,Divya,divya963@rediffmail.com,"Adventure, City",Other,3,2,20,Bangalore
792,Shruti,shruti670@gmail.com,Adventure,Other,1,1,26,Mumbai
793,Ananya,ananya648@gmail.com,"Nature, Historical",Male,2,0,55,Delhi
794,Reyansh,reyansh117@hotmail.com,"Nature, Adventure, Beach",Other,2,2,45,Pune
795,Kiran,kiran333@gmail.com,"City, Historical, Adventure",Other,1,2,31,Mumbai
796,Geeta,geeta178@outlook.com,"City, Historical",Male,2,1,28,Pune
797,Mohan,mohan169@hotmail.com,"City, Nature",Other,1,0,58,Surat
798,Vikram,vikram797@yahoo.com,"Beach, Historical",Female,1,0,23,Surat
799,Meera,meera427@hotmail.com,"Adventure, City",Male,1,0,46,Kolkata
800,Riya,riya961@yahoo.com,"Nature, Adventure, Beach",Other,1,0,49,Surat
801,Sai,sai643@outlook.com,"City, Adventure",Female,1,0,25,Ahmedabad
802,Reyansh,reyansh634@outlook.com,"Beach, Historical, Nature",Other,2,1,60,Chennai
803,Sneha,sneha55@yahoo.com,"Beach, Nature",Male,3,3,48,Jaipur
804,Ananya,ananya164@gmail.com,"Nature, Adventure",Other,2,0,34,Pune
805,Usha,usha825@hotmail.com,"Nature, Adventure",Male,3,2,29,Bangalore
806,Vivaan,vivaan497@rediffmail.com,"Beach, Nature",Male,4,1,55,Surat
807,Rahul,rahul430@yahoo.com,"Adventure, Historical",Male,4,0,24,Chennai
808,Deepa,deepa891@yahoo.com,Beach,Male,1,1,21,Kolkata
809,Ishaan,ishaan222@rediffmail.com,Historical,Male,2,0,64,Chennai
810,Amit,amit999@outlook.com,"Beach, Adventure",Female,1,1,21,Hyderabad
811,Krishna,krishna114@hotmail.com,Historical,Female,2,0,36,Surat
812,Kavya,kavya809@rediffmail.com,"Historical, Nature",Other,5,2,23,Kolkata
813,Anjali,anjali501@yahoo.com,"City, Historical, Adventure",Female,4,0,64,Kolkata
814,Riya,riya254@outlook.com,Nature,Other,2,2,27,Surat
815,Aarav,aarav428@gmail.com,"Nature, Adventure",Female,3,1,45,Ahmedabad
816,Kiran,kiran491@gmail.com,Historical,Female,2,1,18,Kolkata
817,Aadhya,aadhya136@outlook.com,"Nature, Historical",Male,3,0,48,Hyderabad
818,Kavya,kavya721@hotmail.com,"City, Historical, Adventure",Other,3,3,47,Bangalore
819,Kiran,kiran190@outlook.com,Historical,Other,3,2,22,Kolkata
820,Rohit,rohit544@gmail.com,"Nature, Historical",Female,4,1,57,Ahmedabad
821,Sunita,sunita814@yahoo.com,"City, Historical",Other,4,1,21,Ahmedabad
822,Suresh,suresh910@gmail.com,"Beach, Nature",Female,2,1,41,Pune
823,Ananya,ananya664@rediffmail.com,"City, Historical",Other,3,0,39,Chennai
824,Ritika,ritika117@hotmail.com,"City, Historical, Adventure",Other,2,1,32,Pune
825,Amit,amit920@outlook.com,City,Other,2,0,41,Pune
826,Pooja,pooja498@rediffmail.com,City,Male,2,1,52,Hyderabad
827,Pooja,pooja636@outlook.com,"City, Historical",Male,4,0,23,Kolkata
828,Ananya,ananya296@gmail.com,"Beach, Nature",Male,2,1,49,Bangalore
829,Aadhya,aadhya534@gmail.com,"Nature, Historical",Female,5,1,26,Jaipur
830,Amit,amit431@hotmail.com,"Beach, Historical",Female,2,0,32,Ahmedabad
831,Rohit,rohit422@rediffmail.com,"Adventure, Historical",Other,3,0,55,Ahmedabad
832,Mohan,mohan456@hotmail.com,"Nature, Historical",Other,1,2,28,Hyderabad
833,Kiara,kiara496@outlook.com,"Nature, Historical",Male,1,0,28,Surat
834,Kavya,kavya729@rediffmail.com,"Nature, Historical",Male,5,2,62,Bangalore
835,Kavya,kavya244@gmail.com,"Nature, Adventure",Female,3,0,41,Bangalore
836,Aadhya,aadhya576@gmail.com,"Adventure, Historical",Female,1,0,28,Ahmedabad
837,Nisha,nisha125@gmail.com,Beach,Female,4,2,38,Bangalore
838,Aarav,aarav994@rediffmail.com,City,Female,3,0,36,Surat
839,Ishaan,ishaan819@rediffmail.com,Historical,Female,3,1,20,Bangalore
840,Mohan,mohan120@outlook.com,"Beach, Historical",Female,3,0,40,Delhi
841,Rahul,rahul57@rediffmail.com,"Beach, Adventure",Other,3,2,35,Chennai
842,Vivaan,vivaan86@rediffmail.com,Historical,Other,3,0,50,Kolkata
843,Diya,diya503@outlook.com,"Nature, Adventure, Beach",Other,3,0,60,Pune
844,Kiran,kiran152@hotmail.com,"City, Adventure",Female,2,0,40,Hyderabad
845,Pooja,pooja896@rediffmail.com,"City, Historical",Male,3,0,44,Jaipur
846,Meera,meera168@hotmail.com,Nature,Male,4,1,27,Chennai
847,Nisha,nisha487@rediffmail.com,"Adventure, Historical",Male,5,1,42,Delhi
848,Aarav,aarav420@outlook.com,Nature,Male,3,1,26,Chennai
849,Ananya,ananya853@hotmail.com,"Nature, Historical",Other,2,2,37,Surat
850,Nisha,nisha506@rediffmail.com,Historical,Male,1,0,34,Hyderabad
851,Tanvi,tanvi128@outlook.com,Nature,Male,2,1,33,Mumbai
852,Ayaan,ayaan784@outlook.com,Adventure,Male,3,0,48,Surat
853,Lakshmi,lakshmi890@outlook.com,Adventure,Other,4,0,64,Surat
854,Vivaan,vivaan866@outlook.com,"Historical, Nature",Other,1,0,62,Bangalore
855,Amit,amit168@gmail.com,"Beach, City",Female,2,2,40,Mumbai
856,Meera,meera299@rediffmail.com,"City, Historical",Other,2,1,24,Surat
857,Kavya,kavya557@outlook.com,"Adventure, Historical",Other,4,0,62,Pune
858,Reyansh,reyansh548@rediffmail.com,"City, Adventure",Male,1,1,41,Jaipur
859,Deepa,deepa349@yahoo.com,"Beach, Nature",Male,2,0,30,Ahmedabad
860,Usha,usha707@rediffmail.com,"Beach, Historical, Nature",Other,3,1,25,Kolkata
861,Divya,divya939@gmail.com,"Beach, Nature",Male,5,0,37,Pune
862,Krishna,krishna837@hotmail.com,"Nature, Adventure, Beach",Other,4,0,63,Hyderabad
863,Vivaan,vivaan763@gmail.com,"City, Nature",Male,4,0,32,Hyderabad
864,Krishna,krishna215@yahoo.com,"City, Historical",Female,3,2,22,Mumbai
865,Tanvi,tanvi776@hotmail.com,"Nature, Adventure",Male,1,2,50,Surat
866,Vihaan,vihaan481@gmail.com,"Beach, City",Male,1,1,24,Delhi
867,Rekha,rekha211@rediffmail.com,"Beach, Adventure",Male,3,0,27,Hyderabad
868,Geeta,geeta357@outlook.com,"Historical, Nature",Other,4,1,50,Surat
869,Arjun,arjun102@rediffmail.com,"Beach, Historical",Other,2,0,36,Bangalore
870,Ritika,ritika5@gmail.com,"Beach, Adventure",Other,4,0,62,Surat
871,Ananya,ananya451@gmail.com,"Historical, Nature",Female,5,0,50,Chennai
872,Deepa,deepa116@outlook.com,"Beach, Nature",Female,1,0,41,Hyderabad
873,Mohan,mohan740@gmail.com,"City, Historical",Female,2,0,47,Surat
874,Nisha,nisha704@hotmail.com,"City, Nature",Other,2,3,45,Chennai
875,Arjun,arjun917@hotmail.com,"City, Adventure",Male,1,1,61,Delhi
876,Kiran,kiran449@rediffmail.com,"City, Historical",Male,1,0,55,Delhi
877,Kavya,kavya67@outlook.com,"Beach, Adventure",Female,2,2,43,Delhi
878,Kiara,kiara859@hotmail.com,Adventure,Female,4,1,55,Hyderabad
879,Kiran,kiran365@hotmail.com,"Nature, Adventure, Beach",Female,5,1,27,Jaipur
880,Reyansh,reyansh126@outlook.com,Adventure,Female,2,2,19,Delhi
881,Vihaan,vihaan851@gmail.com,Adventure,Other,1,0,56,Pune
882,Ishaan,ishaan311@rediffmail.com,"Nature, Adventure, Beach",Male,4,1,51,Jaipur
883,Divya,divya207@outlook.com,Adventure,Female,3,1,52,Ahmedabad
884,Vivaan,vivaan976@gmail.com,Nature,Male,2,0,42,Jaipur
885,Divya,divya37@gmail.com,"Historical, Nature",Other,3,1,63,Bangalore
886,Shruti,shruti442@yahoo.com,"Nature, Historical",Other,2,1,54,Jaipur
887,Mohan,mohan702@rediffmail.com,"City, Historical, Adventure",Female,2,2,50,Mumbai
888,Kiran,kiran270@hotmail.com,"City, Historical, Adventure",Female,3,0,36,Pune
889,Vihaan,vihaan29@rediffmail.com,"Nature, Adventure",Male,4,0,65,Surat
890,Vivaan,vivaan784@outlook.com,Beach,Male,2,3,44,Pune
891,Vihaan,vihaan678@yahoo.com,"City, Nature",Male,3,1,62,Delhi
892,Nisha,nisha118@outlook.com,"Historical, Nature",Male,3,0,60,Kolkata
893,Sunita,sunita528@hotmail.com,"Beach, City",Male,3,1,38,Kolkata
894,Sunita,sunita400@outlook.com,"City, Historical, Adventure",Male,4,0,61,Chennai
895,Rohit,rohit509@rediffmail.com,"Adventure, Historical",Male,3,0,45,Chennai
896,Shruti,shruti651@gmail.com,"Beach, Historical, Nature",Male,2,0,54,Kolkata
897,Kiara,kiara640@gmail.com,"City, Historical, Adventure",Male,3,0,54,Ahmedabad
898,Tanvi,tanvi438@yahoo.com,"City, Adventure",Male,3,0,37,Kolkata
899,Ritika,ritika321@yahoo.com,Nature,Female,2,1,60,Ahmedabad
900,Ananya,ananya903@gmail.com,City,Male,3,0,65,Jaipur
901,Sneha,sneha960@rediffmail.com,"Nature, Adventure, Beach",Female,5,1,21,Ahmedabad
902,Diya,diya374@hotmail.com,"Adventure, City",Male,2,1,37,Kolkata
903,Deepa,deepa327@gmail.com,"Beach, Adventure",Female,2,0,28,Hyderabad
904,Rekha,rekha242@hotmail.com,"City, Nature",Male,1,0,37,Jaipur
905,Shruti,shruti574@hotmail.com,Nature,Other,5,0,35,Bangalore
906,Vivaan,vivaan265@outlook.com,"Beach, Historical, Nature",Male,3,0,64,Jaipur
907,Vivaan,vivaan57@gmail.com,"Adventure, Historical",Other,2,0,44,Pune
908,Sai,sai407@yahoo.com,"City, Nature",Male,3,1,25,Ahmedabad
909,Geeta,geeta973@rediffmail.com,"Beach, City",Female,4,0,25,Pune
910,Rohit,rohit853@rediffmail.com,Beach,Other,3,2,31,Bangalore
911,Reyansh,reyansh180@yahoo.com,"Beach, City",Female,2,2,21,Jaipur
912,Ritika,ritika384@gmail.com,"Adventure, Historical",Other,2,1,35,Bangalore
913,Suresh,suresh487@outlook.com,"Nature, Historical",Male,3,2,20,Mumbai
914,Riya,riya260@rediffmail.com,Beach,Female,3,1,61,Delhi
915,Ritika,ritika888@yahoo.com,Historical,Female,1,3,34,Hyderabad
916,Sai,sai959@yahoo.com,"Nature, Historical",Male,4,0,46,Pune
917,Deepa,deepa809@gmail.com,"Beach, City",Male,4,2,48,Kolkata
918,Rohit,rohit735@hotmail.com,"Beach, Nature",Male,3,1,40,Kolkata
919,Rekha,rekha747@rediffmail.com,"Adventure, Historical",Female,3,1,59,Bangalore
920,Pooja,pooja811@yahoo.com,"Beach, Historical",Female,2,0,54,Delhi
921,Ayaan,ayaan162@yahoo.com,City,Other,5,2,26,Surat
922,Deepa,deepa812@outlook.com,Historical,Female,4,0,29,Surat
923,Rahul,rahul819@outlook.com,"Beach, Adventure",Male,2,0,42,Surat
924,Kiara,kiara22@gmail.com,"Beach, Historical, Nature",Other,3,0,23,Jaipur
925,Diya,diya269@yahoo.com,"Nature, Adventure",Female,3,1,27,Delhi
926,Suresh,suresh175@rediffmail.com,"Beach, Nature",Male,3,0,47,Jaipur
927,Ayaan,ayaan230@yahoo.com,"Beach, Adventure",Female,2,0,26,Kolkata
928,Aadhya,aadhya615@yahoo.com,"Nature, Historical",Other,3,0,44,Bangalore
929,Vivaan,vivaan298@outlook.com,"City, Nature",Other,2,0,55,Jaipur
930,Sai,sai11@hotmail.com,"Adventure, City",Female,5,0,31,Kolkata
931,Lakshmi,lakshmi754@rediffmail.com,"Beach, City",Male,1,0,39,Chennai
932,Tanvi,tanvi931@outlook.com,"Nature, Adventure, Beach",Other,5,1,65,Mumbai
933,Aarav,aarav260@rediffmail.com,"Nature, Adventure, Beach",Female,2,0,41,Bangalore
934,Mohan,mohan43@rediffmail.com,"Historical, Nature",Female,2,0,39,Jaipur
935,Krishna,krishna92@outlook.com,City,Female,1,0,20,Bangalore
936,Shruti,shruti893@outlook.com,"City, Adventure",Female,2,2,57,Hyderabad
937,Anjali,anjali321@hotmail.com,"Historical, Nature",Female,3,0,27,Ahmedabad
938,Pooja,pooja55@yahoo.com,"Adventure, City",Male,2,0,34,Bangalore
939,Divya,divya447@gmail.com,Adventure,Male,2,3,53,Jaipur
940,Divya,divya505@gmail.com,"Adventure, City",Male,2,0,36,Bangalore
941,Kavya,kavya768@rediffmail.com,"Beach, City",Other,4,1,55,Mumbai
942,Anjali,anjali786@rediffmail.com,"Historical, Nature",Female,5,0,49,Delhi
943,Rohit,rohit27@outlook.com,"Beach, Nature",Female,2,2,24,Pune
944,Ishaan,ishaan30@gmail.com,Historical,Other,3,0,35,Surat
945,Aarav,aarav338@gmail.com,"Nature, Adventure, Beach",Female,2,1,64,Surat
946,Krishna,krishna217@gmail.com,"Nature, Historical",Female,4,1,53,Surat
947,Vikram,vikram95@hotmail.com,"Beach, City",Male,2,1,43,Delhi
948,Vivaan,vivaan873@yahoo.com,"Historical, Nature",Female,4,0,59,Bangalore
949,Ayaan,ayaan306@hotmail.com,Nature,Other,4,0,61,Surat
950,Krishna,krishna368@gmail.com,"City, Adventure",Other,2,0,42,Jaipur
951,Sneha,sneha577@rediffmail.com,Nature,Male,4,2,57,Bangalore
952,Lakshmi,lakshmi646@hotmail.com,"City, Historical",Male,3,3,61,Chennai
953,Ishaan,ishaan954@hotmail.com,City,Other,3,0,47,Kolkata
954,Sai,sai929@hotmail.com,"Nature, Historical",Male,5,1,37,Chennai
955,Anjali,anjali438@outlook.com,"City, Historical, Adventure",Male,3,2,50,Delhi
956,Neha,neha436@hotmail.com,"Beach, Nature",Female,3,1,34,Pune
957,Priya,priya600@gmail.com,City,Male,1,1,29,Bangalore
958,Kiran,kiran47@gmail.com,Nature,Other,2,1,47,Jaipur
959,Usha,usha828@outlook.com,"Adventure, Historical",Male,2,0,56,Hyderabad
960,Reyansh,reyansh445@rediffmail.com,"Beach, Historical",Male,2,0,59,Jaipur
961,Divya,divya709@hotmail.com,"Nature, Adventure, Beach",Other,2,1,57,Pune
962,Kiran,kiran824@outlook.com,"City, Historical",Male,1,0,19,Chennai
963,Vivaan,vivaan215@hotmail.com,"Adventure, City",Other,2,2,52,Chennai
964,Sai,sai309@hotmail.com,"Adventure, City",Female,2,0,27,Jaipur
965,Shruti,shruti483@gmail.com,Historical,Other,2,0,43,Mumbai
966,Rohit,rohit9@gmail.com,Nature,Female,4,1,56,Ahmedabad
967,Meera,meera38@hotmail.com,Beach,Female,3,1,61,Jaipur
968,Kiara,kiara732@gmail.com,City,Male,2,0,22,Hyderabad
969,Deepa,deepa911@hotmail.com,"Beach, Nature",Female,3,1,46,Kolkata
970,Vivaan,vivaan166@outlook.com,"Beach, Adventure",Female,2,0,32,Surat
971,Rohit,rohit944@rediffmail.com,Historical,Male,4,1,42,Kolkata
972,Suresh,suresh816@hotmail.com,"Historical, Nature",Other,2,1,23,Jaipur
973,Krishna,krishna178@yahoo.com,"Historical, Nature",Other,2,2,49,Hyderabad
974,Riya,riya215@rediffmail.com,"Nature, Adventure",Male,2,0,61,Bangalore
975,Ananya,ananya848@rediffmail.com,"Nature, Adventure",Male,2,0,32,Delhi
976,Mohan,mohan230@hotmail.com,"Beach, City",Female,4,1,53,Hyderabad
977,Ishaan,ishaan874@rediffmail.com,"Nature, Adventure, Beach",Other,1,0,46,Jaipur
978,Ayaan,ayaan999@gmail.com,"Nature, Adventure, Beach",Other,4,2,53,Mumbai
979,Neha,neha108@yahoo.com,"Beach, Nature",Male,5,0,36,Jaipur
980,Neha,neha511@gmail.com,"Adventure, City",Other,2,2,25,Chennai
981,Pooja,pooja993@hotmail.com,"Beach, Historical",Male,4,0,36,Ahmedabad
982,Kavya,kavya88@outlook.com,"City, Adventure",Other,4,0,60,Chennai
983,Ishaan,ishaan772@rediffmail.com,Nature,Male,1,0,44,Jaipur
984,Anjali,anjali814@outlook.com,"Beach, Historical",Female,1,0,51,Delhi
985,Sai,sai347@outlook.com,Beach,Male,2,0,20,Bangalore
986,Sunita,sunita60@rediffmail.com,"Nature, Historical",Female,2,1,53,Hyderabad
987,Rahul,rahul932@outlook.com,"Beach, Historical",Female,5,1,27,Kolkata
988,Pooja,pooja660@yahoo.com,"Beach, Historical, Nature",Other,4,1,62,Pune
989,Kiran,kiran795@yahoo.com,"Nature, Historical",Male,1,0,64,Bangalore
990,Anjali,anjali554@outlook.com,"Beach, Adventure",Male,3,0,39,Bangalore
991,Vivaan,vivaan29@rediffmail.com,"City, Historical, Adventure",Female,2,1,64,Kolkata
992,Neha,neha114@gmail.com,"City, Adventure",Female,3,0,21,Delhi
993,Pooja,pooja306@rediffmail.com,"Beach, Historical",Female,2,0,65,Surat
994,Sunita,sunita732@rediffmail.com,"Nature, Adventure, Beach",Male,2,0,63,Surat
995,Krishna,krishna732@hotmail.com,City,Other,2,0,55,Chennai
996,Suresh,suresh466@gmail.com,"Adventure, City",Other,2,0,23,Mumbai
997,Lakshmi,lakshmi910@yahoo.com,Adventure,Male,2,0,51,Kolkata
998,Geeta,geeta573@rediffmail.com,Beach,Female,3,1,46,Jaipur
999,Deepa,deepa844@yahoo.com,"Adventure, City",Other,1,1,26,Ahmedabad
1000,Anjali,anjali121@yahoo.com,Historical,Female,1,0,53,Pune
1001,Ayaan,ayaan617@hotmail.com,"Beach, Nature",Male,2,0,51,Bangalore
1002,Ayaan,ayaan381@outlook.com,"City, Adventure",Female,2,0,27,Bangalore
1003,Geeta,geeta432@gmail.com,"Nature, Historical",Female,2,2,49,Mumbai
1004,Ayaan,ayaan561@outlook.com,"City, Historical",Male,2,1,54,Jaipur
1005,Rohit,rohit801@hotmail.com,Adventure,Other,4,0,26,Ahmedabad
1006,Divya,divya780@hotmail.com,Historical,Male,4,0,57,Surat
1007,Deepa,deepa397@yahoo.com,Beach,Female,3,3,46,Hyderabad
1008,Sai,sai887@yahoo.com,"Beach, Historical",Other,3,1,37,Ahmedabad
1009,Ayaan,ayaan660@rediffmail.com,"City, Historical",Male,5,1,21,Surat
1010,Anjali,anjali194@hotmail.com,City,Male,1,2,29,Mumbai
1011,Sneha,sneha806@yahoo.com,"City, Nature",Other,4,1,23,Ahmedabad
1012,Rekha,rekha329@hotmail.com,"City, Historical, Adventure",Male,2,2,39,Kolkata
1013,Ananya,ananya425@gmail.com,City,Female,2,0,24,Ahmedabad
1014,Kavya,kavya293@yahoo.com,"Historical, Nature",Female,4,0,44,Bangalore
1015,Vihaan,vihaan630@outlook.com,"Historical, Nature",Male,3,0,24,Pune
1016,Ishaan,ishaan423@outlook.com,"Beach, City",Female,5,2,21,Chennai
1017,Riya,riya771@rediffmail.com,"City, Historical, Adventure",Male,2,1,42,Delhi
1018,Sneha,sneha63@outlook.com,Historical,Other,2,0,44,Chennai
1019,Vivaan,vivaan276@rediffmail.com,"City, Historical, Adventure",Other,1,1,59,Bangalore
1020,Nisha,nisha582@hotmail.com,Historical,Male,4,1,27,Pune
1021,Ritika,ritika173@yahoo.com,"Beach, Historical, Nature",Female,5,1,20,Mumbai
1022,Divya,divya985@rediffmail.com,"Nature, Historical",Other,5,0,48,Hyderabad
1023,Rekha,rekha257@hotmail.com,"City, Adventure",Other,2,2,36,Mumbai
1024,Kavya,kavya757@rediffmail.com,"City, Historical, Adventure",Male,2,0,25,Bangalore
1025,Mohan,mohan287@hotmail.com,"Beach, Adventure",Other,3,2,61,Pune
1026,Priya,priya771@hotmail.com,"Beach, City",Male,3,0,31,Jaipur
1027,Rekha,rekha337@gmail.com,"Adventure, City",Other,5,1,18,Mumbai
1028,Ananya,ananya424@rediffmail.com,Adventure,Female,3,2,59,Delhi
1029,Ritika,ritika32@hotmail.com,"Beach, Nature",Female,5,0,56,Pune
1030,Vikram,vikram182@gmail.com,"Beach, Nature",Female,2,0,18,Chennai
1031,Vivaan,vivaan777@outlook.com,"City, Adventure",Male,1,1,37,Chennai
1032,Kiara,kiara506@outlook.com,"Nature, Adventure",Female,2,1,56,Chennai
1033,Aarav,aarav201@hotmail.com,"Beach, Nature",Female,3,0,53,Chennai
1034,Sunita,sunita689@rediffmail.com,"City, Historical, Adventure",Male,1,0,22,Bangalore
1035,Priya,priya956@rediffmail.com,"City, Nature",Other,3,0,61,Mumbai
1036,Ritika,ritika630@outlook.com,"Beach, Historical, Nature",Female,1,0,61,Mumbai
1037,Rahul,rahul443@hotmail.com,"Beach, City",Male,3,0,41,Ahmedabad
1038,Aditya,aditya906@yahoo.com,"Nature, Adventure",Female,5,1,38,Mumbai
1039,Kiran,kiran200@outlook.com,"City, Historical",Other,4,3,32,Kolkata
1040,Arjun,arjun940@yahoo.com,"Beach, Adventure",Male,2,0,58,Delhi
1041,Vivaan,vivaan492@hotmail.com,"Beach, Historical",Other,4,2,34,Chennai
1042,Reyansh,reyansh485@yahoo.com,"Adventure, Historical",Male,4,1,33,Delhi
1043,Rekha,rekha635@hotmail.com,"Beach, Nature",Other,2,0,21,Mumbai
1044,Vikram,vikram321@gmail.com,"Adventure, City",Male,5,0,37,Surat
1045,Lakshmi,lakshmi68@gmail.com,"Nature, Adventure",Other,1,2,43,Delhi
1046,Usha,usha771@hotmail.com,"City, Nature",Other,4,1,47,Kolkata
1047,Divya,divya815@hotmail.com,"Nature, Adventure, Beach",Other,1,1,61,Mumbai
1048,Divya,divya530@outlook.com,"City, Historical, Adventure",Male,1,0,63,Delhi
1049,Geeta,geeta809@yahoo.com,"City, Historical, Adventure",Male,3,0,44,Jaipur
1050,Usha,usha456@yahoo.com,"City, Nature",Male,4,0,37,Surat
1051,Lakshmi,lakshmi526@outlook.com,"Nature, Historical",Other,4,1,27,Jaipur
1052,Nisha,nisha618@outlook.com,"Nature, Historical",Female,5,1,60,Bangalore
1053,Vihaan,vihaan244@rediffmail.com,"Beach, Historical, Nature",Male,2,0,30,Chennai
1054,Arjun,arjun350@yahoo.com,Adventure,Other,3,0,62,Pune
1055,Geeta,geeta580@outlook.com,"Nature, Adventure, Beach",Female,2,0,47,Mumbai
1056,Shruti,shruti225@gmail.com,"City, Nature",Other,2,1,33,Jaipur
1057,Rohit,rohit827@hotmail.com,"Beach, Adventure",Female,2,3,41,Mumbai
1058,Arjun,arjun367@gmail.com,"Beach, Historical, Nature",Male,1,0,58,Surat
1059,Suresh,suresh45@gmail.com,"Beach, Adventure",Male,2,0,34,Bangalore
1060,Rohit,rohit868@rediffmail.com,"City, Nature",Male,2,0,34,Delhi
1061,Vivaan,vivaan852@yahoo.com,Beach,Other,4,0,31,Hyderabad
1062,Divya,divya246@outlook.com,"City, Adventure",Other,2,1,57,Kolkata
1063,Arjun,arjun122@yahoo.com,"Adventure, City",Male,2,0,41,Pune
1064,Rekha,rekha440@yahoo.com,"Nature, Adventure",Other,3,2,36,Bangalore
1065,Rahul,rahul254@gmail.com,"Beach, City",Male,4,3,49,Chennai
1066,Sai,sai804@hotmail.com,"Nature, Adventure, Beach",Male,2,0,59,Ahmedabad
1067,Suresh,suresh511@rediffmail.com,Historical,Male,2,0,62,Jaipur
1068,Shruti,shruti486@outlook.com,"City, Historical, Adventure",Female,3,2,59,Mumbai
1069,Aadhya,aadhya225@yahoo.com,Historical,Male,2,0,42,Surat
1070,Kavya,kavya958@outlook.com,"Beach, City",Other,1,1,36,Jaipur
1071,Anjali,anjali361@yahoo.com,"City, Historical, Adventure",Male,2,1,45,Jaipur
1072,Divya,divya443@hotmail.com,"City, Adventure",Female,2,0,29,Jaipur
1073,Kiara,kiara272@gmail.com,"City, Adventure",Male,2,1,52,Delhi
1074,Sneha,sneha949@yahoo.com,"Beach, Nature",Male,1,0,30,Pune
1075,Diya,diya692@outlook.com,"Beach, City",Female,3,1,35,Chennai
1076,Rekha,rekha142@rediffmail.com,"Beach, City",Male,4,0,40,Kolkata
1077,Kiran,kiran842@rediffmail.com,"Beach, Historical",Female,3,3,27,Kolkata
1078,Kiara,kiara233@yahoo.com,Adventure,Male,3,2,47,Jaipur
1079,Rohit,rohit811@gmail.com,"Adventure, Historical",Male,2,2,44,Chennai
1080,Pooja,pooja461@rediffmail.com,"Beach, Historical",Female,1,2,37,Mumbai
1081,Shruti,shruti830@outlook.com,"Adventure, Historical",Male,2,1,43,Ahmedabad
1082,Nisha,nisha334@rediffmail.com,"Beach, Historical",Other,4,2,27,Pune
1083,Sunita,sunita645@rediffmail.com,"Nature, Adventure, Beach",Other,4,3,31,Kolkata
1084,Arjun,arjun548@hotmail.com,"Beach, Adventure",Female,1,1,46,Hyderabad
1085,Sai,sai176@gmail.com,"Beach, Historical, Nature",Male,1,1,49,Mumbai
1086,Ananya,ananya204@gmail.com,Beach,Female,2,0,51,Delhi
1087,Divya,divya59@outlook.com,City,Male,2,2,44,Kolkata
1088,Kavya,kavya114@yahoo.com,"Beach, Historical, Nature",Female,2,0,31,Bangalore
1089,Aadhya,aadhya318@hotmail.com,Adventure,Male,3,2,55,Chennai
1090,Neha,neha734@hotmail.com,"Beach, City",Male,1,0,22,Kolkata
1091,Rekha,rekha827@yahoo.com,City,Female,5,2,47,Jaipur
1092,Sunita,sunita41@gmail.com,"Nature, Historical",Other,4,0,62,Hyderabad
1093,Kiran,kiran628@yahoo.com,Nature,Male,2,1,45,Jaipur
1094,Vikram,vikram933@yahoo.com,"City, Historical, Adventure",Male,2,2,33,Bangalore
1095,Sneha,sneha904@rediffmail.com,"Nature, Historical",Other,5,1,64,Chennai
1096,Shruti,shruti422@rediffmail.com,"Beach, Nature",Female,1,0,38,Kolkata
1097,Pooja,pooja169@outlook.com,"Beach, Adventure",Other,1,0,58,Jaipur
1098,Vikram,vikram352@hotmail.com,"Beach, Adventure",Female,1,0,63,Bangalore
1099,Rahul,rahul687@hotmail.com,Adventure,Female,1,1,33,Jaipur
1100,Krishna,krishna483@outlook.com,"Historical, Nature",Male,4,1,29,Hyderabad
1101,Ayaan,ayaan548@hotmail.com,"Historical, Nature",Male,3,0,35,Bangalore
1102,Pooja,pooja367@yahoo.com,"Beach, Adventure",Other,1,1,31,Jaipur
1103,Vihaan,vihaan857@rediffmail.com,"Beach, Nature",Female,3,0,56,Mumbai
1104,Vihaan,vihaan791@hotmail.com,"Beach, Adventure",Male,2,0,23,Mumbai
1105,Deepa,deepa29@gmail.com,"Adventure, Historical",Male,3,0,24,Bangalore
1106,Kavya,kavya46@hotmail.com,City,Male,4,0,58,Chennai
1107,Usha,usha213@rediffmail.com,Beach,Female,1,0,40,Pune
1108,Ananya,ananya16@hotmail.com,"Adventure, Historical",Male,2,0,22,Hyderabad
1109,Usha,usha378@gmail.com,"City, Historical",Male,2,1,49,Delhi
1110,Ritika,ritika811@rediffmail.com,"Historical, Nature",Female,5,1,58,Kolkata
1111,Krishna,krishna341@yahoo.com,"Adventure, Historical",Other,2,0,56,Surat
1112,Pooja,pooja392@rediffmail.com,"City, Nature",Other,3,3,32,Mumbai
1113,Usha,usha778@gmail.com,"Nature, Historical",Male,3,1,57,Delhi
1114,Vihaan,vihaan141@outlook.com,Adventure,Female,2,0,59,Mumbai
1115,Riya,riya946@rediffmail.com,Historical,Other,4,0,38,Mumbai
1116,Anjali,anjali811@hotmail.com,"Nature, Historical",Male,2,1,39,Chennai
1117,Aadhya,aadhya553@gmail.com,"City, Nature",Other,3,0,42,Ahmedabad
1118,Rahul,rahul188@hotmail.com,"Beach, Historical",Male,4,0,30,Mumbai
1119,Ishaan,ishaan961@yahoo.com,"Adventure, City",Male,2,1,31,Chennai
1120,Neha,neha81@hotmail.com,Historical,Female,2,0,45,Bangalore
1121,Rekha,rekha255@outlook.com,"Nature, Historical",Other,2,1,35,Jaipur
1122,Sai,sai974@outlook.com,Beach,Female,2,0,50,Surat
1123,Lakshmi,lakshmi779@yahoo.com,Adventure,Male,4,0,23,Hyderabad
1124,Rekha,rekha551@yahoo.com,"Beach, Historical, Nature",Other,2,0,37,Jaipur
1125,Meera,meera385@rediffmail.com,"Nature, Adventure, Beach",Female,1,0,48,Chennai
1126,Ishaan,ishaan939@yahoo.com,"Beach, Historical",Male,4,1,41,Jaipur
1127,Kiran,kiran948@hotmail.com,Beach,Other,2,0,59,Surat
1128,Arjun,arjun419@gmail.com,"Beach, Nature",Female,5,0,45,Hyderabad
1129,Amit,amit522@hotmail.com,"City, Adventure",Other,1,0,45,Chennai
1130,Riya,riya490@gmail.com,"City, Adventure",Other,3,0,60,Bangalore
1131,Priya,priya620@hotmail.com,"Adventure, City",Female,2,1,60,Bangalore
1132,Aarav,aarav120@gmail.com,Beach,Female,3,3,23,Ahmedabad
1133,Diya,diya898@hotmail.com,"Historical, Nature",Female,2,0,52,Kolkata
1134,Geeta,geeta316@hotmail.com,"City, Historical",Male,3,1,40,Bangalore
1135,Sneha,sneha767@yahoo.com,Beach,Other,2,3,49,Mumbai
1136,Reyansh,reyansh72@hotmail.com,City,Female,3,1,28,Bangalore
1137,Suresh,suresh191@yahoo.com,"Beach, Adventure",Female,2,2,46,Surat
1138,Aadhya,aadhya191@yahoo.com,"Nature, Adventure",Other,2,1,34,Kolkata
1139,Pooja,pooja642@rediffmail.com,"Beach, Nature",Other,2,0,42,Delhi
1140,Sneha,sneha66@outlook.com,"Beach, Historical",Other,2,0,24,Mumbai
1141,Vihaan,vihaan273@gmail.com,"City, Historical, Adventure",Male,1,1,18,Kolkata
1142,Rekha,rekha533@outlook.com,Adventure,Female,4,1,39,Pune
1143,Rohit,rohit323@yahoo.com,"City, Adventure",Other,2,1,40,Pune
1144,Reyansh,reyansh4@hotmail.com,Beach,Other,4,2,19,Surat
1145,Ayaan,ayaan890@rediffmail.com,"Beach, City",Other,4,0,46,Surat
1146,Tanvi,tanvi528@hotmail.com,"Beach, Adventure",Male,5,3,38,Mumbai
1147,Suresh,suresh895@gmail.com,"Adventure, Historical",Other,2,1,43,Surat
1148,Sai,sai357@hotmail.com,Adventure,Other,4,2,64,Kolkata
1149,Meera,meera622@yahoo.com,"Adventure, City",Other,4,2,63,Ahmedabad
1150,Aditya,aditya131@hotmail.com,"City, Historical",Female,4,3,47,Bangalore
1151,Pooja,pooja978@gmail.com,Adventure,Other,3,0,28,Delhi
1152,Reyansh,reyansh446@gmail.com,"Historical, Nature",Female,5,1,32,Hyderabad
1153,Tanvi,tanvi975@gmail.com,"Adventure, City",Other,3,0,62,Pune
1154,Kiara,kiara955@rediffmail.com,"Nature, Adventure, Beach",Male,3,0,63,Kolkata
1155,Mohan,mohan990@hotmail.com,"City, Nature",Male,2,0,25,Delhi
1156,Rohit,rohit759@rediffmail.com,"Beach, Adventure",Other,5,1,26,Pune
1157,Vikram,vikram591@gmail.com,"Nature, Historical",Male,3,0,42,Kolkata
1158,Rahul,rahul790@outlook.com,"Adventure, City",Other,3,1,24,Kolkata
1159,Aarav,aarav552@hotmail.com,"Adventure, Historical",Male,4,0,32,Jaipur
1160,Divya,divya151@rediffmail.com,"Nature, Historical",Male,3,2,62,Mumbai
1161,Rekha,rekha328@outlook.com,City,Other,1,3,63,Surat
1162,Tanvi,tanvi647@yahoo.com,Adventure,Female,3,0,39,Bangalore
1163,Aadhya,aadhya869@yahoo.com,"Nature, Adventure",Male,4,1,37,Bangalore
1164,Vivaan,vivaan562@hotmail.com,"Adventure, Historical",Female,3,3,43,Kolkata
1165,Arjun,arjun541@outlook.com,"Nature, Historical",Other,5,1,53,Kolkata
1166,Reyansh,reyansh135@outlook.com,"City, Historical, Adventure",Male,4,1,47,Bangalore
1167,Sunita,sunita141@hotmail.com,Adventure,Female,4,0,65,Chennai
1168,Aarav,aarav371@rediffmail.com,"Beach, Nature",Other,4,2,42,Kolkata
1169,Kavya,kavya949@gmail.com,"Beach, Nature",Female,5,0,21,Delhi
1170,Neha,neha666@outlook.com,"City, Historical, Adventure",Female,5,1,43,Chennai
1171,Aditya,aditya122@yahoo.com,Beach,Female,2,1,29,Kolkata
1172,Sai,sai797@hotmail.com,Beach,Female,3,0,18,Delhi
1173,Ayaan,ayaan85@gmail.com,Adventure,Other,3,1,19,Surat
1174,Sunita,sunita587@hotmail.com,"Beach, City",Other,3,2,29,Kolkata
1175,Tanvi,tanvi661@hotmail.com,"Nature, Historical",Other,1,0,63,Ahmedabad
1176,Ananya,ananya416@gmail.com,Beach,Other,4,2,51,Jaipur
1177,Arjun,arjun532@rediffmail.com,"Beach, Historical, Nature",Other,4,1,31,Delhi
1178,Ananya,ananya883@rediffmail.com,"Historical, Nature",Male,3,2,25,Mumbai
1179,Krishna,krishna589@yahoo.com,"Historical, Nature",Male,3,2,20,Delhi
1180,Ayaan,ayaan519@outlook.com,"City, Adventure",Other,2,3,60,Mumbai
1181,Riya,riya308@gmail.com,City,Female,3,0,54,Jaipur
1182,Rahul,rahul536@outlook.com,"Nature, Adventure, Beach",Other,3,1,60,Mumbai
1183,Riya,riya38@yahoo.com,"Adventure, City",Female,4,0,26,Surat
1184,Mohan,mohan222@rediffmail.com,"City, Adventure",Female,1,1,22,Ahmedabad
1185,Priya,priya267@hotmail.com,"Historical, Nature",Female,2,2,61,Kolkata
1186,Ishaan,ishaan549@yahoo.com,"City, Historical",Other,3,3,62,Chennai
1187,Suresh,suresh578@rediffmail.com,"Nature, Adventure, Beach",Male,2,0,45,Kolkata
1188,Vivaan,vivaan988@rediffmail.com,"City, Nature",Male,2,1,61,Ahmedabad
1189,Deepa,deepa68@outlook.com,"City, Historical",Female,5,1,27,Chennai
1190,Sneha,sneha11@gmail.com,Beach,Male,2,0,25,Bangalore
1191,Anjali,anjali746@outlook.com,"City, Historical, Adventure",Female,1,0,54,Hyderabad
1192,Mohan,mohan278@rediffmail.com,"Beach, Nature",Male,2,2,42,Bangalore
1193,Amit,amit826@rediffmail.com,"Beach, Historical, Nature",Other,4,0,55,Bangalore
1194,Priya,priya10@rediffmail.com,"Adventure, City",Other,1,0,65,Hyderabad
1195,Vihaan,vihaan941@outlook.com,"City, Nature",Other,3,1,29,Jaipur
1196,Amit,amit818@hotmail.com,City,Female,2,0,63,Chennai
1197,Nisha,nisha651@gmail.com,"Nature, Historical",Female,4,2,58,Delhi
1198,Arjun,arjun748@yahoo.com,"City, Historical",Male,3,0,36,Ahmedabad
1199,Shruti,shruti828@gmail.com,Nature,Other,3,1,48,Jaipur
1200,Neha,neha702@rediffmail.com,"Beach, Nature",Female,1,0,65,Mumbai
1201,Lakshmi,lakshmi720@rediffmail.com,"City, Adventure",Male,5,1,51,Surat
1202,Aditya,aditya622@hotmail.com,"Historical, Nature",Other,5,1,32,Bangalore
1203,Arjun,arjun376@yahoo.com,City,Female,5,0,42,Bangalore
1204,Suresh,suresh994@gmail.com,"Adventure, Historical",Other,2,1,25,Hyderabad
1205,Nisha,nisha495@outlook.com,"Beach, City",Male,1,1,43,Chennai
1206,Nisha,nisha952@rediffmail.com,"Nature, Adventure",Female,4,2,21,Pune
1207,Aarav,aarav631@hotmail.com,"Adventure, Historical",Female,2,0,64,Bangalore
1208,Kiran,kiran364@gmail.com,"Beach, Nature",Female,2,0,50,Bangalore
1209,Deepa,deepa127@hotmail.com,"Beach, Historical",Male,4,0,48,Kolkata
1210,Suresh,suresh307@outlook.com,Nature,Male,3,0,46,Jaipur
1211,Kavya,kavya144@outlook.com,Nature,Male,2,2,30,Delhi
1212,Diya,diya292@gmail.com,"Adventure, City",Female,2,0,20,Bangalore
1213,Diya,diya972@hotmail.com,"Beach, City",Male,2,1,61,Bangalore
1214,Rahul,rahul770@hotmail.com,City,Other,5,2,42,Bangalore
1215,Ayaan,ayaan981@gmail.com,"Beach, Historical",Male,2,1,61,Chennai
1216,Vihaan,vihaan695@outlook.com,Nature,Other,3,0,36,Hyderabad
1217,Shruti,shruti85@hotmail.com,"City, Nature",Other,2,1,33,Hyderabad
1218,Ayaan,ayaan885@outlook.com,"City, Nature",Other,4,0,63,Delhi
1219,Neha,neha626@yahoo.com,"Beach, Adventure",Other,3,0,25,Bangalore
1220,Kiran,kiran40@outlook.com,"Beach, Adventure",Male,2,1,23,Mumbai
1221,Vikram,vikram418@rediffmail.com,"Nature, Historical",Other,3,0,39,Kolkata
1222,Tanvi,tanvi63@rediffmail.com,Nature,Other,1,0,41,Hyderabad
1223,Amit,amit729@hotmail.com,"City, Nature",Female,4,0,18,Mumbai
1224,Rahul,rahul218@outlook.com,Adventure,Female,5,0,29,Hyderabad
1225,Shruti,shruti373@outlook.com,"Nature, Historical",Male,1,0,53,Bangalore
1226,Rohit,rohit370@outlook.com,"City, Historical, Adventure",Other,3,0,35,Chennai
1227,Geeta,geeta394@gmail.com,"Beach, Nature",Male,3,1,20,Surat
1228,Diya,diya198@hotmail.com,"Beach, Nature",Male,5,1,37,Jaipur
1229,Diya,diya547@yahoo.com,"Nature, Adventure",Male,2,1,34,Ahmedabad
1230,Amit,amit917@outlook.com,Historical,Other,3,2,22,Jaipur
1231,Deepa,deepa537@rediffmail.com,"Beach, Historical",Male,3,1,26,Hyderabad
1232,Aditya,aditya979@rediffmail.com,"Nature, Adventure",Other,2,2,49,Ahmedabad
1233,Neha,neha995@gmail.com,"Historical, Nature",Female,4,0,42,Kolkata
1234,Rekha,rekha279@yahoo.com,"Historical, Nature",Male,2,0,62,Mumbai
1235,Neha,neha467@rediffmail.com,City,Female,2,0,63,Hyderabad
1236,Mohan,mohan122@yahoo.com,"City, Nature",Male,3,0,58,Bangalore
1237,Sneha,sneha950@yahoo.com,"Beach, City",Male,3,0,31,Ahmedabad
1238,Ayaan,ayaan2@outlook.com,"Nature, Adventure, Beach",Female,2,2,53,Hyderabad
1239,Krishna,krishna419@rediffmail.com,"Nature, Historical",Female,5,1,18,Pune
1240,Kiara,kiara749@outlook.com,"Historical, Nature",Female,5,1,55,Delhi
1241,Vikram,vikram969@outlook.com,"Nature, Adventure, Beach",Other,2,0,38,Hyderabad
1242,Aadhya,aadhya596@hotmail.com,"Adventure, City",Female,2,1,41,Bangalore
1243,Tanvi,tanvi96@hotmail.com,"Historical, Nature",Female,2,2,30,Surat
1244,Shruti,shruti966@yahoo.com,"Nature, Historical",Male,2,2,43,Surat
1245,Diya,diya72@yahoo.com,"City, Historical",Female,2,2,43,Delhi
1246,Anjali,anjali141@gmail.com,"Nature, Adventure, Beach",Male,2,0,18,Mumbai
1247,Krishna,krishna255@gmail.com,"Beach, City",Male,5,1,18,Delhi
1248,Ritika,ritika754@outlook.com,"City, Historical",Male,1,1,46,Bangalore
1249,Nisha,nisha340@hotmail.com,"Adventure, City",Male,1,1,58,Ahmedabad
1250,Ayaan,ayaan22@gmail.com,"Beach, Nature",Other,2,1,44,Bangalore
1251,Aarav,aarav935@yahoo.com,"Beach, Historical",Male,2,0,59,Hyderabad
1252,Kiara,kiara944@hotmail.com,"Beach, Nature",Female,2,0,24,Hyderabad
1253,Amit,amit79@rediffmail.com,"Adventure, Historical",Male,2,2,23,Mumbai
1254,Rekha,rekha155@yahoo.com,Nature,Other,2,0,45,Bangalore
1255,Nisha,nisha640@outlook.com,"City, Adventure",Male,2,0,41,Hyderabad
1256,Arjun,arjun808@gmail.com,"Adventure, City",Other,1,0,46,Jaipur
1257,Arjun,arjun116@rediffmail.com,Nature,Other,2,0,26,Bangalore
1258,Vikram,vikram362@outlook.com,Adventure,Female,2,3,56,Pune
1259,Krishna,krishna822@yahoo.com,Beach,Female,3,1,49,Ahmedabad
1260,Ritika,ritika842@yahoo.com,Beach,Male,3,0,54,Chennai
1261,Sai,sai241@outlook.com,"Beach, Historical",Male,5,0,53,Jaipur
1262,Krishna,krishna944@gmail.com,"Nature, Adventure",Female,2,2,26,Hyderabad
1263,Divya,divya148@rediffmail.com,Nature,Male,2,0,65,Bangalore
1264,Ayaan,ayaan986@yahoo.com,Beach,Other,1,3,41,Mumbai
1265,Reyansh,reyansh679@rediffmail.com,"City, Historical",Female,4,2,19,Bangalore
1266,Suresh,suresh145@gmail.com,"City, Nature",Male,1,2,44,Bangalore
1267,Ananya,ananya482@yahoo.com,City,Other,5,0,64,Pune
1268,Pooja,pooja801@gmail.com,"Nature, Historical",Male,2,2,20,Surat
1269,Ananya,ananya516@yahoo.com,"Beach, Historical",Female,4,1,47,Ahmedabad
1270,Priya,priya942@rediffmail.com,City,Female,3,0,28,Hyderabad
1271,Sai,sai535@hotmail.com,"Adventure, City",Other,2,1,32,Kolkata
1272,Ananya,ananya843@rediffmail.com,"Nature, Adventure, Beach",Male,4,0,38,Kolkata
1273,Vikram,vikram169@gmail.com,"City, Adventure",Other,2,0,24,Delhi
1274,Suresh,suresh618@outlook.com,"Beach, Historical",Male,2,1,22,Chennai
1275,Rekha,rekha12@outlook.com,"Beach, Adventure",Other,2,2,33,Hyderabad
1276,Sai,sai584@rediffmail.com,"Nature, Adventure",Other,5,0,21,Pune
1277,Sai,sai967@outlook.com,"Beach, Historical",Female,4,3,50,Chennai
1278,Rahul,rahul770@hotmail.com,"City, Adventure",Male,3,0,44,Ahmedabad
1279,Reyansh,reyansh515@yahoo.com,"Beach, Historical",Other,4,0,20,Hyderabad
1280,Kavya,kavya156@hotmail.com,"City, Historical",Other,1,1,31,Bangalore
1281,Kavya,kavya987@rediffmail.com,City,Other,3,1,39,Jaipur
1282,Krishna,krishna348@outlook.com,"City, Adventure",Other,4,0,63,Kolkata
1283,Riya,riya214@rediffmail.com,"Nature, Adventure, Beach",Male,5,1,49,Delhi
1284,Aarav,aarav147@outlook.com,"Beach, Historical, Nature",Male,2,0,28,Hyderabad
1285,Kavya,kavya70@outlook.com,"City, Historical, Adventure",Female,2,0,63,Jaipur
1286,Priya,priya485@outlook.com,Historical,Other,5,2,54,Jaipur
1287,Aditya,aditya373@outlook.com,Beach,Female,4,2,26,Jaipur
1288,Suresh,suresh525@rediffmail.com,"Adventure, Historical",Female,1,0,46,Hyderabad
1289,Aditya,aditya636@gmail.com,"City, Nature",Other,4,0,24,Hyderabad
1290,Vikram,vikram163@rediffmail.com,Beach,Male,2,2,60,Delhi
1291,Amit,amit478@hotmail.com,"Beach, Historical, Nature",Female,1,0,24,Kolkata
1292,Lakshmi,lakshmi205@hotmail.com,"Adventure, Historical",Male,2,3,49,Chennai
1293,Tanvi,tanvi118@outlook.com,Historical,Male,3,2,27,Chennai
1294,Rahul,rahul582@gmail.com,"Nature, Adventure, Beach",Female,1,2,45,Jaipur
1295,Aadhya,aadhya56@yahoo.com,"Beach, Historical",Other,2,0,29,Delhi
1296,Ishaan,ishaan71@outlook.com,Beach,Male,2,1,44,Ahmedabad
1297,Aadhya,aadhya686@outlook.com,"Historical, Nature",Male,1,2,39,Hyderabad
1298,Kavya,kavya204@outlook.com,Nature,Female,2,1,28,Kolkata
1299,Amit,amit935@rediffmail.com,Beach,Male,3,2,30,Delhi
1300,Geeta,geeta632@yahoo.com,"Adventure, Historical",Other,5,2,65,Pune
1301,Aarav,aarav155@hotmail.com,"Adventure, City",Female,4,0,61,Kolkata
1302,Priya,priya534@gmail.com,Historical,Male,3,1,55,Delhi
1303,Aditya,aditya224@yahoo.com,Nature,Other,3,0,42,Chennai
1304,Amit,amit215@yahoo.com,"City, Historical, Adventure",Male,2,0,37,Hyderabad
1305,Neha,neha839@gmail.com,Adventure,Other,5,0,40,Pune
1306,Ritika,ritika437@rediffmail.com,"Adventure, Historical",Male,5,0,41,Bangalore
1307,Mohan,mohan610@yahoo.com,"Beach, Historical, Nature",Female,2,2,62,Kolkata
1308,Meera,meera719@rediffmail.com,"Beach, Nature",Male,4,0,59,Mumbai
1309,Usha,usha955@hotmail.com,"Beach, Nature",Female,3,1,52,Delhi
1310,Pooja,pooja516@rediffmail.com,"Nature, Adventure",Other,2,0,32,Jaipur
1311,Mohan,mohan391@gmail.com,"Beach, Adventure",Female,5,0,47,Kolkata
1312,Kiran,kiran8@outlook.com,"City, Nature",Other,2,2,34,Hyderabad
1313,Deepa,deepa690@yahoo.com,"Beach, Historical",Female,1,0,41,Ahmedabad
1314,Rekha,rekha326@outlook.com,"Historical, Nature",Other,5,0,43,Chennai
1315,Usha,usha660@hotmail.com,"Nature, Adventure",Other,2,2,42,Bangalore
1316,Kiran,kiran926@outlook.com,City,Male,2,0,26,Ahmedabad
1317,Ayaan,ayaan647@rediffmail.com,Beach,Other,5,2,28,Pune
1318,Aadhya,aadhya96@gmail.com,"Beach, Historical",Female,1,1,27,Mumbai
1319,Usha,usha725@rediffmail.com,"City, Historical",Other,2,1,26,Jaipur
1320,Amit,amit192@yahoo.com,"City, Nature",Female,2,2,64,Kolkata
1321,Priya,priya676@gmail.com,"Beach, City",Male,5,1,58,Surat
1322,Reyansh,reyansh114@hotmail.com,"Nature, Adventure, Beach",Male,1,0,29,Delhi
1323,Arjun,arjun507@outlook.com,"Beach, Adventure",Female,1,2,44,Delhi
1324,Shruti,shruti983@gmail.com,"Beach, Adventure",Other,2,2,58,Jaipur
1325,Kavya,kavya185@outlook.com,"Beach, Historical",Male,3,1,20,Delhi
1326,Rohit,rohit356@hotmail.com,"Nature, Adventure, Beach",Other,3,0,65,Hyderabad
1327,Ayaan,ayaan198@rediffmail.com,"Beach, Historical",Other,1,1,27,Chennai
1328,Suresh,suresh118@yahoo.com,"Beach, Historical",Female,1,0,62,Bangalore
1329,Sneha,sneha281@hotmail.com,"Beach, Adventure",Male,2,1,36,Jaipur
1330,Shruti,shruti447@rediffmail.com,Beach,Male,2,0,63,Hyderabad
1331,Kiran,kiran106@rediffmail.com,"City, Historical, Adventure",Female,2,0,64,Jaipur
1332,Lakshmi,lakshmi905@hotmail.com,Nature,Other,3,2,57,Delhi
1333,Rekha,rekha393@hotmail.com,"Beach, Adventure",Other,2,2,22,Jaipur
1334,Kavya,kavya911@gmail.com,City,Female,3,0,59,Ahmedabad
1335,Amit,amit408@gmail.com,"Beach, Nature",Male,4,0,29,Pune
1336,Riya,riya75@yahoo.com,"City, Adventure",Female,1,0,18,Pune
1337,Aarav,aarav735@outlook.com,"Beach, Adventure",Female,3,0,32,Ahmedabad
1338,Arjun,arjun395@outlook.com,"Nature, Adventure, Beach",Male,3,0,35,Surat
1339,Arjun,arjun588@hotmail.com,Nature,Female,4,0,21,Jaipur
1340,Shruti,shruti48@outlook.com,Nature,Male,1,0,38,Surat
1341,Vikram,vikram243@rediffmail.com,"Beach, Historical",Female,1,2,54,Mumbai
1342,Divya,divya292@yahoo.com,Beach,Male,4,2,20,Pune
1343,Vivaan,vivaan72@hotmail.com,"Beach, Nature",Female,3,0,40,Kolkata
1344,Sai,sai570@outlook.com,Adventure,Other,1,0,47,Jaipur
1345,Ayaan,ayaan864@outlook.com,"Nature, Adventure, Beach",Male,1,0,18,Bangalore
1346,Reyansh,reyansh331@hotmail.com,"City, Nature",Male,1,1,41,Ahmedabad
1347,Aarav,aarav957@gmail.com,"Beach, City",Male,1,2,22,Hyderabad
1348,Rohit,rohit705@rediffmail.com,Beach,Female,3,2,55,Jaipur
1349,Ayaan,ayaan130@outlook.com,"Adventure, City",Other,4,3,44,Jaipur
1350,Ayaan,ayaan535@rediffmail.com,"City, Nature",Other,2,0,35,Pune
1351,Tanvi,tanvi232@gmail.com,"Beach, City",Female,3,0,33,Chennai
1352,Arjun,arjun77@hotmail.com,"Nature, Adventure",Male,1,0,42,Chennai
1353,Shruti,shruti108@outlook.com,"Beach, Adventure",Other,4,1,38,Hyderabad
1354,Divya,divya672@yahoo.com,City,Male,5,0,41,Kolkata
1355,Pooja,pooja889@rediffmail.com,City,Male,4,0,35,Kolkata
1356,Kavya,kavya703@outlook.com,"City, Historical, Adventure",Other,1,0,24,Delhi
1357,Riya,riya17@hotmail.com,"Historical, Nature",Female,1,1,46,Pune
1358,Priya,priya122@rediffmail.com,"City, Historical",Female,2,0,50,Kolkata
1359,Neha,neha342@gmail.com,Historical,Female,2,0,42,Kolkata
1360,Diya,diya302@yahoo.com,Beach,Male,3,1,49,Ahmedabad
1361,Lakshmi,lakshmi112@gmail.com,"City, Nature",Male,2,0,20,Surat
1362,Sneha,sneha245@gmail.com,"Beach, Historical, Nature",Male,2,2,62,Kolkata
1363,Kiran,kiran403@gmail.com,"City, Nature",Other,4,1,49,Chennai
1364,Kavya,kavya805@yahoo.com,"City, Adventure",Other,2,1,64,Mumbai
1365,Reyansh,reyansh190@rediffmail.com,"Nature, Adventure, Beach",Female,3,2,62,Chennai
1366,Kavya,kavya323@gmail.com,"Historical, Nature",Male,2,0,18,Jaipur
1367,Lakshmi,lakshmi343@gmail.com,"Historical, Nature",Female,4,0,18,Surat
1368,Amit,amit993@hotmail.com,"City, Historical, Adventure",Male,2,0,25,Mumbai
1369,Vivaan,vivaan581@outlook.com,"City, Nature",Other,3,1,24,Delhi
1370,Nisha,nisha824@outlook.com,Historical,Female,3,3,34,Jaipur
1371,Priya,priya374@hotmail.com,"Beach, Historical",Female,2,0,51,Surat
1372,Tanvi,tanvi116@outlook.com,City,Other,3,0,44,Chennai
1373,Ishaan,ishaan366@hotmail.com,"Beach, Historical",Male,3,1,45,Pune
1374,Aadhya,aadhya763@gmail.com,"Beach, Adventure",Female,3,3,58,Ahmedabad
1375,Pooja,pooja982@rediffmail.com,"Historical, Nature",Female,5,0,39,Kolkata
1376,Geeta,geeta428@outlook.com,"Nature, Historical",Male,1,1,39,Surat
1377,Ayaan,ayaan444@hotmail.com,"City, Historical, Adventure",Female,2,3,49,Bangalore
1378,Divya,divya698@yahoo.com,City,Female,3,1,37,Jaipur
1379,Meera,meera67@outlook.com,"Beach, Historical",Female,1,0,55,Delhi
1380,Vihaan,vihaan501@outlook.com,"Beach, Historical",Female,2,2,21,Hyderabad
1381,Krishna,krishna359@outlook.com,City,Other,5,1,23,Hyderabad
1382,Ishaan,ishaan751@yahoo.com,Nature,Other,5,0,20,Jaipur
1383,Amit,amit255@hotmail.com,Nature,Female,5,0,34,Hyderabad
1384,Rekha,rekha319@yahoo.com,"City, Historical, Adventure",Female,3,0,55,Bangalore
1385,Diya,diya257@yahoo.com,Nature,Other,2,0,37,Surat
1386,Divya,divya559@yahoo.com,Beach,Female,1,1,62,Pune
1387,Neha,neha958@outlook.com,Historical,Female,2,0,44,Jaipur
1388,Vivaan,vivaan935@rediffmail.com,"Beach, Historical",Female,1,0,37,Chennai
1389,Geeta,geeta525@outlook.com,"Adventure, City",Other,3,1,36,Mumbai
1390,Kiran,kiran129@hotmail.com,"Beach, Historical",Female,4,2,47,Mumbai
1391,Sai,sai57@outlook.com,"Beach, Nature",Female,3,2,54,Jaipur
1392,Rohit,rohit886@gmail.com,"Beach, Nature",Other,3,1,63,Mumbai
1393,Aadhya,aadhya529@yahoo.com,"Beach, Historical, Nature",Other,5,0,61,Bangalore
1394,Nisha,nisha644@outlook.com,"Beach, Historical",Female,3,0,22,Mumbai
1395,Ishaan,ishaan619@gmail.com,City,Male,2,0,19,Ahmedabad
1396,Pooja,pooja401@gmail.com,"Beach, Nature",Female,2,3,33,Ahmedabad
1397,Priya,priya842@rediffmail.com,Historical,Other,3,0,58,Mumbai
1398,Ananya,ananya146@yahoo.com,"Historical, Nature",Other,3,1,48,Jaipur
1399,Meera,meera297@gmail.com,"City, Historical, Adventure",Female,2,0,42,Delhi
1400,Divya,divya427@hotmail.com,"Adventure, City",Male,2,0,42,Mumbai
1401,Geeta,geeta311@gmail.com,"Nature, Adventure, Beach",Female,1,2,26,Jaipur
1402,Divya,divya284@gmail.com,"Historical, Nature",Female,3,2,31,Pune
1403,Anjali,anjali400@rediffmail.com,"City, Historical",Male,3,0,64,Surat
1404,Rohit,rohit471@yahoo.com,"Beach, City",Other,2,0,59,Jaipur
1405,Vikram,vikram986@hotmail.com,"Nature, Adventure, Beach",Other,2,1,50,Ahmedabad
1406,Priya,priya133@outlook.com,"City, Historical, Adventure",Other,2,1,43,Delhi
1407,Aditya,aditya31@yahoo.com,"City, Nature",Male,3,0,61,Jaipur
1408,Rahul,rahul779@yahoo.com,"City, Nature",Male,4,0,42,Kolkata
1409,Arjun,arjun64@rediffmail.com,"Beach, City",Male,1,1,46,Pune
1410,Rekha,rekha647@gmail.com,"Historical, Nature",Female,1,0,26,Surat
1411,Mohan,mohan205@yahoo.com,"Beach, City",Female,2,0,30,Bangalore
1412,Lakshmi,lakshmi834@rediffmail.com,"Beach, Adventure",Male,3,1,60,Delhi
1413,Aadhya,aadhya35@yahoo.com,"Beach, Historical",Female,4,1,22,Pune
1414,Ananya,ananya699@rediffmail.com,Adventure,Male,4,1,48,Ahmedabad
1415,Amit,amit366@rediffmail.com,"Beach, Historical, Nature",Male,4,0,58,Kolkata
1416,Arjun,arjun583@gmail.com,"Adventure, City",Other,2,0,32,Mumbai
1417,Rekha,rekha554@outlook.com,"Beach, Historical",Male,4,0,34,Kolkata
1418,Amit,amit70@yahoo.com,"Nature, Historical",Male,3,0,51,Surat
1419,Neha,neha320@hotmail.com,"Nature, Adventure, Beach",Male,3,2,55,Jaipur
1420,Priya,priya669@gmail.com,"Nature, Adventure",Female,2,0,21,Bangalore
1421,Aadhya,aadhya561@outlook.com,"Nature, Adventure",Male,2,2,54,Surat
1422,Aditya,aditya355@gmail.com,Nature,Other,3,2,53,Jaipur
1423,Krishna,krishna278@gmail.com,"Beach, Nature",Male,2,0,40,Kolkata
1424,Tanvi,tanvi311@yahoo.com,"Beach, Historical",Male,1,2,30,Ahmedabad
1425,Rekha,rekha881@hotmail.com,"Beach, Historical",Other,2,0,42,Bangalore
1426,Lakshmi,lakshmi719@hotmail.com,"Beach, Historical, Nature",Male,1,0,57,Pune
1427,Amit,amit199@outlook.com,Nature,Male,2,0,18,Chennai
1428,Deepa,deepa766@rediffmail.com,"City, Historical, Adventure",Male,5,0,64,Chennai
1429,Vihaan,vihaan79@gmail.com,"Adventure, City",Female,2,0,40,Surat
1430,Riya,riya300@yahoo.com,"Nature, Adventure, Beach",Female,2,0,22,Delhi
1431,Priya,priya961@rediffmail.com,"Beach, Adventure",Female,3,2,32,Jaipur
1432,Nisha,nisha965@outlook.com,"Beach, Historical, Nature",Female,4,0,35,Pune
1433,Ritika,ritika516@gmail.com,"Nature, Adventure",Female,5,1,57,Jaipur
1434,Sneha,sneha81@yahoo.com,"Adventure, City",Other,2,1,31,Delhi
1435,Suresh,suresh743@yahoo.com,"Nature, Adventure",Male,3,1,47,Delhi
1436,Vivaan,vivaan511@gmail.com,"Beach, City",Female,3,0,23,Mumbai
1437,Sneha,sneha876@rediffmail.com,Beach,Female,1,0,46,Mumbai
1438,Kiara,kiara211@hotmail.com,"Historical, Nature",Other,2,0,37,Mumbai
1439,Ritika,ritika782@outlook.com,"Beach, Historical",Other,4,0,34,Surat
1440,Aadhya,aadhya776@gmail.com,"Adventure, Historical",Other,4,0,45,Mumbai
1441,Reyansh,reyansh567@hotmail.com,"Nature, Historical",Other,2,1,54,Ahmedabad
1442,Priya,priya167@hotmail.com,Historical,Other,5,0,18,Hyderabad
1443,Sneha,sneha88@yahoo.com,"Beach, Historical, Nature",Female,2,0,57,Hyderabad
1444,Suresh,suresh276@outlook.com,"Nature, Adventure, Beach",Male,1,1,38,Hyderabad
1445,Ananya,ananya455@hotmail.com,"Beach, Historical",Female,1,0,40,Jaipur
1446,Mohan,mohan224@hotmail.com,"Nature, Adventure",Other,5,0,57,Ahmedabad
1447,Rahul,rahul977@gmail.com,Historical,Male,2,2,34,Jaipur
1448,Krishna,krishna233@yahoo.com,"Adventure, City",Other,3,0,59,Mumbai
1449,Ananya,ananya701@rediffmail.com,Historical,Other,2,1,32,Mumbai
1450,Priya,priya999@outlook.com,"Beach, Historical",Other,4,2,52,Mumbai
1451,Rekha,rekha241@outlook.com,"Beach, Nature",Male,3,0,22,Chennai
1452,Aadhya,aadhya334@rediffmail.com,"City, Adventure",Other,2,1,36,Bangalore
1453,Vivaan,vivaan335@rediffmail.com,"City, Adventure",Female,5,2,41,Jaipur
1454,Meera,meera637@gmail.com,"Historical, Nature",Female,1,2,55,Mumbai
1455,Reyansh,reyansh624@yahoo.com,"Adventure, Historical",Other,3,1,55,Pune
1456,Aadhya,aadhya388@rediffmail.com,"Nature, Adventure",Other,3,0,59,Delhi
1457,Arjun,arjun982@yahoo.com,"City, Historical, Adventure",Other,5,1,64,Kolkata
1458,Ritika,ritika751@gmail.com,City,Male,3,1,51,Jaipur
1459,Rahul,rahul276@yahoo.com,"City, Historical, Adventure",Female,5,0,41,Chennai
1460,Divya,divya323@gmail.com,"City, Nature",Female,3,2,41,Delhi
1461,Amit,amit574@rediffmail.com,"City, Historical",Female,3,1,46,Kolkata
1462,Kiara,kiara584@yahoo.com,"Beach, Historical, Nature",Male,4,0,55,Bangalore
1463,Rekha,rekha267@outlook.com,"Adventure, Historical",Female,1,0,50,Bangalore
1464,Sunita,sunita507@yahoo.com,"Historical, Nature",Female,1,0,34,Ahmedabad
1465,Tanvi,tanvi761@gmail.com,"Adventure, City",Male,4,0,28,Delhi
1466,Krishna,krishna528@rediffmail.com,Beach,Female,2,0,53,Chennai
1467,Meera,meera122@outlook.com,"Adventure, Historical",Other,3,0,64,Mumbai
1468,Arjun,arjun757@outlook.com,Historical,Female,3,1,45,Hyderabad
1469,Tanvi,tanvi717@yahoo.com,"Historical, Nature",Other,4,2,50,Delhi
1470,Ishaan,ishaan918@gmail.com,"City, Historical, Adventure",Other,2,1,42,Pune
1471,Pooja,pooja181@rediffmail.com,"City, Historical, Adventure",Female,5,0,37,Jaipur
1472,Rohit,rohit50@rediffmail.com,City,Other,3,2,45,Hyderabad
1473,Rahul,rahul394@outlook.com,"Historical, Nature",Male,1,2,64,Chennai
1474,Lakshmi,lakshmi532@outlook.com,"City, Historical, Adventure",Other,2,0,28,Delhi
1475,Meera,meera281@hotmail.com,Historical,Male,4,0,34,Surat
1476,Reyansh,reyansh947@yahoo.com,"Beach, City",Male,1,1,50,Bangalore
1477,Vivaan,vivaan613@gmail.com,"Beach, Historical, Nature",Other,4,0,19,Pune
1478,Aadhya,aadhya289@rediffmail.com,Nature,Other,2,0,47,Hyderabad
1479,Ayaan,ayaan734@gmail.com,Historical,Female,2,0,26,Hyderabad
1480,Ayaan,ayaan992@outlook.com,"City, Historical",Other,4,1,38,Bangalore
1481,Neha,neha344@outlook.com,Historical,Other,3,1,22,Pune
1482,Aditya,aditya444@gmail.com,City,Female,2,1,58,Mumbai
1483,Aarav,aarav252@yahoo.com,"City, Historical, Adventure",Female,4,0,30,Hyderabad
1484,Tanvi,tanvi156@hotmail.com,"Historical, Nature",Other,2,0,58,Delhi
1485,Anjali,anjali878@yahoo.com,"Beach, Historical",Female,1,1,31,Bangalore
1486,Aditya,aditya429@outlook.com,"Nature, Adventure, Beach",Female,3,0,40,Jaipur
1487,Anjali,anjali673@yahoo.com,"Nature, Historical",Male,4,1,49,Kolkata
1488,Rekha,rekha366@rediffmail.com,Adventure,Female,1,0,36,Kolkata
1489,Pooja,pooja334@yahoo.com,Nature,Male,2,3,60,Delhi
1490,Amit,amit714@hotmail.com,"Adventure, City",Female,4,2,56,Kolkata
1491,Riya,riya30@outlook.com,"Beach, City",Other,2,2,44,Mumbai
1492,Mohan,mohan791@outlook.com,"Beach, City",Other,2,0,46,Kolkata
1493,Kiran,kiran267@gmail.com,"Beach, City",Female,3,0,20,Hyderabad
1494,Pooja,pooja420@yahoo.com,"City, Historical, Adventure",Male,3,1,25,Surat
1495,Usha,usha338@yahoo.com,"Nature, Adventure, Beach",Other,1,1,42,Delhi
1496,Rohit,rohit935@outlook.com,"Beach, Historical, Nature",Male,3,1,41,Ahmedabad
1497,Diya,diya161@rediffmail.com,Beach,Other,2,2,41,Pune
1498,Deepa,deepa221@rediffmail.com,"City, Nature",Male,1,0,51,Delhi
1499,Neha,neha408@hotmail.com,"Nature, Adventure",Male,2,0,58,Chennai
1500,Aditya,aditya279@gmail.com,Beach,Other,2,2,35,Delhi
1501,Arjun,arjun76@rediffmail.com,Nature,Male,1,2,56,Bangalore
1502,Reyansh,reyansh754@rediffmail.com,Beach,Male,4,2,38,Kolkata
1503,Neha,neha762@gmail.com,"Nature, Historical",Female,2,0,59,Surat
1504,Tanvi,tanvi386@outlook.com,Nature,Male,2,0,35,Jaipur
1505,Meera,meera930@rediffmail.com,City,Male,2,3,64,Kolkata
1506,Suresh,suresh782@rediffmail.com,"Beach, Nature",Female,2,3,43,Chennai
1507,Pooja,pooja379@hotmail.com,"City, Historical, Adventure",Male,3,0,58,Delhi
1508,Reyansh,reyansh575@yahoo.com,"Beach, Adventure",Female,3,0,43,Surat
1509,Tanvi,tanvi536@rediffmail.com,"City, Nature",Male,4,0,37,Pune
1510,Ishaan,ishaan38@outlook.com,"City, Historical, Adventure",Other,2,0,62,Chennai
1511,Mohan,mohan814@hotmail.com,"Beach, Historical, Nature",Female,2,1,38,Jaipur
1512,Tanvi,tanvi527@rediffmail.com,"City, Historical",Male,2,0,26,Mumbai
1513,Kavya,kavya533@gmail.com,"Historical, Nature",Male,2,3,20,Kolkata
1514,Shruti,shruti175@rediffmail.com,Adventure,Male,3,1,43,Mumbai
1515,Meera,meera121@hotmail.com,"Nature, Historical",Other,5,1,51,Pune
1516,Usha,usha911@outlook.com,"City, Historical, Adventure",Other,2,0,61,Chennai
1517,Usha,usha975@outlook.com,City,Other,2,0,39,Bangalore
1518,Kavya,kavya537@hotmail.com,"Beach, Historical",Female,2,0,22,Mumbai
1519,Nisha,nisha719@yahoo.com,"Beach, Adventure",Other,1,0,24,Mumbai
1520,Usha,usha480@rediffmail.com,"Historical, Nature",Male,2,1,32,Pune
1521,Aarav,aarav951@yahoo.com,"Beach, City",Female,4,2,55,Hyderabad
1522,Suresh,suresh640@hotmail.com,"Beach, City",Other,3,1,22,Surat
1523,Ishaan,ishaan106@yahoo.com,"Beach, City",Male,2,0,51,Surat
1524,Vikram,vikram339@rediffmail.com,"City, Historical, Adventure",Other,2,2,57,Jaipur
1525,Aadhya,aadhya173@gmail.com,"City, Nature",Male,1,2,27,Bangalore
1526,Kavya,kavya487@gmail.com,"Adventure, Historical",Male,4,0,50,Jaipur
1527,Lakshmi,lakshmi681@hotmail.com,"Adventure, Historical",Female,3,0,53,Kolkata
1528,Vikram,vikram793@hotmail.com,Adventure,Female,2,1,51,Delhi
1529,Rekha,rekha863@yahoo.com,"Historical, Nature",Other,4,1,45,Ahmedabad
1530,Pooja,pooja502@outlook.com,"Beach, Nature",Other,4,1,29,Mumbai
1531,Suresh,suresh876@hotmail.com,"City, Adventure",Other,2,1,30,Kolkata
1532,Suresh,suresh184@gmail.com,"Beach, Adventure",Female,2,0,55,Hyderabad
1533,Rohit,rohit97@outlook.com,"Beach, City",Other,5,1,20,Hyderabad
1534,Tanvi,tanvi408@gmail.com,"Beach, City",Female,3,3,19,Jaipur
1535,Rekha,rekha648@hotmail.com,Adventure,Male,2,2,52,Delhi
1536,Aditya,aditya379@gmail.com,"Nature, Adventure, Beach",Other,2,1,26,Delhi
1537,Deepa,deepa855@gmail.com,"Nature, Adventure",Female,3,0,24,Ahmedabad
1538,Sneha,sneha874@yahoo.com,"Nature, Adventure, Beach",Other,1,2,38,Bangalore
1539,Geeta,geeta740@outlook.com,City,Male,5,0,60,Mumbai
1540,Arjun,arjun198@rediffmail.com,"Adventure, City",Other,2,0,20,Hyderabad
1541,Rekha,rekha204@rediffmail.com,Nature,Male,3,2,18,Hyderabad
1542,Sneha,sneha575@outlook.com,"Beach, Nature",Female,2,2,23,Surat
1543,Divya,divya91@gmail.com,"City, Historical",Male,3,0,55,Mumbai
1544,Kavya,kavya808@gmail.com,"Beach, Adventure",Other,2,0,64,Chennai
1545,Nisha,nisha858@yahoo.com,"Adventure, City",Female,1,1,29,Hyderabad
1546,Krishna,krishna579@outlook.com,Nature,Male,4,0,30,Bangalore
1547,Meera,meera266@hotmail.com,"Beach, City",Male,2,1,40,Ahmedabad
1548,Pooja,pooja850@yahoo.com,"Nature, Adventure",Other,2,1,31,Kolkata
1549,Amit,amit662@outlook.com,"Beach, Adventure",Female,3,1,65,Hyderabad
1550,Sai,sai526@yahoo.com,"Beach, City",Male,2,0,25,Ahmedabad
1551,Ananya,ananya487@yahoo.com,Historical,Other,2,1,60,Surat
1552,Aditya,aditya331@gmail.com,"City, Adventure",Male,2,0,39,Delhi
1553,Ananya,ananya936@outlook.com,"Nature, Historical",Male,2,0,19,Jaipur
1554,Usha,usha468@rediffmail.com,"City, Historical, Adventure",Other,2,0,33,Hyderabad
1555,Suresh,suresh616@outlook.com,Adventure,Other,2,0,32,Ahmedabad
1556,Reyansh,reyansh432@hotmail.com,"Beach, City",Other,2,0,50,Bangalore
1557,Nisha,nisha908@rediffmail.com,City,Male,5,1,26,Bangalore
1558,Rohit,rohit808@gmail.com,"City, Historical",Female,4,0,40,Jaipur
1559,Kiran,kiran170@hotmail.com,"Beach, Historical",Other,1,2,37,Hyderabad
1560,Sai,sai190@yahoo.com,"Beach, Adventure",Female,1,0,61,Ahmedabad
1561,Suresh,suresh6@hotmail.com,"Historical, Nature",Female,1,1,43,Chennai
1562,Tanvi,tanvi685@hotmail.com,Historical,Other,2,2,42,Bangalore
1563,Rahul,rahul782@yahoo.com,Beach,Female,4,2,64,Kolkata
1564,Rekha,rekha404@rediffmail.com,"City, Historical",Female,2,1,55,Mumbai
1565,Kiara,kiara907@rediffmail.com,"Historical, Nature",Male,2,0,18,Surat
1566,Rekha,rekha770@hotmail.com,"City, Historical",Other,2,0,20,Chennai
1567,Nisha,nisha446@gmail.com,"Adventure, Historical",Female,3,0,36,Hyderabad
1568,Vikram,vikram692@hotmail.com,"Nature, Adventure",Female,5,0,28,Kolkata
1569,Anjali,anjali855@gmail.com,Historical,Male,2,1,59,Kolkata
1570,Aarav,aarav165@outlook.com,"Adventure, City",Other,3,1,18,Jaipur
1571,Kiran,kiran433@gmail.com,"Nature, Historical",Female,2,1,56,Jaipur
1572,Neha,neha382@hotmail.com,"Adventure, Historical",Other,5,0,29,Kolkata
1573,Ritika,ritika778@hotmail.com,"City, Historical",Male,1,2,63,Surat
1574,Priya,priya203@rediffmail.com,"Nature, Adventure, Beach",Other,4,0,47,Hyderabad
1575,Aditya,aditya125@hotmail.com,Historical,Female,1,1,41,Hyderabad
1576,Lakshmi,lakshmi346@outlook.com,"Beach, Historical",Other,2,0,44,Mumbai
1577,Pooja,pooja333@outlook.com,"Nature, Adventure",Other,1,1,52,Kolkata
1578,Riya,riya180@gmail.com,"Beach, Historical, Nature",Male,1,0,49,Kolkata
1579,Sneha,sneha354@hotmail.com,"Nature, Adventure, Beach",Male,5,2,64,Ahmedabad
1580,Sunita,sunita470@gmail.com,"City, Historical",Female,2,0,64,Delhi
1581,Vikram,vikram525@gmail.com,"Adventure, Historical",Other,3,0,19,Bangalore
1582,Priya,priya739@gmail.com,Nature,Male,4,1,37,Surat
1583,Neha,neha553@yahoo.com,"Nature, Adventure",Female,3,0,45,Hyderabad
1584,Ananya,ananya284@rediffmail.com,"Nature, Adventure",Other,2,0,36,Hyderabad
1585,Aarav,aarav417@yahoo.com,"Beach, Historical",Female,3,0,47,Surat
1586,Rahul,rahul100@yahoo.com,"City, Nature",Male,3,0,57,Hyderabad
1587,Rekha,rekha847@hotmail.com,"City, Historical, Adventure",Female,3,0,42,Jaipur
1588,Mohan,mohan13@outlook.com,"Adventure, Historical",Female,2,0,47,Jaipur
1589,Aadhya,aadhya546@yahoo.com,Beach,Female,2,1,54,Delhi
1590,Shruti,shruti575@outlook.com,"City, Historical",Male,3,1,37,Hyderabad
1591,Rahul,rahul463@hotmail.com,"Beach, Historical",Male,3,0,40,Surat
1592,Lakshmi,lakshmi426@gmail.com,"Nature, Historical",Other,3,3,42,Ahmedabad
1593,Krishna,krishna388@rediffmail.com,"Beach, Nature",Male,2,0,25,Surat
1594,Meera,meera183@yahoo.com,Beach,Other,2,1,44,Surat
1595,Sneha,sneha328@outlook.com,"Beach, Nature",Other,4,3,58,Pune
1596,Neha,neha549@rediffmail.com,Beach,Male,4,0,47,Hyderabad
1597,Pooja,pooja161@yahoo.com,Beach,Female,1,2,47,Bangalore
1598,Reyansh,reyansh393@rediffmail.com,Nature,Female,2,1,57,Chennai
1599,Krishna,krishna625@rediffmail.com,City,Male,3,1,19,Pune
1600,Usha,usha256@yahoo.com,"City, Historical, Adventure",Other,2,0,41,Mumbai
1601,Rekha,rekha905@hotmail.com,"Beach, Historical, Nature",Other,4,2,28,Jaipur
1602,Suresh,suresh741@yahoo.com,"Historical, Nature",Female,5,2,38,Bangalore
1603,Meera,meera67@gmail.com,"Beach, Adventure",Other,2,0,56,Jaipur
1604,Riya,riya816@yahoo.com,Historical,Other,3,2,39,Bangalore
1605,Riya,riya474@gmail.com,"Beach, Historical",Other,1,1,51,Jaipur
1606,Vikram,vikram73@hotmail.com,"Beach, City",Other,3,1,56,Ahmedabad
1607,Vivaan,vivaan450@hotmail.com,"Nature, Adventure",Female,4,2,64,Mumbai
1608,Suresh,suresh410@rediffmail.com,Historical,Female,4,0,34,Surat
1609,Ayaan,ayaan740@yahoo.com,"City, Adventure",Female,3,0,33,Jaipur
1610,Aadhya,aadhya271@gmail.com,"Adventure, Historical",Other,3,0,63,Jaipur
1611,Riya,riya776@outlook.com,"Adventure, Historical",Female,3,0,46,Hyderabad
1612,Sunita,sunita282@rediffmail.com,"Nature, Adventure",Male,1,0,32,Pune
1613,Sunita,sunita372@outlook.com,"Nature, Historical",Other,2,1,48,Jaipur
1614,Meera,meera159@yahoo.com,"Adventure, City",Other,2,0,58,Chennai
1615,Vivaan,vivaan872@yahoo.com,"City, Historical, Adventure",Female,1,0,41,Ahmedabad
1616,Anjali,anjali416@hotmail.com,"Nature, Adventure, Beach",Male,5,1,55,Ahmedabad
1617,Rahul,rahul536@outlook.com,Beach,Female,3,2,48,Bangalore
1618,Tanvi,tanvi919@hotmail.com,"Beach, Historical",Other,5,0,37,Chennai
1619,Kiara,kiara154@outlook.com,"Nature, Adventure, Beach",Other,4,1,40,Jaipur
1620,Divya,divya584@gmail.com,City,Male,3,0,20,Kolkata
1621,Reyansh,reyansh975@outlook.com,City,Male,2,3,65,Ahmedabad
1622,Sai,sai994@gmail.com,Historical,Other,3,0,65,Bangalore
1623,Riya,riya234@hotmail.com,"Historical, Nature",Male,5,0,35,Delhi
1624,Diya,diya751@gmail.com,"Adventure, City",Other,2,0,33,Surat
1625,Geeta,geeta489@hotmail.com,"Beach, Nature",Other,4,0,58,Delhi
1626,Diya,diya490@gmail.com,Historical,Male,2,0,55,Chennai
1627,Rekha,rekha499@outlook.com,"City, Historical, Adventure",Male,3,2,25,Jaipur
1628,Diya,diya604@rediffmail.com,Historical,Male,2,0,35,Jaipur
1629,Ananya,ananya337@rediffmail.com,Adventure,Other,2,1,34,Ahmedabad
1630,Riya,riya350@outlook.com,"Beach, Historical, Nature",Other,2,0,29,Jaipur
1631,Aarav,aarav327@rediffmail.com,Adventure,Female,2,0,45,Hyderabad
1632,Reyansh,reyansh948@hotmail.com,"Adventure, Historical",Other,3,2,30,Delhi
1633,Kiara,kiara219@outlook.com,City,Female,2,1,24,Hyderabad
1634,Usha,usha216@rediffmail.com,"Adventure, City",Female,2,1,28,Bangalore
1635,Usha,usha679@yahoo.com,"Adventure, Historical",Other,5,1,44,Hyderabad
1636,Kiara,kiara956@outlook.com,Adventure,Female,2,0,64,Pune
1637,Rahul,rahul461@outlook.com,Nature,Other,2,0,43,Mumbai
1638,Deepa,deepa363@yahoo.com,Historical,Female,1,1,31,Hyderabad
1639,Meera,meera853@outlook.com,"Beach, Historical",Female,2,0,53,Ahmedabad
1640,Diya,diya817@yahoo.com,"Nature, Adventure, Beach",Other,2,0,22,Chennai
1641,Kavya,kavya334@hotmail.com,"City, Historical, Adventure",Female,5,2,60,Kolkata
1642,Shruti,shruti256@outlook.com,"Nature, Adventure, Beach",Other,2,0,58,Pune
1643,Sneha,sneha551@outlook.com,Historical,Female,1,0,65,Delhi
1644,Rahul,rahul794@hotmail.com,"Adventure, City",Male,3,1,53,Delhi
1645,Pooja,pooja252@outlook.com,"City, Historical, Adventure",Other,4,0,51,Hyderabad
1646,Vivaan,vivaan144@gmail.com,"Adventure, Historical",Female,5,0,31,Bangalore
1647,Rahul,rahul480@yahoo.com,Historical,Female,2,1,63,Hyderabad
1648,Priya,priya619@gmail.com,"Adventure, City",Male,3,0,49,Mumbai
1649,Anjali,anjali62@rediffmail.com,"City, Adventure",Male,3,3,50,Pune
1650,Ritika,ritika504@outlook.com,"City, Historical, Adventure",Female,3,1,54,Delhi
1651,Mohan,mohan800@gmail.com,"Beach, Historical, Nature",Male,4,2,23,Surat
1652,Divya,divya625@yahoo.com,"City, Historical",Other,2,0,46,Bangalore
1653,Rohit,rohit75@yahoo.com,"City, Historical, Adventure",Female,2,2,65,Kolkata
1654,Vivaan,vivaan412@rediffmail.com,"Nature, Historical",Male,3,0,18,Chennai
1655,Rahul,rahul438@yahoo.com,"Beach, City",Male,3,1,52,Jaipur
1656,Diya,diya789@rediffmail.com,"City, Adventure",Other,4,0,27,Chennai
1657,Nisha,nisha186@gmail.com,"Beach, Historical",Other,3,2,26,Ahmedabad
1658,Amit,amit978@gmail.com,"Adventure, Historical",Female,5,1,30,Hyderabad
1659,Kavya,kavya435@outlook.com,"City, Nature",Male,4,0,46,Delhi
1660,Vikram,vikram27@hotmail.com,"Beach, Adventure",Female,1,0,30,Chennai
1661,Vikram,vikram605@gmail.com,"City, Historical",Male,3,1,51,Delhi
1662,Kavya,kavya775@yahoo.com,"Beach, Nature",Female,3,0,38,Kolkata
1663,Diya,diya216@gmail.com,City,Female,2,1,47,Mumbai
1664,Aarav,aarav390@hotmail.com,Beach,Male,2,2,22,Kolkata
1665,Nisha,nisha235@gmail.com,Beach,Female,1,3,64,Pune
1666,Aditya,aditya145@yahoo.com,"Historical, Nature",Other,1,1,26,Jaipur
1667,Aditya,aditya63@rediffmail.com,"Beach, Adventure",Other,3,0,44,Bangalore
1668,Deepa,deepa177@yahoo.com,City,Male,3,2,29,Pune
1669,Ayaan,ayaan806@yahoo.com,"Beach, Historical",Female,2,0,41,Hyderabad
1670,Usha,usha329@gmail.com,"Beach, Historical",Female,1,0,65,Bangalore
1671,Deepa,deepa48@rediffmail.com,Beach,Other,3,0,24,Mumbai
1672,Amit,amit919@yahoo.com,"City, Historical",Female,5,0,48,Jaipur
1673,Deepa,deepa877@rediffmail.com,Historical,Male,4,2,18,Hyderabad
1674,Tanvi,tanvi481@outlook.com,"Adventure, City",Female,3,0,57,Delhi
1675,Tanvi,tanvi505@rediffmail.com,"Beach, Adventure",Male,2,0,27,Chennai
1676,Sai,sai762@gmail.com,Beach,Female,4,0,32,Hyderabad
1677,Ananya,ananya748@outlook.com,"Adventure, Historical",Other,5,1,51,Ahmedabad
1678,Sunita,sunita905@outlook.com,"Adventure, City",Female,2,1,55,Mumbai
1679,Vikram,vikram648@gmail.com,"Beach, Adventure",Male,1,1,33,Bangalore
1680,Kiran,kiran331@gmail.com,"City, Historical, Adventure",Female,2,0,58,Surat
1681,Kiran,kiran463@yahoo.com,Historical,Other,2,0,65,Hyderabad
1682,Neha,neha947@outlook.com,"Adventure, Historical",Male,2,2,49,Ahmedabad
1683,Divya,divya680@gmail.com,"Adventure, Historical",Other,2,2,45,Mumbai
1684,Ritika,ritika130@gmail.com,"City, Nature",Female,4,0,63,Hyderabad
1685,Krishna,krishna895@outlook.com,"Nature, Historical",Female,2,3,23,Ahmedabad
1686,Ananya,ananya408@rediffmail.com,"Beach, Adventure",Male,4,0,19,Chennai
1687,Amit,amit539@rediffmail.com,"Adventure, City",Other,4,1,52,Pune
1688,Ritika,ritika236@rediffmail.com,"Historical, Nature",Female,2,1,58,Surat
1689,Kiara,kiara864@yahoo.com,"Beach, Historical, Nature",Other,2,0,21,Kolkata
1690,Meera,meera400@rediffmail.com,Nature,Female,2,0,37,Mumbai
1691,Arjun,arjun258@rediffmail.com,"Nature, Historical",Male,5,1,22,Mumbai
1692,Deepa,deepa144@yahoo.com,Adventure,Male,4,2,33,Kolkata
1693,Kavya,kavya662@hotmail.com,Beach,Other,2,2,22,Chennai
1694,Sneha,sneha144@hotmail.com,"Beach, Nature",Other,3,2,27,Chennai
1695,Pooja,pooja146@outlook.com,"Adventure, Historical",Male,3,1,51,Delhi
1696,Rekha,rekha483@yahoo.com,Historical,Female,4,1,57,Jaipur
1697,Ishaan,ishaan73@outlook.com,"Beach, City",Male,2,2,25,Jaipur
1698,Lakshmi,lakshmi600@yahoo.com,Adventure,Female,2,0,64,Surat
1699,Rekha,rekha886@outlook.com,"City, Nature",Other,2,1,45,Kolkata
1700,Vihaan,vihaan654@gmail.com,"Beach, City",Other,3,2,58,Ahmedabad
1701,Rohit,rohit430@outlook.com,"City, Adventure",Male,1,1,49,Chennai
1702,Geeta,geeta507@yahoo.com,"City, Historical, Adventure",Female,3,0,63,Jaipur
1703,Mohan,mohan622@rediffmail.com,Beach,Other,3,2,42,Mumbai
1704,Rekha,rekha111@rediffmail.com,"Beach, Nature",Other,1,3,33,Pune
1705,Geeta,geeta689@rediffmail.com,Nature,Female,3,0,59,Jaipur
1706,Divya,divya588@rediffmail.com,"Nature, Adventure",Female,4,1,45,Mumbai
1707,Aadhya,aadhya581@yahoo.com,"Beach, Historical",Other,5,0,44,Mumbai
1708,Divya,divya870@outlook.com,"City, Adventure",Other,2,3,33,Hyderabad
1709,Pooja,pooja803@gmail.com,"Adventure, Historical",Female,3,1,28,Chennai
1710,Mohan,mohan790@rediffmail.com,"Adventure, Historical",Other,2,0,29,Jaipur
1711,Sai,sai342@outlook.com,"Nature, Adventure, Beach",Other,3,2,32,Pune
1712,Nisha,nisha104@gmail.com,Beach,Female,3,1,42,Chennai
1713,Priya,priya877@hotmail.com,"City, Adventure",Female,4,2,28,Bangalore
1714,Rahul,rahul17@gmail.com,"Beach, Adventure",Other,2,1,59,Ahmedabad
1715,Meera,meera775@rediffmail.com,"Beach, Historical, Nature",Male,2,1,30,Delhi
1716,Sai,sai729@rediffmail.com,Beach,Female,1,0,40,Kolkata
1717,Krishna,krishna944@hotmail.com,"Beach, Nature",Other,4,2,36,Surat
1718,Sunita,sunita995@gmail.com,"Adventure, Historical",Male,2,0,53,Bangalore
1719,Sneha,sneha27@hotmail.com,"City, Nature",Other,5,0,32,Jaipur
1720,Aadhya,aadhya149@gmail.com,"Nature, Historical",Male,5,2,48,Jaipur
1721,Deepa,deepa570@rediffmail.com,"City, Historical, Adventure",Male,2,2,55,Kolkata
1722,Sunita,sunita910@hotmail.com,"Beach, City",Other,4,0,34,Kolkata
1723,Suresh,suresh374@yahoo.com,"Adventure, Historical",Other,2,3,26,Pune
1724,Riya,riya815@rediffmail.com,"City, Historical, Adventure",Male,1,2,50,Jaipur
1725,Ritika,ritika322@gmail.com,"Nature, Adventure, Beach",Male,3,1,59,Ahmedabad
1726,Kiara,kiara477@outlook.com,"City, Historical, Adventure",Male,2,0,55,Kolkata
1727,Arjun,arjun977@yahoo.com,"Beach, Historical",Other,2,1,40,Jaipur
1728,Ishaan,ishaan66@outlook.com,"City, Historical",Other,2,0,64,Mumbai
1729,Rekha,rekha503@hotmail.com,"Adventure, City",Female,2,0,52,Hyderabad
1730,Rohit,rohit239@rediffmail.com,City,Female,1,1,61,Surat
1731,Rahul,rahul884@gmail.com,"Nature, Adventure, Beach",Male,3,0,25,Delhi
1732,Usha,usha66@rediffmail.com,Nature,Other,2,0,56,Bangalore
1733,Ananya,ananya31@hotmail.com,"Beach, Nature",Female,1,2,54,Kolkata
1734,Deepa,deepa391@hotmail.com,"Adventure, City",Female,2,0,29,Kolkata
1735,Priya,priya512@gmail.com,"Historical, Nature",Female,2,0,59,Delhi
1736,Rohit,rohit463@gmail.com,City,Female,1,1,53,Mumbai
1737,Suresh,suresh98@yahoo.com,"Beach, Historical",Other,1,0,37,Mumbai
1738,Sunita,sunita577@outlook.com,"City, Historical",Male,2,1,29,Ahmedabad
1739,Aadhya,aadhya354@gmail.com,"Adventure, City",Other,2,0,46,Bangalore
1740,Neha,neha153@hotmail.com,"Beach, Historical",Other,1,1,25,Hyderabad
1741,Meera,meera111@outlook.com,"Historical, Nature",Other,3,2,49,Chennai
1742,Rekha,rekha159@rediffmail.com,"Adventure, Historical",Female,5,1,42,Jaipur
1743,Ayaan,ayaan685@rediffmail.com,"City, Historical",Female,2,0,49,Chennai
1744,Kiran,kiran43@outlook.com,"Nature, Adventure",Female,4,2,63,Surat
1745,Reyansh,reyansh869@rediffmail.com,"City, Historical",Other,3,2,54,Surat
1746,Ritika,ritika535@hotmail.com,"Beach, Historical, Nature",Other,2,0,46,Chennai
1747,Meera,meera967@hotmail.com,Beach,Female,2,0,49,Delhi
1748,Rahul,rahul575@hotmail.com,"Nature, Adventure, Beach",Female,2,3,36,Mumbai
1749,Anjali,anjali852@gmail.com,"Beach, Adventure",Male,2,1,54,Ahmedabad
1750,Ananya,ananya657@outlook.com,"Nature, Adventure",Other,1,3,42,Chennai
1751,Amit,amit988@rediffmail.com,"Nature, Adventure",Other,4,1,51,Bangalore
1752,Neha,neha380@gmail.com,"Beach, Adventure",Male,2,0,32,Pune
1753,Arjun,arjun732@yahoo.com,Adventure,Male,3,1,20,Kolkata
1754,Aadhya,aadhya922@gmail.com,"Nature, Historical",Male,5,1,39,Bangalore
1755,Vikram,vikram847@yahoo.com,"City, Adventure",Female,1,0,33,Surat
1756,Priya,priya904@hotmail.com,"City, Historical, Adventure",Other,4,1,31,Hyderabad
1757,Deepa,deepa707@gmail.com,Nature,Female,2,2,30,Jaipur
1758,Priya,priya615@gmail.com,Beach,Male,3,0,60,Chennai
1759,Arjun,arjun653@gmail.com,"Beach, Nature",Male,5,0,29,Ahmedabad
1760,Rahul,rahul172@outlook.com,Beach,Female,3,0,54,Hyderabad
1761,Reyansh,reyansh780@gmail.com,Beach,Male,5,1,49,Chennai
1762,Krishna,krishna531@gmail.com,Adventure,Female,1,0,42,Bangalore
1763,Sai,sai781@gmail.com,"City, Nature",Female,3,0,27,Jaipur
1764,Rekha,rekha788@gmail.com,City,Male,4,1,20,Surat
1765,Aarav,aarav972@yahoo.com,"Adventure, Historical",Female,5,0,30,Mumbai
1766,Kiran,kiran390@yahoo.com,"Nature, Historical",Other,1,0,30,Pune
1767,Pooja,pooja26@hotmail.com,"City, Historical",Male,3,0,28,Bangalore
1768,Mohan,mohan988@outlook.com,"Nature, Adventure",Male,3,0,52,Mumbai
1769,Usha,usha738@yahoo.com,"Adventure, Historical",Female,1,2,61,Chennai
1770,Aarav,aarav391@gmail.com,"City, Historical, Adventure",Male,4,1,25,Chennai
1771,Aditya,aditya578@rediffmail.com,"City, Historical",Male,3,2,54,Kolkata
1772,Meera,meera703@rediffmail.com,Beach,Female,5,0,49,Surat
1773,Priya,priya354@hotmail.com,Adventure,Male,2,2,32,Bangalore
1774,Meera,meera653@yahoo.com,Beach,Female,4,0,19,Kolkata
1775,Nisha,nisha148@gmail.com,Historical,Female,3,1,32,Kolkata
1776,Krishna,krishna861@outlook.com,"Beach, Adventure",Female,2,0,64,Jaipur
1777,Pooja,pooja976@hotmail.com,Historical,Female,2,1,26,Ahmedabad
1778,Aadhya,aadhya252@yahoo.com,"Beach, Adventure",Other,2,2,60,Surat
1779,Suresh,suresh922@hotmail.com,"Beach, Historical, Nature",Female,2,0,43,Bangalore
1780,Tanvi,tanvi112@rediffmail.com,Historical,Female,5,3,57,Kolkata
1781,Vihaan,vihaan205@yahoo.com,"Adventure, Historical",Other,4,1,51,Kolkata
1782,Ananya,ananya966@hotmail.com,"Beach, Historical",Other,2,1,29,Hyderabad
1783,Sunita,sunita788@yahoo.com,Beach,Other,4,0,44,Pune
1784,Divya,divya252@yahoo.com,Adventure,Female,3,1,51,Mumbai
1785,Reyansh,reyansh806@gmail.com,"City, Historical",Male,1,2,21,Pune
1786,Sai,sai321@outlook.com,"Beach, Adventure",Other,2,0,22,Pune
1787,Usha,usha932@outlook.com,"City, Historical, Adventure",Female,2,1,36,Hyderabad
1788,Reyansh,reyansh822@rediffmail.com,"Historical, Nature",Male,2,0,57,Kolkata
1789,Kavya,kavya576@rediffmail.com,Adventure,Other,5,1,33,Delhi
1790,Ishaan,ishaan932@hotmail.com,"Beach, Nature",Male,1,0,42,Jaipur
1791,Kavya,kavya786@gmail.com,"City, Historical, Adventure",Other,5,0,46,Surat
1792,Sunita,sunita187@hotmail.com,"Beach, Historical",Female,5,1,39,Delhi
1793,Suresh,suresh71@yahoo.com,"Adventure, City",Other,2,0,27,Delhi
1794,Diya,diya985@outlook.com,"Nature, Historical",Other,4,2,40,Surat
1795,Shruti,shruti17@rediffmail.com,"City, Historical, Adventure",Female,5,0,34,Chennai
1796,Neha,neha287@rediffmail.com,"Beach, Historical",Female,2,0,59,Chennai
1797,Nisha,nisha270@hotmail.com,Nature,Female,1,1,60,Jaipur
1798,Sai,sai341@rediffmail.com,"Nature, Adventure",Male,4,2,18,Surat
1799,Vivaan,vivaan310@hotmail.com,"Beach, Adventure",Female,2,0,61,Hyderabad
1800,Vikram,vikram344@outlook.com,City,Female,2,0,40,Hyderabad
1801,Mohan,mohan198@hotmail.com,"Nature, Historical",Female,1,0,60,Delhi
1802,Rahul,rahul883@rediffmail.com,"Beach, Nature",Male,4,2,24,Chennai
1803,Arjun,arjun182@outlook.com,"City, Historical",Male,3,0,23,Delhi
1804,Aarav,aarav741@gmail.com,"Adventure, Historical",Other,1,1,47,Pune
1805,Reyansh,reyansh628@gmail.com,"Nature, Adventure",Other,1,2,23,Bangalore
1806,Sai,sai736@gmail.com,"Beach, Historical",Female,4,0,21,Delhi
1807,Vikram,vikram329@rediffmail.com,"Beach, Adventure",Female,4,1,49,Surat
1808,Ananya,ananya481@outlook.com,"City, Historical, Adventure",Male,2,1,23,Bangalore
1809,Diya,diya270@yahoo.com,"Beach, Historical, Nature",Other,5,1,62,Delhi
1810,Diya,diya192@outlook.com,"City, Nature",Male,2,2,36,Surat
1811,Deepa,deepa519@outlook.com,"Beach, Adventure",Female,2,0,33,Ahmedabad
1812,Aarav,aarav671@outlook.com,"Nature, Historical",Male,1,0,40,Mumbai
1813,Usha,usha774@hotmail.com,"City, Historical",Other,4,1,18,Delhi
1814,Rahul,rahul603@outlook.com,"Nature, Adventure, Beach",Other,5,1,64,Pune
1815,Pooja,pooja367@hotmail.com,"City, Adventure",Female,2,0,52,Chennai
1816,Kiara,kiara602@yahoo.com,"Nature, Adventure",Other,2,0,47,Pune
1817,Kiran,kiran475@hotmail.com,Historical,Male,1,1,44,Mumbai
1818,Krishna,krishna808@outlook.com,Beach,Other,1,0,45,Bangalore
1819,Ishaan,ishaan608@yahoo.com,"Beach, Adventure",Male,1,0,35,Pune
1820,Diya,diya23@hotmail.com,Beach,Male,2,3,53,Hyderabad
1821,Kiara,kiara195@hotmail.com,"Nature, Adventure, Beach",Other,2,0,28,Jaipur
1822,Vihaan,vihaan362@gmail.com,"City, Historical",Female,3,1,27,Chennai
1823,Anjali,anjali966@hotmail.com,"Beach, Adventure",Female,2,3,58,Bangalore
1824,Rohit,rohit646@outlook.com,"Nature, Adventure, Beach",Female,3,1,51,Hyderabad
1825,Rohit,rohit743@outlook.com,"Adventure, City",Female,3,0,19,Jaipur
1826,Suresh,suresh428@yahoo.com,"Beach, Adventure",Female,3,2,38,Jaipur
1827,Sneha,sneha569@outlook.com,"City, Historical, Adventure",Female,3,2,38,Surat
1828,Kiara,kiara726@rediffmail.com,"Nature, Adventure, Beach",Male,4,0,54,Jaipur
1829,Vivaan,vivaan321@rediffmail.com,"Beach, Nature",Female,4,1,23,Ahmedabad
1830,Shruti,shruti474@rediffmail.com,"Beach, City",Male,2,1,35,Bangalore
1831,Suresh,suresh869@gmail.com,Adventure,Male,2,0,40,Surat
1832,Tanvi,tanvi576@yahoo.com,"Beach, City",Female,2,0,52,Chennai
1833,Diya,diya981@rediffmail.com,"Nature, Adventure, Beach",Male,2,0,30,Ahmedabad
1834,Neha,neha290@yahoo.com,Beach,Female,3,2,37,Hyderabad
1835,Aadhya,aadhya148@outlook.com,"Beach, Historical",Male,3,1,23,Pune
1836,Divya,divya795@yahoo.com,Historical,Other,2,0,46,Pune
1837,Reyansh,reyansh960@outlook.com,Historical,Female,2,1,36,Bangalore
1838,Geeta,geeta132@outlook.com,"Beach, Historical",Male,1,0,48,Pune
1839,Ishaan,ishaan323@hotmail.com,"Beach, Historical, Nature",Male,3,1,43,Bangalore
1840,Rahul,rahul628@gmail.com,"Nature, Historical",Female,3,1,50,Mumbai
1841,Krishna,krishna509@gmail.com,"City, Historical",Male,2,1,63,Chennai
1842,Sai,sai773@outlook.com,"City, Adventure",Female,1,0,22,Jaipur
1843,Kiran,kiran559@gmail.com,City,Female,3,0,27,Ahmedabad
1844,Sai,sai834@yahoo.com,Historical,Male,1,2,34,Chennai
1845,Riya,riya58@rediffmail.com,"Beach, Historical",Male,3,1,48,Mumbai
1846,Aditya,aditya225@yahoo.com,"Adventure, City",Male,3,0,58,Kolkata
1847,Vivaan,vivaan523@outlook.com,Adventure,Male,3,1,53,Delhi
1848,Aditya,aditya205@rediffmail.com,"Nature, Adventure",Male,2,0,40,Delhi
1849,Geeta,geeta903@outlook.com,City,Male,2,0,18,Surat
1850,Meera,meera273@rediffmail.com,"City, Adventure",Other,2,2,56,Hyderabad
1851,Rohit,rohit201@outlook.com,"Beach, City",Female,1,0,19,Jaipur
1852,Rekha,rekha991@rediffmail.com,Beach,Male,2,0,24,Chennai
1853,Diya,diya778@rediffmail.com,"Nature, Historical",Other,3,2,37,Pune
1854,Divya,divya56@yahoo.com,"City, Historical, Adventure",Female,2,0,18,Chennai
1855,Ananya,ananya882@outlook.com,"Beach, Adventure",Female,5,0,38,Jaipur
1856,Kiran,kiran617@yahoo.com,Adventure,Female,3,0,60,Chennai
1857,Arjun,arjun632@gmail.com,"Beach, Historical",Male,3,2,35,Mumbai
1858,Nisha,nisha456@hotmail.com,"City, Historical, Adventure",Male,1,0,59,Chennai
1859,Lakshmi,lakshmi760@outlook.com,"City, Historical",Female,2,0,20,Delhi
1860,Nisha,nisha146@outlook.com,Historical,Male,1,1,61,Mumbai
1861,Tanvi,tanvi179@gmail.com,"Beach, Nature",Male,3,0,55,Ahmedabad
1862,Sneha,sneha277@gmail.com,"City, Historical, Adventure",Female,1,1,31,Delhi
1863,Kiran,kiran695@hotmail.com,"Beach, Historical",Male,2,2,44,Bangalore
1864,Aarav,aarav591@gmail.com,"City, Historical",Female,3,1,30,Hyderabad
1865,Vivaan,vivaan688@outlook.com,"Beach, Adventure",Male,3,2,59,Mumbai
1866,Sunita,sunita856@hotmail.com,"Beach, Historical, Nature",Other,2,0,65,Mumbai
1867,Meera,meera373@gmail.com,"Nature, Adventure, Beach",Female,2,0,28,Pune
1868,Suresh,suresh744@rediffmail.com,"Beach, Historical, Nature",Male,2,1,44,Bangalore
1869,Geeta,geeta412@outlook.com,Historical,Female,4,0,61,Jaipur
1870,Ritika,ritika418@outlook.com,Nature,Male,3,2,39,Pune
1871,Divya,divya462@rediffmail.com,"Historical, Nature",Male,2,2,58,Bangalore
1872,Rekha,rekha350@rediffmail.com,"Historical, Nature",Other,1,2,31,Kolkata
1873,Sai,sai844@hotmail.com,"Beach, Nature",Other,3,1,54,Mumbai
1874,Priya,priya957@rediffmail.com,"Historical, Nature",Other,2,1,39,Jaipur
1875,Ayaan,ayaan334@outlook.com,"Beach, Historical, Nature",Female,3,2,32,Surat
1876,Amit,amit768@hotmail.com,"Beach, Nature",Male,3,0,62,Chennai
1877,Aarav,aarav915@rediffmail.com,"Beach, Nature",Female,1,0,37,Chennai
1878,Kiran,kiran311@yahoo.com,"Beach, Historical, Nature",Other,1,2,19,Mumbai
1879,Vivaan,vivaan303@gmail.com,"Beach, Adventure",Male,4,1,22,Hyderabad
1880,Pooja,pooja974@gmail.com,Nature,Female,3,0,56,Hyderabad
1881,Rohit,rohit398@outlook.com,"Beach, Adventure",Female,2,1,48,Surat
1882,Geeta,geeta43@hotmail.com,"Nature, Adventure",Female,2,0,62,Jaipur
1883,Vikram,vikram771@rediffmail.com,"Beach, Nature",Female,3,1,40,Jaipur
1884,Vivaan,vivaan390@gmail.com,Adventure,Male,2,1,23,Chennai
1885,Reyansh,reyansh466@hotmail.com,"Adventure, Historical",Male,3,0,38,Hyderabad
1886,Mohan,mohan796@hotmail.com,"Beach, Adventure",Other,2,0,26,Surat
1887,Vivaan,vivaan958@rediffmail.com,Historical,Male,3,0,62,Surat
1888,Vikram,vikram821@rediffmail.com,"Nature, Adventure",Female,3,1,49,Bangalore
1889,Pooja,pooja301@yahoo.com,"Nature, Adventure",Female,3,0,61,Bangalore
1890,Arjun,arjun204@hotmail.com,Adventure,Male,1,1,59,Bangalore
1891,Vikram,vikram45@outlook.com,"Historical, Nature",Male,2,1,49,Chennai
1892,Pooja,pooja828@gmail.com,"Beach, Nature",Male,1,1,56,Surat
1893,Vivaan,vivaan449@hotmail.com,"City, Adventure",Other,2,1,62,Pune
1894,Ritika,ritika109@hotmail.com,Adventure,Male,2,1,45,Delhi
1895,Arjun,arjun90@outlook.com,"City, Adventure",Female,2,2,26,Delhi
1896,Vivaan,vivaan166@gmail.com,"City, Historical, Adventure",Male,3,0,52,Pune
1897,Mohan,mohan270@hotmail.com,"City, Historical",Other,2,0,53,Mumbai
1898,Kiara,kiara208@yahoo.com,"Nature, Historical",Male,3,0,41,Mumbai
1899,Neha,neha808@gmail.com,"Beach, Nature",Other,3,1,18,Hyderabad
1900,Krishna,krishna328@yahoo.com,Adventure,Male,2,0,48,Chennai
1901,Reyansh,reyansh177@hotmail.com,"Beach, Historical, Nature",Other,3,2,22,Bangalore
1902,Krishna,krishna879@rediffmail.com,"Adventure, City",Male,2,3,22,Surat
1903,Kavya,kavya253@hotmail.com,"City, Adventure",Male,4,0,45,Mumbai
1904,Rahul,rahul800@hotmail.com,"Beach, Historical",Male,3,2,43,Jaipur
1905,Rekha,rekha857@yahoo.com,"Adventure, City",Female,3,2,44,Bangalore
1906,Riya,riya614@rediffmail.com,"Nature, Historical",Female,4,0,19,Kolkata
1907,Arjun,arjun576@gmail.com,"Adventure, City",Other,1,0,35,Jaipur
1908,Rohit,rohit311@rediffmail.com,"Nature, Adventure, Beach",Female,5,2,48,Ahmedabad
1909,Shruti,shruti396@rediffmail.com,"Beach, Historical, Nature",Other,3,1,54,Bangalore
1910,Tanvi,tanvi346@gmail.com,Adventure,Female,3,1,22,Hyderabad
1911,Sneha,sneha957@outlook.com,"Nature, Historical",Other,3,0,38,Chennai
1912,Sunita,sunita196@outlook.com,"Nature, Historical",Male,4,1,44,Hyderabad
1913,Priya,priya613@hotmail.com,"Beach, Adventure",Other,4,0,62,Hyderabad
1914,Diya,diya704@outlook.com,"Beach, Historical, Nature",Other,2,2,55,Ahmedabad
1915,Ananya,ananya121@outlook.com,"City, Nature",Male,3,1,39,Bangalore
1916,Shruti,shruti384@yahoo.com,Beach,Female,3,2,47,Ahmedabad
1917,Rohit,rohit150@outlook.com,"Nature, Adventure, Beach",Male,2,3,53,Kolkata
1918,Aarav,aarav69@yahoo.com,"Beach, City",Female,2,3,55,Hyderabad
1919,Neha,neha582@hotmail.com,"Beach, Adventure",Female,1,0,49,Surat
1920,Reyansh,reyansh488@hotmail.com,Beach,Female,1,0,41,Mumbai
1921,Aditya,aditya868@gmail.com,"Beach, City",Male,3,0,24,Kolkata
1922,Aadhya,aadhya41@rediffmail.com,"Nature, Adventure",Male,1,3,64,Hyderabad
1923,Meera,meera441@yahoo.com,"City, Nature",Male,3,1,35,Ahmedabad
1924,Amit,amit861@yahoo.com,"Adventure, City",Male,3,0,32,Bangalore
1925,Vikram,vikram209@rediffmail.com,"Nature, Adventure, Beach",Male,5,0,65,Surat
1926,Sneha,sneha829@hotmail.com,"Beach, Nature",Male,2,0,33,Jaipur
1927,Usha,usha170@yahoo.com,"City, Nature",Female,1,0,37,Kolkata
1928,Geeta,geeta882@rediffmail.com,Beach,Female,2,0,23,Kolkata
1929,Pooja,pooja454@yahoo.com,Beach,Other,4,0,35,Chennai
1930,Shruti,shruti448@rediffmail.com,"Adventure, Historical",Female,1,1,42,Jaipur
1931,Rekha,rekha211@outlook.com,"Adventure, City",Other,1,2,61,Kolkata
1932,Kavya,kavya807@hotmail.com,"Beach, Adventure",Male,2,0,33,Hyderabad
1933,Kiara,kiara389@rediffmail.com,Adventure,Male,3,1,59,Delhi
1934,Pooja,pooja731@gmail.com,Beach,Other,2,0,49,Kolkata
1935,Pooja,pooja932@hotmail.com,"City, Historical",Female,2,0,41,Hyderabad
1936,Tanvi,tanvi162@yahoo.com,"City, Nature",Other,3,1,30,Mumbai
1937,Vikram,vikram374@gmail.com,"City, Nature",Male,3,0,57,Ahmedabad
1938,Vihaan,vihaan257@gmail.com,City,Female,2,0,45,Hyderabad
1939,Ananya,ananya235@hotmail.com,"Nature, Historical",Male,3,0,23,Surat
1940,Vihaan,vihaan587@yahoo.com,"Nature, Historical",Other,2,0,28,Chennai
1941,Vivaan,vivaan828@yahoo.com,"Nature, Adventure, Beach",Other,1,1,35,Bangalore
1942,Ritika,ritika128@hotmail.com,"Beach, Historical, Nature",Female,3,0,29,Chennai
1943,Aarav,aarav334@yahoo.com,"Beach, City",Other,4,1,21,Kolkata
1944,Krishna,krishna172@gmail.com,Adventure,Male,4,0,56,Pune
1945,Sunita,sunita802@outlook.com,Historical,Male,2,1,63,Chennai
1946,Kavya,kavya656@rediffmail.com,"Nature, Adventure",Male,5,0,36,Jaipur
1947,Anjali,anjali819@hotmail.com,Beach,Other,3,0,51,Jaipur
1948,Anjali,anjali363@rediffmail.com,"City, Historical, Adventure",Other,4,0,34,Ahmedabad
1949,Deepa,deepa171@rediffmail.com,Adventure,Male,4,0,56,Pune
1950,Nisha,nisha119@rediffmail.com,Nature,Female,2,0,38,Jaipur
1951,Diya,diya769@gmail.com,"Beach, Adventure",Female,4,1,46,Surat
1952,Krishna,krishna665@outlook.com,Beach,Male,1,2,46,Hyderabad
1953,Shruti,shruti409@hotmail.com,Historical,Female,4,0,44,Mumbai
1954,Riya,riya971@yahoo.com,"Beach, Nature",Female,2,0,42,Kolkata
1955,Arjun,arjun613@outlook.com,"City, Adventure",Other,3,0,48,Delhi
1956,Amit,amit340@yahoo.com,"Nature, Historical",Other,2,3,27,Ahmedabad
1957,Sneha,sneha62@gmail.com,City,Male,3,0,46,Kolkata
1958,Rohit,rohit818@rediffmail.com,Historical,Female,3,0,21,Ahmedabad
1959,Geeta,geeta127@hotmail.com,Adventure,Female,4,0,53,Surat
1960,Neha,neha69@yahoo.com,Beach,Female,3,0,64,Hyderabad
1961,Ishaan,ishaan146@yahoo.com,"City, Historical",Other,2,0,20,Mumbai
1962,Nisha,nisha13@yahoo.com,"Beach, Adventure",Female,3,0,27,Kolkata
1963,Mohan,mohan582@outlook.com,"Beach, Adventure",Male,5,0,20,Hyderabad
1964,Tanvi,tanvi806@gmail.com,"City, Nature",Female,5,0,61,Jaipur
1965,Ayaan,ayaan82@hotmail.com,"Adventure, Historical",Other,3,0,48,Hyderabad
1966,Sunita,sunita572@rediffmail.com,"Adventure, Historical",Other,3,1,60,Surat
1967,Anjali,anjali699@outlook.com,"Nature, Adventure, Beach",Male,2,0,48,Hyderabad
1968,Rohit,rohit963@rediffmail.com,"Nature, Historical",Female,5,3,21,Surat
1969,Nisha,nisha821@outlook.com,"Beach, Nature",Male,3,2,32,Chennai
1970,Divya,divya927@yahoo.com,"Beach, Nature",Other,3,0,65,Kolkata
1971,Deepa,deepa581@outlook.com,"Nature, Historical",Male,2,1,60,Delhi
1972,Rahul,rahul949@gmail.com,Nature,Female,4,0,48,Mumbai
1973,Rohit,rohit961@outlook.com,"Beach, Nature",Female,2,2,49,Kolkata
1974,Geeta,geeta220@hotmail.com,Nature,Male,2,1,28,Pune
1975,Kavya,kavya613@outlook.com,"City, Historical, Adventure",Female,4,0,23,Mumbai
1976,Ishaan,ishaan554@hotmail.com,Adventure,Male,5,2,62,Bangalore
1977,Vihaan,vihaan3@hotmail.com,"Historical, Nature",Male,1,3,41,Pune
1978,Sunita,sunita90@gmail.com,"Historical, Nature",Female,2,0,55,Delhi
1979,Aditya,aditya630@gmail.com,"Beach, Adventure",Male,4,2,49,Delhi
1980,Sneha,sneha608@outlook.com,"Nature, Adventure, Beach",Other,1,1,26,Delhi
1981,Divya,divya621@outlook.com,"Historical, Nature",Other,4,1,49,Surat
1982,Kiara,kiara706@outlook.com,"Nature, Adventure",Female,4,1,62,Jaipur
1983,Pooja,pooja368@rediffmail.com,"Nature, Historical",Female,3,2,44,Chennai
1984,Nisha,nisha683@outlook.com,"Beach, Adventure",Male,2,1,20,Delhi
1985,Vihaan,vihaan602@gmail.com,"Adventure, City",Male,5,0,64,Delhi
1986,Meera,meera789@outlook.com,"Adventure, Historical",Other,2,0,44,Delhi
1987,Mohan,mohan747@rediffmail.com,"Nature, Historical",Other,2,0,20,Pune
1988,Kavya,kavya401@yahoo.com,"City, Adventure",Male,1,2,34,Kolkata
1989,Ananya,ananya833@hotmail.com,Historical,Other,5,2,38,Jaipur
1990,Krishna,krishna836@outlook.com,Nature,Other,2,2,54,Bangalore
1991,Aarav,aarav891@yahoo.com,"Beach, City",Female,1,2,39,Bangalore
1992,Aditya,aditya906@yahoo.com,"City, Nature",Other,3,3,30,Bangalore
1993,Deepa,deepa40@gmail.com,"City, Adventure",Other,2,1,39,Mumbai
1994,Reyansh,reyansh495@rediffmail.com,"Beach, Adventure",Male,1,1,65,Ahmedabad
1995,Sneha,sneha544@hotmail.com,City,Other,3,1,45,Mumbai
1996,Divya,divya988@rediffmail.com,"Beach, Historical, Nature",Female,3,1,20,Hyderabad
1997,Rohit,rohit19@hotmail.com,"City, Historical, Adventure",Other,5,0,44,Jaipur
1998,Rekha,rekha586@yahoo.com,"Adventure, Historical",Other,2,0,59,Mumbai
1999,Kiara,kiara685@rediffmail.com,"Beach, City",Female,2,1,20,Chennai
2000,Pooja,pooja245@hotmail.com,"Beach, Historical",Female,1,0,35,Ahmedabad
2001,Ritika,ritika963@hotmail.com,"Beach, Historical",Other,4,1,58,Hyderabad
2002,Rekha,rekha680@gmail.com,Adventure,Other,2,1,36,Delhi
2003,Riya,riya948@hotmail.com,"Beach, Historical, Nature",Other,2,1,30,Mumbai
2004,Lakshmi,lakshmi82@outlook.com,"City, Nature",Female,1,0,65,Hyderabad
2005,Kavya,kavya674@outlook.com,"Beach, City",Female,2,0,64,Bangalore
2006,Suresh,suresh100@outlook.com,"Nature, Historical",Other,3,1,22,Bangalore
2007,Ayaan,ayaan874@gmail.com,"City, Nature",Male,4,2,35,Bangalore
2008,Ayaan,ayaan784@hotmail.com,"Adventure, Historical",Male,3,2,52,Jaipur
2009,Neha,neha126@hotmail.com,"Nature, Adventure, Beach",Female,4,0,23,Pune
2010,Ananya,ananya398@yahoo.com,"Beach, Historical, Nature",Female,3,2,57,Delhi
2011,Arjun,arjun167@yahoo.com,"Adventure, Historical",Male,3,1,30,Jaipur
2012,Amit,amit31@outlook.com,Beach,Female,1,1,43,Chennai
2013,Kavya,kavya195@rediffmail.com,Adventure,Other,3,0,65,Chennai
2014,Shruti,shruti571@hotmail.com,Beach,Female,3,0,20,Mumbai
2015,Pooja,pooja193@gmail.com,"City, Historical, Adventure",Female,1,1,41,Pune
2016,Deepa,deepa768@gmail.com,"Adventure, Historical",Female,1,2,56,Ahmedabad
2017,Mohan,mohan785@gmail.com,"City, Historical, Adventure",Male,2,1,53,Pune
2018,Ayaan,ayaan640@gmail.com,"Adventure, Historical",Male,2,2,36,Mumbai
2019,Reyansh,reyansh57@outlook.com,"Adventure, City",Other,2,0,27,Hyderabad
2020,Rohit,rohit871@hotmail.com,"City, Historical",Other,2,0,65,Hyderabad
2021,Deepa,deepa24@gmail.com,"Nature, Historical",Female,2,0,26,Ahmedabad
2022,Rekha,rekha614@gmail.com,"City, Adventure",Male,1,0,39,Pune
2023,Ayaan,ayaan188@rediffmail.com,"Beach, Adventure",Other,4,0,35,Hyderabad
2024,Mohan,mohan773@rediffmail.com,"City, Historical",Other,3,1,62,Ahmedabad
2025,Nisha,nisha929@rediffmail.com,"Nature, Historical",Male,4,1,20,Hyderabad
2026,Deepa,deepa96@outlook.com,"Beach, City",Other,1,0,55,Mumbai
2027,Reyansh,reyansh913@hotmail.com,"Nature, Adventure",Female,4,0,24,Hyderabad
2028,Kavya,kavya606@rediffmail.com,"City, Nature",Male,2,0,54,Delhi
2029,Vivaan,vivaan482@yahoo.com,"Adventure, City",Male,3,2,61,Ahmedabad
2030,Riya,riya418@gmail.com,City,Female,3,1,30,Jaipur
2031,Mohan,mohan244@gmail.com,Nature,Male,3,0,51,Hyderabad
2032,Amit,amit140@hotmail.com,"City, Historical, Adventure",Female,5,0,33,Surat
2033,Ayaan,ayaan724@hotmail.com,"Beach, City",Other,3,0,25,Kolkata
2034,Geeta,geeta196@outlook.com,"Adventure, City",Other,2,1,25,Chennai
2035,Krishna,krishna729@gmail.com,"City, Nature",Male,3,1,61,Kolkata
2036,Krishna,krishna989@yahoo.com,"Beach, City",Male,3,1,63,Delhi
2037,Aarav,aarav424@gmail.com,"Adventure, Historical",Male,2,0,59,Delhi
2038,Suresh,suresh333@hotmail.com,Beach,Other,3,0,60,Chennai
2039,Ishaan,ishaan212@hotmail.com,"City, Adventure",Male,4,2,60,Chennai
2040,Shruti,shruti501@outlook.com,Nature,Male,2,0,28,Mumbai
2041,Vihaan,vihaan767@hotmail.com,City,Female,2,0,36,Bangalore
2042,Meera,meera287@yahoo.com,Nature,Male,2,1,22,Surat
2043,Divya,divya357@outlook.com,"City, Nature",Female,2,2,48,Kolkata
2044,Sneha,sneha165@hotmail.com,"City, Nature",Female,5,0,33,Jaipur
2045,Vikram,vikram225@rediffmail.com,City,Other,5,0,64,Pune
2046,Anjali,anjali261@gmail.com,"Beach, City",Other,3,0,43,Mumbai
2047,Arjun,arjun581@gmail.com,"City, Nature",Female,2,0,60,Ahmedabad
2048,Usha,usha589@rediffmail.com,"Historical, Nature",Other,2,1,27,Mumbai
2049,Rahul,rahul787@rediffmail.com,Nature,Other,2,0,29,Delhi
2050,Nisha,nisha739@hotmail.com,"Beach, City",Other,4,1,58,Kolkata
2051,Rekha,rekha579@rediffmail.com,"City, Adventure",Male,2,1,33,Pune
2052,Aditya,aditya879@outlook.com,"City, Adventure",Female,4,1,49,Chennai
2053,Lakshmi,lakshmi981@rediffmail.com,"Beach, Historical",Other,1,1,26,Chennai
2054,Deepa,deepa888@gmail.com,"Beach, Adventure",Female,2,3,22,Delhi
2055,Mohan,mohan452@yahoo.com,"City, Nature",Other,2,0,20,Hyderabad
2056,Aarav,aarav941@rediffmail.com,Nature,Male,5,1,46,Chennai
2057,Sai,sai349@yahoo.com,"Nature, Adventure, Beach",Male,1,0,56,Ahmedabad
2058,Riya,riya46@hotmail.com,"Beach, City",Other,2,1,64,Mumbai
2059,Shruti,shruti837@yahoo.com,Nature,Female,1,1,32,Surat
2060,Sneha,sneha1@hotmail.com,"City, Adventure",Female,4,1,28,Mumbai
2061,Reyansh,reyansh643@rediffmail.com,"Beach, Historical",Other,2,0,28,Chennai
2062,Aditya,aditya751@yahoo.com,"Beach, Adventure",Male,2,0,21,Jaipur
2063,Kiara,kiara634@yahoo.com,"Nature, Adventure",Male,3,1,41,Hyderabad
2064,Lakshmi,lakshmi158@gmail.com,"Historical, Nature",Female,2,0,20,Ahmedabad
2065,Ananya,ananya701@hotmail.com,"Beach, Nature",Male,4,0,27,Kolkata
2066,Reyansh,reyansh446@yahoo.com,"Historical, Nature",Female,3,1,61,Ahmedabad
2067,Geeta,geeta921@rediffmail.com,"Adventure, Historical",Female,2,3,52,Surat
2068,Aadhya,aadhya977@hotmail.com,Nature,Male,3,2,35,Pune
2069,Priya,priya621@yahoo.com,"Beach, Historical",Male,2,0,52,Jaipur
2070,Sai,sai896@rediffmail.com,"Beach, Nature",Other,1,0,65,Ahmedabad
2071,Ayaan,ayaan574@hotmail.com,Beach,Other,3,1,26,Mumbai
2072,Anjali,anjali185@rediffmail.com,"City, Nature",Male,2,0,56,Ahmedabad
2073,Arjun,arjun248@rediffmail.com,"Beach, Historical, Nature",Male,2,1,34,Hyderabad
2074,Rohit,rohit563@yahoo.com,"Historical, Nature",Male,2,2,31,Bangalore
2075,Kiara,kiara716@gmail.com,City,Male,3,0,64,Ahmedabad
2076,Sai,sai756@outlook.com,Historical,Male,3,3,39,Mumbai
2077,Aditya,aditya784@gmail.com,"Beach, Historical",Other,3,2,64,Mumbai
2078,Sai,sai331@yahoo.com,"City, Historical, Adventure",Male,1,0,24,Jaipur
2079,Ritika,ritika664@outlook.com,"Nature, Adventure",Other,3,1,64,Bangalore
2080,Amit,amit321@hotmail.com,"Beach, Nature",Other,3,1,34,Bangalore
2081,Sai,sai559@yahoo.com,"Nature, Adventure, Beach",Other,3,0,49,Ahmedabad
2082,Arjun,arjun155@yahoo.com,"Nature, Historical",Other,3,0,42,Jaipur
2083,Aditya,aditya520@hotmail.com,Historical,Male,1,0,60,Hyderabad
2084,Riya,riya387@outlook.com,"Adventure, Historical",Male,2,1,51,Bangalore
2085,Kiran,kiran387@rediffmail.com,"Beach, Nature",Male,2,2,50,Chennai
2086,Rahul,rahul379@gmail.com,"City, Adventure",Female,4,2,42,Mumbai
2087,Mohan,mohan732@gmail.com,Adventure,Male,2,0,56,Surat
2088,Mohan,mohan472@rediffmail.com,"City, Adventure",Male,4,1,51,Bangalore
2089,Krishna,krishna67@gmail.com,"Beach, City",Male,5,2,34,Ahmedabad
2090,Ayaan,ayaan912@rediffmail.com,City,Other,1,1,34,Bangalore
2091,Mohan,mohan972@hotmail.com,Adventure,Male,3,0,30,Ahmedabad
2092,Arjun,arjun410@outlook.com,"City, Nature",Male,3,0,43,Surat
2093,Meera,meera744@yahoo.com,City,Other,3,1,37,Kolkata
2094,Nisha,nisha163@gmail.com,"City, Nature",Female,4,0,64,Ahmedabad
2095,Lakshmi,lakshmi220@gmail.com,"Nature, Historical",Female,1,2,42,Hyderabad
2096,Vikram,vikram161@outlook.com,"City, Adventure",Female,4,0,43,Chennai
2097,Suresh,suresh349@rediffmail.com,"Historical, Nature",Female,2,2,64,Mumbai
2098,Sai,sai482@hotmail.com,"Nature, Historical",Female,4,2,50,Surat
2099,Anjali,anjali518@gmail.com,"City, Nature",Other,1,0,62,Ahmedabad
2100,Anjali,anjali183@outlook.com,"Adventure, Historical",Other,5,0,62,Mumbai
2101,Rohit,rohit39@outlook.com,"Nature, Adventure",Female,2,2,31,Pune
2102,Diya,diya849@rediffmail.com,"Beach, City",Other,2,1,43,Chennai
2103,Ishaan,ishaan826@gmail.com,"City, Historical",Male,3,0,47,Delhi
2104,Ritika,ritika50@rediffmail.com,"Beach, Adventure",Male,3,1,30,Jaipur
2105,Aadhya,aadhya138@hotmail.com,"Adventure, Historical",Male,1,0,20,Delhi
2106,Sai,sai941@rediffmail.com,City,Female,4,0,42,Delhi
2107,Divya,divya984@rediffmail.com,Nature,Other,3,1,18,Mumbai
2108,Ananya,ananya214@gmail.com,"Beach, Historical",Other,1,1,25,Ahmedabad
2109,Krishna,krishna858@rediffmail.com,City,Male,2,0,48,Jaipur
2110,Priya,priya747@outlook.com,"Nature, Adventure, Beach",Male,5,2,18,Surat
2111,Aadhya,aadhya402@outlook.com,"Nature, Adventure, Beach",Female,1,0,37,Surat
2112,Arjun,arjun828@gmail.com,City,Other,4,0,52,Hyderabad
2113,Kiara,kiara237@hotmail.com,City,Female,2,0,26,Kolkata
2114,Diya,diya175@yahoo.com,"Beach, Adventure",Other,3,0,33,Jaipur
2115,Sneha,sneha344@outlook.com,Nature,Male,1,2,62,Hyderabad
2116,Krishna,krishna533@rediffmail.com,Nature,Other,1,0,19,Pune
2117,Riya,riya505@hotmail.com,Nature,Female,5,1,51,Delhi
2118,Ayaan,ayaan765@yahoo.com,Nature,Male,5,2,21,Ahmedabad
2119,Aadhya,aadhya370@hotmail.com,Beach,Other,1,2,19,Kolkata
2120,Ishaan,ishaan702@hotmail.com,"City, Historical",Female,5,0,29,Chennai
2121,Priya,priya920@outlook.com,"City, Adventure",Male,4,1,29,Kolkata
2122,Sunita,sunita112@hotmail.com,Adventure,Female,4,1,27,Surat
2123,Aadhya,aadhya538@outlook.com,"Nature, Historical",Other,5,0,37,Ahmedabad
2124,Aarav,aarav813@rediffmail.com,Historical,Male,2,0,60,Ahmedabad
2125,Anjali,anjali140@hotmail.com,"Nature, Adventure",Male,2,0,64,Delhi
2126,Vihaan,vihaan105@outlook.com,Historical,Other,3,1,21,Ahmedabad
2127,Suresh,suresh579@rediffmail.com,"City, Historical",Female,2,0,19,Jaipur
2128,Priya,priya597@yahoo.com,Beach,Other,3,1,58,Kolkata
2129,Usha,usha587@hotmail.com,"Nature, Historical",Other,3,1,65,Jaipur
2130,Sai,sai911@rediffmail.com,"Nature, Historical",Male,3,0,42,Surat
2131,Riya,riya151@outlook.com,"City, Historical, Adventure",Male,2,1,37,Surat
2132,Usha,usha812@yahoo.com,"Historical, Nature",Male,1,2,32,Hyderabad
2133,Ishaan,ishaan795@hotmail.com,Beach,Other,3,2,44,Surat
2134,Vivaan,vivaan572@hotmail.com,"Adventure, City",Female,3,0,44,Mumbai
2135,Pooja,pooja179@yahoo.com,"Nature, Historical",Other,5,1,51,Surat
2136,Kiara,kiara334@rediffmail.com,"City, Adventure",Other,2,3,26,Ahmedabad
2137,Vivaan,vivaan857@outlook.com,"Beach, Historical",Female,5,2,25,Bangalore
2138,Sunita,sunita625@hotmail.com,"Adventure, Historical",Male,3,2,27,Kolkata
2139,Geeta,geeta782@outlook.com,"Beach, Historical, Nature",Other,1,1,23,Ahmedabad
2140,Vikram,vikram587@hotmail.com,"City, Adventure",Female,3,2,31,Mumbai
2141,Mohan,mohan494@hotmail.com,"Beach, Nature",Other,4,2,30,Ahmedabad
2142,Rahul,rahul586@outlook.com,"Beach, Nature",Female,4,1,43,Ahmedabad
2143,Ishaan,ishaan247@rediffmail.com,"Nature, Historical",Other,2,2,19,Bangalore
2144,Tanvi,tanvi771@yahoo.com,"Beach, Historical",Male,3,1,56,Kolkata
2145,Vikram,vikram65@gmail.com,"Beach, Nature",Female,3,0,60,Chennai
2146,Usha,usha343@gmail.com,"Nature, Adventure",Male,2,0,59,Hyderabad
2147,Sai,sai301@rediffmail.com,"City, Historical",Other,2,0,29,Ahmedabad
2148,Diya,diya893@rediffmail.com,Historical,Other,2,0,64,Pune
2149,Kiara,kiara653@outlook.com,"Beach, City",Male,4,0,56,Hyderabad
2150,Kiran,kiran167@gmail.com,Historical,Male,3,1,44,Bangalore
2151,Rekha,rekha141@outlook.com,"Beach, Historical",Other,4,1,49,Jaipur
2152,Vikram,vikram946@gmail.com,"Historical, Nature",Other,3,1,34,Mumbai
2153,Kiran,kiran960@rediffmail.com,"Beach, Historical, Nature",Female,1,0,30,Jaipur
2154,Kiara,kiara92@yahoo.com,"Adventure, Historical",Female,3,0,40,Kolkata
2155,Reyansh,reyansh479@rediffmail.com,"City, Historical",Female,1,2,28,Delhi
2156,Sai,sai618@yahoo.com,"Beach, Historical",Female,1,1,33,Ahmedabad
2157,Rahul,rahul136@hotmail.com,Adventure,Other,3,0,25,Chennai
2158,Aadhya,aadhya459@gmail.com,"Beach, Historical, Nature",Female,2,1,64,Bangalore
2159,Geeta,geeta331@gmail.com,"Adventure, City",Female,2,0,24,Kolkata
2160,Sneha,sneha292@gmail.com,"City, Nature",Female,2,0,24,Kolkata
2161,Tanvi,tanvi548@gmail.com,"Adventure, City",Female,3,0,50,Bangalore
2162,Ananya,ananya77@gmail.com,"Historical, Nature",Other,1,0,55,Ahmedabad
2163,Ananya,ananya105@yahoo.com,"Beach, City",Other,5,0,54,Ahmedabad
2164,Rohit,rohit753@hotmail.com,"Nature, Adventure, Beach",Female,2,0,32,Ahmedabad
2165,Riya,riya898@gmail.com,City,Male,3,3,44,Mumbai
2166,Rohit,rohit235@rediffmail.com,Historical,Other,1,2,55,Ahmedabad
2167,Lakshmi,lakshmi413@gmail.com,Historical,Female,3,0,49,Chennai
2168,Kiran,kiran531@yahoo.com,"Beach, Historical",Female,4,0,27,Delhi
2169,Kavya,kavya185@yahoo.com,"City, Adventure",Female,3,0,43,Pune
2170,Aarav,aarav796@outlook.com,"Beach, Historical, Nature",Female,5,1,43,Surat
2171,Ishaan,ishaan751@gmail.com,City,Other,4,0,54,Bangalore
2172,Rahul,rahul582@hotmail.com,Historical,Other,5,1,52,Hyderabad
2173,Riya,riya441@rediffmail.com,"Nature, Adventure, Beach",Other,2,1,19,Bangalore
2174,Krishna,krishna914@gmail.com,"Adventure, Historical",Male,5,1,32,Ahmedabad
2175,Lakshmi,lakshmi999@rediffmail.com,"Beach, City",Other,5,1,37,Surat
2176,Rohit,rohit867@rediffmail.com,City,Other,3,1,36,Pune
2177,Pooja,pooja642@rediffmail.com,City,Female,5,1,20,Jaipur
2178,Sai,sai366@yahoo.com,"City, Nature",Other,2,0,30,Ahmedabad
2179,Ananya,ananya27@rediffmail.com,Historical,Female,2,0,57,Delhi
2180,Divya,divya507@rediffmail.com,"Beach, Historical, Nature",Female,2,0,57,Surat
2181,Lakshmi,lakshmi518@hotmail.com,"Adventure, City",Male,2,1,49,Mumbai
2182,Ritika,ritika326@rediffmail.com,"Beach, Historical",Female,3,1,33,Pune
2183,Vihaan,vihaan713@outlook.com,"Beach, Historical",Other,4,0,42,Kolkata
2184,Usha,usha340@hotmail.com,"City, Historical, Adventure",Male,1,0,35,Ahmedabad
2185,Ananya,ananya798@outlook.com,"City, Adventure",Female,2,2,43,Jaipur
2186,Geeta,geeta404@yahoo.com,"Adventure, City",Female,4,1,29,Chennai
2187,Krishna,krishna700@rediffmail.com,"City, Historical, Adventure",Female,4,2,32,Chennai
2188,Ritika,ritika984@rediffmail.com,"Beach, Nature",Female,2,0,61,Pune
2189,Ananya,ananya546@outlook.com,Adventure,Male,5,0,28,Surat
2190,Kavya,kavya414@rediffmail.com,"City, Nature",Other,2,1,61,Pune
2191,Reyansh,reyansh229@rediffmail.com,"Beach, Nature",Other,3,0,19,Jaipur
2192,Anjali,anjali270@hotmail.com,"Beach, Historical, Nature",Female,1,0,49,Hyderabad
2193,Priya,priya230@gmail.com,"Beach, Adventure",Female,3,0,61,Ahmedabad
2194,Sunita,sunita77@gmail.com,Adventure,Other,2,0,51,Pune
2195,Geeta,geeta242@outlook.com,"Nature, Adventure",Male,4,0,37,Delhi
2196,Rahul,rahul301@hotmail.com,"Beach, Nature",Female,4,0,31,Bangalore
2197,Suresh,suresh635@yahoo.com,Nature,Female,3,3,24,Chennai
2198,Lakshmi,lakshmi459@outlook.com,"Nature, Adventure",Male,5,0,27,Delhi
2199,Meera,meera974@gmail.com,"Nature, Adventure",Female,2,0,51,Delhi
2200,Geeta,geeta537@hotmail.com,"Beach, Historical, Nature",Male,3,2,48,Mumbai
2201,Sneha,sneha370@yahoo.com,"City, Nature",Other,3,2,40,Kolkata
2202,Kavya,kavya912@yahoo.com,"Adventure, Historical",Other,4,2,45,Kolkata
2203,Vihaan,vihaan979@outlook.com,"City, Historical, Adventure",Other,2,1,52,Jaipur
2204,Sneha,sneha306@yahoo.com,"Adventure, City",Female,3,1,65,Hyderabad
2205,Ritika,ritika648@outlook.com,"City, Historical, Adventure",Female,5,2,38,Surat
2206,Meera,meera183@rediffmail.com,"Adventure, City",Female,5,2,23,Kolkata
2207,Rohit,rohit27@yahoo.com,"Beach, Historical",Male,1,2,41,Chennai
2208,Geeta,geeta663@yahoo.com,"City, Historical",Male,1,2,25,Pune
2209,Rahul,rahul71@yahoo.com,"Beach, Historical",Female,2,0,31,Kolkata
2210,Mohan,mohan756@yahoo.com,"Beach, Nature",Female,2,2,51,Surat
2211,Vikram,vikram396@rediffmail.com,"Nature, Adventure, Beach",Other,2,0,62,Chennai
2212,Lakshmi,lakshmi460@hotmail.com,"Nature, Historical",Other,2,1,26,Pune
2213,Neha,neha757@yahoo.com,"City, Adventure",Female,2,3,51,Chennai
2214,Ananya,ananya725@rediffmail.com,"Beach, Nature",Other,1,2,26,Chennai
2215,Rekha,rekha147@gmail.com,"Nature, Historical",Other,1,0,18,Delhi
2216,Anjali,anjali251@hotmail.com,"Beach, City",Female,2,1,47,Pune
2217,Vivaan,vivaan546@yahoo.com,Adventure,Female,3,0,47,Bangalore
2218,Ananya,ananya922@outlook.com,Adventure,Female,2,1,41,Ahmedabad
2219,Sneha,sneha496@yahoo.com,Beach,Male,4,2,38,Bangalore
2220,Usha,usha93@rediffmail.com,Historical,Female,4,1,64,Delhi
2221,Kiran,kiran55@rediffmail.com,"Historical, Nature",Other,2,0,48,Bangalore
2222,Arjun,arjun469@yahoo.com,"Beach, Adventure",Female,4,1,54,Surat
2223,Ananya,ananya980@gmail.com,"Adventure, Historical",Male,2,1,54,Surat
2224,Aadhya,aadhya759@hotmail.com,"Historical, Nature",Male,3,2,60,Surat
2225,Arjun,arjun656@outlook.com,"City, Nature",Other,3,0,28,Pune
2226,Suresh,suresh720@yahoo.com,"City, Historical, Adventure",Other,2,1,37,Hyderabad
2227,Deepa,deepa126@hotmail.com,Historical,Other,3,0,28,Kolkata
2228,Meera,meera254@gmail.com,"City, Historical, Adventure",Female,2,0,49,Surat
2229,Ayaan,ayaan185@hotmail.com,"Nature, Adventure, Beach",Other,2,0,29,Jaipur
2230,Arjun,arjun166@gmail.com,"Adventure, Historical",Male,3,1,51,Jaipur
2231,Ayaan,ayaan220@hotmail.com,"Adventure, Historical",Male,3,1,51,Chennai
2232,Krishna,krishna153@gmail.com,"Beach, Nature",Male,4,0,64,Mumbai
2233,Mohan,mohan193@yahoo.com,"Nature, Adventure",Male,2,1,56,Jaipur
2234,Anjali,anjali516@rediffmail.com,"City, Historical, Adventure",Female,2,0,65,Pune
2235,Neha,neha366@yahoo.com,"City, Nature",Other,3,2,20,Chennai
2236,Vivaan,vivaan285@outlook.com,"City, Nature",Female,3,2,54,Pune
2237,Ayaan,ayaan472@gmail.com,"City, Adventure",Male,5,2,54,Delhi
2238,Vivaan,vivaan798@yahoo.com,"City, Historical, Adventure",Male,4,1,55,Pune
2239,Vivaan,vivaan95@outlook.com,"Beach, Adventure",Female,2,2,50,Chennai
2240,Vihaan,vihaan627@yahoo.com,"Beach, Historical",Other,2,0,31,Surat
2241,Shruti,shruti96@rediffmail.com,"Beach, Nature",Male,2,1,64,Bangalore
2242,Ayaan,ayaan213@yahoo.com,"Beach, Nature",Other,5,3,44,Jaipur
2243,Krishna,krishna55@gmail.com,"Nature, Adventure, Beach",Other,3,0,42,Kolkata
2244,Reyansh,reyansh133@yahoo.com,"Nature, Adventure",Male,3,0,26,Pune
2245,Anjali,anjali779@hotmail.com,"City, Nature",Male,5,1,31,Mumbai
2246,Meera,meera586@yahoo.com,Nature,Female,2,1,60,Bangalore
2247,Divya,divya667@outlook.com,City,Male,1,2,29,Delhi
2248,Sai,sai292@gmail.com,"Beach, Historical, Nature",Other,2,1,39,Mumbai
2249,Sunita,sunita681@outlook.com,"Adventure, City",Male,3,0,19,Surat
2250,Diya,diya718@outlook.com,"City, Adventure",Other,2,2,65,Mumbai
2251,Aadhya,aadhya733@rediffmail.com,"Nature, Adventure, Beach",Female,1,1,49,Mumbai
2252,Reyansh,reyansh235@hotmail.com,"Beach, Nature",Male,2,0,40,Ahmedabad
2253,Rahul,rahul553@outlook.com,Beach,Female,4,0,19,Hyderabad
2254,Arjun,arjun910@yahoo.com,"Beach, Historical",Male,5,2,45,Delhi
2255,Suresh,suresh629@yahoo.com,Adventure,Male,3,0,28,Surat
2256,Usha,usha63@hotmail.com,"City, Historical",Female,2,1,44,Chennai
2257,Krishna,krishna130@outlook.com,City,Other,5,0,38,Hyderabad
2258,Kavya,kavya848@gmail.com,"City, Nature",Other,3,0,33,Mumbai
2259,Ayaan,ayaan18@rediffmail.com,"City, Adventure",Female,5,1,58,Jaipur
2260,Suresh,suresh434@outlook.com,"Nature, Adventure, Beach",Male,2,1,40,Pune
2261,Meera,meera436@yahoo.com,"City, Nature",Female,2,0,34,Jaipur
2262,Lakshmi,lakshmi3@gmail.com,"Nature, Adventure",Other,1,0,50,Delhi
2263,Aditya,aditya213@gmail.com,Nature,Other,2,0,35,Delhi
2264,Shruti,shruti166@hotmail.com,City,Male,3,1,64,Pune
2265,Pooja,pooja110@yahoo.com,"City, Historical, Adventure",Male,4,0,39,Mumbai
2266,Divya,divya87@yahoo.com,City,Male,2,0,21,Jaipur
2267,Kiara,kiara341@gmail.com,"Nature, Adventure",Female,2,1,35,Jaipur
2268,Nisha,nisha205@hotmail.com,"Historical, Nature",Male,3,0,54,Kolkata
2269,Ananya,ananya358@rediffmail.com,City,Other,2,0,45,Surat
2270,Priya,priya509@gmail.com,"Beach, Adventure",Male,3,0,60,Chennai
2271,Rekha,rekha413@yahoo.com,Historical,Female,4,2,45,Bangalore
2272,Sai,sai362@rediffmail.com,"City, Historical",Other,2,0,48,Mumbai
2273,Aditya,aditya59@outlook.com,Beach,Female,2,0,39,Surat
2274,Vivaan,vivaan774@gmail.com,"Beach, Nature",Male,2,0,47,Delhi
2275,Priya,priya39@gmail.com,"Beach, City",Other,2,1,53,Delhi
2276,Sunita,sunita776@outlook.com,"City, Historical, Adventure",Male,2,1,63,Delhi
2277,Rahul,rahul804@yahoo.com,"Nature, Adventure",Female,3,1,55,Hyderabad
2278,Rekha,rekha842@hotmail.com,Beach,Other,3,0,32,Delhi
2279,Diya,diya475@rediffmail.com,Historical,Other,1,0,56,Ahmedabad
2280,Meera,meera105@hotmail.com,Beach,Male,1,0,21,Jaipur
2281,Tanvi,tanvi585@outlook.com,"City, Nature",Male,4,1,45,Bangalore
2282,Aadhya,aadhya755@rediffmail.com,"City, Historical, Adventure",Other,2,1,25,Surat
2283,Pooja,pooja827@gmail.com,"City, Historical",Other,4,0,45,Bangalore
2284,Vivaan,vivaan220@hotmail.com,"Nature, Adventure",Other,2,2,28,Delhi
2285,Sai,sai421@gmail.com,"Historical, Nature",Other,3,0,60,Hyderabad
2286,Reyansh,reyansh871@rediffmail.com,"City, Historical",Male,2,1,57,Surat
2287,Neha,neha610@rediffmail.com,"City, Historical, Adventure",Female,5,2,23,Jaipur
2288,Vivaan,vivaan749@rediffmail.com,City,Other,3,0,60,Ahmedabad
2289,Vivaan,vivaan835@gmail.com,"Beach, Historical, Nature",Female,4,0,26,Bangalore
2290,Ayaan,ayaan463@outlook.com,City,Other,3,0,46,Ahmedabad
2291,Suresh,suresh449@gmail.com,"Beach, Historical, Nature",Male,1,0,52,Mumbai
2292,Deepa,deepa486@outlook.com,Adventure,Other,1,2,30,Kolkata
2293,Sunita,sunita88@outlook.com,"Nature, Adventure, Beach",Female,1,1,23,Bangalore
2294,Neha,neha913@hotmail.com,"City, Historical, Adventure",Female,4,1,45,Ahmedabad
2295,Neha,neha155@hotmail.com,Beach,Other,5,1,48,Mumbai
2296,Sneha,sneha45@rediffmail.com,"City, Adventure",Male,3,0,23,Surat
2297,Lakshmi,lakshmi116@outlook.com,Nature,Male,2,1,33,Bangalore
2298,Shruti,shruti291@rediffmail.com,"Beach, Historical, Nature",Male,2,0,24,Jaipur
2299,Geeta,geeta818@hotmail.com,"Historical, Nature",Female,3,2,44,Hyderabad
2300,Usha,usha386@hotmail.com,"Beach, Historical, Nature",Male,3,2,45,Mumbai
2301,Sneha,sneha464@rediffmail.com,"Nature, Historical",Male,1,0,53,Pune
2302,Reyansh,reyansh396@yahoo.com,"Historical, Nature",Female,3,0,58,Kolkata
2303,Sneha,sneha556@rediffmail.com,"Adventure, City",Male,3,1,32,Hyderabad
2304,Ritika,ritika410@rediffmail.com,City,Male,3,2,26,Hyderabad
2305,Kiran,kiran492@yahoo.com,City,Female,3,0,19,Surat
2306,Arjun,arjun92@outlook.com,"City, Historical",Male,5,0,64,Chennai
2307,Amit,amit678@rediffmail.com,"Historical, Nature",Male,3,0,31,Jaipur
2308,Deepa,deepa916@gmail.com,"Adventure, Historical",Male,5,0,34,Pune
2309,Mohan,mohan524@gmail.com,Beach,Female,4,1,28,Pune
2310,Sneha,sneha769@outlook.com,Adventure,Male,2,1,45,Pune
2311,Aditya,aditya894@yahoo.com,"Nature, Historical",Female,1,1,43,Delhi
2312,Tanvi,tanvi774@hotmail.com,"City, Historical",Other,1,0,52,Surat
2313,Ritika,ritika646@gmail.com,"Beach, Historical, Nature",Other,5,1,43,Jaipur
2314,Mohan,mohan149@gmail.com,"Beach, City",Male,2,0,24,Chennai
2315,Rahul,rahul638@yahoo.com,Beach,Other,2,0,45,Surat
2316,Ritika,ritika633@yahoo.com,"City, Historical, Adventure",Female,3,1,37,Ahmedabad
2317,Vikram,vikram581@outlook.com,"City, Historical",Female,2,0,38,Mumbai
2318,Ayaan,ayaan128@rediffmail.com,"Adventure, City",Other,3,0,61,Jaipur
2319,Suresh,suresh253@hotmail.com,"Nature, Adventure",Female,1,0,45,Mumbai
2320,Kiara,kiara853@rediffmail.com,"Beach, Historical, Nature",Other,4,0,38,Chennai
2321,Deepa,deepa727@yahoo.com,"Beach, Nature",Other,3,0,56,Mumbai
2322,Vikram,vikram498@gmail.com,"Nature, Adventure",Male,3,1,37,Bangalore
2323,Nisha,nisha544@rediffmail.com,"Beach, City",Male,1,2,42,Hyderabad
2324,Mohan,mohan629@hotmail.com,Nature,Female,2,0,45,Hyderabad
2325,Kavya,kavya15@outlook.com,"Adventure, Historical",Female,4,0,46,Pune
2326,Ritika,ritika914@gmail.com,"City, Historical, Adventure",Female,4,0,38,Chennai
2327,Diya,diya801@rediffmail.com,"Nature, Adventure, Beach",Male,2,0,41,Hyderabad
2328,Kiran,kiran897@hotmail.com,"Adventure, City",Other,2,0,62,Hyderabad
2329,Vihaan,vihaan112@hotmail.com,"Adventure, Historical",Other,3,0,21,Mumbai
2330,Lakshmi,lakshmi165@yahoo.com,"Beach, Nature",Male,2,0,46,Kolkata
2331,Tanvi,tanvi711@hotmail.com,"Nature, Historical",Female,1,0,22,Kolkata
2332,Vivaan,vivaan107@gmail.com,"Historical, Nature",Female,3,0,41,Ahmedabad
2333,Priya,priya547@rediffmail.com,Beach,Male,1,2,52,Mumbai
2334,Reyansh,reyansh486@rediffmail.com,City,Female,2,0,53,Bangalore
2335,Diya,diya896@gmail.com,"Historical, Nature",Other,3,2,46,Mumbai
2336,Sneha,sneha457@yahoo.com,Nature,Female,4,1,45,Delhi
2337,Ishaan,ishaan748@gmail.com,"Historical, Nature",Male,2,0,65,Jaipur
2338,Rohit,rohit234@hotmail.com,"City, Adventure",Other,3,0,52,Mumbai
2339,Divya,divya568@outlook.com,"Historical, Nature",Female,5,2,29,Hyderabad
2340,Krishna,krishna127@rediffmail.com,"City, Nature",Other,2,0,35,Mumbai
2341,Aditya,aditya693@hotmail.com,"Beach, City",Female,3,0,47,Pune
2342,Ishaan,ishaan891@yahoo.com,"City, Historical",Male,1,0,63,Jaipur
2343,Meera,meera789@rediffmail.com,"Nature, Adventure, Beach",Other,3,0,57,Delhi
2344,Pooja,pooja449@hotmail.com,"Beach, Adventure",Male,3,1,61,Bangalore
2345,Shruti,shruti174@gmail.com,"Beach, Adventure",Other,3,1,22,Jaipur
2346,Amit,amit732@gmail.com,"Beach, Historical, Nature",Male,4,0,42,Chennai
2347,Aditya,aditya262@outlook.com,"Beach, Adventure",Male,2,3,32,Pune
2348,Ritika,ritika516@yahoo.com,"Beach, City",Other,4,0,32,Hyderabad
2349,Aarav,aarav37@gmail.com,City,Male,3,0,48,Ahmedabad
2350,Meera,meera527@gmail.com,Nature,Female,5,0,34,Pune
2351,Priya,priya269@hotmail.com,"Nature, Adventure",Other,2,1,41,Delhi
2352,Tanvi,tanvi618@rediffmail.com,"Beach, Adventure",Female,3,1,18,Pune
2353,Riya,riya660@rediffmail.com,"Beach, Nature",Male,3,3,50,Hyderabad
2354,Ritika,ritika753@hotmail.com,"Nature, Adventure, Beach",Other,3,3,51,Ahmedabad
2355,Ishaan,ishaan907@rediffmail.com,"Nature, Adventure",Female,5,0,55,Bangalore
2356,Tanvi,tanvi108@outlook.com,Historical,Other,1,0,20,Delhi
2357,Rekha,rekha554@hotmail.com,"Beach, City",Male,2,2,53,Chennai
2358,Geeta,geeta461@yahoo.com,City,Male,2,2,27,Delhi
2359,Mohan,mohan512@gmail.com,Beach,Male,5,1,29,Ahmedabad
2360,Neha,neha947@gmail.com,"City, Historical, Adventure",Other,5,0,25,Mumbai
2361,Ayaan,ayaan16@yahoo.com,"City, Nature",Male,4,0,62,Ahmedabad
2362,Vikram,vikram473@hotmail.com,Beach,Male,1,0,58,Surat
2363,Mohan,mohan942@hotmail.com,Beach,Male,1,0,36,Chennai
2364,Suresh,suresh393@gmail.com,"Nature, Historical",Male,5,0,53,Hyderabad
2365,Rahul,rahul666@yahoo.com,"City, Historical",Other,3,0,48,Hyderabad
2366,Deepa,deepa802@rediffmail.com,"Adventure, City",Male,2,0,55,Pune
2367,Reyansh,reyansh36@gmail.com,"Beach, Adventure",Other,4,0,43,Bangalore
2368,Aarav,aarav379@outlook.com,"Adventure, Historical",Other,3,0,22,Pune
2369,Vivaan,vivaan925@gmail.com,Nature,Female,5,1,45,Hyderabad
2370,Sai,sai76@gmail.com,Beach,Female,2,0,23,Chennai
2371,Meera,meera2@hotmail.com,"Beach, Historical, Nature",Female,1,1,55,Hyderabad
2372,Usha,usha481@gmail.com,City,Other,1,1,30,Kolkata
2373,Deepa,deepa562@yahoo.com,"Nature, Historical",Other,1,1,54,Surat
2374,Usha,usha415@yahoo.com,Beach,Other,2,0,32,Ahmedabad
2375,Lakshmi,lakshmi572@rediffmail.com,City,Other,3,0,61,Jaipur
2376,Usha,usha75@outlook.com,"Beach, Historical",Female,4,0,41,Jaipur
2377,Arjun,arjun584@hotmail.com,Beach,Male,3,0,19,Delhi
2378,Krishna,krishna442@outlook.com,Historical,Other,3,1,29,Kolkata
2379,Aarav,aarav310@gmail.com,"Beach, Historical, Nature",Male,4,3,54,Pune
2380,Krishna,krishna964@gmail.com,Historical,Female,2,0,25,Jaipur
2381,Shruti,shruti468@outlook.com,"City, Historical",Other,3,0,42,Surat
2382,Ananya,ananya803@gmail.com,"Beach, Nature",Other,3,2,53,Bangalore
2383,Sneha,sneha95@rediffmail.com,"City, Historical, Adventure",Female,5,0,29,Bangalore
2384,Ishaan,ishaan618@hotmail.com,"Adventure, Historical",Other,3,0,63,Hyderabad
2385,Suresh,suresh273@yahoo.com,"Beach, Nature",Other,2,0,49,Mumbai
2386,Rahul,rahul446@rediffmail.com,"Adventure, City",Male,4,0,41,Jaipur
2387,Aarav,aarav728@rediffmail.com,"Beach, Historical",Other,1,1,32,Pune
2388,Deepa,deepa282@gmail.com,Historical,Male,2,0,48,Bangalore
2389,Neha,neha167@rediffmail.com,"Nature, Adventure, Beach",Female,4,2,35,Mumbai
2390,Vihaan,vihaan92@hotmail.com,City,Other,5,2,29,Bangalore
2391,Priya,priya735@hotmail.com,"City, Nature",Male,1,0,42,Ahmedabad
2392,Suresh,suresh7@hotmail.com,"City, Historical",Male,4,2,59,Mumbai
2393,Sai,sai119@rediffmail.com,"City, Adventure",Male,3,2,24,Delhi
2394,Rahul,rahul191@hotmail.com,"City, Historical",Other,4,1,32,Jaipur
2395,Vihaan,vihaan841@rediffmail.com,"Adventure, City",Male,1,0,45,Surat
2396,Rahul,rahul697@gmail.com,"Beach, Historical",Female,2,1,59,Delhi
2397,Neha,neha588@outlook.com,"Beach, Historical, Nature",Other,2,0,59,Bangalore
2398,Sunita,sunita535@hotmail.com,Nature,Other,3,0,44,Pune
2399,Krishna,krishna610@outlook.com,"Beach, City",Female,4,0,64,Delhi
2400,Usha,usha813@rediffmail.com,"Adventure, City",Female,2,0,52,Delhi
2401,Aadhya,aadhya924@gmail.com,"Nature, Adventure",Female,2,0,53,Surat
2402,Kiran,kiran228@yahoo.com,"City, Historical",Female,4,0,64,Pune
2403,Pooja,pooja263@rediffmail.com,"City, Nature",Female,4,0,51,Mumbai
2404,Kiran,kiran883@outlook.com,"Beach, Historical, Nature",Female,1,0,30,Surat
2405,Mohan,mohan225@outlook.com,"Nature, Historical",Other,3,1,29,Pune
2406,Kiara,kiara392@outlook.com,Beach,Male,3,0,21,Jaipur
2407,Pooja,pooja950@outlook.com,"Nature, Adventure",Female,2,1,40,Delhi
2408,Suresh,suresh984@hotmail.com,"Historical, Nature",Male,3,1,18,Surat
2409,Aditya,aditya554@outlook.com,"Adventure, Historical",Male,1,1,37,Mumbai
2410,Rekha,rekha105@yahoo.com,"Beach, Nature",Male,5,0,50,Kolkata
2411,Reyansh,reyansh616@gmail.com,"Adventure, City",Female,4,1,46,Kolkata
2412,Vihaan,vihaan704@yahoo.com,"Historical, Nature",Other,1,1,41,Chennai
2413,Rahul,rahul838@outlook.com,"City, Historical",Other,2,0,23,Bangalore
2414,Ananya,ananya449@outlook.com,"City, Historical, Adventure",Female,4,0,28,Kolkata
2415,Vihaan,vihaan81@outlook.com,"Beach, Nature",Female,2,1,29,Pune
2416,Geeta,geeta266@hotmail.com,"Nature, Adventure, Beach",Female,1,0,49,Delhi
2417,Pooja,pooja722@yahoo.com,"Adventure, City",Female,3,0,40,Surat
2418,Suresh,suresh660@gmail.com,"City, Nature",Other,4,0,18,Kolkata
2419,Meera,meera981@rediffmail.com,"Beach, Adventure",Female,4,0,62,Surat
2420,Ayaan,ayaan4@outlook.com,"City, Adventure",Male,5,2,45,Mumbai
2421,Neha,neha627@outlook.com,"City, Historical",Male,3,1,24,Chennai
2422,Rohit,rohit902@rediffmail.com,"Nature, Adventure, Beach",Male,5,0,33,Pune
2423,Sunita,sunita349@yahoo.com,"Nature, Adventure",Female,2,0,44,Jaipur
2424,Sunita,sunita964@rediffmail.com,"Beach, Historical",Other,1,1,53,Mumbai
2425,Arjun,arjun560@hotmail.com,Historical,Female,2,1,33,Jaipur
2426,Neha,neha274@yahoo.com,"Beach, Adventure",Other,2,2,37,Surat
2427,Suresh,suresh883@yahoo.com,"Beach, Historical",Male,2,0,28,Pune
2428,Rahul,rahul9@yahoo.com,"Historical, Nature",Other,2,0,49,Chennai
2429,Vikram,vikram321@outlook.com,"Adventure, City",Female,2,0,52,Hyderabad
2430,Ananya,ananya597@gmail.com,"Historical, Nature",Other,5,1,27,Chennai
2431,Kiara,kiara316@outlook.com,"Beach, Nature",Male,1,2,54,Mumbai
2432,Deepa,deepa860@gmail.com,"City, Adventure",Male,1,1,52,Ahmedabad
2433,Deepa,deepa523@outlook.com,"City, Nature",Male,2,2,23,Kolkata
2434,Kiran,kiran455@yahoo.com,"Adventure, City",Other,5,0,61,Pune
2435,Divya,divya343@rediffmail.com,"Beach, Historical, Nature",Other,2,2,29,Delhi
2436,Kavya,kavya608@rediffmail.com,Nature,Female,2,0,33,Kolkata
2437,Ananya,ananya817@gmail.com,"Adventure, City",Female,2,1,22,Hyderabad
2438,Divya,divya475@gmail.com,"Nature, Adventure, Beach",Male,1,0,23,Pune
2439,Kavya,kavya232@rediffmail.com,"Beach, Historical",Male,2,1,28,Delhi
2440,Rekha,rekha743@yahoo.com,"City, Historical",Female,5,1,25,Ahmedabad
2441,Sunita,sunita932@hotmail.com,"Beach, Historical",Other,2,0,24,Delhi
2442,Neha,neha448@yahoo.com,"Beach, Historical, Nature",Female,2,1,64,Surat
2443,Rahul,rahul583@hotmail.com,Adventure,Male,3,0,53,Ahmedabad
2444,Aditya,aditya726@gmail.com,"Adventure, Historical",Male,2,1,62,Surat
2445,Aadhya,aadhya69@rediffmail.com,Beach,Other,5,1,55,Jaipur
2446,Ananya,ananya823@rediffmail.com,"Beach, City",Female,5,0,21,Delhi
2447,Neha,neha142@yahoo.com,Adventure,Male,1,0,31,Surat
2448,Meera,meera550@yahoo.com,"City, Nature",Male,3,0,34,Delhi
2449,Sneha,sneha286@hotmail.com,"Beach, City",Other,2,0,65,Ahmedabad
2450,Ayaan,ayaan68@hotmail.com,"City, Adventure",Other,3,0,18,Bangalore
2451,Aarav,aarav131@gmail.com,"Beach, Adventure",Male,2,1,27,Chennai
2452,Krishna,krishna134@hotmail.com,Adventure,Female,4,0,24,Chennai
2453,Suresh,suresh736@yahoo.com,"Nature, Adventure",Male,3,0,21,Kolkata
2454,Priya,priya406@yahoo.com,"Beach, Historical",Other,5,0,63,Surat
2455,Kiara,kiara958@hotmail.com,Historical,Female,2,2,24,Surat
2456,Ritika,ritika230@yahoo.com,"City, Historical",Other,1,0,56,Delhi
2457,Deepa,deepa700@gmail.com,Adventure,Female,2,1,28,Surat
2458,Anjali,anjali224@gmail.com,"Beach, Historical",Female,2,3,52,Hyderabad
2459,Arjun,arjun635@hotmail.com,Beach,Male,2,0,30,Delhi
2460,Deepa,deepa499@gmail.com,City,Male,2,1,41,Kolkata
2461,Kiran,kiran472@gmail.com,Beach,Male,3,2,23,Surat
2462,Neha,neha824@hotmail.com,"City, Adventure",Female,1,1,34,Hyderabad
2463,Aditya,aditya452@hotmail.com,Beach,Male,3,1,30,Chennai
2464,Sunita,sunita427@outlook.com,"Beach, Historical",Female,3,0,47,Chennai
2465,Krishna,krishna867@yahoo.com,Beach,Male,2,2,23,Hyderabad
2466,Ishaan,ishaan262@yahoo.com,Nature,Other,1,2,39,Ahmedabad
2467,Rahul,rahul273@yahoo.com,"Beach, Nature",Other,3,1,20,Ahmedabad
2468,Shruti,shruti972@rediffmail.com,"Nature, Adventure, Beach",Male,3,2,27,Chennai
2469,Nisha,nisha930@gmail.com,"Nature, Adventure, Beach",Other,3,0,30,Ahmedabad
2470,Rohit,rohit825@yahoo.com,"Adventure, City",Other,5,3,47,Bangalore
2471,Suresh,suresh683@gmail.com,"City, Adventure",Other,2,0,30,Mumbai
2472,Riya,riya80@gmail.com,"City, Adventure",Other,3,0,41,Hyderabad
2473,Suresh,suresh885@hotmail.com,Beach,Other,3,0,39,Jaipur
2474,Kiran,kiran601@outlook.com,"Adventure, Historical",Male,2,0,41,Surat
2475,Tanvi,tanvi878@outlook.com,Beach,Female,5,1,50,Kolkata
2476,Arjun,arjun442@yahoo.com,"Beach, City",Male,1,0,41,Mumbai
2477,Ritika,ritika715@gmail.com,"City, Historical, Adventure",Female,5,2,37,Ahmedabad
2478,Sai,sai835@outlook.com,"Historical, Nature",Female,3,0,41,Surat
2479,Vikram,vikram407@outlook.com,Historical,Male,1,2,18,Jaipur
2480,Sneha,sneha140@yahoo.com,"City, Adventure",Other,3,0,29,Kolkata
2481,Ayaan,ayaan956@outlook.com,"Nature, Adventure",Other,5,1,55,Chennai
2482,Riya,riya812@yahoo.com,Nature,Male,2,0,37,Chennai
2483,Vihaan,vihaan464@rediffmail.com,Nature,Male,3,0,24,Mumbai
2484,Vivaan,vivaan547@gmail.com,Adventure,Other,4,2,27,Delhi
2485,Sai,sai378@rediffmail.com,Historical,Male,5,1,38,Bangalore
2486,Aadhya,aadhya372@outlook.com,"Historical, Nature",Female,4,1,47,Hyderabad
2487,Sneha,sneha865@hotmail.com,"Nature, Adventure",Male,2,1,28,Mumbai
2488,Anjali,anjali421@outlook.com,"Adventure, City",Male,5,0,26,Surat
2489,Lakshmi,lakshmi410@outlook.com,Nature,Male,2,0,35,Mumbai
2490,Aditya,aditya948@outlook.com,"Adventure, City",Female,5,0,41,Pune
2491,Anjali,anjali675@gmail.com,"Nature, Adventure",Male,5,0,61,Bangalore
2492,Krishna,krishna68@outlook.com,"Historical, Nature",Female,2,2,30,Delhi
2493,Lakshmi,lakshmi28@rediffmail.com,"Nature, Historical",Male,5,1,25,Chennai
2494,Kiran,kiran542@gmail.com,Adventure,Male,5,0,30,Kolkata
2495,Usha,usha355@outlook.com,"Adventure, City",Other,4,0,64,Mumbai
2496,Rekha,rekha661@yahoo.com,"City, Historical, Adventure",Other,3,0,33,Pune
2497,Krishna,krishna737@outlook.com,"Nature, Adventure, Beach",Female,4,2,61,Chennai
2498,Riya,riya152@yahoo.com,"Adventure, City",Other,3,2,32,Surat
2499,Diya,diya916@rediffmail.com,"Nature, Adventure, Beach",Other,2,0,48,Chennai
2500,Amit,amit231@yahoo.com,"City, Nature",Female,2,1,20,Jaipur
2501,Kiran,kiran94@gmail.com,"Beach, Historical, Nature",Female,1,0,56,Jaipur
2502,Ayaan,ayaan783@rediffmail.com,"Historical, Nature",Male,2,0,49,Delhi
2503,Ishaan,ishaan406@gmail.com,"City, Adventure",Other,4,2,53,Chennai
2504,Mohan,mohan695@rediffmail.com,"Historical, Nature",Other,1,2,60,Kolkata
2505,Priya,priya547@outlook.com,Beach,Female,2,0,34,Bangalore
2506,Ishaan,ishaan215@yahoo.com,"Adventure, City",Male,5,2,50,Mumbai
2507,Reyansh,reyansh773@rediffmail.com,"Nature, Historical",Female,5,0,60,Surat
2508,Ishaan,ishaan735@yahoo.com,"Historical, Nature",Other,5,0,42,Bangalore
2509,Usha,usha346@yahoo.com,"City, Adventure",Other,1,0,58,Jaipur
2510,Riya,riya69@gmail.com,"Beach, Historical, Nature",Male,2,1,49,Hyderabad
2511,Reyansh,reyansh848@yahoo.com,"Beach, Historical",Female,3,0,53,Hyderabad
2512,Ayaan,ayaan669@rediffmail.com,"Adventure, Historical",Male,1,1,32,Kolkata
2513,Ananya,ananya411@gmail.com,City,Female,3,0,64,Jaipur
2514,Suresh,suresh396@gmail.com,"Adventure, Historical",Other,2,0,41,Pune
2515,Priya,priya583@gmail.com,"Historical, Nature",Other,3,0,45,Hyderabad
2516,Arjun,arjun80@rediffmail.com,"Adventure, Historical",Female,2,0,60,Delhi
2517,Sunita,sunita739@hotmail.com,"City, Historical, Adventure",Male,3,0,49,Pune
2518,Ananya,ananya62@hotmail.com,"Beach, Historical",Male,1,0,28,Mumbai
2519,Arjun,arjun638@hotmail.com,"Beach, Nature",Male,3,0,37,Delhi
2520,Diya,diya586@yahoo.com,Nature,Other,2,1,59,Jaipur
2521,Kiran,kiran38@rediffmail.com,City,Female,2,0,49,Jaipur
2522,Kiara,kiara82@rediffmail.com,"Historical, Nature",Male,2,0,19,Jaipur
2523,Rohit,rohit713@rediffmail.com,City,Other,3,1,44,Pune
2524,Riya,riya861@yahoo.com,"City, Historical, Adventure",Other,3,0,56,Delhi
2525,Vikram,vikram337@outlook.com,"Beach, Adventure",Male,5,1,55,Pune
2526,Ananya,ananya239@gmail.com,"Adventure, City",Male,2,1,40,Mumbai
2527,Amit,amit498@hotmail.com,"Beach, City",Female,3,0,36,Jaipur
2528,Aarav,aarav729@gmail.com,"Beach, Historical",Male,2,1,43,Hyderabad
2529,Nisha,nisha558@hotmail.com,Adventure,Female,2,0,46,Hyderabad
2530,Sai,sai430@yahoo.com,Beach,Female,2,3,34,Pune
2531,Aditya,aditya24@hotmail.com,"City, Nature",Female,2,0,30,Mumbai
2532,Geeta,geeta757@hotmail.com,"Beach, City",Other,2,0,47,Jaipur
2533,Sai,sai113@rediffmail.com,"City, Adventure",Male,3,0,38,Chennai
2534,Vihaan,vihaan712@outlook.com,"City, Historical, Adventure",Female,3,0,40,Delhi
2535,Kavya,kavya542@yahoo.com,Historical,Female,3,0,33,Delhi
2536,Rahul,rahul629@outlook.com,City,Other,4,2,39,Surat
2537,Kiran,kiran358@outlook.com,Nature,Other,2,0,39,Hyderabad
2538,Meera,meera764@yahoo.com,"Nature, Historical",Other,2,0,37,Surat
2539,Ayaan,ayaan406@rediffmail.com,"Nature, Adventure, Beach",Other,2,1,63,Hyderabad
2540,Sneha,sneha593@hotmail.com,"Nature, Historical",Male,3,0,44,Hyderabad
2541,Vivaan,vivaan539@rediffmail.com,"Historical, Nature",Male,2,1,50,Kolkata
2542,Krishna,krishna620@hotmail.com,"Beach, Adventure",Other,3,1,51,Surat
2543,Sneha,sneha103@yahoo.com,"Historical, Nature",Male,5,3,54,Jaipur
2544,Krishna,krishna63@yahoo.com,"Beach, Nature",Female,4,0,37,Ahmedabad
2545,Amit,amit198@outlook.com,Nature,Female,2,2,26,Bangalore
2546,Aditya,aditya251@gmail.com,"Nature, Adventure",Female,2,0,37,Kolkata
2547,Arjun,arjun152@rediffmail.com,"City, Nature",Other,1,0,65,Pune
2548,Reyansh,reyansh140@gmail.com,"Beach, Adventure",Other,4,0,43,Pune
2549,Anjali,anjali724@rediffmail.com,Beach,Male,2,0,61,Jaipur
2550,Aarav,aarav569@hotmail.com,"City, Historical",Other,3,2,34,Pune
2551,Mohan,mohan306@yahoo.com,"Beach, City",Other,2,0,23,Delhi
2552,Kiara,kiara957@rediffmail.com,"Beach, Historical, Nature",Female,1,0,29,Chennai
2553,Deepa,deepa162@yahoo.com,"Nature, Adventure",Male,2,0,29,Hyderabad
2554,Deepa,deepa213@gmail.com,"Beach, Historical",Female,2,0,55,Kolkata
2555,Neha,neha760@hotmail.com,"Beach, Historical, Nature",Male,1,2,59,Pune
2556,Ishaan,ishaan583@outlook.com,Beach,Other,5,0,59,Delhi
2557,Shruti,shruti449@outlook.com,"City, Historical",Female,2,3,37,Chennai
2558,Rahul,rahul60@yahoo.com,"City, Nature",Other,4,2,21,Bangalore
2559,Kavya,kavya835@rediffmail.com,"Nature, Adventure, Beach",Female,2,0,46,Pune
2560,Kavya,kavya204@yahoo.com,"Adventure, City",Other,5,1,32,Mumbai
2561,Krishna,krishna17@yahoo.com,"Adventure, Historical",Female,3,0,31,Mumbai
2562,Kiara,kiara23@yahoo.com,"Beach, Adventure",Female,2,0,64,Delhi
2563,Lakshmi,lakshmi803@hotmail.com,"City, Adventure",Male,2,0,48,Surat
2564,Usha,usha356@outlook.com,"City, Nature",Other,1,0,41,Chennai
2565,Vihaan,vihaan81@yahoo.com,"City, Nature",Other,3,1,49,Bangalore
2566,Riya,riya30@yahoo.com,"Beach, City",Other,5,2,20,Bangalore
2567,Ritika,ritika304@hotmail.com,"City, Historical",Other,4,2,19,Delhi
2568,Divya,divya735@yahoo.com,"Historical, Nature",Other,4,0,41,Mumbai
2569,Pooja,pooja834@hotmail.com,"Beach, City",Other,4,0,24,Jaipur
2570,Shruti,shruti329@outlook.com,Nature,Male,3,2,29,Hyderabad
2571,Vihaan,vihaan396@outlook.com,"Beach, Historical, Nature",Male,3,2,27,Jaipur
2572,Ishaan,ishaan348@rediffmail.com,"City, Historical",Male,2,1,55,Pune
2573,Vikram,vikram404@rediffmail.com,"Nature, Historical",Other,2,1,65,Bangalore
2574,Riya,riya498@yahoo.com,"Beach, Adventure",Female,3,2,29,Delhi
2575,Krishna,krishna87@gmail.com,"Nature, Adventure",Male,3,3,20,Chennai
2576,Amit,amit705@rediffmail.com,Nature,Other,3,1,22,Jaipur
2577,Vihaan,vihaan884@hotmail.com,"Nature, Historical",Other,1,1,32,Surat
2578,Ishaan,ishaan361@gmail.com,"City, Historical, Adventure",Other,3,1,29,Surat
2579,Rahul,rahul753@gmail.com,Adventure,Male,2,0,49,Kolkata
2580,Priya,priya256@yahoo.com,"Beach, Historical, Nature",Female,2,0,36,Bangalore
2581,Ishaan,ishaan116@hotmail.com,"Historical, Nature",Female,3,1,34,Surat
2582,Vikram,vikram871@yahoo.com,"Beach, Adventure",Other,3,1,30,Chennai
2583,Meera,meera302@outlook.com,Historical,Male,2,2,49,Ahmedabad
2584,Rekha,rekha595@outlook.com,"Beach, Historical",Female,2,2,18,Pune
2585,Usha,usha700@hotmail.com,City,Other,2,1,38,Chennai
2586,Pooja,pooja509@outlook.com,"Nature, Adventure, Beach",Other,5,0,58,Chennai
2587,Kavya,kavya971@rediffmail.com,"Adventure, Historical",Female,2,0,49,Jaipur
2588,Rahul,rahul814@yahoo.com,"Historical, Nature",Female,3,0,23,Kolkata
2589,Amit,amit556@gmail.com,"Adventure, City",Other,1,1,54,Bangalore
2590,Ishaan,ishaan607@outlook.com,"Beach, Nature",Male,2,2,44,Chennai
2591,Aditya,aditya156@rediffmail.com,"Adventure, Historical",Female,4,1,43,Chennai
2592,Lakshmi,lakshmi251@hotmail.com,"Adventure, City",Other,2,2,64,Hyderabad
2593,Ananya,ananya44@hotmail.com,Beach,Male,2,0,50,Mumbai
2594,Mohan,mohan348@gmail.com,"Beach, Adventure",Male,3,0,52,Mumbai
2595,Aditya,aditya280@rediffmail.com,"Beach, Historical, Nature",Male,3,0,59,Delhi
2596,Ananya,ananya871@yahoo.com,"Beach, Nature",Male,4,0,36,Ahmedabad
2597,Ayaan,ayaan729@outlook.com,"Beach, Historical, Nature",Male,4,1,52,Jaipur
2598,Kiran,kiran306@gmail.com,"Beach, Nature",Other,1,0,53,Ahmedabad
2599,Vihaan,vihaan399@outlook.com,"Nature, Historical",Male,4,1,20,Kolkata
2600,Ananya,ananya584@rediffmail.com,Adventure,Female,3,0,38,Ahmedabad
2601,Rahul,rahul795@hotmail.com,Beach,Female,5,0,37,Delhi
2602,Rekha,rekha446@yahoo.com,"Beach, Adventure",Female,3,0,27,Kolkata
2603,Ishaan,ishaan184@gmail.com,"Beach, Adventure",Male,1,1,20,Hyderabad
2604,Kavya,kavya627@outlook.com,"Beach, Historical, Nature",Male,4,0,64,Jaipur
2605,Neha,neha940@rediffmail.com,"Beach, Nature",Male,2,1,27,Kolkata
2606,Geeta,geeta625@rediffmail.com,"Nature, Adventure, Beach",Female,3,1,59,Bangalore
2607,Neha,neha716@yahoo.com,"Beach, Nature",Other,3,0,45,Kolkata
2608,Deepa,deepa22@yahoo.com,"Beach, Historical",Male,1,2,65,Bangalore
2609,Ritika,ritika345@yahoo.com,"Beach, Historical, Nature",Female,2,0,38,Mumbai
2610,Rahul,rahul830@yahoo.com,"Beach, City",Male,4,2,53,Mumbai
2611,Amit,amit567@yahoo.com,Nature,Other,2,1,57,Mumbai
2612,Vihaan,vihaan462@hotmail.com,"Beach, Historical, Nature",Other,2,2,45,Chennai
2613,Kiara,kiara182@rediffmail.com,"Beach, Adventure",Other,3,0,31,Chennai
2614,Tanvi,tanvi418@gmail.com,City,Female,3,2,52,Kolkata
2615,Ananya,ananya408@hotmail.com,"Beach, Nature",Male,2,0,24,Mumbai
2616,Arjun,arjun195@yahoo.com,City,Male,2,0,56,Bangalore
2617,Reyansh,reyansh690@rediffmail.com,City,Other,5,0,29,Jaipur
2618,Rekha,rekha746@gmail.com,City,Female,2,2,65,Mumbai
2619,Kiran,kiran976@hotmail.com,Adventure,Female,1,0,58,Pune
2620,Geeta,geeta172@gmail.com,"Beach, Historical, Nature",Other,1,1,35,Chennai
2621,Arjun,arjun637@yahoo.com,Historical,Other,2,0,47,Ahmedabad
2622,Ayaan,ayaan361@rediffmail.com,Nature,Other,4,1,52,Hyderabad
2623,Amit,amit677@hotmail.com,"Historical, Nature",Other,3,3,64,Bangalore
2624,Kiran,kiran386@outlook.com,Beach,Other,2,0,40,Surat
2625,Reyansh,reyansh142@outlook.com,Historical,Male,2,1,54,Bangalore
2626,Rohit,rohit334@yahoo.com,"Nature, Adventure, Beach",Female,3,1,18,Jaipur
2627,Nisha,nisha908@yahoo.com,"City, Historical, Adventure",Other,1,0,48,Bangalore
2628,Usha,usha422@hotmail.com,"City, Historical, Adventure",Female,1,0,57,Kolkata
2629,Shruti,shruti23@rediffmail.com,"Beach, Historical",Other,4,0,61,Jaipur
2630,Priya,priya573@outlook.com,"Nature, Adventure, Beach",Other,2,0,50,Chennai
2631,Rekha,rekha822@rediffmail.com,"Nature, Historical",Male,2,0,47,Ahmedabad
2632,Rohit,rohit212@hotmail.com,"City, Historical, Adventure",Other,4,0,42,Hyderabad
2633,Geeta,geeta547@gmail.com,"Beach, City",Female,2,2,28,Ahmedabad
2634,Kiran,kiran897@gmail.com,"Adventure, Historical",Male,1,2,20,Bangalore
2635,Kiran,kiran143@hotmail.com,"Nature, Adventure",Female,2,1,21,Mumbai
2636,Ritika,ritika184@outlook.com,"Beach, Historical, Nature",Female,2,0,32,Mumbai
2637,Mohan,mohan899@rediffmail.com,"City, Historical, Adventure",Other,2,1,20,Pune
2638,Tanvi,tanvi313@rediffmail.com,"Beach, Historical, Nature",Male,3,1,34,Delhi
2639,Mohan,mohan356@hotmail.com,"City, Nature",Male,1,3,41,Mumbai
2640,Vihaan,vihaan1@yahoo.com,"Nature, Adventure",Other,2,0,61,Kolkata
2641,Reyansh,reyansh607@rediffmail.com,"City, Adventure",Other,2,2,40,Kolkata
2642,Meera,meera100@rediffmail.com,"Beach, City",Other,2,0,52,Hyderabad
2643,Lakshmi,lakshmi460@rediffmail.com,"Nature, Adventure",Other,4,2,19,Delhi
2644,Anjali,anjali484@yahoo.com,Nature,Other,4,0,58,Chennai
2645,Lakshmi,lakshmi382@gmail.com,"Nature, Adventure",Male,2,0,34,Bangalore
2646,Rekha,rekha610@gmail.com,Beach,Female,2,0,45,Ahmedabad
2647,Kiran,kiran839@outlook.com,"Historical, Nature",Female,5,0,26,Delhi
2648,Rahul,rahul933@outlook.com,"Nature, Adventure, Beach",Other,2,0,38,Kolkata
2649,Ananya,ananya189@yahoo.com,"Beach, Nature",Other,1,0,58,Hyderabad
2650,Pooja,pooja813@gmail.com,"Beach, City",Female,2,2,37,Ahmedabad
2651,Meera,meera702@outlook.com,"City, Adventure",Other,2,0,28,Delhi
2652,Kiara,kiara548@yahoo.com,"Adventure, Historical",Male,2,0,26,Hyderabad
2653,Rohit,rohit747@outlook.com,"Beach, Adventure",Male,2,2,56,Mumbai
2654,Aarav,aarav759@yahoo.com,Beach,Male,3,2,22,Jaipur
2655,Riya,riya946@yahoo.com,Historical,Female,2,1,52,Ahmedabad
2656,Riya,riya633@outlook.com,"Beach, Historical, Nature",Female,3,0,38,Bangalore
2657,Ananya,ananya599@outlook.com,"Historical, Nature",Other,4,0,38,Delhi
2658,Kiran,kiran119@rediffmail.com,"Adventure, Historical",Female,2,0,22,Mumbai
2659,Rohit,rohit939@gmail.com,City,Other,1,0,23,Hyderabad
2660,Pooja,pooja466@outlook.com,"Beach, City",Female,2,0,31,Pune
2661,Ishaan,ishaan305@hotmail.com,City,Other,3,1,25,Jaipur
2662,Ayaan,ayaan365@rediffmail.com,"Nature, Historical",Other,4,1,30,Hyderabad
2663,Meera,meera868@rediffmail.com,"Beach, Adventure",Male,2,0,52,Mumbai
2664,Kiara,kiara200@gmail.com,City,Male,2,2,22,Chennai
2665,Riya,riya846@rediffmail.com,"Nature, Adventure, Beach",Male,2,0,48,Ahmedabad
2666,Ritika,ritika911@yahoo.com,"Beach, Historical, Nature",Male,2,0,52,Jaipur
2667,Diya,diya10@outlook.com,"Beach, Historical, Nature",Female,2,1,38,Bangalore
2668,Ayaan,ayaan456@outlook.com,Nature,Female,4,0,38,Chennai
2669,Tanvi,tanvi832@rediffmail.com,"Nature, Adventure",Male,3,2,40,Kolkata
2670,Tanvi,tanvi193@outlook.com,"Beach, City",Female,2,1,46,Kolkata
2671,Kavya,kavya607@hotmail.com,"City, Historical, Adventure",Male,5,0,43,Bangalore
2672,Geeta,geeta620@rediffmail.com,"Beach, City",Female,3,0,39,Mumbai
2673,Usha,usha602@rediffmail.com,"City, Historical, Adventure",Male,3,0,52,Surat
2674,Mohan,mohan349@hotmail.com,"City, Nature",Other,1,2,61,Pune
2675,Kavya,kavya98@gmail.com,"Beach, Historical, Nature",Other,2,1,36,Bangalore
2676,Meera,meera400@outlook.com,City,Other,2,1,60,Surat
2677,Divya,divya597@outlook.com,Historical,Male,3,2,49,Pune
2678,Sunita,sunita357@rediffmail.com,"Adventure, City",Other,3,2,21,Bangalore
2679,Ishaan,ishaan74@hotmail.com,"City, Historical, Adventure",Female,3,1,60,Delhi
2680,Krishna,krishna307@rediffmail.com,"Beach, Historical, Nature",Male,3,2,46,Delhi
2681,Divya,divya15@outlook.com,"City, Historical, Adventure",Other,2,3,39,Delhi
2682,Sneha,sneha814@yahoo.com,Nature,Female,4,0,43,Ahmedabad
2683,Reyansh,reyansh85@yahoo.com,"Beach, Adventure",Other,1,1,39,Kolkata
2684,Ritika,ritika117@gmail.com,"City, Historical, Adventure",Male,3,3,52,Delhi
2685,Sneha,sneha968@outlook.com,"City, Historical, Adventure",Male,4,0,57,Surat
2686,Kavya,kavya854@gmail.com,Historical,Female,3,0,27,Ahmedabad
2687,Lakshmi,lakshmi947@hotmail.com,"City, Historical, Adventure",Male,2,2,23,Pune
2688,Neha,neha552@gmail.com,Historical,Other,1,2,38,Chennai
2689,Krishna,krishna690@hotmail.com,"Beach, Historical",Other,3,0,33,Surat
2690,Sai,sai11@yahoo.com,"Beach, Historical, Nature",Male,4,3,37,Bangalore
2691,Rahul,rahul358@gmail.com,"City, Nature",Other,2,1,62,Ahmedabad
2692,Rahul,rahul847@rediffmail.com,"Beach, Nature",Other,3,0,38,Mumbai
2693,Krishna,krishna307@yahoo.com,Historical,Male,2,2,62,Ahmedabad
2694,Shruti,shruti211@hotmail.com,Beach,Male,5,0,62,Pune
2695,Neha,neha738@rediffmail.com,Beach,Other,2,0,57,Mumbai
2696,Aarav,aarav642@outlook.com,"Beach, Historical, Nature",Female,5,3,45,Delhi
2697,Suresh,suresh649@outlook.com,Historical,Other,2,1,42,Kolkata
2698,Riya,riya599@hotmail.com,"City, Historical, Adventure",Male,2,2,25,Delhi
2699,Vikram,vikram298@yahoo.com,Beach,Other,3,1,50,Chennai
2700,Tanvi,tanvi498@yahoo.com,Historical,Male,4,1,44,Kolkata
2701,Deepa,deepa5@outlook.com,"City, Nature",Female,2,0,34,Hyderabad
2702,Arjun,arjun837@hotmail.com,"City, Historical",Male,4,1,62,Jaipur
2703,Rahul,rahul650@yahoo.com,"Adventure, Historical",Other,4,1,37,Kolkata
2704,Priya,priya44@outlook.com,"Beach, Nature",Male,2,1,18,Bangalore
2705,Shruti,shruti220@gmail.com,"Beach, City",Male,2,0,26,Ahmedabad
2706,Reyansh,reyansh270@outlook.com,"Beach, City",Female,1,1,32,Surat
2707,Rahul,rahul814@yahoo.com,"Beach, Historical",Other,2,2,44,Jaipur
2708,Kiran,kiran267@rediffmail.com,"Beach, Historical",Other,2,1,35,Surat
2709,Neha,neha466@outlook.com,"Adventure, Historical",Female,1,1,39,Ahmedabad
2710,Divya,divya140@hotmail.com,"Beach, Nature",Female,2,0,59,Kolkata
2711,Mohan,mohan983@rediffmail.com,"Beach, Nature",Male,4,2,35,Mumbai
2712,Diya,diya313@yahoo.com,"City, Historical, Adventure",Other,4,2,50,Jaipur
2713,Aadhya,aadhya562@hotmail.com,Historical,Other,3,3,32,Chennai
2714,Aadhya,aadhya415@outlook.com,Adventure,Female,1,0,32,Mumbai
2715,Rekha,rekha13@rediffmail.com,"Beach, Nature",Female,2,2,44,Mumbai
2716,Ananya,ananya559@yahoo.com,Beach,Male,2,2,20,Hyderabad
2717,Arjun,arjun671@yahoo.com,"City, Nature",Male,3,1,40,Jaipur
2718,Divya,divya138@gmail.com,"Beach, City",Female,1,0,62,Jaipur
2719,Geeta,geeta859@outlook.com,"Beach, Nature",Other,2,0,33,Ahmedabad
2720,Arjun,arjun61@rediffmail.com,Adventure,Other,3,0,58,Bangalore
2721,Ishaan,ishaan769@outlook.com,"Beach, Historical, Nature",Female,1,1,53,Jaipur
2722,Ishaan,ishaan763@hotmail.com,"Beach, City",Other,2,0,41,Delhi
2723,Shruti,shruti863@outlook.com,"Adventure, City",Male,2,0,62,Chennai
2724,Ananya,ananya430@gmail.com,"Beach, Nature",Other,4,0,30,Hyderabad
2725,Vikram,vikram539@hotmail.com,"Beach, Nature",Other,2,0,18,Bangalore
2726,Ritika,ritika409@hotmail.com,"Historical, Nature",Male,5,0,20,Mumbai
2727,Rekha,rekha344@yahoo.com,Beach,Female,3,0,41,Chennai
2728,Deepa,deepa982@rediffmail.com,"City, Historical, Adventure",Male,1,0,56,Pune
2729,Vivaan,vivaan62@gmail.com,Adventure,Male,1,3,54,Mumbai
2730,Vivaan,vivaan818@hotmail.com,"Beach, Adventure",Other,2,0,20,Jaipur
2731,Kavya,kavya165@gmail.com,"Beach, Nature",Male,3,0,20,Ahmedabad
2732,Tanvi,tanvi906@gmail.com,Beach,Female,1,0,34,Pune
2733,Sneha,sneha762@hotmail.com,"Beach, Nature",Female,1,0,22,Jaipur
2734,Aarav,aarav466@outlook.com,"Nature, Historical",Male,2,3,27,Chennai
2735,Nisha,nisha301@yahoo.com,"Historical, Nature",Female,1,1,18,Bangalore
2736,Rohit,rohit186@yahoo.com,"City, Historical, Adventure",Female,4,0,64,Mumbai
2737,Geeta,geeta279@outlook.com,Historical,Female,4,0,19,Chennai
2738,Ananya,ananya431@outlook.com,"Adventure, Historical",Male,2,0,44,Delhi
2739,Divya,divya618@outlook.com,"Beach, Historical, Nature",Male,5,1,35,Pune
2740,Amit,amit599@rediffmail.com,"City, Adventure",Male,2,0,24,Surat
2741,Ayaan,ayaan328@rediffmail.com,"City, Historical, Adventure",Male,2,0,43,Hyderabad
2742,Rekha,rekha822@rediffmail.com,Nature,Female,2,0,50,Kolkata
2743,Krishna,krishna220@hotmail.com,Beach,Male,5,1,35,Hyderabad
2744,Divya,divya266@gmail.com,City,Other,2,2,53,Delhi
2745,Sunita,sunita113@rediffmail.com,"Nature, Adventure",Female,2,2,26,Delhi
2746,Lakshmi,lakshmi308@gmail.com,"Nature, Adventure",Female,3,1,51,Chennai
2747,Kiran,kiran623@yahoo.com,"Beach, Adventure",Female,5,0,35,Ahmedabad
2748,Lakshmi,lakshmi277@hotmail.com,"Nature, Adventure",Other,2,0,51,Kolkata
2749,Rahul,rahul281@hotmail.com,"Historical, Nature",Male,3,0,22,Bangalore
2750,Diya,diya762@hotmail.com,"Adventure, City",Male,2,0,31,Chennai
2751,Aarav,aarav63@gmail.com,"Beach, Historical",Other,3,0,36,Kolkata
2752,Divya,divya246@rediffmail.com,"Beach, Nature",Other,1,1,54,Surat
2753,Sai,sai125@outlook.com,"Beach, Nature",Female,4,0,23,Kolkata
2754,Sunita,sunita772@yahoo.com,"City, Nature",Male,3,0,47,Surat
2755,Ritika,ritika968@rediffmail.com,Historical,Other,3,0,18,Ahmedabad
2756,Rohit,rohit308@rediffmail.com,"City, Historical",Other,2,3,42,Chennai
2757,Aditya,aditya52@gmail.com,"Nature, Adventure, Beach",Other,3,1,33,Kolkata
2758,Ayaan,ayaan912@gmail.com,"City, Nature",Female,1,0,23,Pune
2759,Sai,sai679@rediffmail.com,"Beach, Historical, Nature",Other,2,0,50,Bangalore
2760,Sunita,sunita986@outlook.com,"Adventure, City",Male,2,0,60,Mumbai
2761,Arjun,arjun372@yahoo.com,"Adventure, Historical",Male,2,0,46,Pune
2762,Vikram,vikram967@rediffmail.com,"Nature, Adventure, Beach",Other,2,1,63,Hyderabad
2763,Kiran,kiran443@hotmail.com,"Adventure, City",Other,1,0,26,Hyderabad
2764,Vivaan,vivaan830@yahoo.com,"Beach, Historical, Nature",Male,3,0,26,Chennai
2765,Neha,neha458@rediffmail.com,"Nature, Historical",Male,1,2,27,Mumbai
2766,Anjali,anjali355@rediffmail.com,"City, Historical",Female,2,0,26,Jaipur
2767,Kiara,kiara809@outlook.com,"Beach, Adventure",Female,2,3,32,Pune
2768,Divya,divya18@gmail.com,"Nature, Historical",Male,2,0,53,Bangalore
2769,Mohan,mohan719@outlook.com,"Beach, Nature",Other,1,0,22,Bangalore
2770,Rahul,rahul355@rediffmail.com,"Beach, Historical",Female,3,2,25,Mumbai
2771,Vihaan,vihaan476@rediffmail.com,"Historical, Nature",Male,1,0,19,Mumbai
2772,Sai,sai131@rediffmail.com,"City, Nature",Other,1,0,23,Bangalore
2773,Diya,diya926@yahoo.com,"City, Historical, Adventure",Other,5,1,22,Pune
2774,Sai,sai129@gmail.com,"Beach, City",Other,3,0,65,Kolkata
2775,Lakshmi,lakshmi770@outlook.com,"City, Nature",Other,5,1,37,Kolkata
2776,Aditya,aditya994@outlook.com,"Historical, Nature",Male,5,0,32,Hyderabad
2777,Vikram,vikram846@gmail.com,"Beach, Nature",Other,1,0,41,Jaipur
2778,Aadhya,aadhya988@outlook.com,Adventure,Male,2,0,44,Delhi
2779,Shruti,shruti420@rediffmail.com,"Historical, Nature",Male,5,1,65,Bangalore
2780,Divya,divya685@yahoo.com,Beach,Female,5,1,44,Kolkata
2781,Amit,amit955@hotmail.com,"Adventure, City",Male,2,0,57,Jaipur
2782,Deepa,deepa873@rediffmail.com,Historical,Other,4,0,57,Hyderabad
2783,Tanvi,tanvi479@gmail.com,"Historical, Nature",Other,1,0,18,Mumbai
2784,Deepa,deepa999@gmail.com,City,Female,3,0,37,Bangalore
2785,Krishna,krishna241@outlook.com,"Beach, City",Male,2,0,44,Kolkata
2786,Mohan,mohan157@gmail.com,"Adventure, City",Male,2,1,34,Surat
2787,Amit,amit168@outlook.com,"Beach, City",Other,4,0,43,Hyderabad
2788,Meera,meera659@gmail.com,"Beach, Nature",Male,3,1,30,Ahmedabad
2789,Mohan,mohan83@rediffmail.com,"Adventure, City",Female,2,2,45,Chennai
2790,Nisha,nisha231@outlook.com,"City, Historical, Adventure",Female,3,2,29,Delhi
2791,Anjali,anjali530@outlook.com,"City, Historical, Adventure",Female,3,3,43,Hyderabad
2792,Vivaan,vivaan356@gmail.com,"Beach, Nature",Male,2,0,41,Hyderabad
2793,Diya,diya673@outlook.com,"City, Historical",Other,2,2,25,Kolkata
2794,Vihaan,vihaan319@rediffmail.com,City,Female,1,2,49,Bangalore
2795,Reyansh,reyansh731@rediffmail.com,Beach,Male,5,0,21,Chennai
2796,Reyansh,reyansh609@hotmail.com,"Beach, Historical, Nature",Other,3,2,21,Delhi
2797,Sai,sai827@outlook.com,"Nature, Adventure",Male,2,2,48,Delhi
2798,Riya,riya110@hotmail.com,"Beach, Nature",Other,4,1,53,Kolkata
2799,Aditya,aditya800@gmail.com,Beach,Male,4,2,61,Surat
2800,Vihaan,vihaan740@rediffmail.com,"Beach, City",Male,3,0,58,Jaipur
2801,Anjali,anjali337@outlook.com,"Beach, Historical",Other,1,0,46,Pune
2802,Kiara,kiara346@rediffmail.com,"Historical, Nature",Other,1,0,28,Ahmedabad
2803,Anjali,anjali693@hotmail.com,City,Other,1,0,47,Surat
2804,Vihaan,vihaan733@yahoo.com,Historical,Male,5,0,19,Ahmedabad
2805,Neha,neha114@rediffmail.com,Adventure,Male,1,0,56,Surat
2806,Vikram,vikram258@hotmail.com,Adventure,Male,3,0,32,Mumbai
2807,Pooja,pooja900@hotmail.com,"Beach, Historical, Nature",Male,4,0,36,Ahmedabad
2808,Aarav,aarav690@rediffmail.com,"City, Adventure",Female,2,3,20,Mumbai
2809,Kavya,kavya667@outlook.com,"Nature, Historical",Male,4,0,43,Bangalore
2810,Kavya,kavya994@gmail.com,Beach,Other,1,3,56,Kolkata
2811,Mohan,mohan361@hotmail.com,"Beach, City",Female,3,0,46,Pune
2812,Arjun,arjun448@rediffmail.com,"Beach, Nature",Male,3,3,41,Bangalore
2813,Sai,sai330@gmail.com,"Beach, Nature",Female,4,2,42,Delhi
2814,Aarav,aarav492@gmail.com,"Beach, Adventure",Male,2,3,59,Ahmedabad
2815,Priya,priya915@yahoo.com,"Nature, Historical",Male,3,1,57,Ahmedabad
2816,Kiara,kiara592@yahoo.com,"Nature, Historical",Other,4,1,32,Mumbai
2817,Aarav,aarav309@gmail.com,Nature,Other,4,0,18,Pune
2818,Kiara,kiara48@yahoo.com,"Beach, Nature",Female,5,0,64,Pune
2819,Mohan,mohan398@outlook.com,Beach,Other,4,0,57,Pune
2820,Kiara,kiara318@rediffmail.com,"City, Historical",Male,1,0,25,Hyderabad
2821,Shruti,shruti431@outlook.com,"Adventure, City",Female,3,2,45,Delhi
2822,Rahul,rahul484@yahoo.com,"Beach, Historical, Nature",Female,2,1,25,Bangalore
2823,Ritika,ritika789@gmail.com,Historical,Female,2,0,32,Surat
2824,Suresh,suresh784@rediffmail.com,Adventure,Other,1,0,27,Kolkata
2825,Aditya,aditya781@rediffmail.com,Historical,Male,2,0,27,Hyderabad
2826,Meera,meera446@outlook.com,"Beach, City",Female,4,0,20,Pune
2827,Arjun,arjun453@gmail.com,"Beach, Historical",Female,2,2,47,Delhi
2828,Suresh,suresh394@outlook.com,Adventure,Other,5,1,48,Mumbai
2829,Aadhya,aadhya101@hotmail.com,"Adventure, Historical",Female,5,1,29,Jaipur
2830,Meera,meera842@gmail.com,"Nature, Historical",Other,4,1,60,Bangalore
2831,Vikram,vikram52@yahoo.com,"City, Historical, Adventure",Male,2,1,43,Ahmedabad
2832,Kiran,kiran152@hotmail.com,"Historical, Nature",Other,3,0,20,Jaipur
2833,Deepa,deepa439@outlook.com,"Adventure, City",Male,2,2,61,Chennai
2834,Ishaan,ishaan490@gmail.com,"Beach, Adventure",Female,2,1,43,Jaipur
2835,Deepa,deepa709@yahoo.com,"City, Adventure",Other,1,2,45,Ahmedabad
2836,Tanvi,tanvi622@gmail.com,Nature,Other,3,2,51,Ahmedabad
2837,Kiran,kiran606@yahoo.com,"Historical, Nature",Male,3,2,33,Hyderabad
2838,Aarav,aarav356@gmail.com,City,Other,4,0,54,Kolkata
2839,Sai,sai980@outlook.com,"Nature, Adventure, Beach",Female,2,0,18,Pune
2840,Diya,diya699@outlook.com,Nature,Female,1,0,56,Jaipur
2841,Shruti,shruti728@outlook.com,"City, Adventure",Female,2,2,55,Mumbai
2842,Riya,riya852@rediffmail.com,"Beach, City",Male,4,0,43,Bangalore
2843,Divya,divya747@yahoo.com,"Historical, Nature",Male,3,0,59,Bangalore
2844,Tanvi,tanvi106@gmail.com,"City, Historical",Female,4,1,49,Kolkata
2845,Rekha,rekha124@hotmail.com,"Beach, Nature",Female,2,1,28,Surat
2846,Ritika,ritika381@gmail.com,"Nature, Historical",Female,4,0,53,Chennai
2847,Aditya,aditya384@yahoo.com,"Beach, Nature",Female,5,0,55,Bangalore
2848,Ananya,ananya31@yahoo.com,Nature,Other,4,0,35,Bangalore
2849,Kiran,kiran276@hotmail.com,"City, Historical",Male,2,0,22,Jaipur
2850,Divya,divya905@gmail.com,"Beach, Adventure",Male,2,0,20,Pune
2851,Aarav,aarav964@gmail.com,"Nature, Historical",Other,2,0,47,Bangalore
2852,Priya,priya939@outlook.com,Beach,Other,2,0,46,Bangalore
2853,Sunita,sunita286@hotmail.com,Nature,Male,5,0,32,Surat
2854,Aditya,aditya760@hotmail.com,"Adventure, Historical",Female,1,2,57,Surat
2855,Mohan,mohan333@gmail.com,"Nature, Adventure, Beach",Male,3,0,47,Bangalore
2856,Shruti,shruti185@rediffmail.com,"City, Historical",Male,4,0,42,Chennai
2857,Amit,amit668@gmail.com,"Nature, Historical",Other,4,0,45,Kolkata
2858,Pooja,pooja405@outlook.com,"Historical, Nature",Female,4,1,37,Pune
2859,Aadhya,aadhya603@hotmail.com,"Beach, City",Other,3,1,19,Jaipur
2860,Aarav,aarav518@rediffmail.com,Nature,Female,4,0,49,Pune
2861,Deepa,deepa867@gmail.com,"Historical, Nature",Male,3,1,24,Surat
2862,Kavya,kavya610@gmail.com,"Historical, Nature",Male,4,2,37,Chennai
2863,Usha,usha34@outlook.com,"Beach, City",Other,3,0,32,Bangalore
2864,Kavya,kavya357@yahoo.com,"City, Nature",Male,2,3,33,Pune
2865,Arjun,arjun42@yahoo.com,"City, Adventure",Other,4,0,21,Delhi
2866,Usha,usha906@yahoo.com,"Adventure, Historical",Female,2,1,20,Chennai
2867,Kiran,kiran595@rediffmail.com,"Beach, Historical, Nature",Other,2,2,57,Chennai
2868,Riya,riya198@yahoo.com,"Nature, Historical",Male,2,0,45,Bangalore
2869,Aarav,aarav832@rediffmail.com,"Beach, Historical",Female,3,1,59,Chennai
2870,Ayaan,ayaan130@outlook.com,"Beach, City",Male,2,1,46,Pune
2871,Rekha,rekha403@outlook.com,"Nature, Adventure, Beach",Other,3,3,25,Bangalore
2872,Riya,riya991@hotmail.com,Beach,Male,1,0,55,Pune
2873,Sneha,sneha164@gmail.com,"Beach, Historical",Female,2,1,35,Delhi
2874,Sunita,sunita209@hotmail.com,"Adventure, Historical",Other,5,0,26,Bangalore
2875,Kiran,kiran458@gmail.com,"City, Nature",Male,2,0,43,Bangalore
2876,Lakshmi,lakshmi876@outlook.com,Adventure,Female,2,2,58,Kolkata
2877,Priya,priya393@gmail.com,"Adventure, City",Other,1,1,25,Jaipur
2878,Kiara,kiara28@gmail.com,"City, Historical, Adventure",Other,2,1,52,Hyderabad
2879,Rahul,rahul896@yahoo.com,"Beach, City",Male,2,1,22,Pune
2880,Kiara,kiara881@outlook.com,"City, Adventure",Male,2,0,64,Bangalore
2881,Reyansh,reyansh596@gmail.com,"Nature, Historical",Male,3,0,46,Jaipur
2882,Geeta,geeta473@yahoo.com,"Beach, City",Female,3,0,62,Hyderabad
2883,Krishna,krishna158@gmail.com,City,Other,2,2,58,Pune
2884,Ritika,ritika811@gmail.com,"City, Historical, Adventure",Male,3,3,37,Ahmedabad
2885,Tanvi,tanvi505@gmail.com,Nature,Female,3,2,30,Chennai
2886,Riya,riya776@yahoo.com,"City, Historical, Adventure",Other,5,0,24,Pune
2887,Usha,usha966@gmail.com,"Historical, Nature",Female,2,1,36,Kolkata
2888,Sneha,sneha59@rediffmail.com,"Adventure, Historical",Other,3,2,65,Ahmedabad
2889,Anjali,anjali197@rediffmail.com,"Historical, Nature",Female,3,1,48,Bangalore
2890,Kiran,kiran808@yahoo.com,"Beach, Historical",Other,3,0,26,Surat
2891,Kavya,kavya372@outlook.com,"Beach, Adventure",Other,4,1,23,Surat
2892,Kiran,kiran173@rediffmail.com,"Historical, Nature",Male,2,0,24,Ahmedabad
2893,Ananya,ananya362@hotmail.com,"Historical, Nature",Female,2,1,30,Surat
2894,Priya,priya902@yahoo.com,"Beach, Historical",Male,4,0,28,Chennai
2895,Sneha,sneha90@outlook.com,"City, Historical, Adventure",Other,2,0,18,Surat
2896,Deepa,deepa404@yahoo.com,Historical,Male,1,0,34,Pune
2897,Vihaan,vihaan986@rediffmail.com,"City, Adventure",Female,2,0,36,Mumbai
2898,Vivaan,vivaan735@yahoo.com,"Nature, Adventure, Beach",Male,1,1,54,Chennai
2899,Riya,riya380@yahoo.com,"Beach, Historical, Nature",Other,2,0,47,Delhi
2900,Sai,sai973@rediffmail.com,"City, Nature",Female,4,1,44,Mumbai
2901,Anjali,anjali148@hotmail.com,Adventure,Other,1,0,43,Delhi
2902,Deepa,deepa851@gmail.com,Adventure,Female,4,0,31,Ahmedabad
2903,Amit,amit11@gmail.com,"City, Historical, Adventure",Female,2,0,35,Kolkata
2904,Sai,sai456@hotmail.com,"Adventure, City",Male,3,0,30,Kolkata
2905,Ayaan,ayaan13@rediffmail.com,"Beach, City",Female,3,3,37,Bangalore
2906,Diya,diya733@gmail.com,Beach,Female,2,2,25,Chennai
2907,Divya,divya183@hotmail.com,Adventure,Other,4,1,48,Kolkata
2908,Aditya,aditya433@yahoo.com,"Beach, City",Other,2,1,20,Hyderabad
2909,Lakshmi,lakshmi829@gmail.com,Adventure,Female,4,0,53,Jaipur
2910,Vivaan,vivaan89@hotmail.com,"Nature, Adventure, Beach",Other,3,0,62,Bangalore
2911,Aditya,aditya904@yahoo.com,"Nature, Historical",Other,2,0,35,Delhi
2912,Shruti,shruti173@yahoo.com,"Beach, City",Female,2,0,30,Ahmedabad
2913,Vikram,vikram587@outlook.com,Historical,Other,4,0,40,Hyderabad
2914,Ritika,ritika379@yahoo.com,Beach,Male,2,1,35,Jaipur
2915,Ananya,ananya203@rediffmail.com,Nature,Other,3,0,18,Mumbai
2916,Rekha,rekha348@yahoo.com,City,Female,3,0,65,Hyderabad
2917,Ananya,ananya94@hotmail.com,"Beach, City",Male,2,1,19,Mumbai
2918,Geeta,geeta800@yahoo.com,Adventure,Other,1,1,21,Hyderabad
2919,Shruti,shruti867@hotmail.com,"Beach, Nature",Female,2,1,51,Hyderabad
2920,Sneha,sneha218@hotmail.com,"Nature, Adventure",Female,3,0,46,Pune
2921,Deepa,deepa263@hotmail.com,Historical,Male,3,0,32,Kolkata
2922,Mohan,mohan947@gmail.com,"City, Adventure",Other,2,1,51,Pune
2923,Anjali,anjali765@rediffmail.com,"City, Historical, Adventure",Male,5,0,48,Bangalore
2924,Sunita,sunita864@gmail.com,"Beach, Historical",Other,2,0,47,Ahmedabad
2925,Vikram,vikram21@outlook.com,"City, Nature",Female,2,2,20,Pune
2926,Aditya,aditya234@yahoo.com,Historical,Female,5,1,33,Chennai
2927,Vivaan,vivaan406@hotmail.com,Historical,Other,2,2,48,Delhi
2928,Mohan,mohan956@yahoo.com,"Historical, Nature",Other,2,0,48,Surat
2929,Sneha,sneha795@gmail.com,"Nature, Adventure, Beach",Male,4,0,59,Ahmedabad
2930,Lakshmi,lakshmi337@yahoo.com,City,Female,3,2,20,Kolkata
2931,Tanvi,tanvi770@yahoo.com,"City, Historical, Adventure",Female,2,1,28,Ahmedabad
2932,Usha,usha890@rediffmail.com,Adventure,Female,1,2,58,Pune
2933,Vivaan,vivaan865@outlook.com,"City, Historical, Adventure",Male,1,0,47,Mumbai
2934,Priya,priya664@rediffmail.com,Nature,Other,4,1,43,Jaipur
2935,Vivaan,vivaan417@hotmail.com,"Beach, Adventure",Male,4,1,43,Bangalore
2936,Sunita,sunita954@gmail.com,Adventure,Male,5,1,29,Ahmedabad
2937,Usha,usha83@rediffmail.com,"Beach, Historical, Nature",Male,2,1,44,Pune
2938,Aadhya,aadhya792@yahoo.com,Historical,Male,2,2,18,Ahmedabad
2939,Lakshmi,lakshmi843@outlook.com,"Nature, Adventure, Beach",Female,2,1,28,Mumbai
2940,Aadhya,aadhya736@rediffmail.com,"Beach, Historical, Nature",Other,5,0,23,Chennai
2941,Rahul,rahul310@rediffmail.com,"Beach, Historical",Male,2,1,57,Kolkata
2942,Pooja,pooja28@hotmail.com,"Nature, Adventure, Beach",Male,1,0,52,Jaipur
2943,Diya,diya3@outlook.com,"Beach, City",Other,3,3,35,Chennai
2944,Mohan,mohan935@rediffmail.com,"Beach, City",Other,4,2,62,Bangalore
2945,Arjun,arjun478@rediffmail.com,"Beach, Nature",Female,2,2,18,Kolkata
2946,Vikram,vikram977@outlook.com,"City, Nature",Other,1,2,51,Surat
2947,Vihaan,vihaan106@hotmail.com,"Beach, City",Other,5,1,59,Ahmedabad
2948,Sai,sai337@gmail.com,"Beach, Adventure",Female,4,0,21,Surat
2949,Ishaan,ishaan423@outlook.com,"Nature, Adventure",Female,4,0,50,Ahmedabad
2950,Aditya,aditya531@gmail.com,Historical,Male,2,1,56,Kolkata
2951,Mohan,mohan179@outlook.com,"Nature, Historical",Other,2,2,60,Mumbai
2952,Divya,divya151@rediffmail.com,City,Other,3,0,54,Bangalore
2953,Divya,divya647@outlook.com,"City, Historical",Male,2,0,55,Delhi
2954,Rekha,rekha906@hotmail.com,"Beach, Nature",Male,4,0,26,Mumbai
2955,Mohan,mohan34@rediffmail.com,"Adventure, City",Male,2,0,21,Bangalore
2956,Deepa,deepa200@outlook.com,"Beach, City",Female,2,2,42,Bangalore
2957,Priya,priya343@rediffmail.com,Adventure,Male,1,0,65,Hyderabad
2958,Ishaan,ishaan306@yahoo.com,"City, Adventure",Male,2,0,23,Bangalore
2959,Kiara,kiara470@outlook.com,"City, Nature",Male,2,2,54,Jaipur
2960,Kiran,kiran843@gmail.com,"City, Nature",Other,2,1,18,Bangalore
2961,Meera,meera249@hotmail.com,"Adventure, Historical",Male,4,2,37,Mumbai
2962,Amit,amit364@yahoo.com,Nature,Female,3,0,52,Jaipur
2963,Suresh,suresh798@outlook.com,"Beach, Historical",Male,4,2,35,Ahmedabad
2964,Ritika,ritika151@gmail.com,"City, Adventure",Other,3,3,33,Ahmedabad
2965,Suresh,suresh284@hotmail.com,Nature,Male,5,3,32,Kolkata
2966,Aditya,aditya391@hotmail.com,Historical,Other,4,3,44,Hyderabad
2967,Geeta,geeta76@yahoo.com,"City, Adventure",Other,2,2,60,Bangalore
2968,Krishna,krishna767@gmail.com,"Beach, City",Male,3,0,28,Kolkata
2969,Sunita,sunita635@yahoo.com,"Beach, Historical",Female,2,0,47,Surat
2970,Geeta,geeta418@yahoo.com,"Beach, Adventure",Female,2,3,56,Bangalore
2971,Geeta,geeta937@rediffmail.com,"Beach, Historical, Nature",Male,2,1,65,Jaipur
2972,Kiran,kiran570@rediffmail.com,Historical,Other,2,1,41,Kolkata
2973,Aarav,aarav309@gmail.com,"City, Nature",Female,3,0,34,Surat
2974,Riya,riya98@outlook.com,"Beach, Adventure",Other,3,0,56,Delhi
2975,Ishaan,ishaan130@hotmail.com,"Beach, Historical",Male,1,0,37,Mumbai
2976,Divya,divya953@hotmail.com,"Adventure, City",Other,3,2,37,Chennai
2977,Aditya,aditya892@outlook.com,"City, Historical, Adventure",Male,2,0,31,Ahmedabad
2978,Sunita,sunita508@outlook.com,"Adventure, City",Other,4,0,20,Surat
2979,Usha,usha554@hotmail.com,"Adventure, Historical",Other,2,0,60,Bangalore
2980,Meera,meera931@gmail.com,"Adventure, Historical",Other,5,1,21,Ahmedabad
2981,Ananya,ananya240@outlook.com,"City, Nature",Male,3,0,45,Kolkata
2982,Rekha,rekha966@gmail.com,"Nature, Adventure, Beach",Female,3,1,26,Surat
2983,Ritika,ritika944@gmail.com,"City, Adventure",Female,3,2,23,Jaipur
2984,Suresh,suresh252@gmail.com,Historical,Other,2,0,51,Kolkata
2985,Sunita,sunita342@hotmail.com,"Adventure, City",Other,5,1,36,Mumbai
2986,Nisha,nisha254@outlook.com,Adventure,Female,1,0,32,Delhi
2987,Diya,diya494@rediffmail.com,"Adventure, Historical",Female,1,0,49,Jaipur
2988,Diya,diya658@yahoo.com,"City, Historical",Female,5,0,32,Kolkata
2989,Sai,sai776@rediffmail.com,"Historical, Nature",Male,1,0,57,Surat
2990,Rekha,rekha740@gmail.com,"City, Historical, Adventure",Male,3,0,47,Mumbai
2991,Diya,diya306@yahoo.com,"Nature, Historical",Female,2,0,53,Surat
2992,Aarav,aarav799@outlook.com,Adventure,Female,1,1,52,Kolkata
2993,Krishna,krishna794@yahoo.com,"Adventure, Historical",Male,5,2,62,Jaipur
2994,Deepa,deepa330@gmail.com,"Nature, Adventure, Beach",Male,4,1,62,Ahmedabad
2995,Amit,amit92@hotmail.com,"City, Nature",Other,2,1,40,Delhi
2996,Sneha,sneha361@hotmail.com,"Beach, Adventure",Female,1,2,53,Pune
2997,Neha,neha2@outlook.com,"City, Adventure",Other,3,1,24,Pune
2998,Pooja,pooja267@outlook.com,"Nature, Adventure, Beach",Female,3,0,60,Delhi
2999,Kiran,kiran49@hotmail.com,Adventure,Male,1,0,33,Mumbai
3000,Nisha,nisha327@outlook.com,"Beach, Nature",Other,2,0,33,Surat
3001,Ritika,ritika154@yahoo.com,"City, Historical",Other,1,0,42,Kolkata
3002,Kavya,kavya786@gmail.com,"City, Nature",Other,2,2,53,Kolkata
3003,Sneha,sneha644@gmail.com,Historical,Other,3,0,38,Bangalore
3004,Rekha,rekha715@outlook.com,"City, Historical",Female,2,0,56,Chennai
3005,Aadhya,aadhya740@yahoo.com,"Adventure, Historical",Other,2,0,30,Surat
3006,Divya,divya308@outlook.com,"Beach, Historical",Other,5,2,45,Jaipur
3007,Aditya,aditya518@rediffmail.com,"Beach, Historical, Nature",Female,5,0,28,Mumbai
3008,Ayaan,ayaan614@rediffmail.com,"City, Historical",Other,4,2,58,Hyderabad
3009,Kiara,kiara81@gmail.com,"Beach, Adventure",Other,4,0,42,Kolkata
3010,Reyansh,reyansh99@outlook.com,"Beach, Historical, Nature",Female,3,1,39,Bangalore
3011,Kiran,kiran247@yahoo.com,"Beach, Nature",Male,3,0,36,Jaipur
3012,Kavya,kavya151@gmail.com,"Adventure, Historical",Male,3,0,18,Jaipur
3013,Tanvi,tanvi975@outlook.com,"City, Adventure",Other,2,0,62,Mumbai
3014,Ritika,ritika696@yahoo.com,"Beach, Adventure",Male,2,0,42,Delhi
3015,Usha,usha587@outlook.com,"City, Nature",Other,2,2,49,Kolkata
3016,Deepa,deepa136@hotmail.com,"Historical, Nature",Male,2,1,42,Mumbai
3017,Suresh,suresh238@gmail.com,"Adventure, City",Other,2,1,37,Mumbai
3018,Krishna,krishna383@hotmail.com,"Beach, Historical, Nature",Female,1,2,51,Kolkata
3019,Vihaan,vihaan339@gmail.com,Beach,Male,1,0,45,Mumbai
3020,Suresh,suresh46@yahoo.com,City,Other,1,1,35,Mumbai
3021,Usha,usha559@rediffmail.com,"Beach, Nature",Male,4,1,55,Delhi
3022,Kavya,kavya61@yahoo.com,"Beach, Historical",Male,2,0,34,Pune
3023,Kavya,kavya706@yahoo.com,Historical,Female,3,1,41,Chennai
3024,Ayaan,ayaan589@yahoo.com,Beach,Male,1,1,45,Mumbai
3025,Krishna,krishna884@hotmail.com,"City, Adventure",Female,5,1,34,Hyderabad
3026,Geeta,geeta975@yahoo.com,"Nature, Adventure",Female,2,1,56,Hyderabad
3027,Meera,meera948@outlook.com,"City, Nature",Other,1,1,58,Ahmedabad
3028,Ayaan,ayaan736@rediffmail.com,"Nature, Adventure, Beach",Female,2,0,31,Hyderabad
3029,Meera,meera781@outlook.com,Beach,Female,2,0,61,Pune
3030,Ishaan,ishaan127@hotmail.com,"Nature, Adventure, Beach",Female,1,1,42,Mumbai
3031,Riya,riya993@hotmail.com,"Beach, Nature",Female,4,0,45,Mumbai
3032,Pooja,pooja11@outlook.com,Historical,Other,2,0,43,Mumbai
3033,Krishna,krishna202@outlook.com,"City, Historical",Female,3,0,41,Chennai
3034,Aarav,aarav70@hotmail.com,"City, Nature",Other,3,3,45,Jaipur
3035,Reyansh,reyansh324@hotmail.com,"Nature, Adventure",Female,3,1,41,Bangalore
3036,Ananya,ananya262@outlook.com,"City, Historical",Male,2,0,46,Surat
3037,Priya,priya58@hotmail.com,"Beach, City",Other,3,0,61,Pune
3038,Divya,divya598@gmail.com,"Adventure, Historical",Other,2,1,65,Delhi
3039,Anjali,anjali653@rediffmail.com,"Beach, Historical, Nature",Female,2,1,37,Kolkata
3040,Geeta,geeta220@hotmail.com,"Adventure, Historical",Female,4,1,30,Pune
3041,Rekha,rekha507@outlook.com,"Beach, Historical, Nature",Female,2,3,41,Jaipur
3042,Vihaan,vihaan791@yahoo.com,"City, Nature",Other,3,2,64,Delhi
3043,Ritika,ritika272@yahoo.com,"Beach, Historical",Other,1,0,19,Surat
3044,Suresh,suresh443@hotmail.com,"City, Nature",Male,2,2,62,Surat
3045,Tanvi,tanvi218@yahoo.com,"Beach, Adventure",Other,5,0,34,Mumbai
3046,Ananya,ananya890@rediffmail.com,"Adventure, City",Female,2,0,43,Jaipur
3047,Vikram,vikram633@rediffmail.com,"Historical, Nature",Female,2,0,33,Surat
3048,Kavya,kavya230@rediffmail.com,"Adventure, Historical",Other,1,0,61,Bangalore
3049,Vivaan,vivaan590@gmail.com,"Beach, City",Other,5,0,57,Chennai
3050,Kiara,kiara780@yahoo.com,City,Female,2,0,37,Jaipur
3051,Arjun,arjun620@rediffmail.com,City,Male,4,0,61,Jaipur
3052,Rohit,rohit840@outlook.com,"City, Historical",Female,4,1,26,Kolkata
3053,Vihaan,vihaan937@hotmail.com,"Adventure, Historical",Female,3,1,22,Chennai
3054,Mohan,mohan983@yahoo.com,"Beach, Nature",Male,1,2,36,Chennai
3055,Aadhya,aadhya690@yahoo.com,"Historical, Nature",Female,5,1,27,Bangalore
3056,Shruti,shruti461@hotmail.com,Historical,Male,2,0,64,Ahmedabad
3057,Aditya,aditya978@hotmail.com,Beach,Female,3,0,46,Mumbai
3058,Aadhya,aadhya572@outlook.com,"Nature, Adventure",Male,2,0,57,Pune
3059,Kavya,kavya639@rediffmail.com,"Nature, Historical",Male,3,0,20,Jaipur
3060,Nisha,nisha746@gmail.com,"Adventure, City",Female,2,1,45,Jaipur
3061,Suresh,suresh519@yahoo.com,Nature,Female,2,0,18,Kolkata
3062,Kavya,kavya15@gmail.com,"City, Nature",Other,2,2,60,Pune
3063,Kiran,kiran905@outlook.com,Nature,Other,1,1,35,Pune
3064,Rekha,rekha498@rediffmail.com,"Beach, Adventure",Male,3,0,55,Surat
3065,Shruti,shruti767@rediffmail.com,"Beach, Historical, Nature",Other,2,3,22,Hyderabad
3066,Rekha,rekha936@rediffmail.com,Nature,Male,3,1,38,Pune
3067,Aarav,aarav888@outlook.com,"Nature, Adventure, Beach",Other,4,0,44,Kolkata
3068,Meera,meera222@yahoo.com,"Adventure, City",Other,2,1,42,Delhi
3069,Krishna,krishna104@yahoo.com,"Beach, Historical, Nature",Other,3,2,59,Delhi
3070,Reyansh,reyansh338@rediffmail.com,"Nature, Historical",Other,5,0,19,Mumbai
3071,Arjun,arjun187@hotmail.com,Nature,Other,3,2,28,Bangalore
3072,Diya,diya837@rediffmail.com,City,Other,5,2,37,Bangalore
3073,Kavya,kavya350@hotmail.com,Historical,Other,3,0,50,Ahmedabad
3074,Anjali,anjali145@yahoo.com,"Beach, Adventure",Female,3,1,48,Mumbai
3075,Rohit,rohit674@rediffmail.com,"Nature, Historical",Male,2,0,62,Delhi
3076,Diya,diya715@outlook.com,"City, Historical, Adventure",Other,2,0,65,Surat
3077,Rekha,rekha550@outlook.com,Beach,Male,4,0,45,Jaipur
3078,Usha,usha276@rediffmail.com,Beach,Male,4,1,18,Surat
3079,Pooja,pooja158@yahoo.com,Beach,Male,1,1,54,Bangalore
3080,Deepa,deepa86@hotmail.com,Beach,Male,1,0,40,Pune
3081,Pooja,pooja701@rediffmail.com,Nature,Female,2,1,51,Kolkata
3082,Rahul,rahul336@outlook.com,Adventure,Female,1,3,34,Jaipur
3083,Lakshmi,lakshmi282@gmail.com,"Beach, Historical",Male,2,0,51,Kolkata
3084,Anjali,anjali877@yahoo.com,"Nature, Historical",Other,1,0,42,Pune
3085,Priya,priya333@gmail.com,"Adventure, City",Male,4,2,34,Delhi
3086,Neha,neha603@rediffmail.com,Adventure,Female,1,2,30,Chennai
3087,Anjali,anjali417@rediffmail.com,Nature,Male,3,0,38,Jaipur
3088,Aditya,aditya748@gmail.com,Historical,Male,5,0,20,Surat
3089,Nisha,nisha830@outlook.com,"Adventure, City",Male,3,0,29,Mumbai
3090,Rohit,rohit749@gmail.com,"Beach, Historical, Nature",Other,3,0,56,Hyderabad
3091,Arjun,arjun218@outlook.com,"City, Historical, Adventure",Male,3,0,22,Surat
3092,Tanvi,tanvi611@hotmail.com,"City, Historical, Adventure",Female,1,0,27,Ahmedabad
3093,Sneha,sneha113@yahoo.com,"City, Adventure",Female,3,1,37,Pune
3094,Aditya,aditya476@yahoo.com,"City, Adventure",Female,4,0,50,Mumbai
3095,Sunita,sunita330@hotmail.com,"City, Nature",Other,2,0,39,Surat
3096,Mohan,mohan47@yahoo.com,Nature,Male,2,1,35,Bangalore
3097,Aditya,aditya821@yahoo.com,"City, Historical",Female,5,1,26,Pune
3098,Anjali,anjali288@rediffmail.com,"Beach, Historical",Female,2,0,20,Chennai
3099,Reyansh,reyansh578@hotmail.com,Historical,Female,2,0,41,Surat
3100,Suresh,suresh979@gmail.com,"Nature, Historical",Male,3,0,35,Ahmedabad
3101,Kavya,kavya207@gmail.com,City,Other,4,0,56,Pune
3102,Anjali,anjali895@hotmail.com,City,Female,1,0,33,Chennai
3103,Kavya,kavya995@hotmail.com,"Beach, Historical",Other,3,1,42,Surat
3104,Sneha,sneha170@hotmail.com,Nature,Female,2,1,24,Jaipur
3105,Diya,diya717@gmail.com,Beach,Female,2,1,60,Delhi
3106,Suresh,suresh95@rediffmail.com,"City, Historical",Female,3,0,27,Kolkata
3107,Suresh,suresh842@outlook.com,"City, Historical, Adventure",Female,2,1,19,Kolkata
3108,Ishaan,ishaan242@yahoo.com,Historical,Other,1,1,25,Jaipur
3109,Usha,usha515@rediffmail.com,"Beach, Historical",Male,4,0,61,Surat
3110,Vihaan,vihaan37@hotmail.com,"Adventure, Historical",Female,4,1,58,Jaipur
3111,Vihaan,vihaan688@rediffmail.com,"Beach, City",Female,5,1,63,Hyderabad
3112,Arjun,arjun643@hotmail.com,Nature,Female,2,0,51,Delhi
3113,Ritika,ritika554@rediffmail.com,"Nature, Adventure",Female,3,0,22,Pune
3114,Geeta,geeta67@outlook.com,Adventure,Other,1,1,41,Ahmedabad
3115,Rekha,rekha781@hotmail.com,"Historical, Nature",Female,4,0,34,Ahmedabad
3116,Neha,neha454@hotmail.com,"Beach, Adventure",Other,1,0,19,Jaipur
3117,Kiran,kiran82@yahoo.com,"City, Nature",Other,2,0,25,Surat
3118,Vivaan,vivaan648@outlook.com,"City, Historical",Other,4,1,27,Surat
3119,Ritika,ritika536@hotmail.com,"Beach, Nature",Other,4,2,19,Jaipur
3120,Aarav,aarav938@hotmail.com,Beach,Other,4,3,20,Delhi
3121,Vihaan,vihaan466@rediffmail.com,"Adventure, City",Male,2,0,53,Bangalore
3122,Vikram,vikram567@rediffmail.com,"City, Nature",Male,2,1,60,Kolkata
3123,Nisha,nisha623@hotmail.com,"Nature, Adventure",Male,3,0,49,Pune
3124,Divya,divya524@rediffmail.com,Nature,Other,4,2,30,Pune
3125,Amit,amit708@hotmail.com,"Beach, Historical",Female,2,1,28,Chennai
3126,Reyansh,reyansh331@outlook.com,"Adventure, Historical",Other,1,2,38,Jaipur
3127,Aditya,aditya367@yahoo.com,"City, Historical",Other,2,1,65,Chennai
3128,Anjali,anjali281@outlook.com,"Beach, City",Male,2,3,52,Chennai
3129,Reyansh,reyansh996@gmail.com,"Nature, Historical",Male,2,0,21,Delhi
3130,Ishaan,ishaan959@yahoo.com,"Adventure, Historical",Male,2,1,46,Delhi
3131,Rahul,rahul643@hotmail.com,"Beach, Historical, Nature",Other,1,0,58,Jaipur
3132,Pooja,pooja633@hotmail.com,"Beach, Historical, Nature",Male,4,0,58,Hyderabad
3133,Sneha,sneha366@hotmail.com,City,Female,2,3,54,Hyderabad
3134,Vivaan,vivaan937@yahoo.com,Nature,Other,4,3,19,Delhi
3135,Lakshmi,lakshmi224@yahoo.com,"Nature, Adventure, Beach",Female,2,1,50,Chennai
3136,Ayaan,ayaan364@rediffmail.com,Adventure,Female,2,2,56,Bangalore
3137,Pooja,pooja240@gmail.com,City,Female,5,1,31,Mumbai
3138,Krishna,krishna579@gmail.com,"Adventure, Historical",Other,2,1,37,Bangalore
3139,Kiara,kiara233@yahoo.com,"Nature, Historical",Male,2,3,41,Delhi
3140,Mohan,mohan356@outlook.com,"Beach, Historical, Nature",Male,3,2,19,Jaipur
3141,Aadhya,aadhya308@outlook.com,Beach,Female,3,0,64,Delhi
3142,Amit,amit761@rediffmail.com,"City, Adventure",Other,2,0,58,Jaipur
3143,Sneha,sneha759@rediffmail.com,"Beach, Nature",Female,1,0,18,Bangalore
3144,Kavya,kavya79@rediffmail.com,"Beach, Nature",Female,3,0,36,Delhi
3145,Kiara,kiara807@outlook.com,"Beach, City",Other,2,1,21,Surat
3146,Priya,priya837@rediffmail.com,"Beach, Adventure",Other,2,0,19,Bangalore
3147,Geeta,geeta830@yahoo.com,"Beach, Historical, Nature",Female,2,1,33,Chennai
3148,Vivaan,vivaan832@yahoo.com,Nature,Other,2,2,19,Surat
3149,Geeta,geeta394@yahoo.com,"Beach, Nature",Other,4,0,46,Jaipur
3150,Ayaan,ayaan615@hotmail.com,Nature,Female,2,0,26,Pune
3151,Kiran,kiran938@yahoo.com,"Beach, City",Male,4,2,26,Bangalore
3152,Krishna,krishna697@yahoo.com,"Beach, City",Other,3,0,31,Jaipur
3153,Lakshmi,lakshmi568@yahoo.com,Nature,Female,2,1,24,Jaipur
3154,Pooja,pooja630@gmail.com,"Adventure, Historical",Male,3,0,43,Delhi
3155,Sneha,sneha301@gmail.com,"Nature, Adventure, Beach",Male,2,1,40,Delhi
3156,Divya,divya312@hotmail.com,"City, Adventure",Female,4,0,42,Mumbai
3157,Ayaan,ayaan563@hotmail.com,"City, Nature",Female,4,0,22,Surat
3158,Geeta,geeta802@outlook.com,Beach,Other,3,0,28,Bangalore
3159,Shruti,shruti702@hotmail.com,Beach,Female,4,0,20,Mumbai
3160,Aadhya,aadhya950@rediffmail.com,"Adventure, Historical",Male,5,1,39,Pune
3161,Arjun,arjun747@yahoo.com,"Beach, City",Female,5,0,53,Kolkata
3162,Tanvi,tanvi145@yahoo.com,"Beach, Historical, Nature",Other,2,0,48,Chennai
3163,Kiara,kiara68@outlook.com,"City, Adventure",Female,2,1,23,Pune
3164,Tanvi,tanvi300@rediffmail.com,"Beach, Adventure",Male,2,0,62,Surat
3165,Divya,divya539@rediffmail.com,Historical,Other,4,0,26,Mumbai
3166,Meera,meera15@rediffmail.com,"Adventure, Historical",Female,2,0,45,Kolkata
3167,Reyansh,reyansh527@yahoo.com,"Nature, Adventure",Other,3,0,21,Mumbai
3168,Reyansh,reyansh741@rediffmail.com,Adventure,Male,1,0,23,Pune
3169,Sai,sai961@gmail.com,"Beach, City",Male,2,1,28,Delhi
3170,Aarav,aarav498@rediffmail.com,"City, Historical",Other,2,0,60,Kolkata
3171,Anjali,anjali328@hotmail.com,"Nature, Historical",Male,2,0,21,Kolkata
3172,Mohan,mohan668@gmail.com,"Adventure, City",Female,4,1,33,Delhi
3173,Suresh,suresh965@outlook.com,"Historical, Nature",Other,3,0,20,Mumbai
3174,Ananya,ananya200@gmail.com,"Historical, Nature",Other,2,0,59,Pune
3175,Vivaan,vivaan692@outlook.com,"Adventure, City",Male,2,0,36,Bangalore
3176,Vivaan,vivaan414@hotmail.com,Adventure,Male,1,0,38,Surat
3177,Sunita,sunita146@gmail.com,"Beach, Nature",Female,2,0,65,Ahmedabad
3178,Ishaan,ishaan132@yahoo.com,"Adventure, City",Female,1,3,32,Surat
3179,Krishna,krishna189@yahoo.com,"Nature, Adventure",Female,2,1,24,Surat
3180,Aditya,aditya871@gmail.com,"Beach, Nature",Male,2,0,32,Surat
3181,Reyansh,reyansh198@yahoo.com,"Historical, Nature",Female,2,0,25,Chennai
3182,Kavya,kavya250@rediffmail.com,"Beach, City",Female,4,0,36,Pune
3183,Krishna,krishna222@outlook.com,"Historical, Nature",Other,2,1,37,Surat
3184,Pooja,pooja439@gmail.com,"Historical, Nature",Female,3,0,30,Hyderabad
3185,Ananya,ananya764@gmail.com,"City, Historical, Adventure",Female,2,1,58,Jaipur
3186,Riya,riya284@rediffmail.com,"Beach, Historical, Nature",Other,3,0,48,Chennai
3187,Amit,amit415@gmail.com,"Adventure, Historical",Other,2,0,43,Pune
3188,Rohit,rohit577@gmail.com,"Beach, City",Female,4,0,28,Pune
3189,Riya,riya894@rediffmail.com,"Nature, Adventure",Other,5,0,24,Hyderabad
3190,Tanvi,tanvi802@outlook.com,"City, Nature",Male,2,1,41,Bangalore
3191,Meera,meera900@hotmail.com,"Beach, City",Female,2,0,32,Pune
3192,Aadhya,aadhya575@rediffmail.com,Nature,Male,4,2,54,Ahmedabad
3193,Rohit,rohit766@yahoo.com,"Adventure, City",Female,2,2,42,Jaipur
3194,Geeta,geeta155@outlook.com,"Beach, Nature",Female,2,0,47,Kolkata
3195,Diya,diya763@rediffmail.com,"City, Nature",Female,2,2,36,Kolkata
3196,Mohan,mohan337@rediffmail.com,Nature,Male,3,0,24,Kolkata
3197,Ritika,ritika151@outlook.com,"City, Historical, Adventure",Female,3,0,56,Ahmedabad
3198,Arjun,arjun426@gmail.com,"City, Adventure",Male,3,1,24,Kolkata
3199,Neha,neha672@yahoo.com,Historical,Male,1,0,31,Jaipur
3200,Krishna,krishna389@gmail.com,Adventure,Other,2,2,18,Delhi
3201,Sneha,sneha550@rediffmail.com,Nature,Female,5,2,19,Ahmedabad
3202,Krishna,krishna396@outlook.com,"City, Historical, Adventure",Male,1,3,36,Kolkata
3203,Diya,diya607@outlook.com,Historical,Female,2,1,27,Surat
3204,Kavya,kavya398@outlook.com,"City, Adventure",Female,2,2,56,Delhi
3205,Divya,divya143@rediffmail.com,"City, Historical, Adventure",Other,4,0,43,Surat
3206,Priya,priya518@gmail.com,"Beach, Nature",Male,3,1,42,Hyderabad
3207,Sunita,sunita472@gmail.com,"Nature, Adventure, Beach",Female,2,1,44,Ahmedabad
3208,Kiara,kiara224@outlook.com,"City, Nature",Other,1,0,42,Delhi
3209,Kavya,kavya359@rediffmail.com,"Beach, Historical",Male,2,1,54,Surat
3210,Sneha,sneha749@rediffmail.com,"Nature, Adventure",Male,2,0,35,Chennai
3211,Tanvi,tanvi940@hotmail.com,Adventure,Other,4,3,35,Ahmedabad
3212,Reyansh,reyansh289@gmail.com,"City, Historical, Adventure",Other,4,0,64,Mumbai
3213,Arjun,arjun886@hotmail.com,Adventure,Other,2,0,34,Ahmedabad
3214,Sai,sai107@hotmail.com,"Beach, Historical",Female,3,1,60,Delhi
3215,Vivaan,vivaan49@outlook.com,"Historical, Nature",Male,2,1,44,Kolkata
3216,Ayaan,ayaan414@rediffmail.com,"Nature, Adventure",Other,5,2,56,Mumbai
3217,Riya,riya299@yahoo.com,"Beach, Nature",Male,2,2,39,Hyderabad
3218,Mohan,mohan268@yahoo.com,"Nature, Adventure",Male,2,0,21,Jaipur
3219,Sunita,sunita688@gmail.com,Adventure,Other,1,2,42,Mumbai
3220,Sai,sai332@hotmail.com,"Beach, Nature",Other,4,2,25,Chennai
3221,Krishna,krishna802@gmail.com,"City, Historical, Adventure",Other,2,2,19,Bangalore
3222,Nisha,nisha928@hotmail.com,"Beach, Historical",Male,5,1,59,Delhi
3223,Meera,meera95@gmail.com,"Adventure, City",Other,2,1,38,Bangalore
3224,Shruti,shruti957@gmail.com,"Nature, Adventure, Beach",Male,5,0,50,Pune
3225,Shruti,shruti390@outlook.com,Nature,Male,3,0,23,Mumbai
3226,Shruti,shruti309@rediffmail.com,"Beach, Nature",Other,5,0,54,Hyderabad
3227,Kavya,kavya256@yahoo.com,"Beach, Nature",Female,2,0,63,Chennai
3228,Sai,sai943@outlook.com,"Beach, Adventure",Female,1,1,45,Bangalore
3229,Vikram,vikram69@hotmail.com,"Beach, Historical, Nature",Female,4,0,38,Bangalore
3230,Shruti,shruti758@outlook.com,"City, Historical",Male,1,0,49,Delhi
3231,Divya,divya598@rediffmail.com,"Nature, Adventure, Beach",Other,3,1,40,Kolkata
3232,Vikram,vikram620@outlook.com,City,Other,5,1,21,Mumbai
3233,Suresh,suresh109@rediffmail.com,"Adventure, Historical",Female,2,2,43,Chennai
3234,Suresh,suresh373@rediffmail.com,"Nature, Historical",Male,4,0,58,Delhi
3235,Divya,divya160@hotmail.com,Beach,Male,4,0,41,Mumbai
3236,Priya,priya392@gmail.com,Adventure,Male,3,0,59,Hyderabad
3237,Ayaan,ayaan859@yahoo.com,"Beach, Historical",Female,3,3,44,Bangalore
3238,Priya,priya42@rediffmail.com,Historical,Male,4,0,58,Kolkata
3239,Deepa,deepa555@rediffmail.com,"Nature, Adventure",Other,2,3,24,Jaipur
3240,Krishna,krishna550@yahoo.com,"Beach, Historical",Female,2,0,64,Delhi
3241,Ayaan,ayaan360@yahoo.com,"Adventure, City",Male,1,0,29,Ahmedabad
3242,Ishaan,ishaan291@gmail.com,"Beach, Historical, Nature",Female,2,2,51,Chennai
3243,Amit,amit621@rediffmail.com,"Nature, Adventure, Beach",Female,1,0,20,Ahmedabad
3244,Sneha,sneha464@rediffmail.com,"Beach, Nature",Male,2,2,63,Delhi
3245,Riya,riya356@gmail.com,"Adventure, Historical",Male,2,1,46,Bangalore
3246,Kavya,kavya785@rediffmail.com,"City, Historical, Adventure",Male,5,0,45,Hyderabad
3247,Ayaan,ayaan655@outlook.com,Adventure,Other,5,1,47,Ahmedabad
3248,Riya,riya30@yahoo.com,"Beach, Historical, Nature",Male,4,0,37,Delhi
3249,Usha,usha295@outlook.com,"City, Nature",Female,1,0,26,Ahmedabad
3250,Reyansh,reyansh953@outlook.com,"Nature, Historical",Female,3,2,36,Bangalore
3251,Mohan,mohan38@yahoo.com,"City, Historical",Other,3,1,57,Chennai
3252,Vivaan,vivaan395@yahoo.com,"City, Adventure",Female,5,1,63,Mumbai
3253,Kiara,kiara476@rediffmail.com,"City, Historical, Adventure",Male,3,0,60,Surat
3254,Pooja,pooja257@yahoo.com,Beach,Other,3,0,39,Ahmedabad
3255,Rahul,rahul981@outlook.com,Adventure,Female,3,0,19,Ahmedabad
3256,Sneha,sneha192@rediffmail.com,"Beach, Historical",Female,3,0,58,Mumbai
3257,Nisha,nisha368@yahoo.com,City,Other,4,0,42,Delhi
3258,Vihaan,vihaan398@outlook.com,Nature,Female,2,0,35,Pune
3259,Pooja,pooja916@gmail.com,"City, Historical",Female,2,0,23,Chennai
3260,Deepa,deepa680@rediffmail.com,"City, Historical",Female,3,1,26,Pune
3261,Kiara,kiara651@gmail.com,City,Female,2,1,57,Surat
3262,Kavya,kavya656@rediffmail.com,Beach,Female,2,0,49,Bangalore
3263,Rahul,rahul822@gmail.com,"Beach, Historical, Nature",Female,3,0,27,Hyderabad
3264,Ananya,ananya218@outlook.com,City,Male,4,0,47,Bangalore
3265,Nisha,nisha114@outlook.com,"Adventure, Historical",Male,5,0,24,Pune
3266,Ritika,ritika347@outlook.com,Historical,Female,4,1,19,Kolkata
3267,Ananya,ananya855@hotmail.com,"City, Historical, Adventure",Female,1,0,41,Jaipur
3268,Vihaan,vihaan245@yahoo.com,"City, Nature",Other,1,2,61,Surat
3269,Meera,meera368@yahoo.com,"City, Nature",Male,2,1,26,Ahmedabad
3270,Vikram,vikram232@gmail.com,"Beach, City",Male,5,0,45,Kolkata
3271,Ananya,ananya927@rediffmail.com,"Nature, Adventure, Beach",Male,2,0,36,Bangalore
3272,Rekha,rekha143@yahoo.com,"Beach, Historical",Female,1,0,29,Delhi
3273,Amit,amit701@yahoo.com,"City, Historical, Adventure",Male,4,0,31,Jaipur
3274,Aarav,aarav406@yahoo.com,"Adventure, City",Female,4,3,25,Chennai
3275,Geeta,geeta161@rediffmail.com,"Nature, Adventure",Female,3,2,40,Mumbai
3276,Ananya,ananya155@gmail.com,Nature,Male,3,0,54,Chennai
3277,Riya,riya217@outlook.com,"Nature, Adventure, Beach",Male,2,0,56,Mumbai
3278,Aarav,aarav60@gmail.com,"Historical, Nature",Other,3,0,24,Kolkata
3279,Ishaan,ishaan189@outlook.com,Beach,Other,3,0,49,Delhi
3280,Neha,neha758@outlook.com,"City, Adventure",Other,2,1,55,Surat
3281,Ishaan,ishaan233@gmail.com,"Nature, Historical",Female,3,3,26,Chennai
3282,Sai,sai986@hotmail.com,Historical,Female,5,1,22,Hyderabad
3283,Rohit,rohit386@outlook.com,Historical,Other,2,0,18,Delhi
3284,Usha,usha303@outlook.com,"Beach, Adventure",Other,3,2,23,Jaipur
3285,Shruti,shruti439@hotmail.com,Nature,Female,1,0,48,Kolkata
3286,Arjun,arjun129@gmail.com,"City, Historical, Adventure",Male,3,2,59,Pune
3287,Tanvi,tanvi561@gmail.com,Nature,Other,1,1,21,Bangalore
3288,Krishna,krishna252@gmail.com,"Beach, Nature",Female,2,1,46,Mumbai
3289,Vikram,vikram645@hotmail.com,Nature,Male,2,0,30,Jaipur
3290,Ayaan,ayaan553@outlook.com,"City, Historical, Adventure",Male,1,0,58,Ahmedabad
3291,Meera,meera663@rediffmail.com,"City, Adventure",Female,2,0,23,Hyderabad
3292,Ishaan,ishaan621@outlook.com,"Beach, Adventure",Male,1,2,33,Jaipur
3293,Rohit,rohit792@yahoo.com,"City, Historical, Adventure",Other,3,1,33,Delhi
3294,Aadhya,aadhya147@outlook.com,Nature,Female,3,1,42,Kolkata
3295,Usha,usha214@yahoo.com,Adventure,Other,3,0,60,Ahmedabad
3296,Diya,diya821@hotmail.com,Nature,Female,3,2,39,Chennai
3297,Anjali,anjali143@gmail.com,"Beach, Nature",Male,4,1,19,Kolkata
3298,Amit,amit168@hotmail.com,Beach,Female,2,0,32,Pune
3299,Arjun,arjun825@yahoo.com,Adventure,Male,5,0,40,Chennai
3300,Riya,riya501@outlook.com,Beach,Female,5,0,48,Kolkata
3301,Priya,priya542@hotmail.com,City,Female,3,0,35,Surat
3302,Meera,meera726@outlook.com,"Beach, Nature",Male,2,1,38,Mumbai
3303,Deepa,deepa593@yahoo.com,"City, Historical, Adventure",Female,2,1,39,Delhi
3304,Ishaan,ishaan839@gmail.com,Nature,Male,4,2,63,Jaipur
3305,Ananya,ananya612@yahoo.com,"Adventure, Historical",Other,1,0,31,Hyderabad
3306,Sneha,sneha888@yahoo.com,"City, Historical",Male,3,0,60,Pune
3307,Aarav,aarav191@yahoo.com,"Beach, Adventure",Female,4,0,62,Mumbai
3308,Meera,meera933@outlook.com,Adventure,Other,3,2,26,Pune
3309,Ayaan,ayaan885@rediffmail.com,"Nature, Historical",Other,3,0,31,Chennai
3310,Usha,usha543@yahoo.com,"City, Historical",Female,2,1,27,Chennai
3311,Diya,diya456@yahoo.com,"Nature, Adventure",Other,3,0,22,Kolkata
3312,Shruti,shruti410@hotmail.com,"Beach, Historical",Female,2,1,60,Bangalore
3313,Anjali,anjali437@yahoo.com,"Beach, Historical",Male,1,0,27,Mumbai
3314,Vihaan,vihaan913@rediffmail.com,"Nature, Historical",Other,5,0,34,Ahmedabad
3315,Aadhya,aadhya210@yahoo.com,Nature,Female,3,0,50,Bangalore
3316,Ritika,ritika620@hotmail.com,Adventure,Other,3,0,31,Kolkata
3317,Aarav,aarav873@outlook.com,"Beach, City",Other,5,2,56,Bangalore
3318,Vivaan,vivaan576@outlook.com,Nature,Female,3,2,25,Chennai
3319,Ishaan,ishaan268@rediffmail.com,"City, Adventure",Male,5,2,41,Mumbai
3320,Aarav,aarav80@gmail.com,"Adventure, Historical",Female,2,0,51,Mumbai
3321,Ritika,ritika899@gmail.com,"Beach, Adventure",Other,3,1,64,Mumbai
3322,Meera,meera262@gmail.com,"Nature, Adventure",Female,1,0,40,Kolkata
3323,Vikram,vikram916@rediffmail.com,"Adventure, Historical",Male,3,2,30,Ahmedabad
3324,Reyansh,reyansh282@rediffmail.com,"Beach, Adventure",Female,2,0,50,Mumbai
3325,Diya,diya44@rediffmail.com,"Beach, Historical",Male,5,1,38,Kolkata
3326,Meera,meera459@gmail.com,Adventure,Female,3,0,56,Mumbai
3327,Ishaan,ishaan910@hotmail.com,"Beach, Nature",Female,4,1,53,Chennai
3328,Tanvi,tanvi719@gmail.com,Nature,Male,1,1,42,Kolkata
3329,Anjali,anjali433@gmail.com,"City, Historical",Other,3,2,42,Jaipur
3330,Amit,amit594@rediffmail.com,"Beach, Adventure",Other,2,0,48,Mumbai
3331,Rahul,rahul886@gmail.com,"Adventure, Historical",Other,2,0,40,Ahmedabad
3332,Arjun,arjun603@outlook.com,Nature,Female,2,0,41,Chennai
3333,Suresh,suresh975@yahoo.com,"City, Nature",Other,3,1,50,Bangalore
3334,Meera,meera164@hotmail.com,Beach,Other,1,0,62,Jaipur
3335,Rohit,rohit573@gmail.com,"City, Historical",Other,2,2,45,Kolkata
3336,Mohan,mohan497@rediffmail.com,"Beach, Adventure",Male,4,1,18,Bangalore
3337,Neha,neha350@yahoo.com,"Historical, Nature",Female,2,1,45,Surat
3338,Mohan,mohan831@yahoo.com,"Beach, City",Female,1,0,65,Mumbai
3339,Kavya,kavya328@yahoo.com,City,Female,5,0,33,Mumbai
3340,Ritika,ritika479@yahoo.com,"Beach, Historical",Other,5,2,26,Mumbai
3341,Divya,divya784@yahoo.com,"Beach, Historical, Nature",Other,4,3,48,Jaipur
3342,Divya,divya942@gmail.com,"Beach, Nature",Other,2,0,62,Jaipur
3343,Neha,neha944@hotmail.com,"Beach, Adventure",Male,4,0,46,Delhi
3344,Ishaan,ishaan75@gmail.com,"Adventure, City",Other,4,0,36,Hyderabad
3345,Shruti,shruti222@gmail.com,"City, Adventure",Other,3,2,62,Jaipur
3346,Tanvi,tanvi97@rediffmail.com,Nature,Male,3,1,48,Delhi
3347,Vikram,vikram374@rediffmail.com,Nature,Female,4,0,47,Kolkata
3348,Meera,meera42@rediffmail.com,"Nature, Adventure, Beach",Other,3,1,33,Chennai
3349,Meera,meera798@outlook.com,"Beach, Historical",Male,3,0,28,Hyderabad
3350,Krishna,krishna691@hotmail.com,"City, Adventure",Male,4,1,62,Bangalore
3351,Krishna,krishna858@gmail.com,"City, Historical, Adventure",Male,4,0,57,Mumbai
3352,Divya,divya22@outlook.com,"Nature, Historical",Female,3,0,25,Pune
3353,Shruti,shruti808@rediffmail.com,"Beach, Nature",Male,5,0,65,Delhi
3354,Aditya,aditya71@hotmail.com,"Adventure, City",Female,1,1,26,Kolkata
3355,Amit,amit574@rediffmail.com,"Beach, Adventure",Other,2,0,39,Surat
3356,Divya,divya885@rediffmail.com,"Beach, Adventure",Male,2,1,63,Chennai
3357,Amit,amit504@gmail.com,"Nature, Adventure, Beach",Male,1,1,48,Surat
3358,Sai,sai838@outlook.com,Beach,Male,5,1,44,Kolkata
3359,Meera,meera696@yahoo.com,"Adventure, City",Male,4,0,49,Bangalore
3360,Deepa,deepa434@outlook.com,"Adventure, City",Other,1,0,39,Hyderabad
3361,Geeta,geeta924@yahoo.com,Adventure,Other,1,0,20,Bangalore
3362,Vivaan,vivaan560@hotmail.com,"Nature, Adventure",Male,2,1,19,Pune
3363,Sai,sai604@gmail.com,"Beach, Historical, Nature",Female,2,2,49,Delhi
3364,Kiran,kiran978@yahoo.com,"Nature, Adventure",Other,3,0,33,Pune
3365,Deepa,deepa866@yahoo.com,Beach,Other,3,2,30,Mumbai
3366,Sai,sai929@gmail.com,"Nature, Adventure",Other,1,0,56,Surat
3367,Riya,riya68@rediffmail.com,Historical,Other,1,0,37,Ahmedabad
3368,Aditya,aditya178@rediffmail.com,"City, Nature",Female,3,0,39,Ahmedabad
3369,Rekha,rekha775@yahoo.com,"Nature, Adventure, Beach",Other,1,1,21,Hyderabad
3370,Kiara,kiara649@hotmail.com,Nature,Female,1,1,43,Bangalore
3371,Ritika,ritika939@gmail.com,City,Male,1,0,58,Kolkata
3372,Anjali,anjali69@outlook.com,"City, Historical, Adventure",Female,4,2,34,Jaipur
3373,Aarav,aarav893@outlook.com,"City, Nature",Male,5,2,23,Mumbai
3374,Amit,amit698@rediffmail.com,"Beach, Adventure",Other,4,0,57,Kolkata
3375,Shruti,shruti953@yahoo.com,"Nature, Adventure, Beach",Female,3,0,26,Delhi
3376,Mohan,mohan599@gmail.com,"Nature, Historical",Male,3,1,48,Kolkata
3377,Amit,amit664@gmail.com,"Beach, Nature",Female,4,0,62,Delhi
3378,Neha,neha508@hotmail.com,Beach,Male,3,1,31,Kolkata
3379,Riya,riya443@rediffmail.com,City,Other,3,0,64,Kolkata
3380,Kavya,kavya471@hotmail.com,"Historical, Nature",Other,2,0,45,Jaipur
3381,Neha,neha851@rediffmail.com,"Beach, Historical",Other,3,0,59,Kolkata
3382,Sai,sai973@hotmail.com,"Adventure, Historical",Male,2,2,56,Ahmedabad
3383,Rekha,rekha1@hotmail.com,"Nature, Historical",Other,3,2,54,Ahmedabad
3384,Reyansh,reyansh139@outlook.com,"Adventure, Historical",Other,2,0,45,Pune
3385,Rekha,rekha857@hotmail.com,Beach,Female,1,2,53,Pune
3386,Ritika,ritika26@outlook.com,"Beach, Historical",Male,5,2,36,Delhi
3387,Pooja,pooja112@hotmail.com,"Adventure, Historical",Female,3,0,22,Bangalore
3388,Geeta,geeta981@outlook.com,Beach,Female,4,1,46,Delhi
3389,Ayaan,ayaan862@outlook.com,City,Female,1,2,41,Mumbai
3390,Aarav,aarav736@rediffmail.com,"Historical, Nature",Female,2,1,29,Ahmedabad
3391,Pooja,pooja575@hotmail.com,"City, Adventure",Other,2,0,32,Mumbai
3392,Ishaan,ishaan604@yahoo.com,"Beach, Historical",Male,1,2,39,Mumbai
3393,Arjun,arjun660@rediffmail.com,Beach,Other,1,0,54,Mumbai
3394,Kiran,kiran678@rediffmail.com,"City, Adventure",Male,5,0,30,Kolkata
3395,Rekha,rekha216@gmail.com,"Beach, Historical, Nature",Male,2,2,18,Jaipur
3396,Diya,diya21@yahoo.com,"Beach, City",Male,5,1,45,Bangalore
3397,Priya,priya719@rediffmail.com,Historical,Female,2,2,65,Hyderabad
3398,Vivaan,vivaan715@outlook.com,Adventure,Other,1,1,35,Hyderabad
3399,Kiran,kiran969@rediffmail.com,"City, Adventure",Female,3,2,34,Mumbai
3400,Vikram,vikram556@hotmail.com,"Beach, Adventure",Female,3,0,41,Chennai
3401,Priya,priya339@gmail.com,"Beach, City",Female,3,2,52,Kolkata
3402,Amit,amit950@rediffmail.com,"Beach, Adventure",Other,3,0,30,Hyderabad
3403,Mohan,mohan760@yahoo.com,"City, Adventure",Other,3,0,28,Kolkata
3404,Shruti,shruti222@hotmail.com,Beach,Female,3,0,19,Jaipur
3405,Tanvi,tanvi374@rediffmail.com,Adventure,Male,5,2,36,Chennai
3406,Kavya,kavya792@hotmail.com,"Nature, Adventure, Beach",Other,2,2,34,Hyderabad
3407,Riya,riya893@hotmail.com,"Nature, Adventure, Beach",Other,2,1,40,Mumbai
3408,Nisha,nisha327@gmail.com,"City, Adventure",Other,1,0,35,Kolkata
3409,Divya,divya170@gmail.com,"Nature, Adventure",Female,2,0,56,Chennai
3410,Sunita,sunita47@hotmail.com,Historical,Male,5,0,27,Surat
3411,Rahul,rahul277@outlook.com,"Beach, Historical",Male,3,0,44,Bangalore
3412,Rohit,rohit573@outlook.com,"Beach, Nature",Female,1,0,62,Mumbai
3413,Nisha,nisha352@gmail.com,"Historical, Nature",Other,1,0,32,Delhi
3414,Krishna,krishna931@hotmail.com,"Nature, Adventure, Beach",Female,4,1,61,Chennai
3415,Kiara,kiara769@hotmail.com,"Nature, Adventure, Beach",Female,2,2,64,Delhi
3416,Ayaan,ayaan146@yahoo.com,"City, Adventure",Other,1,3,28,Kolkata
3417,Amit,amit190@hotmail.com,"Beach, City",Male,3,2,42,Bangalore
3418,Amit,amit114@gmail.com,City,Female,2,1,53,Pune
3419,Amit,amit300@outlook.com,"City, Historical",Female,3,0,20,Surat
3420,Sai,sai599@yahoo.com,"Adventure, Historical",Male,1,1,37,Pune
3421,Amit,amit321@yahoo.com,Historical,Other,1,1,26,Jaipur
3422,Ananya,ananya557@gmail.com,Nature,Female,2,0,42,Delhi
3423,Krishna,krishna867@gmail.com,"Adventure, Historical",Female,2,0,64,Bangalore
3424,Lakshmi,lakshmi264@gmail.com,"Historical, Nature",Female,1,0,25,Ahmedabad
3425,Pooja,pooja402@yahoo.com,"Beach, Historical",Other,3,0,54,Chennai
3426,Sai,sai618@hotmail.com,"City, Nature",Male,4,0,57,Surat
3427,Rohit,rohit973@gmail.com,Nature,Other,2,0,39,Mumbai
3428,Rohit,rohit739@rediffmail.com,"City, Historical, Adventure",Other,1,2,61,Kolkata
3429,Pooja,pooja234@gmail.com,"Historical, Nature",Male,2,0,51,Ahmedabad
3430,Anjali,anjali981@gmail.com,"Nature, Historical",Other,2,2,60,Hyderabad
3431,Ishaan,ishaan59@yahoo.com,"City, Adventure",Other,4,0,41,Mumbai
3432,Ishaan,ishaan567@yahoo.com,"City, Nature",Male,2,0,41,Pune
3433,Pooja,pooja388@hotmail.com,"Historical, Nature",Other,3,0,39,Hyderabad
3434,Geeta,geeta25@outlook.com,"Beach, City",Male,4,1,63,Chennai
3435,Nisha,nisha255@hotmail.com,"Nature, Adventure, Beach",Female,2,2,20,Bangalore
3436,Geeta,geeta496@hotmail.com,"Beach, Nature",Other,3,0,44,Bangalore
3437,Geeta,geeta118@hotmail.com,"Nature, Adventure, Beach",Male,2,2,39,Delhi
3438,Pooja,pooja219@yahoo.com,City,Male,4,0,57,Delhi
3439,Vihaan,vihaan749@rediffmail.com,Adventure,Male,4,0,24,Surat
3440,Mohan,mohan253@hotmail.com,"City, Historical, Adventure",Male,4,0,61,Jaipur
3441,Lakshmi,lakshmi797@hotmail.com,"Beach, Nature",Male,2,1,61,Jaipur
3442,Shruti,shruti2@hotmail.com,"Nature, Historical",Female,4,1,64,Delhi
3443,Suresh,suresh885@yahoo.com,"Nature, Adventure",Female,2,0,29,Mumbai
3444,Krishna,krishna795@hotmail.com,City,Male,3,1,20,Chennai
3445,Nisha,nisha654@outlook.com,"Nature, Adventure",Male,3,1,46,Kolkata
3446,Vihaan,vihaan244@gmail.com,"Beach, City",Male,3,1,31,Hyderabad
3447,Deepa,deepa702@hotmail.com,"City, Adventure",Female,3,1,64,Bangalore
3448,Riya,riya808@hotmail.com,"Beach, Historical, Nature",Other,1,0,33,Ahmedabad
3449,Krishna,krishna458@yahoo.com,"City, Historical",Male,4,0,33,Chennai
3450,Sneha,sneha385@gmail.com,"Beach, Nature",Other,2,0,24,Chennai
3451,Ritika,ritika674@rediffmail.com,"Historical, Nature",Female,4,0,53,Chennai
3452,Arjun,arjun903@hotmail.com,City,Male,3,1,32,Kolkata
3453,Aarav,aarav244@rediffmail.com,"City, Historical, Adventure",Other,3,0,62,Jaipur
3454,Riya,riya756@hotmail.com,"Nature, Adventure, Beach",Male,2,1,63,Hyderabad
3455,Shruti,shruti439@hotmail.com,"Historical, Nature",Male,1,0,23,Hyderabad
3456,Reyansh,reyansh800@gmail.com,Adventure,Male,2,0,35,Ahmedabad
3457,Suresh,suresh893@gmail.com,"Beach, Historical, Nature",Other,2,0,47,Mumbai
3458,Anjali,anjali381@gmail.com,"Beach, Nature",Other,4,1,59,Hyderabad
3459,Suresh,suresh266@outlook.com,Nature,Other,2,1,40,Pune
3460,Vikram,vikram843@gmail.com,"Nature, Adventure, Beach",Male,2,0,33,Jaipur
3461,Pooja,pooja752@gmail.com,City,Other,2,0,45,Chennai
3462,Geeta,geeta363@hotmail.com,"Beach, Nature",Male,3,1,42,Jaipur
3463,Ritika,ritika225@gmail.com,"City, Adventure",Female,2,0,30,Ahmedabad
3464,Anjali,anjali490@outlook.com,"Nature, Adventure",Male,3,0,59,Hyderabad
3465,Vikram,vikram985@gmail.com,"Nature, Historical",Female,4,2,29,Jaipur
3466,Lakshmi,lakshmi210@yahoo.com,"Beach, Historical",Female,5,0,47,Kolkata
3467,Reyansh,reyansh701@outlook.com,"Historical, Nature",Other,3,0,36,Ahmedabad
3468,Kiara,kiara116@rediffmail.com,Beach,Other,3,0,44,Hyderabad
3469,Tanvi,tanvi28@outlook.com,Beach,Female,2,3,42,Surat
3470,Neha,neha925@hotmail.com,"Beach, Historical",Male,2,1,32,Mumbai
3471,Vivaan,vivaan285@rediffmail.com,"City, Nature",Female,3,2,32,Kolkata
3472,Kiara,kiara707@gmail.com,"City, Adventure",Other,5,1,27,Surat
3473,Ayaan,ayaan678@yahoo.com,Adventure,Male,2,1,35,Delhi
3474,Aditya,aditya930@outlook.com,"Nature, Adventure",Female,3,1,55,Delhi
3475,Sai,sai557@hotmail.com,"Historical, Nature",Male,3,0,25,Ahmedabad
3476,Diya,diya21@gmail.com,"Beach, Historical, Nature",Male,2,1,43,Mumbai
3477,Tanvi,tanvi343@hotmail.com,City,Other,3,2,51,Hyderabad
3478,Sunita,sunita489@outlook.com,"City, Historical, Adventure",Other,2,1,38,Bangalore
3479,Krishna,krishna110@hotmail.com,"Beach, Nature",Male,2,2,39,Kolkata
3480,Amit,amit530@gmail.com,"Beach, Historical, Nature",Other,3,0,18,Kolkata
3481,Arjun,arjun505@yahoo.com,"Adventure, Historical",Female,4,0,44,Chennai
3482,Reyansh,reyansh173@rediffmail.com,Historical,Female,4,0,29,Kolkata
3483,Reyansh,reyansh429@rediffmail.com,"Nature, Historical",Other,2,0,53,Ahmedabad
3484,Arjun,arjun91@rediffmail.com,"Beach, Adventure",Other,4,1,59,Surat
3485,Geeta,geeta55@hotmail.com,City,Male,3,0,31,Mumbai
3486,Shruti,shruti79@hotmail.com,Adventure,Female,2,1,28,Delhi
3487,Vikram,vikram228@yahoo.com,Nature,Male,4,0,48,Surat
3488,Anjali,anjali338@outlook.com,"City, Historical, Adventure",Male,4,0,62,Surat
3489,Vihaan,vihaan249@hotmail.com,"Historical, Nature",Other,2,0,51,Pune
3490,Neha,neha231@outlook.com,Nature,Male,3,2,53,Delhi
3491,Ishaan,ishaan494@outlook.com,"Beach, Adventure",Other,3,0,38,Pune
3492,Reyansh,reyansh449@outlook.com,"City, Historical",Other,3,0,53,Delhi
3493,Priya,priya853@hotmail.com,Nature,Male,5,0,63,Bangalore
3494,Diya,diya416@gmail.com,"Beach, Nature",Other,3,0,56,Hyderabad
3495,Amit,amit265@gmail.com,"Beach, Adventure",Other,4,0,32,Delhi
3496,Rahul,rahul399@yahoo.com,"Nature, Adventure",Other,2,2,48,Surat
3497,Kiran,kiran534@outlook.com,"Nature, Adventure, Beach",Male,3,0,60,Hyderabad
3498,Suresh,suresh904@rediffmail.com,"Beach, Historical, Nature",Female,1,0,64,Mumbai
3499,Mohan,mohan768@rediffmail.com,"Nature, Adventure, Beach",Male,3,0,58,Chennai
3500,Rohit,rohit667@gmail.com,Nature,Female,3,0,31,Chennai
3501,Usha,usha482@yahoo.com,Nature,Female,1,1,25,Jaipur
3502,Kiara,kiara724@outlook.com,"Beach, Historical",Other,5,0,59,Bangalore
3503,Kavya,kavya753@outlook.com,"Beach, Nature",Other,3,2,64,Chennai
3504,Vihaan,vihaan422@yahoo.com,"Historical, Nature",Other,2,0,18,Delhi
3505,Ritika,ritika103@outlook.com,"Nature, Historical",Female,2,1,53,Hyderabad
3506,Ishaan,ishaan686@gmail.com,"Historical, Nature",Other,2,2,41,Mumbai
3507,Rekha,rekha316@hotmail.com,Nature,Female,3,2,25,Ahmedabad
3508,Lakshmi,lakshmi674@gmail.com,"Adventure, Historical",Female,5,0,54,Hyderabad
3509,Reyansh,reyansh317@hotmail.com,"City, Adventure",Male,3,1,22,Chennai
3510,Divya,divya40@outlook.com,"Nature, Historical",Other,1,2,23,Surat
3511,Vihaan,vihaan521@yahoo.com,Beach,Male,3,2,22,Mumbai
3512,Diya,diya326@hotmail.com,"Adventure, Historical",Other,2,1,55,Bangalore
3513,Aditya,aditya650@yahoo.com,"City, Nature",Female,2,0,55,Kolkata
3514,Rekha,rekha178@yahoo.com,"City, Historical, Adventure",Female,2,1,23,Surat
3515,Priya,priya96@gmail.com,"Beach, Historical, Nature",Male,3,0,57,Chennai
3516,Nisha,nisha130@outlook.com,"Adventure, City",Female,1,0,29,Ahmedabad
3517,Diya,diya277@hotmail.com,"Beach, Adventure",Male,4,1,52,Surat
3518,Kiara,kiara976@yahoo.com,"Beach, City",Male,2,0,65,Ahmedabad
3519,Vikram,vikram447@rediffmail.com,"Beach, City",Other,1,0,41,Hyderabad
3520,Ananya,ananya292@yahoo.com,"Beach, Historical, Nature",Male,2,1,26,Ahmedabad
3521,Rohit,rohit352@gmail.com,Historical,Female,2,2,19,Surat
3522,Amit,amit168@rediffmail.com,City,Other,5,1,48,Mumbai
3523,Riya,riya583@hotmail.com,"Nature, Adventure, Beach",Female,2,0,56,Delhi
3524,Tanvi,tanvi415@outlook.com,"Nature, Adventure",Female,2,2,51,Chennai
3525,Aarav,aarav39@rediffmail.com,"City, Historical, Adventure",Female,2,1,47,Chennai
3526,Sneha,sneha292@rediffmail.com,Beach,Other,2,3,45,Jaipur
3527,Geeta,geeta552@rediffmail.com,"City, Historical, Adventure",Female,2,0,24,Jaipur
3528,Vivaan,vivaan894@hotmail.com,"City, Historical, Adventure",Male,1,0,46,Delhi
3529,Sai,sai27@yahoo.com,City,Female,4,3,46,Delhi
3530,Rohit,rohit402@hotmail.com,"City, Adventure",Female,2,0,59,Pune
3531,Arjun,arjun556@rediffmail.com,Nature,Male,3,0,60,Hyderabad
3532,Priya,priya577@yahoo.com,"Beach, Adventure",Female,3,3,41,Surat
3533,Lakshmi,lakshmi590@rediffmail.com,"Adventure, Historical",Male,4,3,35,Pune
3534,Vivaan,vivaan662@outlook.com,Nature,Female,4,1,32,Jaipur
3535,Rohit,rohit319@gmail.com,"Adventure, City",Other,3,0,29,Ahmedabad
3536,Lakshmi,lakshmi74@hotmail.com,"Beach, Historical, Nature",Other,2,0,46,Delhi
3537,Nisha,nisha982@gmail.com,"Adventure, City",Female,1,2,33,Ahmedabad
3538,Rahul,rahul893@hotmail.com,Nature,Other,2,0,37,Ahmedabad
3539,Arjun,arjun645@hotmail.com,"City, Nature",Other,3,1,65,Kolkata
3540,Mohan,mohan890@gmail.com,Beach,Male,2,0,19,Delhi
3541,Vivaan,vivaan789@gmail.com,"Adventure, City",Female,3,0,39,Delhi
3542,Usha,usha665@yahoo.com,"Beach, Historical",Female,3,1,41,Bangalore
3543,Shruti,shruti471@outlook.com,City,Female,4,0,31,Kolkata
3544,Rahul,rahul425@yahoo.com,"Nature, Adventure",Male,3,0,37,Hyderabad
3545,Aadhya,aadhya644@rediffmail.com,"Beach, City",Female,3,1,65,Chennai
3546,Kiara,kiara108@rediffmail.com,"City, Historical",Other,5,0,41,Jaipur
3547,Deepa,deepa91@hotmail.com,"Nature, Adventure",Female,4,2,46,Hyderabad
3548,Sneha,sneha888@outlook.com,Historical,Female,4,0,44,Bangalore
3549,Vikram,vikram251@hotmail.com,Historical,Other,2,0,57,Ahmedabad
3550,Rekha,rekha501@hotmail.com,"Beach, City",Female,5,2,57,Hyderabad
3551,Meera,meera666@yahoo.com,"Nature, Historical",Other,3,0,40,Chennai
3552,Pooja,pooja768@hotmail.com,"Beach, City",Male,5,2,48,Kolkata
3553,Divya,divya430@rediffmail.com,Adventure,Female,1,2,19,Jaipur
3554,Deepa,deepa479@outlook.com,"City, Historical",Female,3,0,37,Delhi
3555,Arjun,arjun325@hotmail.com,"Beach, Adventure",Other,4,0,55,Mumbai
3556,Aditya,aditya659@gmail.com,"City, Historical, Adventure",Female,3,2,41,Kolkata
3557,Amit,amit744@rediffmail.com,"Adventure, City",Male,3,1,39,Chennai
3558,Anjali,anjali982@outlook.com,Nature,Female,2,3,30,Bangalore
3559,Deepa,deepa441@gmail.com,"Beach, Historical",Male,2,0,54,Delhi
3560,Arjun,arjun62@yahoo.com,"Nature, Historical",Other,5,1,44,Delhi
3561,Sai,sai615@rediffmail.com,City,Other,3,0,38,Delhi
3562,Sai,sai561@gmail.com,"Adventure, Historical",Other,2,3,35,Kolkata
3563,Lakshmi,lakshmi79@outlook.com,"Nature, Historical",Female,2,2,50,Kolkata
3564,Neha,neha499@gmail.com,"Beach, City",Other,2,1,43,Kolkata
3565,Mohan,mohan907@yahoo.com,"Nature, Adventure, Beach",Male,3,1,41,Kolkata
3566,Rohit,rohit615@rediffmail.com,"City, Adventure",Male,3,1,35,Bangalore
3567,Kiara,kiara709@yahoo.com,"Beach, Historical",Other,2,1,49,Kolkata
3568,Meera,meera876@gmail.com,"Adventure, Historical",Female,4,1,57,Ahmedabad
3569,Lakshmi,lakshmi179@yahoo.com,"City, Historical",Female,1,0,23,Ahmedabad
3570,Vikram,vikram386@gmail.com,"Nature, Historical",Female,2,2,31,Ahmedabad
3571,Geeta,geeta859@gmail.com,"Beach, City",Female,3,1,28,Hyderabad
3572,Divya,divya307@outlook.com,"Adventure, City",Male,2,1,36,Delhi
3573,Vivaan,vivaan953@yahoo.com,"City, Nature",Other,2,0,40,Delhi
3574,Ritika,ritika938@hotmail.com,Nature,Female,5,2,48,Hyderabad
3575,Reyansh,reyansh209@gmail.com,"Beach, Adventure",Female,1,1,18,Bangalore
3576,Amit,amit527@outlook.com,"Beach, Adventure",Female,5,3,38,Ahmedabad
3577,Sai,sai358@yahoo.com,"Nature, Adventure, Beach",Other,4,0,28,Delhi
3578,Shruti,shruti564@rediffmail.com,"Adventure, Historical",Female,4,2,21,Surat
3579,Anjali,anjali311@gmail.com,"Historical, Nature",Other,5,0,51,Delhi
3580,Vikram,vikram472@outlook.com,"Nature, Adventure, Beach",Male,2,0,24,Surat
3581,Kiara,kiara319@rediffmail.com,"City, Historical, Adventure",Male,3,1,20,Mumbai
3582,Diya,diya984@rediffmail.com,"City, Historical",Female,4,0,26,Surat
3583,Ananya,ananya320@yahoo.com,"Beach, Nature",Other,3,0,47,Chennai
3584,Vihaan,vihaan861@rediffmail.com,"Beach, Nature",Male,1,0,48,Chennai
3585,Meera,meera93@gmail.com,"Nature, Historical",Other,2,0,23,Pune
3586,Amit,amit372@yahoo.com,"Nature, Adventure",Male,2,0,21,Hyderabad
3587,Meera,meera11@hotmail.com,Historical,Other,1,1,21,Surat
3588,Deepa,deepa370@rediffmail.com,"Beach, Historical, Nature",Female,3,0,47,Kolkata
3589,Lakshmi,lakshmi244@outlook.com,"Adventure, Historical",Female,1,1,29,Surat
3590,Geeta,geeta101@yahoo.com,Nature,Other,4,1,39,Bangalore
3591,Vihaan,vihaan427@outlook.com,"City, Historical",Other,5,2,19,Kolkata
3592,Reyansh,reyansh940@hotmail.com,Beach,Other,3,0,62,Ahmedabad
3593,Krishna,krishna164@outlook.com,"Adventure, City",Other,1,1,44,Ahmedabad
3594,Krishna,krishna156@gmail.com,Adventure,Female,5,0,59,Kolkata
3595,Usha,usha583@hotmail.com,"Adventure, City",Male,3,1,49,Surat
3596,Sai,sai764@gmail.com,"Beach, Historical",Female,3,0,58,Pune
3597,Shruti,shruti133@yahoo.com,"Beach, Historical, Nature",Other,2,1,28,Bangalore
3598,Vivaan,vivaan48@hotmail.com,"Beach, City",Other,2,0,26,Hyderabad
3599,Diya,diya570@hotmail.com,"Beach, Nature",Male,3,0,39,Bangalore
3600,Aditya,aditya340@rediffmail.com,"Beach, Historical",Other,5,2,51,Kolkata
3601,Vivaan,vivaan826@hotmail.com,"Nature, Adventure",Female,3,0,29,Hyderabad
3602,Aarav,aarav429@outlook.com,"Nature, Historical",Female,2,3,43,Surat
3603,Rohit,rohit43@rediffmail.com,"Beach, Historical",Female,4,1,64,Surat
3604,Neha,neha339@hotmail.com,Beach,Other,2,0,42,Pune
3605,Amit,amit442@yahoo.com,"City, Nature",Other,3,1,50,Jaipur
3606,Vikram,vikram356@hotmail.com,"Nature, Adventure, Beach",Other,4,0,42,Mumbai
3607,Deepa,deepa663@yahoo.com,"Adventure, City",Other,1,0,24,Chennai
3608,Mohan,mohan392@gmail.com,"Beach, City",Female,4,0,46,Delhi
3609,Sunita,sunita631@gmail.com,"Beach, Adventure",Other,1,0,64,Hyderabad
3610,Anjali,anjali601@outlook.com,"City, Nature",Other,2,1,36,Hyderabad
3611,Arjun,arjun604@gmail.com,"Beach, City",Female,4,1,41,Chennai
3612,Nisha,nisha452@yahoo.com,"Beach, Historical, Nature",Male,3,2,65,Kolkata
3613,Tanvi,tanvi221@gmail.com,"City, Historical, Adventure",Female,3,0,64,Kolkata
3614,Shruti,shruti9@rediffmail.com,"Beach, City",Other,4,0,58,Ahmedabad
3615,Deepa,deepa855@outlook.com,Beach,Other,3,1,28,Pune
3616,Ritika,ritika680@yahoo.com,"Historical, Nature",Other,5,1,18,Delhi
3617,Anjali,anjali224@yahoo.com,"City, Nature",Female,2,0,50,Ahmedabad
3618,Rohit,rohit438@rediffmail.com,"Nature, Historical",Other,5,0,44,Jaipur
3619,Neha,neha19@rediffmail.com,Beach,Female,2,1,48,Hyderabad
3620,Sneha,sneha589@outlook.com,"City, Historical, Adventure",Female,2,0,40,Chennai
3621,Sai,sai961@hotmail.com,"Adventure, Historical",Female,3,1,56,Bangalore
3622,Neha,neha717@rediffmail.com,Adventure,Female,3,0,35,Delhi
3623,Arjun,arjun723@outlook.com,City,Female,3,3,28,Kolkata
3624,Pooja,pooja331@gmail.com,"Beach, Nature",Other,3,0,39,Chennai
3625,Sneha,sneha628@hotmail.com,"City, Adventure",Female,1,0,59,Kolkata
3626,Nisha,nisha909@gmail.com,"Nature, Adventure, Beach",Female,2,1,33,Mumbai
3627,Vihaan,vihaan580@yahoo.com,"City, Adventure",Other,3,0,25,Kolkata
3628,Diya,diya858@gmail.com,"City, Historical",Other,2,0,58,Bangalore
3629,Ananya,ananya945@outlook.com,"Adventure, City",Male,3,1,65,Chennai
3630,Nisha,nisha791@rediffmail.com,"Historical, Nature",Female,2,1,54,Ahmedabad
3631,Priya,priya447@gmail.com,"City, Historical",Other,4,3,35,Mumbai
3632,Aadhya,aadhya202@outlook.com,"Beach, Historical, Nature",Male,1,2,32,Jaipur
3633,Riya,riya384@rediffmail.com,Beach,Female,5,0,40,Pune
3634,Priya,priya280@hotmail.com,"Beach, Historical",Female,2,0,43,Mumbai
3635,Usha,usha912@hotmail.com,Adventure,Female,5,2,43,Bangalore
3636,Shruti,shruti140@gmail.com,"Adventure, Historical",Other,2,2,37,Surat
3637,Sunita,sunita65@gmail.com,"Nature, Adventure, Beach",Other,2,1,40,Kolkata
3638,Pooja,pooja757@yahoo.com,City,Female,3,0,23,Pune
3639,Rahul,rahul740@yahoo.com,"Beach, Historical, Nature",Male,4,1,47,Pune
3640,Rahul,rahul563@yahoo.com,"City, Historical",Male,2,0,31,Surat
3641,Suresh,suresh408@hotmail.com,City,Female,2,0,46,Ahmedabad
3642,Usha,usha796@gmail.com,Adventure,Female,1,2,54,Surat
3643,Reyansh,reyansh622@rediffmail.com,"City, Historical",Female,2,0,27,Surat
3644,Sneha,sneha307@gmail.com,"Nature, Historical",Other,4,0,61,Delhi
3645,Lakshmi,lakshmi940@outlook.com,"Nature, Adventure, Beach",Other,2,1,33,Ahmedabad
3646,Rohit,rohit679@rediffmail.com,Adventure,Female,2,0,42,Pune
3647,Geeta,geeta920@gmail.com,Adventure,Male,2,0,57,Hyderabad
3648,Aadhya,aadhya654@outlook.com,"City, Nature",Female,3,1,24,Pune
3649,Deepa,deepa820@rediffmail.com,"Historical, Nature",Male,3,2,35,Surat
3650,Vihaan,vihaan499@hotmail.com,"City, Nature",Female,4,0,41,Surat
3651,Divya,divya478@gmail.com,"Nature, Adventure",Other,1,0,39,Hyderabad
3652,Divya,divya466@yahoo.com,"Nature, Historical",Other,5,0,22,Hyderabad
3653,Ritika,ritika496@yahoo.com,"Historical, Nature",Female,5,0,50,Pune
3654,Kiran,kiran261@gmail.com,"City, Nature",Female,2,3,58,Jaipur
3655,Nisha,nisha98@hotmail.com,"Beach, Historical, Nature",Female,4,0,31,Surat
3656,Rahul,rahul156@yahoo.com,"Adventure, City",Other,2,0,53,Mumbai
3657,Geeta,geeta805@outlook.com,Adventure,Other,3,2,41,Ahmedabad
3658,Reyansh,reyansh670@hotmail.com,Beach,Male,2,2,51,Hyderabad
3659,Ayaan,ayaan796@yahoo.com,Nature,Male,2,1,59,Hyderabad
3660,Pooja,pooja2@outlook.com,"Beach, Historical",Female,1,0,55,Jaipur
3661,Reyansh,reyansh261@hotmail.com,"City, Historical, Adventure",Female,3,2,62,Chennai
3662,Meera,meera128@rediffmail.com,"City, Adventure",Other,2,0,20,Ahmedabad
3663,Aadhya,aadhya512@outlook.com,"City, Adventure",Other,4,0,47,Mumbai
3664,Diya,diya624@hotmail.com,"Beach, Nature",Male,1,0,61,Mumbai
3665,Aditya,aditya777@gmail.com,Historical,Other,1,0,54,Hyderabad
3666,Sunita,sunita35@hotmail.com,"Beach, Historical, Nature",Female,3,0,51,Pune
3667,Rahul,rahul697@gmail.com,Beach,Other,2,1,41,Surat
3668,Riya,riya681@rediffmail.com,"City, Historical, Adventure",Female,2,1,40,Chennai
3669,Lakshmi,lakshmi499@yahoo.com,"City, Adventure",Other,4,1,56,Kolkata
3670,Aditya,aditya501@gmail.com,Historical,Male,1,1,35,Delhi
3671,Aadhya,aadhya237@outlook.com,"Beach, Nature",Male,3,0,30,Mumbai
3672,Rekha,rekha480@outlook.com,"Historical, Nature",Female,3,3,32,Kolkata
3673,Kiran,kiran872@yahoo.com,"Adventure, Historical",Female,3,1,44,Jaipur
3674,Arjun,arjun974@outlook.com,City,Male,2,1,60,Mumbai
3675,Vihaan,vihaan937@hotmail.com,"City, Nature",Female,4,0,41,Ahmedabad
3676,Ishaan,ishaan400@gmail.com,City,Male,5,0,60,Kolkata
3677,Riya,riya919@hotmail.com,"City, Historical, Adventure",Female,3,2,27,Ahmedabad
3678,Anjali,anjali400@hotmail.com,"City, Historical, Adventure",Male,1,0,26,Chennai
3679,Kavya,kavya78@outlook.com,"Historical, Nature",Female,4,2,23,Delhi
3680,Geeta,geeta501@rediffmail.com,"City, Historical, Adventure",Male,4,2,37,Kolkata
3681,Rahul,rahul463@outlook.com,"Beach, City",Female,5,1,29,Pune
3682,Rahul,rahul287@outlook.com,"City, Historical",Male,3,2,62,Ahmedabad
3683,Rohit,rohit88@yahoo.com,Beach,Female,2,3,61,Pune
3684,Ishaan,ishaan60@yahoo.com,"Beach, Historical, Nature",Other,3,0,55,Chennai
3685,Pooja,pooja858@hotmail.com,City,Female,4,1,35,Jaipur
3686,Sai,sai267@hotmail.com,"Adventure, City",Male,1,0,60,Ahmedabad
3687,Riya,riya204@yahoo.com,"Adventure, Historical",Female,5,2,25,Bangalore
3688,Pooja,pooja174@rediffmail.com,"Beach, Adventure",Female,1,0,48,Kolkata
3689,Meera,meera480@hotmail.com,"Nature, Adventure",Other,3,3,60,Jaipur
3690,Lakshmi,lakshmi112@rediffmail.com,"City, Nature",Female,2,1,41,Mumbai
3691,Tanvi,tanvi432@hotmail.com,"City, Historical",Other,2,3,49,Bangalore
3692,Aditya,aditya289@rediffmail.com,City,Other,2,0,37,Delhi
3693,Neha,neha400@rediffmail.com,"City, Nature",Male,2,2,28,Kolkata
3694,Nisha,nisha671@outlook.com,Beach,Female,3,0,24,Surat
3695,Usha,usha86@hotmail.com,"Nature, Adventure",Female,3,1,32,Surat
3696,Vivaan,vivaan397@outlook.com,"City, Historical, Adventure",Male,5,1,49,Mumbai
3697,Kiara,kiara306@yahoo.com,"Adventure, Historical",Other,5,1,56,Jaipur
3698,Vihaan,vihaan127@rediffmail.com,"City, Historical",Other,4,1,24,Chennai
3699,Kiran,kiran558@yahoo.com,"City, Historical, Adventure",Female,2,0,35,Bangalore
3700,Ayaan,ayaan984@outlook.com,"City, Nature",Male,3,1,43,Bangalore
3701,Rohit,rohit976@yahoo.com,Beach,Male,1,0,54,Mumbai
3702,Mohan,mohan725@rediffmail.com,Historical,Female,4,1,27,Surat
3703,Kiara,kiara204@outlook.com,"Beach, Historical, Nature",Male,4,2,30,Surat
3704,Sai,sai5@hotmail.com,"City, Adventure",Female,2,2,23,Jaipur
3705,Nisha,nisha347@outlook.com,Beach,Other,2,1,40,Delhi
3706,Vivaan,vivaan898@yahoo.com,"City, Historical",Female,1,2,23,Bangalore
3707,Ritika,ritika251@yahoo.com,"City, Historical",Other,2,1,58,Surat
3708,Tanvi,tanvi580@rediffmail.com,"Beach, Historical",Male,2,1,56,Jaipur
3709,Reyansh,reyansh505@hotmail.com,"City, Historical",Female,3,0,40,Kolkata
3710,Neha,neha463@gmail.com,"City, Historical, Adventure",Female,1,0,62,Kolkata
3711,Aarav,aarav338@gmail.com,Beach,Female,3,0,58,Ahmedabad
3712,Geeta,geeta329@yahoo.com,"City, Nature",Female,2,0,53,Jaipur
3713,Kiran,kiran469@hotmail.com,Nature,Male,1,0,37,Pune
3714,Geeta,geeta819@hotmail.com,"City, Nature",Male,3,0,33,Mumbai
3715,Kiara,kiara232@yahoo.com,"Beach, City",Other,4,1,64,Jaipur
3716,Rohit,rohit935@hotmail.com,"Beach, City",Female,1,0,52,Hyderabad
3717,Ritika,ritika880@gmail.com,"City, Historical, Adventure",Female,3,3,64,Chennai
3718,Ayaan,ayaan555@gmail.com,"City, Adventure",Female,1,0,36,Bangalore
3719,Tanvi,tanvi53@hotmail.com,"Nature, Adventure, Beach",Other,4,0,55,Hyderabad
3720,Tanvi,tanvi424@gmail.com,"Beach, Nature",Male,1,3,54,Jaipur
3721,Kiran,kiran315@hotmail.com,"City, Adventure",Female,3,0,39,Jaipur
3722,Ishaan,ishaan525@rediffmail.com,Historical,Male,2,1,31,Hyderabad
3723,Neha,neha346@outlook.com,"Beach, Historical",Male,3,1,34,Kolkata
3724,Anjali,anjali879@outlook.com,Nature,Male,4,0,55,Surat
3725,Ananya,ananya945@hotmail.com,"City, Historical",Male,3,2,53,Jaipur
3726,Aditya,aditya640@hotmail.com,Historical,Female,2,0,20,Chennai
3727,Sunita,sunita579@hotmail.com,"Adventure, City",Female,2,0,29,Jaipur
3728,Arjun,arjun687@gmail.com,"Nature, Adventure",Female,4,3,25,Bangalore
3729,Mohan,mohan612@hotmail.com,"Historical, Nature",Male,3,0,52,Bangalore
3730,Meera,meera207@yahoo.com,"City, Nature",Male,3,1,21,Bangalore
3731,Aadhya,aadhya632@rediffmail.com,"City, Nature",Female,2,0,43,Mumbai
3732,Vikram,vikram580@outlook.com,"City, Nature",Other,5,0,40,Bangalore
3733,Diya,diya350@hotmail.com,"Beach, Historical, Nature",Female,2,0,37,Delhi
3734,Krishna,krishna518@outlook.com,"City, Nature",Female,3,0,42,Hyderabad
3735,Priya,priya544@rediffmail.com,"Adventure, Historical",Female,3,1,39,Chennai
3736,Reyansh,reyansh120@rediffmail.com,City,Male,2,0,37,Bangalore
3737,Anjali,anjali822@gmail.com,"Adventure, Historical",Male,5,0,37,Bangalore
3738,Suresh,suresh342@gmail.com,Adventure,Other,4,3,53,Ahmedabad
3739,Pooja,pooja558@hotmail.com,"Beach, Historical",Other,2,0,55,Bangalore
3740,Kavya,kavya126@yahoo.com,"City, Historical",Female,1,2,57,Pune
3741,Mohan,mohan411@hotmail.com,"Beach, Adventure",Other,4,1,52,Jaipur
3742,Sunita,sunita538@hotmail.com,"Historical, Nature",Other,2,2,62,Delhi
3743,Priya,priya821@yahoo.com,"Nature, Historical",Other,2,0,54,Delhi
3744,Tanvi,tanvi938@rediffmail.com,Beach,Female,2,0,33,Chennai
3745,Ananya,ananya555@rediffmail.com,City,Male,2,0,23,Mumbai
3746,Ananya,ananya540@hotmail.com,"Nature, Historical",Female,3,0,19,Bangalore
3747,Kavya,kavya749@gmail.com,"City, Historical",Other,4,0,41,Hyderabad
3748,Arjun,arjun408@outlook.com,City,Female,3,1,62,Delhi
3749,Vihaan,vihaan890@outlook.com,Beach,Female,1,0,59,Mumbai
3750,Reyansh,reyansh365@yahoo.com,Beach,Other,3,0,35,Bangalore
3751,Vihaan,vihaan236@hotmail.com,"Nature, Adventure",Female,3,1,36,Ahmedabad
3752,Diya,diya207@gmail.com,"City, Historical, Adventure",Female,3,0,33,Ahmedabad
3753,Aadhya,aadhya408@rediffmail.com,"Beach, Historical",Female,1,0,34,Pune
3754,Pooja,pooja609@yahoo.com,"City, Nature",Male,2,0,65,Ahmedabad
3755,Rohit,rohit513@gmail.com,"Nature, Adventure, Beach",Other,2,0,20,Delhi
3756,Sunita,sunita443@hotmail.com,"Nature, Adventure, Beach",Female,3,0,26,Pune
3757,Arjun,arjun586@yahoo.com,"Nature, Adventure",Male,4,0,64,Pune
3758,Krishna,krishna244@yahoo.com,"Adventure, City",Other,2,0,35,Surat
3759,Diya,diya773@hotmail.com,"City, Historical, Adventure",Female,3,1,24,Pune
3760,Ritika,ritika988@outlook.com,"Adventure, Historical",Male,1,2,56,Jaipur
3761,Sai,sai290@rediffmail.com,"Historical, Nature",Male,5,0,47,Hyderabad
3762,Ayaan,ayaan811@outlook.com,"Historical, Nature",Female,3,0,33,Surat
3763,Deepa,deepa163@hotmail.com,"Adventure, City",Female,3,1,52,Chennai
3764,Arjun,arjun183@outlook.com,"City, Historical, Adventure",Female,3,0,59,Kolkata
3765,Divya,divya492@yahoo.com,"Beach, City",Female,2,0,58,Pune
3766,Nisha,nisha638@hotmail.com,City,Female,2,3,42,Pune
3767,Tanvi,tanvi113@outlook.com,Beach,Other,4,0,51,Mumbai
3768,Kavya,kavya629@rediffmail.com,"Nature, Adventure",Male,2,1,19,Hyderabad
3769,Krishna,krishna301@hotmail.com,"City, Historical, Adventure",Female,5,1,64,Mumbai
3770,Sunita,sunita294@gmail.com,"Nature, Adventure, Beach",Male,2,0,32,Jaipur
3771,Deepa,deepa131@outlook.com,"Historical, Nature",Female,2,1,62,Bangalore
3772,Krishna,krishna375@outlook.com,"Nature, Adventure, Beach",Male,5,0,56,Chennai
3773,Vihaan,vihaan610@gmail.com,"Beach, City",Other,5,2,61,Pune
3774,Ishaan,ishaan478@yahoo.com,"Beach, Nature",Other,1,0,29,Kolkata
3775,Nisha,nisha934@gmail.com,"Beach, City",Female,5,0,54,Mumbai
3776,Aarav,aarav650@gmail.com,City,Female,1,1,32,Chennai
3777,Rohit,rohit626@rediffmail.com,"Beach, City",Female,4,0,54,Ahmedabad
3778,Riya,riya855@outlook.com,"Nature, Adventure, Beach",Female,3,2,48,Jaipur
3779,Sai,sai362@yahoo.com,"Nature, Adventure, Beach",Male,4,0,28,Hyderabad
3780,Divya,divya747@yahoo.com,Beach,Female,1,1,27,Surat
3781,Sunita,sunita17@rediffmail.com,"Nature, Adventure",Other,5,0,37,Jaipur
3782,Deepa,deepa70@outlook.com,"Nature, Historical",Male,2,0,65,Pune
3783,Rahul,rahul267@gmail.com,"Nature, Historical",Male,3,0,57,Jaipur
3784,Rekha,rekha148@gmail.com,Nature,Female,5,2,35,Surat
3785,Kiara,kiara637@yahoo.com,"Nature, Historical",Male,3,0,19,Hyderabad
3786,Rahul,rahul875@yahoo.com,"City, Historical, Adventure",Male,4,1,29,Ahmedabad
3787,Tanvi,tanvi572@yahoo.com,"Adventure, Historical",Female,2,2,50,Delhi
3788,Kiara,kiara253@gmail.com,Adventure,Male,2,0,61,Chennai
3789,Vihaan,vihaan186@yahoo.com,Nature,Female,1,0,36,Jaipur
3790,Priya,priya23@rediffmail.com,"Beach, Historical, Nature",Female,2,2,28,Mumbai
3791,Riya,riya236@outlook.com,"Nature, Adventure",Female,5,0,26,Chennai
3792,Krishna,krishna335@gmail.com,"Beach, Historical",Female,3,0,40,Pune
3793,Ritika,ritika880@hotmail.com,"Nature, Adventure",Other,5,0,62,Mumbai
3794,Sneha,sneha156@yahoo.com,"Nature, Historical",Female,2,0,55,Surat
3795,Kavya,kavya381@outlook.com,"City, Historical",Male,2,1,20,Jaipur
3796,Anjali,anjali78@rediffmail.com,"City, Historical",Male,4,1,40,Mumbai
3797,Amit,amit733@yahoo.com,"Nature, Historical",Other,5,2,22,Surat
3798,Tanvi,tanvi113@outlook.com,Adventure,Female,2,2,43,Kolkata
3799,Kiara,kiara178@rediffmail.com,"Adventure, City",Female,2,0,45,Delhi
3800,Deepa,deepa138@gmail.com,"Beach, Historical, Nature",Other,2,2,45,Chennai
3801,Rahul,rahul135@gmail.com,"Beach, Historical",Female,2,0,20,Hyderabad
3802,Ishaan,ishaan57@outlook.com,"Nature, Adventure, Beach",Other,3,1,40,Kolkata
3803,Rekha,rekha457@hotmail.com,"City, Historical",Female,2,0,45,Mumbai
3804,Neha,neha44@rediffmail.com,"Nature, Adventure",Male,1,2,44,Delhi
3805,Vihaan,vihaan751@yahoo.com,"Nature, Adventure, Beach",Male,2,1,50,Ahmedabad
3806,Reyansh,reyansh551@rediffmail.com,"Beach, Adventure",Male,2,3,43,Delhi
3807,Vikram,vikram961@yahoo.com,"Beach, Historical, Nature",Other,1,3,48,Ahmedabad
3808,Amit,amit91@rediffmail.com,"City, Adventure",Female,5,0,40,Mumbai
3809,Geeta,geeta391@outlook.com,Beach,Other,3,0,48,Bangalore
3810,Anjali,anjali36@gmail.com,Adventure,Male,3,0,18,Ahmedabad
3811,Ayaan,ayaan690@outlook.com,Historical,Male,3,0,40,Kolkata
3812,Meera,meera19@hotmail.com,City,Male,3,1,19,Ahmedabad
3813,Kiara,kiara51@hotmail.com,"Nature, Adventure, Beach",Female,5,1,56,Surat
3814,Sunita,sunita381@gmail.com,"Beach, City",Female,5,1,31,Kolkata
3815,Divya,divya914@gmail.com,"Beach, City",Female,2,1,45,Kolkata
3816,Anjali,anjali528@hotmail.com,Historical,Female,1,1,49,Delhi
3817,Sai,sai436@outlook.com,"City, Adventure",Female,1,1,41,Kolkata
3818,Aadhya,aadhya311@yahoo.com,"City, Historical",Other,1,1,46,Chennai
3819,Geeta,geeta955@yahoo.com,"Beach, Historical",Other,1,0,40,Kolkata
3820,Rohit,rohit777@yahoo.com,"City, Nature",Female,3,0,33,Mumbai
3821,Diya,diya102@hotmail.com,Adventure,Other,3,0,28,Kolkata
3822,Reyansh,reyansh381@outlook.com,"Beach, Historical, Nature",Female,3,0,24,Bangalore
3823,Priya,priya681@gmail.com,"Adventure, City",Female,5,0,38,Mumbai
3824,Vihaan,vihaan351@outlook.com,"City, Historical, Adventure",Male,3,1,20,Surat
3825,Geeta,geeta941@rediffmail.com,"Beach, Adventure",Other,4,0,47,Chennai
3826,Anjali,anjali523@hotmail.com,"Adventure, City",Female,2,0,18,Chennai
3827,Meera,meera255@rediffmail.com,"City, Nature",Other,1,0,23,Hyderabad
3828,Kiara,kiara321@yahoo.com,"Nature, Adventure, Beach",Female,3,0,19,Jaipur
3829,Sneha,sneha109@hotmail.com,"City, Historical, Adventure",Other,5,0,35,Kolkata
3830,Vikram,vikram157@rediffmail.com,"Nature, Adventure, Beach",Female,3,0,51,Surat
3831,Vikram,vikram161@yahoo.com,"Adventure, Historical",Male,2,0,43,Mumbai
3832,Aarav,aarav170@yahoo.com,"City, Nature",Male,1,2,36,Mumbai
3833,Suresh,suresh392@hotmail.com,Historical,Male,2,0,41,Ahmedabad
3834,Sunita,sunita755@gmail.com,"Beach, City",Male,5,2,28,Ahmedabad
3835,Aarav,aarav345@gmail.com,Nature,Female,2,1,25,Bangalore
3836,Aadhya,aadhya594@yahoo.com,Adventure,Other,3,1,49,Surat
3837,Aditya,aditya598@rediffmail.com,Beach,Male,2,0,48,Kolkata
3838,Usha,usha331@rediffmail.com,"Nature, Historical",Female,2,0,28,Hyderabad
3839,Mohan,mohan153@outlook.com,"Beach, Historical, Nature",Other,4,0,22,Chennai
3840,Divya,divya241@hotmail.com,"City, Historical",Female,2,0,22,Delhi
3841,Ritika,ritika33@yahoo.com,Beach,Other,2,1,25,Hyderabad
3842,Ayaan,ayaan619@yahoo.com,"City, Historical, Adventure",Female,1,0,34,Jaipur
3843,Sai,sai895@rediffmail.com,"City, Historical, Adventure",Other,1,0,55,Surat
3844,Krishna,krishna752@outlook.com,Beach,Other,3,0,37,Jaipur
3845,Deepa,deepa574@rediffmail.com,"Beach, Adventure",Female,1,0,34,Delhi
3846,Sneha,sneha96@yahoo.com,"City, Historical",Other,1,2,53,Delhi
3847,Nisha,nisha10@outlook.com,"City, Historical",Other,3,0,58,Delhi
3848,Pooja,pooja895@rediffmail.com,"Beach, Historical",Female,2,0,41,Kolkata
3849,Aarav,aarav587@outlook.com,"Nature, Adventure",Female,2,0,50,Jaipur
3850,Anjali,anjali218@gmail.com,"Beach, Historical",Male,1,2,40,Kolkata
3851,Sneha,sneha323@hotmail.com,"Adventure, City",Male,2,1,48,Surat
3852,Sneha,sneha810@gmail.com,Historical,Other,2,0,46,Hyderabad
3853,Priya,priya634@rediffmail.com,"Nature, Adventure, Beach",Other,2,1,32,Chennai
3854,Rekha,rekha110@yahoo.com,Beach,Other,5,1,23,Bangalore
3855,Kiran,kiran987@outlook.com,"City, Historical",Male,4,0,28,Kolkata
3856,Pooja,pooja360@yahoo.com,"City, Historical",Other,3,0,49,Kolkata
3857,Riya,riya90@gmail.com,"City, Historical",Male,5,1,59,Pune
3858,Meera,meera417@gmail.com,"Historical, Nature",Female,2,0,36,Mumbai
3859,Vihaan,vihaan288@hotmail.com,"Nature, Historical",Other,2,1,53,Kolkata
3860,Geeta,geeta836@rediffmail.com,"City, Historical, Adventure",Female,3,1,47,Mumbai
3861,Riya,riya416@gmail.com,"Beach, Historical",Male,5,0,47,Mumbai
3862,Arjun,arjun456@hotmail.com,"City, Nature",Other,2,1,37,Surat
3863,Diya,diya829@yahoo.com,"Nature, Adventure",Female,3,0,22,Jaipur
3864,Reyansh,reyansh588@hotmail.com,"Nature, Adventure",Male,2,0,23,Hyderabad
3865,Meera,meera301@gmail.com,"City, Adventure",Female,4,0,35,Chennai
3866,Kiara,kiara239@rediffmail.com,"Nature, Historical",Other,3,0,62,Pune
3867,Suresh,suresh963@yahoo.com,"City, Nature",Other,5,0,61,Mumbai
3868,Aadhya,aadhya745@yahoo.com,"City, Adventure",Male,5,2,21,Hyderabad
3869,Usha,usha712@rediffmail.com,"City, Historical, Adventure",Male,2,0,40,Chennai
3870,Vikram,vikram735@gmail.com,"Nature, Adventure, Beach",Female,3,0,24,Jaipur
3871,Aadhya,aadhya985@rediffmail.com,"Nature, Historical",Female,3,0,50,Jaipur
3872,Ishaan,ishaan952@yahoo.com,"Beach, Historical, Nature",Female,4,0,39,Chennai
3873,Usha,usha158@hotmail.com,Beach,Other,2,0,62,Delhi
3874,Riya,riya281@rediffmail.com,"Beach, Adventure",Male,4,0,56,Kolkata
3875,Pooja,pooja960@gmail.com,Nature,Male,2,1,24,Jaipur
3876,Kiara,kiara845@outlook.com,Historical,Other,1,2,25,Kolkata
3877,Krishna,krishna348@gmail.com,Beach,Other,4,1,30,Pune
3878,Priya,priya403@outlook.com,Beach,Male,4,1,56,Jaipur
3879,Aarav,aarav105@outlook.com,"Adventure, Historical",Female,2,2,32,Surat
3880,Riya,riya257@yahoo.com,Adventure,Other,4,0,52,Kolkata
3881,Kiran,kiran977@rediffmail.com,"Adventure, City",Female,2,1,59,Mumbai
3882,Rohit,rohit25@rediffmail.com,"Historical, Nature",Female,5,0,60,Delhi
3883,Ayaan,ayaan684@gmail.com,"City, Historical",Female,2,0,55,Jaipur
3884,Diya,diya576@outlook.com,"Beach, City",Other,3,1,26,Delhi
3885,Kiara,kiara2@gmail.com,"Beach, Historical, Nature",Other,1,1,51,Hyderabad
3886,Vikram,vikram853@rediffmail.com,"Nature, Adventure, Beach",Male,4,1,63,Ahmedabad
3887,Kiran,kiran490@yahoo.com,"Beach, Adventure",Other,5,0,34,Hyderabad
3888,Anjali,anjali128@hotmail.com,Historical,Other,2,3,41,Pune
3889,Deepa,deepa72@rediffmail.com,"Adventure, City",Male,5,1,51,Ahmedabad
3890,Krishna,krishna900@yahoo.com,"Beach, Historical",Female,2,0,64,Kolkata
3891,Meera,meera125@hotmail.com,Beach,Male,3,1,63,Chennai
3892,Vivaan,vivaan160@yahoo.com,Nature,Female,4,1,45,Surat
3893,Riya,riya434@rediffmail.com,"Beach, Adventure",Female,5,1,22,Kolkata
3894,Divya,divya445@outlook.com,"Beach, Historical",Male,1,2,60,Delhi
3895,Sunita,sunita752@yahoo.com,"Historical, Nature",Female,1,2,27,Kolkata
3896,Divya,divya934@gmail.com,"Historical, Nature",Female,4,0,55,Hyderabad
3897,Rekha,rekha867@rediffmail.com,"City, Historical, Adventure",Female,4,0,29,Pune
3898,Ananya,ananya929@rediffmail.com,Nature,Female,2,1,35,Chennai
3899,Lakshmi,lakshmi786@rediffmail.com,Nature,Other,1,3,25,Delhi
3900,Nisha,nisha802@yahoo.com,"City, Nature",Male,2,0,63,Ahmedabad
3901,Vivaan,vivaan329@rediffmail.com,Adventure,Female,1,0,62,Pune
3902,Rekha,rekha692@gmail.com,Beach,Other,4,1,51,Jaipur
3903,Usha,usha54@yahoo.com,"City, Adventure",Other,1,0,63,Hyderabad
3904,Vikram,vikram977@yahoo.com,Historical,Male,1,0,64,Kolkata
3905,Kiran,kiran743@gmail.com,"Beach, Adventure",Male,2,1,22,Ahmedabad
3906,Aarav,aarav180@rediffmail.com,"Adventure, Historical",Female,3,1,49,Jaipur
3907,Kiara,kiara739@hotmail.com,"City, Historical, Adventure",Male,3,0,49,Surat
3908,Rahul,rahul782@outlook.com,"City, Historical",Other,5,2,34,Jaipur
3909,Sneha,sneha699@gmail.com,"City, Historical",Male,2,0,43,Jaipur
3910,Aarav,aarav224@rediffmail.com,Nature,Male,5,0,59,Jaipur
3911,Lakshmi,lakshmi107@gmail.com,"Historical, Nature",Female,5,0,28,Chennai
3912,Aadhya,aadhya32@gmail.com,"Beach, Historical, Nature",Male,2,3,20,Ahmedabad
3913,Ishaan,ishaan592@yahoo.com,"Beach, City",Other,3,1,32,Bangalore
3914,Ayaan,ayaan41@hotmail.com,City,Other,2,0,46,Chennai
3915,Lakshmi,lakshmi362@outlook.com,"Beach, Historical, Nature",Female,1,0,26,Mumbai
3916,Arjun,arjun632@hotmail.com,"Beach, Historical",Other,2,1,34,Delhi
3917,Lakshmi,lakshmi699@yahoo.com,Adventure,Other,3,1,31,Kolkata
3918,Rahul,rahul68@yahoo.com,"Nature, Adventure, Beach",Other,3,0,23,Mumbai
3919,Vivaan,vivaan980@outlook.com,"City, Historical",Male,3,1,62,Ahmedabad
3920,Priya,priya728@yahoo.com,"Adventure, City",Female,4,0,21,Mumbai
3921,Aadhya,aadhya429@gmail.com,Historical,Male,1,0,27,Ahmedabad
3922,Kiara,kiara3@yahoo.com,"Beach, City",Other,1,2,35,Chennai
3923,Divya,divya339@yahoo.com,"City, Historical, Adventure",Male,5,1,27,Ahmedabad
3924,Vivaan,vivaan886@rediffmail.com,"Beach, Nature",Female,3,0,45,Kolkata
3925,Usha,usha395@rediffmail.com,Adventure,Other,3,0,31,Mumbai
3926,Priya,priya383@outlook.com,"Beach, City",Male,5,0,45,Kolkata
3927,Priya,priya595@hotmail.com,"Beach, Historical",Male,3,0,65,Pune
3928,Mohan,mohan29@gmail.com,"Adventure, Historical",Other,3,0,37,Bangalore
3929,Geeta,geeta969@hotmail.com,"Historical, Nature",Other,1,0,24,Delhi
3930,Amit,amit7@outlook.com,"Beach, Historical",Other,3,2,57,Surat
3931,Deepa,deepa102@yahoo.com,"Beach, Nature",Female,4,1,41,Bangalore
3932,Riya,riya714@yahoo.com,"Adventure, City",Other,4,1,21,Pune
3933,Neha,neha858@rediffmail.com,"Beach, Adventure",Female,3,1,33,Pune
3934,Sneha,sneha758@gmail.com,"Nature, Historical",Female,5,0,39,Chennai
3935,Rekha,rekha373@gmail.com,"Beach, Nature",Male,1,0,28,Pune
3936,Rahul,rahul519@hotmail.com,"Historical, Nature",Female,2,1,52,Bangalore
3937,Kiran,kiran42@yahoo.com,"City, Historical",Female,2,1,33,Mumbai
3938,Priya,priya931@outlook.com,"Beach, Historical, Nature",Other,1,1,48,Delhi
3939,Ritika,ritika443@gmail.com,"Nature, Historical",Male,2,3,32,Pune
3940,Rohit,rohit983@outlook.com,"City, Adventure",Other,4,0,65,Pune
3941,Sunita,sunita417@hotmail.com,"Adventure, Historical",Female,2,1,23,Delhi
3942,Diya,diya805@hotmail.com,"City, Historical, Adventure",Other,2,1,39,Jaipur
3943,Deepa,deepa995@yahoo.com,Historical,Female,2,2,24,Delhi
3944,Vikram,vikram1@rediffmail.com,"City, Historical, Adventure",Female,5,1,20,Delhi
3945,Amit,amit676@yahoo.com,"Historical, Nature",Male,4,0,63,Ahmedabad
3946,Rekha,rekha796@hotmail.com,"Nature, Adventure",Male,5,0,47,Kolkata
3947,Arjun,arjun134@rediffmail.com,"City, Historical, Adventure",Other,3,1,18,Jaipur
3948,Sneha,sneha400@gmail.com,"Beach, Nature",Other,2,2,56,Jaipur
3949,Sunita,sunita906@rediffmail.com,"Adventure, City",Female,1,2,39,Kolkata
3950,Vihaan,vihaan935@yahoo.com,"Beach, Adventure",Other,3,1,51,Pune
3951,Ishaan,ishaan526@outlook.com,"Beach, Historical, Nature",Other,3,1,24,Ahmedabad
3952,Priya,priya795@yahoo.com,"City, Historical, Adventure",Female,2,0,63,Surat
3953,Aarav,aarav661@gmail.com,Adventure,Male,2,0,55,Surat
3954,Nisha,nisha801@outlook.com,"Adventure, Historical",Female,3,1,34,Hyderabad
3955,Sneha,sneha113@gmail.com,Historical,Female,3,2,65,Kolkata
3956,Krishna,krishna395@outlook.com,"Nature, Historical",Other,2,1,40,Surat
3957,Reyansh,reyansh706@hotmail.com,"Beach, Historical",Other,2,0,59,Ahmedabad
3958,Aadhya,aadhya944@rediffmail.com,City,Female,5,1,54,Mumbai
3959,Divya,divya832@rediffmail.com,"City, Historical, Adventure",Female,2,2,46,Ahmedabad
3960,Kiara,kiara945@hotmail.com,"Adventure, Historical",Female,3,2,22,Kolkata
3961,Tanvi,tanvi539@outlook.com,"Beach, Adventure",Female,3,0,62,Chennai
3962,Vihaan,vihaan454@gmail.com,Historical,Female,5,0,61,Chennai
3963,Rahul,rahul674@gmail.com,"Beach, Historical",Female,3,0,55,Bangalore
3964,Ishaan,ishaan196@yahoo.com,City,Female,2,0,30,Kolkata
3965,Geeta,geeta602@rediffmail.com,"Adventure, Historical",Male,5,0,20,Bangalore
3966,Kiara,kiara90@yahoo.com,Beach,Female,2,0,38,Pune
3967,Ayaan,ayaan292@rediffmail.com,Historical,Male,2,1,30,Bangalore
3968,Krishna,krishna252@outlook.com,Adventure,Female,1,0,57,Pune
3969,Aditya,aditya600@yahoo.com,"City, Adventure",Female,2,1,20,Bangalore
3970,Aditya,aditya42@hotmail.com,"Beach, Nature",Female,2,0,37,Hyderabad
3971,Suresh,suresh578@outlook.com,Adventure,Female,1,0,53,Surat
3972,Riya,riya950@rediffmail.com,"City, Historical",Other,1,1,18,Kolkata
3973,Rahul,rahul31@hotmail.com,Beach,Male,5,0,27,Ahmedabad
3974,Riya,riya672@gmail.com,"City, Adventure",Female,2,0,62,Pune
3975,Riya,riya688@gmail.com,"Beach, City",Female,2,2,39,Surat
3976,Rohit,rohit53@yahoo.com,Nature,Male,3,0,49,Jaipur
3977,Shruti,shruti787@rediffmail.com,"Nature, Adventure, Beach",Other,2,2,32,Bangalore
3978,Shruti,shruti420@yahoo.com,"City, Historical, Adventure",Other,3,0,44,Mumbai
3979,Vivaan,vivaan533@yahoo.com,"City, Nature",Female,3,1,27,Kolkata
3980,Sunita,sunita18@yahoo.com,"Historical, Nature",Male,1,0,39,Mumbai
3981,Kiran,kiran107@hotmail.com,"Nature, Adventure, Beach",Male,2,2,47,Mumbai
3982,Arjun,arjun980@outlook.com,"Beach, Nature",Male,1,0,31,Hyderabad
3983,Nisha,nisha627@gmail.com,Historical,Female,3,2,25,Kolkata
3984,Ananya,ananya746@gmail.com,"Beach, Historical, Nature",Other,2,0,61,Chennai
3985,Geeta,geeta753@gmail.com,"Nature, Adventure, Beach",Male,3,0,59,Surat
3986,Ishaan,ishaan116@gmail.com,"Adventure, Historical",Male,1,0,29,Kolkata
3987,Aditya,aditya887@gmail.com,"Beach, Historical, Nature",Male,4,1,59,Jaipur
3988,Pooja,pooja767@outlook.com,"Historical, Nature",Female,4,0,57,Ahmedabad
3989,Rahul,rahul503@rediffmail.com,"Beach, Historical, Nature",Female,4,2,27,Mumbai
3990,Kiran,kiran199@yahoo.com,"Historical, Nature",Other,3,2,65,Mumbai
3991,Sai,sai172@hotmail.com,"City, Historical, Adventure",Other,1,0,44,Kolkata
3992,Suresh,suresh516@rediffmail.com,"Adventure, Historical",Male,3,0,44,Mumbai
3993,Sunita,sunita427@gmail.com,Nature,Female,2,1,34,Pune
3994,Ananya,ananya371@hotmail.com,"Beach, Adventure",Female,3,1,48,Jaipur
3995,Mohan,mohan928@rediffmail.com,"Beach, City",Male,2,2,62,Surat
3996,Sneha,sneha427@outlook.com,Adventure,Female,2,2,45,Delhi
3997,Ishaan,ishaan927@rediffmail.com,City,Other,3,3,27,Ahmedabad
3998,Nisha,nisha159@hotmail.com,City,Male,4,0,27,Kolkata
3999,Arjun,arjun725@hotmail.com,"Beach, City",Male,2,0,30,Jaipur
4000,Arjun,arjun661@rediffmail.com,Nature,Male,2,1,43,Ahmedabad
4001,Neha,neha11@yahoo.com,"City, Historical",Other,4,1,42,Hyderabad
4002,Tanvi,tanvi993@rediffmail.com,"City, Adventure",Other,1,0,51,Chennai
4003,Ayaan,ayaan902@yahoo.com,"Beach, City",Male,3,0,41,Hyderabad
4004,Sai,sai859@hotmail.com,"Beach, Historical",Male,3,0,57,Ahmedabad
4005,Priya,priya570@gmail.com,City,Female,1,1,48,Mumbai
4006,Neha,neha799@hotmail.com,Adventure,Male,2,0,47,Delhi
4007,Vihaan,vihaan483@outlook.com,"Nature, Adventure",Female,2,0,53,Surat
4008,Suresh,suresh750@hotmail.com,"Nature, Adventure, Beach",Female,2,0,36,Kolkata
4009,Sai,sai686@gmail.com,"Adventure, Historical",Male,1,2,54,Mumbai
4010,Vihaan,vihaan693@hotmail.com,"Nature, Adventure",Male,2,1,19,Bangalore
4011,Aarav,aarav382@gmail.com,"Adventure, City",Female,3,1,28,Chennai
4012,Usha,usha180@gmail.com,"City, Historical",Male,5,0,48,Pune
4013,Usha,usha810@rediffmail.com,Adventure,Female,3,1,59,Pune
4014,Kiara,kiara889@rediffmail.com,Nature,Female,3,1,46,Hyderabad
4015,Priya,priya852@yahoo.com,"City, Adventure",Male,2,1,57,Hyderabad
4016,Kavya,kavya58@outlook.com,"City, Historical",Female,2,0,64,Chennai
4017,Pooja,pooja299@gmail.com,"City, Adventure",Male,5,3,33,Jaipur
4018,Usha,usha786@yahoo.com,Historical,Female,4,0,54,Surat
4019,Pooja,pooja389@rediffmail.com,"Beach, Nature",Other,3,0,18,Ahmedabad
4020,Rahul,rahul352@hotmail.com,"City, Historical",Female,2,1,41,Ahmedabad
4021,Nisha,nisha631@hotmail.com,City,Other,1,0,57,Mumbai
4022,Neha,neha60@yahoo.com,"Adventure, Historical",Other,2,0,20,Pune
4023,Pooja,pooja262@outlook.com,"Adventure, Historical",Male,3,1,45,Chennai
4024,Ananya,ananya265@outlook.com,"City, Nature",Female,1,0,55,Delhi
4025,Reyansh,reyansh923@gmail.com,"City, Historical",Other,5,2,51,Pune
4026,Arjun,arjun986@rediffmail.com,"Beach, City",Female,3,2,57,Ahmedabad
4027,Rahul,rahul611@yahoo.com,"Historical, Nature",Male,2,2,44,Delhi
4028,Neha,neha682@yahoo.com,"Nature, Adventure",Other,2,1,59,Hyderabad
4029,Ritika,ritika9@gmail.com,"Adventure, City",Male,3,0,27,Pune
4030,Usha,usha992@hotmail.com,"Adventure, City",Male,2,0,52,Bangalore
4031,Sunita,sunita530@hotmail.com,"Beach, Historical, Nature",Male,3,0,22,Hyderabad
4032,Tanvi,tanvi996@outlook.com,"Nature, Adventure, Beach",Other,3,0,42,Mumbai
4033,Meera,meera179@rediffmail.com,"City, Nature",Female,5,0,53,Hyderabad
4034,Tanvi,tanvi814@yahoo.com,"City, Historical",Female,2,0,49,Pune
4035,Ritika,ritika49@outlook.com,"City, Adventure",Male,3,2,45,Jaipur
4036,Lakshmi,lakshmi635@rediffmail.com,City,Other,3,1,52,Ahmedabad
4037,Divya,divya964@hotmail.com,"Adventure, Historical",Female,2,1,46,Hyderabad
4038,Arjun,arjun242@outlook.com,"Beach, Historical",Male,5,2,26,Surat
4039,Aadhya,aadhya426@gmail.com,"Adventure, Historical",Other,2,1,39,Delhi
4040,Geeta,geeta214@outlook.com,Beach,Male,3,0,27,Hyderabad
4041,Anjali,anjali294@outlook.com,Adventure,Other,2,1,60,Pune
4042,Deepa,deepa122@gmail.com,"City, Adventure",Female,3,0,63,Bangalore
4043,Riya,riya889@gmail.com,Historical,Male,3,0,34,Ahmedabad
4044,Vivaan,vivaan888@outlook.com,"City, Nature",Male,2,0,26,Jaipur
4045,Nisha,nisha248@yahoo.com,"Nature, Adventure",Male,4,3,29,Jaipur
4046,Arjun,arjun550@hotmail.com,"Historical, Nature",Female,2,2,40,Kolkata
4047,Diya,diya883@gmail.com,"Beach, Nature",Male,3,0,62,Mumbai
4048,Shruti,shruti558@yahoo.com,"Beach, Historical, Nature",Female,3,2,43,Kolkata
4049,Arjun,arjun327@outlook.com,"City, Adventure",Other,4,0,43,Kolkata
4050,Kiara,kiara363@hotmail.com,"Adventure, Historical",Other,4,0,19,Bangalore
4051,Mohan,mohan697@rediffmail.com,"Historical, Nature",Female,1,2,60,Ahmedabad
4052,Ritika,ritika391@hotmail.com,"City, Historical, Adventure",Male,5,0,57,Hyderabad
4053,Vikram,vikram604@rediffmail.com,City,Female,2,1,28,Ahmedabad
4054,Meera,meera460@gmail.com,"Adventure, Historical",Male,1,0,32,Bangalore
4055,Usha,usha554@rediffmail.com,Historical,Male,4,1,28,Chennai
4056,Kavya,kavya940@gmail.com,"Beach, Adventure",Female,5,1,36,Bangalore
4057,Pooja,pooja952@hotmail.com,"Beach, Historical, Nature",Female,1,2,62,Pune
4058,Ananya,ananya483@yahoo.com,City,Female,3,3,64,Chennai
4059,Ishaan,ishaan7@rediffmail.com,Adventure,Female,3,2,46,Delhi
4060,Aarav,aarav417@yahoo.com,"Beach, Historical, Nature",Male,4,0,58,Pune
4061,Suresh,suresh492@yahoo.com,"Adventure, Historical",Female,2,3,26,Jaipur
4062,Shruti,shruti660@gmail.com,"Nature, Adventure",Female,2,0,40,Surat
4063,Tanvi,tanvi224@gmail.com,"Adventure, City",Female,2,1,26,Bangalore
4064,Mohan,mohan353@hotmail.com,"Beach, Historical",Female,3,2,20,Bangalore
4065,Rohit,rohit351@outlook.com,"Nature, Historical",Female,3,1,62,Chennai
4066,Geeta,geeta815@hotmail.com,Historical,Other,1,0,44,Jaipur
4067,Mohan,mohan551@gmail.com,"City, Adventure",Other,2,2,36,Kolkata
4068,Divya,divya239@rediffmail.com,Beach,Female,2,0,35,Ahmedabad
4069,Priya,priya765@hotmail.com,Adventure,Other,2,0,29,Surat
4070,Arjun,arjun988@yahoo.com,"Nature, Historical",Other,3,0,47,Jaipur
4071,Vivaan,vivaan11@hotmail.com,"Historical, Nature",Male,3,0,38,Surat
4072,Geeta,geeta694@outlook.com,"Historical, Nature",Female,2,0,19,Ahmedabad
4073,Rekha,rekha331@yahoo.com,"Nature, Adventure",Male,1,1,32,Chennai
4074,Sunita,sunita524@gmail.com,"Beach, Nature",Male,3,1,23,Kolkata
4075,Ishaan,ishaan558@yahoo.com,"City, Nature",Female,2,1,38,Ahmedabad
4076,Arjun,arjun40@rediffmail.com,"Beach, Historical",Male,2,0,47,Hyderabad
4077,Diya,diya334@hotmail.com,Historical,Male,1,1,49,Bangalore
4078,Neha,neha786@hotmail.com,"City, Historical",Female,5,0,45,Surat
4079,Suresh,suresh474@rediffmail.com,"Nature, Historical",Female,5,0,39,Surat
4080,Sunita,sunita380@outlook.com,"Beach, Historical",Female,2,1,62,Kolkata
4081,Krishna,krishna577@gmail.com,Historical,Male,2,0,36,Delhi
4082,Mohan,mohan230@rediffmail.com,"City, Adventure",Male,3,0,60,Pune
4083,Ishaan,ishaan829@gmail.com,Historical,Other,4,1,50,Bangalore
4084,Arjun,arjun404@outlook.com,"Beach, Nature",Male,3,1,23,Hyderabad
4085,Suresh,suresh504@outlook.com,"Nature, Historical",Female,1,2,20,Bangalore
4086,Tanvi,tanvi646@hotmail.com,"Nature, Adventure, Beach",Female,2,0,64,Ahmedabad
4087,Ishaan,ishaan308@gmail.com,"Beach, Adventure",Other,2,2,29,Delhi
4088,Kavya,kavya756@outlook.com,"Nature, Historical",Male,3,0,30,Kolkata
4089,Kiara,kiara297@gmail.com,"City, Historical, Adventure",Female,1,2,23,Ahmedabad
4090,Aditya,aditya371@yahoo.com,"City, Adventure",Female,3,1,21,Mumbai
4091,Meera,meera948@hotmail.com,"Nature, Adventure, Beach",Female,1,2,59,Chennai
4092,Ishaan,ishaan333@outlook.com,Nature,Male,1,2,23,Delhi
4093,Aadhya,aadhya820@outlook.com,"City, Nature",Female,4,1,48,Delhi
4094,Diya,diya220@rediffmail.com,"Nature, Adventure, Beach",Female,3,2,45,Ahmedabad
4095,Deepa,deepa90@yahoo.com,Adventure,Male,2,0,25,Bangalore
4096,Vivaan,vivaan792@yahoo.com,"Nature, Adventure, Beach",Male,4,1,50,Delhi
4097,Kiara,kiara41@gmail.com,"Nature, Historical",Other,4,1,28,Surat
4098,Anjali,anjali974@rediffmail.com,"Nature, Adventure",Other,3,1,22,Surat
4099,Vikram,vikram694@hotmail.com,"Nature, Historical",Female,2,0,54,Delhi
4100,Sunita,sunita890@rediffmail.com,"Nature, Adventure",Other,2,1,30,Pune
4101,Kiran,kiran988@rediffmail.com,"Beach, Adventure",Male,2,0,45,Kolkata
4102,Shruti,shruti56@outlook.com,"City, Historical",Female,1,2,31,Ahmedabad
4103,Sunita,sunita95@rediffmail.com,"Beach, Nature",Other,4,0,20,Pune
4104,Vivaan,vivaan115@yahoo.com,"Beach, Adventure",Male,1,2,33,Hyderabad
4105,Priya,priya607@outlook.com,Nature,Male,5,0,51,Jaipur
4106,Kiran,kiran354@gmail.com,Adventure,Female,2,1,40,Jaipur
4107,Ishaan,ishaan232@gmail.com,Beach,Other,2,0,30,Jaipur
4108,Neha,neha746@gmail.com,"City, Historical",Other,5,1,21,Pune
4109,Pooja,pooja868@gmail.com,"Beach, Adventure",Other,3,2,31,Mumbai
4110,Lakshmi,lakshmi409@hotmail.com,"Beach, Historical",Male,2,1,43,Surat
4111,Kiran,kiran407@rediffmail.com,"City, Nature",Other,1,1,31,Jaipur
4112,Vihaan,vihaan30@hotmail.com,"Beach, Nature",Other,3,1,18,Mumbai
4113,Geeta,geeta508@gmail.com,"Beach, City",Other,1,0,33,Bangalore
4114,Aadhya,aadhya306@yahoo.com,"Beach, Historical",Female,2,1,49,Hyderabad
4115,Meera,meera903@rediffmail.com,City,Other,2,2,28,Chennai
4116,Divya,divya344@rediffmail.com,"Beach, Historical",Other,2,0,38,Ahmedabad
4117,Ishaan,ishaan703@outlook.com,"Beach, Historical, Nature",Female,3,0,25,Chennai
4118,Usha,usha788@gmail.com,"City, Historical, Adventure",Female,4,3,37,Ahmedabad
4119,Kavya,kavya797@yahoo.com,Nature,Female,3,2,53,Jaipur
4120,Diya,diya406@rediffmail.com,"Beach, Adventure",Male,5,1,20,Hyderabad
4121,Riya,riya422@outlook.com,Historical,Female,3,0,35,Ahmedabad
4122,Lakshmi,lakshmi756@hotmail.com,"Beach, City",Male,2,0,23,Bangalore
4123,Aditya,aditya410@yahoo.com,"Beach, Nature",Female,2,2,54,Jaipur
4124,Tanvi,tanvi410@gmail.com,"Beach, Nature",Female,2,0,50,Delhi
4125,Ayaan,ayaan768@outlook.com,"Beach, City",Male,2,0,25,Hyderabad
4126,Aadhya,aadhya720@hotmail.com,"City, Historical",Male,2,0,24,Hyderabad
4127,Vikram,vikram940@gmail.com,"Beach, Adventure",Female,1,1,28,Kolkata
4128,Vivaan,vivaan802@outlook.com,"Adventure, Historical",Female,3,0,40,Hyderabad
4129,Ananya,ananya760@hotmail.com,City,Male,2,1,32,Jaipur
4130,Pooja,pooja92@outlook.com,"Beach, Historical",Male,2,2,35,Pune
4131,Sneha,sneha347@rediffmail.com,"City, Adventure",Other,2,0,18,Chennai
4132,Aarav,aarav872@gmail.com,"City, Historical",Other,5,1,26,Bangalore
4133,Shruti,shruti795@yahoo.com,"City, Nature",Other,2,1,35,Bangalore
4134,Reyansh,reyansh668@hotmail.com,"Beach, Adventure",Female,4,0,41,Mumbai
4135,Geeta,geeta333@hotmail.com,"Beach, Historical",Other,2,0,63,Surat
4136,Sunita,sunita88@hotmail.com,"City, Adventure",Male,3,0,44,Hyderabad
4137,Vivaan,vivaan247@outlook.com,City,Other,2,0,65,Jaipur
4138,Divya,divya35@gmail.com,Nature,Male,4,2,39,Surat
4139,Rohit,rohit898@gmail.com,"Nature, Historical",Male,3,0,36,Surat
4140,Vikram,vikram439@rediffmail.com,"Adventure, Historical",Female,1,0,65,Jaipur
4141,Amit,amit866@hotmail.com,"Adventure, City",Female,2,1,18,Delhi
4142,Deepa,deepa991@gmail.com,Historical,Male,2,0,60,Hyderabad
4143,Rahul,rahul600@yahoo.com,"City, Nature",Female,3,2,63,Chennai
4144,Mohan,mohan234@yahoo.com,Nature,Female,5,1,49,Delhi
4145,Aditya,aditya55@gmail.com,Historical,Male,2,3,24,Bangalore
4146,Usha,usha291@outlook.com,Historical,Female,5,1,33,Mumbai
4147,Sneha,sneha895@rediffmail.com,"Nature, Historical",Other,2,1,36,Bangalore
4148,Riya,riya321@outlook.com,"Adventure, City",Other,2,0,28,Ahmedabad
4149,Tanvi,tanvi731@outlook.com,Beach,Other,2,3,25,Chennai
4150,Vihaan,vihaan941@yahoo.com,Nature,Female,2,1,63,Jaipur
4151,Reyansh,reyansh848@gmail.com,"Adventure, Historical",Other,3,2,64,Delhi
4152,Anjali,anjali887@hotmail.com,"Nature, Adventure",Other,4,2,35,Delhi
4153,Aarav,aarav500@rediffmail.com,"Beach, Nature",Male,5,0,37,Kolkata
4154,Priya,priya261@hotmail.com,"City, Historical",Male,5,2,33,Mumbai
4155,Sunita,sunita469@outlook.com,"Nature, Historical",Male,3,0,49,Chennai
4156,Anjali,anjali940@rediffmail.com,"Adventure, Historical",Other,2,0,64,Jaipur
4157,Meera,meera573@hotmail.com,Historical,Male,1,1,25,Bangalore
4158,Rohit,rohit249@yahoo.com,"Adventure, Historical",Male,2,1,64,Ahmedabad
4159,Vivaan,vivaan564@yahoo.com,"Historical, Nature",Female,2,3,21,Surat
4160,Deepa,deepa682@hotmail.com,Nature,Other,1,1,41,Chennai
4161,Mohan,mohan221@rediffmail.com,"City, Adventure",Female,1,0,60,Ahmedabad
4162,Krishna,krishna999@gmail.com,"Beach, Historical",Male,2,3,48,Mumbai
4163,Geeta,geeta864@gmail.com,Historical,Male,4,0,21,Ahmedabad
4164,Neha,neha770@hotmail.com,Nature,Other,2,0,63,Mumbai
4165,Sunita,sunita988@rediffmail.com,"City, Nature",Female,3,1,61,Kolkata
4166,Shruti,shruti740@outlook.com,"Beach, Historical, Nature",Female,4,2,29,Surat
4167,Deepa,deepa356@gmail.com,Adventure,Female,3,0,39,Kolkata
4168,Rahul,rahul453@yahoo.com,Nature,Female,2,1,23,Surat
4169,Neha,neha165@rediffmail.com,"Beach, Nature",Female,5,0,48,Surat
4170,Amit,amit4@gmail.com,"Beach, Adventure",Female,2,0,27,Mumbai
4171,Ananya,ananya448@yahoo.com,Beach,Other,5,0,31,Bangalore
4172,Vikram,vikram680@outlook.com,"City, Adventure",Male,5,0,46,Chennai
4173,Riya,riya11@rediffmail.com,"Nature, Adventure",Female,4,2,20,Kolkata
4174,Kiara,kiara344@gmail.com,Nature,Other,2,1,35,Jaipur
4175,Kiran,kiran763@hotmail.com,"City, Adventure",Male,1,1,30,Jaipur
4176,Sunita,sunita608@gmail.com,"Nature, Adventure",Other,4,2,31,Kolkata
4177,Deepa,deepa615@yahoo.com,"Beach, Adventure",Male,2,0,34,Bangalore
4178,Ishaan,ishaan546@outlook.com,Beach,Male,4,1,32,Jaipur
4179,Krishna,krishna917@yahoo.com,Adventure,Other,2,0,55,Chennai
4180,Reyansh,reyansh37@yahoo.com,"City, Nature",Other,2,1,62,Mumbai
4181,Aarav,aarav557@rediffmail.com,"Nature, Historical",Male,3,0,20,Chennai
4182,Pooja,pooja12@outlook.com,"Beach, Adventure",Male,2,1,61,Delhi
4183,Ritika,ritika909@rediffmail.com,"Beach, Adventure",Other,2,0,23,Bangalore
4184,Suresh,suresh662@hotmail.com,"Beach, Historical, Nature",Other,5,0,32,Jaipur
4185,Reyansh,reyansh607@rediffmail.com,"City, Adventure",Other,3,0,44,Surat
4186,Vikram,vikram554@gmail.com,Beach,Female,2,1,37,Hyderabad
4187,Ishaan,ishaan99@outlook.com,Adventure,Other,3,2,47,Surat
4188,Kavya,kavya446@outlook.com,"Beach, Historical",Female,2,0,46,Chennai
4189,Rekha,rekha439@rediffmail.com,City,Female,3,0,26,Ahmedabad
4190,Mohan,mohan219@rediffmail.com,"Nature, Adventure",Male,3,1,56,Jaipur
4191,Anjali,anjali884@yahoo.com,"Beach, Adventure",Male,3,0,28,Delhi
4192,Rekha,rekha523@outlook.com,"City, Historical, Adventure",Other,2,0,41,Delhi
4193,Vivaan,vivaan131@outlook.com,"Beach, Historical",Female,2,2,65,Ahmedabad
4194,Kiran,kiran654@gmail.com,Beach,Other,2,3,49,Kolkata
4195,Tanvi,tanvi96@outlook.com,"City, Historical, Adventure",Other,3,0,27,Ahmedabad
4196,Geeta,geeta367@rediffmail.com,"City, Historical",Other,1,1,29,Hyderabad
4197,Ishaan,ishaan878@hotmail.com,Beach,Male,2,0,54,Kolkata
4198,Riya,riya930@hotmail.com,"Nature, Historical",Male,3,3,32,Surat
4199,Rekha,rekha264@rediffmail.com,"Adventure, Historical",Other,2,0,54,Pune
4200,Rahul,rahul807@outlook.com,Nature,Female,2,1,41,Chennai
4201,Arjun,arjun482@gmail.com,City,Female,2,0,65,Delhi
4202,Vivaan,vivaan679@yahoo.com,Historical,Male,2,0,61,Bangalore
4203,Amit,amit754@hotmail.com,Historical,Male,3,2,28,Chennai
4204,Meera,meera941@rediffmail.com,Historical,Female,3,1,22,Kolkata
4205,Kiran,kiran6@gmail.com,"City, Historical, Adventure",Male,1,0,53,Ahmedabad
4206,Lakshmi,lakshmi406@gmail.com,Historical,Male,5,1,44,Hyderabad
4207,Nisha,nisha947@hotmail.com,"Beach, Historical, Nature",Other,3,0,48,Ahmedabad
4208,Amit,amit629@outlook.com,"Beach, City",Male,2,0,21,Surat
4209,Vivaan,vivaan614@yahoo.com,Adventure,Male,5,0,63,Pune
4210,Mohan,mohan111@gmail.com,"Nature, Historical",Female,4,2,63,Hyderabad
4211,Deepa,deepa446@rediffmail.com,"Nature, Historical",Female,5,2,62,Chennai
4212,Ritika,ritika452@rediffmail.com,"Nature, Adventure",Other,4,2,63,Pune
4213,Krishna,krishna514@rediffmail.com,"Beach, Historical",Other,2,0,23,Ahmedabad
4214,Diya,diya454@rediffmail.com,"Nature, Historical",Other,2,0,51,Ahmedabad
4215,Neha,neha243@hotmail.com,"Beach, City",Male,4,0,56,Kolkata
4216,Neha,neha327@rediffmail.com,"Beach, Adventure",Other,1,0,38,Mumbai
4217,Ishaan,ishaan246@gmail.com,City,Other,3,2,42,Hyderabad
4218,Kiran,kiran822@rediffmail.com,"Historical, Nature",Female,5,0,32,Pune
4219,Priya,priya542@hotmail.com,"Nature, Adventure, Beach",Female,2,0,24,Pune
4220,Vikram,vikram33@yahoo.com,City,Female,1,1,20,Chennai
4221,Rohit,rohit889@outlook.com,Nature,Other,2,0,37,Surat
4222,Vihaan,vihaan218@hotmail.com,Beach,Female,2,0,65,Surat
4223,Ayaan,ayaan673@gmail.com,Nature,Male,2,0,39,Mumbai
4224,Riya,riya745@rediffmail.com,Beach,Other,2,0,44,Ahmedabad
4225,Arjun,arjun654@rediffmail.com,"Nature, Adventure",Male,4,0,38,Ahmedabad
4226,Rekha,rekha227@yahoo.com,"Beach, Adventure",Female,1,1,63,Kolkata
4227,Aarav,aarav103@yahoo.com,City,Female,2,0,19,Bangalore
4228,Geeta,geeta347@hotmail.com,"Beach, Adventure",Other,1,3,19,Delhi
4229,Ananya,ananya877@outlook.com,"City, Adventure",Female,1,1,41,Ahmedabad
4230,Vihaan,vihaan395@gmail.com,"Nature, Adventure, Beach",Female,3,1,25,Chennai
4231,Kiran,kiran641@outlook.com,"Nature, Adventure",Female,2,1,60,Surat
4232,Kiara,kiara854@rediffmail.com,Nature,Other,2,1,60,Jaipur
4233,Arjun,arjun495@gmail.com,"Beach, Historical, Nature",Male,3,1,27,Surat
4234,Aadhya,aadhya725@yahoo.com,"Beach, Historical, Nature",Other,5,2,41,Mumbai
4235,Shruti,shruti941@gmail.com,"Nature, Adventure, Beach",Female,1,3,32,Chennai
4236,Krishna,krishna77@yahoo.com,"Beach, City",Other,2,3,20,Surat
4237,Priya,priya43@gmail.com,"Beach, Adventure",Female,4,0,48,Jaipur
4238,Suresh,suresh535@rediffmail.com,"City, Adventure",Female,2,0,52,Mumbai
4239,Vikram,vikram410@gmail.com,"City, Historical",Other,5,2,29,Kolkata
4240,Krishna,krishna739@gmail.com,"City, Nature",Male,5,1,41,Delhi
4241,Lakshmi,lakshmi326@hotmail.com,"City, Historical",Male,1,1,21,Delhi
4242,Ritika,ritika84@gmail.com,"Adventure, City",Other,3,1,61,Surat
4243,Rekha,rekha949@yahoo.com,"Beach, Adventure",Male,2,0,65,Ahmedabad
4244,Shruti,shruti595@yahoo.com,"Nature, Adventure",Female,4,0,36,Pune
4245,Rekha,rekha441@rediffmail.com,City,Other,3,2,24,Mumbai
4246,Geeta,geeta721@hotmail.com,"Beach, Nature",Other,4,2,21,Hyderabad
4247,Amit,amit32@outlook.com,"Historical, Nature",Male,1,1,31,Kolkata
4248,Aarav,aarav532@gmail.com,Beach,Female,4,2,53,Mumbai
4249,Priya,priya262@hotmail.com,"Nature, Adventure",Other,3,1,49,Delhi
4250,Priya,priya40@rediffmail.com,"City, Nature",Female,2,0,35,Surat
4251,Amit,amit31@hotmail.com,"Beach, Historical",Other,3,2,39,Ahmedabad
4252,Aditya,aditya424@yahoo.com,Historical,Female,2,0,53,Chennai
4253,Usha,usha653@rediffmail.com,"City, Adventure",Other,3,0,27,Surat
4254,Sneha,sneha81@outlook.com,"Adventure, City",Other,3,0,57,Pune
4255,Divya,divya953@hotmail.com,Nature,Male,2,0,58,Ahmedabad
4256,Meera,meera466@hotmail.com,Beach,Other,1,1,40,Chennai
4257,Aditya,aditya99@hotmail.com,"Nature, Historical",Female,1,3,43,Delhi
4258,Tanvi,tanvi301@hotmail.com,City,Female,3,0,61,Kolkata
4259,Krishna,krishna624@hotmail.com,Beach,Male,1,0,26,Ahmedabad
4260,Kiran,kiran446@gmail.com,"Beach, Adventure",Female,3,0,43,Ahmedabad
4261,Rekha,rekha940@hotmail.com,Adventure,Other,1,0,42,Bangalore
4262,Shruti,shruti764@hotmail.com,"Nature, Historical",Male,2,2,49,Bangalore
4263,Aadhya,aadhya89@yahoo.com,"Adventure, Historical",Male,2,3,39,Bangalore
4264,Rohit,rohit848@hotmail.com,"Nature, Adventure",Male,3,1,51,Surat
4265,Nisha,nisha615@hotmail.com,"City, Historical",Female,2,0,21,Pune
4266,Ishaan,ishaan9@outlook.com,"City, Nature",Female,2,0,64,Delhi
4267,Neha,neha279@outlook.com,Nature,Male,2,3,57,Chennai
4268,Meera,meera680@yahoo.com,"City, Nature",Male,1,1,25,Mumbai
4269,Rekha,rekha88@yahoo.com,"City, Historical, Adventure",Female,5,2,32,Delhi
4270,Sneha,sneha931@gmail.com,"Beach, City",Male,4,1,49,Ahmedabad
4271,Kiara,kiara272@yahoo.com,Historical,Female,3,1,62,Hyderabad
4272,Aditya,aditya775@yahoo.com,"Beach, Nature",Male,2,1,32,Delhi
4273,Aadhya,aadhya504@rediffmail.com,"City, Historical, Adventure",Other,5,1,50,Delhi
4274,Aarav,aarav984@gmail.com,"City, Historical, Adventure",Female,2,0,44,Pune
4275,Divya,divya532@rediffmail.com,Nature,Male,3,0,48,Jaipur
4276,Meera,meera795@outlook.com,"Adventure, City",Female,2,1,50,Ahmedabad
4277,Ritika,ritika148@yahoo.com,Adventure,Other,1,0,65,Bangalore
4278,Krishna,krishna655@outlook.com,"Beach, Adventure",Female,1,2,51,Ahmedabad
4279,Ananya,ananya567@gmail.com,"Adventure, Historical",Male,5,0,41,Chennai
4280,Mohan,mohan754@rediffmail.com,"Historical, Nature",Other,5,0,34,Jaipur
4281,Kiran,kiran485@hotmail.com,Beach,Female,3,1,52,Ahmedabad
4282,Shruti,shruti307@outlook.com,City,Female,1,1,21,Jaipur
4283,Rahul,rahul213@gmail.com,"Beach, Adventure",Other,5,1,56,Chennai
4284,Reyansh,reyansh381@yahoo.com,Beach,Male,1,1,48,Hyderabad
4285,Sai,sai264@outlook.com,"City, Nature",Male,3,0,42,Delhi
4286,Sneha,sneha945@outlook.com,"City, Adventure",Male,3,2,42,Hyderabad
4287,Amit,amit725@hotmail.com,"Nature, Historical",Female,5,0,56,Surat
4288,Tanvi,tanvi100@gmail.com,"City, Adventure",Male,2,0,35,Surat
4289,Pooja,pooja169@rediffmail.com,Nature,Other,2,0,20,Chennai
4290,Nisha,nisha232@outlook.com,"Nature, Historical",Other,3,0,63,Ahmedabad
4291,Amit,amit834@rediffmail.com,Nature,Other,1,1,50,Delhi
4292,Tanvi,tanvi525@hotmail.com,"Nature, Adventure",Other,5,2,26,Delhi
4293,Suresh,suresh587@rediffmail.com,"Adventure, City",Female,3,0,45,Chennai
4294,Neha,neha131@hotmail.com,"Nature, Historical",Other,4,3,31,Chennai
4295,Ayaan,ayaan165@yahoo.com,"Historical, Nature",Male,4,0,53,Mumbai
4296,Pooja,pooja15@outlook.com,Historical,Male,3,3,64,Ahmedabad
4297,Aadhya,aadhya817@hotmail.com,"Beach, Historical, Nature",Female,2,0,49,Hyderabad
4298,Aarav,aarav471@gmail.com,"City, Nature",Female,2,2,40,Kolkata
4299,Aarav,aarav4@hotmail.com,Beach,Other,1,2,53,Bangalore
4300,Ayaan,ayaan887@yahoo.com,"Beach, Historical, Nature",Male,1,2,31,Ahmedabad
4301,Deepa,deepa886@rediffmail.com,"Historical, Nature",Female,3,0,46,Bangalore
4302,Lakshmi,lakshmi268@yahoo.com,"Nature, Adventure, Beach",Male,2,0,37,Pune
4303,Geeta,geeta859@hotmail.com,"City, Historical, Adventure",Male,3,0,43,Kolkata
4304,Kiran,kiran34@outlook.com,"Beach, Historical, Nature",Female,5,0,30,Hyderabad
4305,Priya,priya211@outlook.com,City,Other,2,2,53,Delhi
4306,Ayaan,ayaan990@rediffmail.com,"Nature, Historical",Female,2,0,34,Bangalore
4307,Ayaan,ayaan30@hotmail.com,"City, Nature",Female,3,0,63,Mumbai
4308,Nisha,nisha573@yahoo.com,Beach,Female,3,1,23,Kolkata
4309,Rohit,rohit594@outlook.com,"City, Adventure",Other,5,1,58,Pune
4310,Sunita,sunita955@outlook.com,"Historical, Nature",Male,3,0,30,Delhi
4311,Aadhya,aadhya782@hotmail.com,"Beach, Adventure",Other,2,1,29,Jaipur
4312,Kiran,kiran473@hotmail.com,City,Female,2,0,31,Pune
4313,Mohan,mohan436@gmail.com,"Beach, Adventure",Female,1,0,56,Delhi
4314,Geeta,geeta355@yahoo.com,"Beach, Historical, Nature",Male,5,1,37,Bangalore
4315,Lakshmi,lakshmi806@hotmail.com,"Adventure, City",Male,2,1,61,Jaipur
4316,Kiran,kiran118@outlook.com,"Beach, Historical",Male,1,0,57,Delhi
4317,Rohit,rohit316@rediffmail.com,"Beach, Historical",Female,2,1,44,Hyderabad
4318,Shruti,shruti634@yahoo.com,"City, Historical",Female,5,1,23,Mumbai
4319,Anjali,anjali974@hotmail.com,"Beach, Nature",Female,4,2,34,Jaipur
4320,Rekha,rekha19@outlook.com,"Nature, Adventure, Beach",Other,5,0,48,Chennai
4321,Anjali,anjali678@gmail.com,Beach,Female,3,1,47,Chennai
4322,Vikram,vikram463@yahoo.com,"Nature, Adventure",Other,3,0,29,Chennai
4323,Divya,divya186@hotmail.com,"Nature, Historical",Male,3,0,50,Kolkata
4324,Sunita,sunita580@hotmail.com,"Historical, Nature",Female,5,1,48,Delhi
4325,Suresh,suresh371@hotmail.com,"Nature, Adventure, Beach",Male,2,2,47,Mumbai
4326,Ayaan,ayaan119@outlook.com,"Nature, Historical",Other,3,2,47,Jaipur
4327,Aadhya,aadhya641@yahoo.com,Nature,Male,4,1,50,Pune
4328,Deepa,deepa521@rediffmail.com,"Beach, Historical, Nature",Other,3,0,22,Mumbai
4329,Anjali,anjali352@rediffmail.com,Adventure,Male,5,1,48,Surat
4330,Meera,meera850@yahoo.com,"Beach, Adventure",Female,2,2,21,Bangalore
4331,Vikram,vikram206@yahoo.com,Adventure,Female,4,1,40,Surat
4332,Kiran,kiran828@outlook.com,"Adventure, Historical",Other,2,1,42,Surat
4333,Priya,priya839@rediffmail.com,"Beach, City",Female,3,0,58,Chennai
4334,Sneha,sneha875@hotmail.com,"Beach, City",Female,3,1,26,Hyderabad
4335,Vivaan,vivaan794@outlook.com,"City, Nature",Female,2,1,18,Ahmedabad
4336,Sneha,sneha696@rediffmail.com,"Nature, Adventure, Beach",Female,2,0,57,Hyderabad
4337,Rohit,rohit899@gmail.com,"City, Nature",Female,4,0,53,Mumbai
4338,Tanvi,tanvi538@gmail.com,"City, Adventure",Male,3,0,52,Pune
4339,Kiran,kiran595@yahoo.com,"Historical, Nature",Other,3,0,56,Kolkata
4340,Nisha,nisha759@rediffmail.com,"Nature, Adventure",Other,5,2,19,Jaipur
4341,Kiara,kiara470@yahoo.com,"Nature, Adventure",Female,1,0,42,Chennai
4342,Ananya,ananya831@outlook.com,"Beach, Historical",Female,1,2,27,Kolkata
4343,Suresh,suresh529@yahoo.com,"Beach, Historical, Nature",Female,3,0,30,Hyderabad
4344,Kiran,kiran479@outlook.com,Nature,Female,3,3,43,Kolkata
4345,Aditya,aditya254@yahoo.com,"Adventure, City",Female,2,2,57,Jaipur
4346,Priya,priya115@outlook.com,"Nature, Adventure, Beach",Male,4,1,54,Hyderabad
4347,Arjun,arjun55@gmail.com,"Beach, Historical",Male,3,0,48,Ahmedabad
4348,Ayaan,ayaan699@rediffmail.com,"Adventure, Historical",Male,2,3,34,Surat
4349,Divya,divya488@rediffmail.com,Adventure,Male,3,3,19,Kolkata
4350,Sai,sai270@outlook.com,"Beach, Adventure",Female,2,1,35,Jaipur
4351,Anjali,anjali605@yahoo.com,"Adventure, Historical",Male,5,2,60,Bangalore
4352,Deepa,deepa33@yahoo.com,Historical,Male,3,2,48,Pune
4353,Lakshmi,lakshmi775@hotmail.com,"Nature, Adventure",Female,1,2,62,Ahmedabad
4354,Ayaan,ayaan965@yahoo.com,"Nature, Adventure, Beach",Male,2,1,24,Chennai
4355,Sunita,sunita113@yahoo.com,"Beach, Adventure",Female,2,0,59,Surat
4356,Anjali,anjali989@outlook.com,"Beach, Nature",Other,3,0,33,Jaipur
4357,Deepa,deepa958@rediffmail.com,Historical,Male,2,1,18,Jaipur
4358,Geeta,geeta68@gmail.com,Beach,Other,2,2,45,Hyderabad
4359,Aditya,aditya508@gmail.com,Historical,Other,2,1,59,Hyderabad
4360,Pooja,pooja544@outlook.com,City,Male,4,0,51,Pune
4361,Divya,divya219@hotmail.com,"Adventure, Historical",Other,2,1,36,Hyderabad
4362,Usha,usha133@hotmail.com,"Historical, Nature",Other,1,0,25,Jaipur
4363,Mohan,mohan890@rediffmail.com,"City, Nature",Other,4,2,34,Chennai
4364,Sai,sai439@hotmail.com,City,Female,3,1,35,Hyderabad
4365,Sneha,sneha911@gmail.com,"Beach, Historical, Nature",Other,3,2,65,Surat
4366,Aadhya,aadhya25@yahoo.com,"Historical, Nature",Other,1,1,41,Kolkata
4367,Aarav,aarav866@outlook.com,"Adventure, City",Female,3,2,25,Pune
4368,Kavya,kavya212@gmail.com,"Adventure, City",Other,5,1,43,Kolkata
4369,Diya,diya225@gmail.com,"Nature, Adventure, Beach",Male,5,0,43,Pune
4370,Priya,priya993@gmail.com,"City, Nature",Male,2,1,25,Pune
4371,Sneha,sneha825@gmail.com,"Historical, Nature",Other,2,2,19,Delhi
4372,Ishaan,ishaan888@rediffmail.com,"City, Adventure",Male,1,3,38,Mumbai
4373,Vivaan,vivaan300@yahoo.com,"Beach, Adventure",Male,3,1,62,Mumbai
4374,Vikram,vikram956@rediffmail.com,"Adventure, City",Male,2,2,62,Mumbai
4375,Sunita,sunita244@gmail.com,"City, Adventure",Female,3,1,31,Ahmedabad
4376,Amit,amit455@hotmail.com,"Nature, Adventure, Beach",Female,4,1,51,Bangalore
4377,Sneha,sneha851@outlook.com,"Adventure, Historical",Male,3,0,23,Ahmedabad
4378,Kavya,kavya498@yahoo.com,"Beach, Adventure",Other,4,0,35,Bangalore
4379,Geeta,geeta364@gmail.com,City,Female,2,0,59,Jaipur
4380,Deepa,deepa793@rediffmail.com,City,Other,3,0,39,Surat
4381,Aditya,aditya250@gmail.com,City,Male,3,1,57,Pune
4382,Nisha,nisha269@rediffmail.com,Historical,Female,1,2,18,Hyderabad
4383,Neha,neha568@outlook.com,"City, Historical, Adventure",Other,1,1,38,Mumbai
4384,Neha,neha586@yahoo.com,"Beach, City",Female,2,0,33,Pune
4385,Vivaan,vivaan455@hotmail.com,"Nature, Adventure, Beach",Female,2,0,62,Chennai
4386,Suresh,suresh882@outlook.com,City,Other,1,0,63,Bangalore
4387,Ishaan,ishaan458@hotmail.com,"Adventure, Historical",Female,2,2,58,Jaipur
4388,Shruti,shruti279@outlook.com,"City, Historical, Adventure",Male,2,2,25,Bangalore
4389,Aadhya,aadhya527@hotmail.com,"Adventure, City",Female,3,2,33,Jaipur
4390,Rekha,rekha482@rediffmail.com,"Nature, Adventure",Male,2,1,39,Pune
4391,Rekha,rekha292@rediffmail.com,"Nature, Historical",Other,3,0,34,Delhi
4392,Lakshmi,lakshmi437@yahoo.com,"Beach, Adventure",Other,3,2,60,Jaipur
4393,Ayaan,ayaan158@outlook.com,"City, Adventure",Other,2,2,28,Jaipur
4394,Lakshmi,lakshmi458@outlook.com,"Nature, Adventure, Beach",Other,4,0,25,Bangalore
4395,Ishaan,ishaan503@yahoo.com,Adventure,Female,2,2,36,Pune
4396,Ayaan,ayaan711@yahoo.com,"Beach, City",Male,2,2,21,Mumbai
4397,Rohit,rohit290@outlook.com,"Adventure, Historical",Other,2,0,40,Surat
4398,Rohit,rohit910@outlook.com,Nature,Male,5,0,53,Chennai
4399,Aadhya,aadhya382@hotmail.com,Nature,Female,3,1,57,Pune
4400,Aarav,aarav309@rediffmail.com,"City, Historical",Male,3,1,21,Hyderabad
4401,Diya,diya82@hotmail.com,"City, Historical",Female,5,1,53,Pune
4402,Kavya,kavya96@rediffmail.com,Historical,Other,2,0,42,Mumbai
4403,Usha,usha699@yahoo.com,"City, Historical",Other,3,0,54,Ahmedabad
4404,Neha,neha560@outlook.com,"Beach, Historical",Male,1,0,53,Chennai
4405,Rekha,rekha81@gmail.com,"Beach, Nature",Female,4,0,28,Kolkata
4406,Meera,meera50@gmail.com,"Nature, Adventure, Beach",Other,2,1,33,Chennai
4407,Sunita,sunita444@yahoo.com,Adventure,Other,1,2,60,Chennai
4408,Ritika,ritika574@hotmail.com,City,Male,5,3,22,Ahmedabad
4409,Ritika,ritika630@yahoo.com,City,Female,2,2,51,Delhi
4410,Deepa,deepa792@hotmail.com,Nature,Female,2,2,26,Mumbai
4411,Ritika,ritika239@outlook.com,City,Other,1,0,65,Kolkata
4412,Lakshmi,lakshmi300@hotmail.com,"Beach, City",Male,3,0,35,Mumbai
4413,Priya,priya475@rediffmail.com,"Beach, Adventure",Other,4,1,56,Kolkata
4414,Deepa,deepa246@hotmail.com,"Nature, Adventure, Beach",Other,2,0,62,Ahmedabad
4415,Tanvi,tanvi455@outlook.com,"Beach, City",Other,3,0,51,Jaipur
4416,Sai,sai314@outlook.com,Beach,Other,2,2,57,Pune
4417,Riya,riya95@outlook.com,"Adventure, Historical",Female,2,1,30,Surat
4418,Sneha,sneha11@yahoo.com,Beach,Other,4,2,54,Kolkata
4419,Sneha,sneha785@rediffmail.com,Beach,Female,2,3,51,Delhi
4420,Ayaan,ayaan678@rediffmail.com,"Historical, Nature",Male,3,2,33,Bangalore
4421,Sneha,sneha393@rediffmail.com,Adventure,Male,2,0,47,Chennai
4422,Kiara,kiara498@rediffmail.com,"Beach, City",Male,5,1,22,Chennai
4423,Neha,neha424@hotmail.com,"Nature, Historical",Other,4,1,38,Jaipur
4424,Neha,neha251@gmail.com,"Beach, City",Female,2,0,38,Jaipur
4425,Kiran,kiran668@outlook.com,Historical,Other,2,1,21,Pune
4426,Rohit,rohit69@yahoo.com,Beach,Other,3,1,34,Hyderabad
4427,Rekha,rekha271@yahoo.com,Nature,Male,2,0,44,Delhi
4428,Priya,priya986@hotmail.com,"City, Adventure",Male,4,2,29,Mumbai
4429,Vihaan,vihaan299@yahoo.com,"City, Historical",Other,3,0,47,Delhi
4430,Suresh,suresh141@gmail.com,"City, Nature",Female,1,1,54,Ahmedabad
4431,Amit,amit687@gmail.com,"Adventure, Historical",Female,2,0,32,Pune
4432,Mohan,mohan328@gmail.com,"Beach, Historical, Nature",Male,3,3,29,Bangalore
4433,Sunita,sunita513@hotmail.com,Nature,Female,3,0,49,Surat
4434,Vihaan,vihaan799@outlook.com,"Adventure, City",Male,2,0,43,Mumbai
4435,Neha,neha631@gmail.com,Adventure,Male,1,0,56,Delhi
4436,Anjali,anjali274@outlook.com,Historical,Other,4,2,55,Kolkata
4437,Suresh,suresh633@rediffmail.com,"Beach, Historical",Female,4,0,63,Bangalore
4438,Amit,amit632@rediffmail.com,Nature,Male,5,2,31,Pune
4439,Neha,neha842@yahoo.com,"Nature, Adventure",Female,5,0,48,Jaipur
4440,Suresh,suresh127@yahoo.com,"Nature, Adventure",Female,1,1,27,Bangalore
4441,Reyansh,reyansh412@rediffmail.com,"City, Historical, Adventure",Female,2,2,30,Jaipur
4442,Ayaan,ayaan290@hotmail.com,"City, Nature",Male,1,0,57,Bangalore
4443,Pooja,pooja289@yahoo.com,"City, Historical",Male,2,0,43,Mumbai
4444,Ananya,ananya227@yahoo.com,Beach,Male,5,3,39,Ahmedabad
4445,Vivaan,vivaan429@yahoo.com,"Beach, City",Female,2,0,44,Jaipur
4446,Krishna,krishna916@gmail.com,"City, Nature",Female,3,0,21,Bangalore
4447,Divya,divya742@outlook.com,"Beach, Nature",Male,1,3,65,Kolkata
4448,Mohan,mohan500@gmail.com,Nature,Other,1,0,22,Delhi
4449,Ananya,ananya86@rediffmail.com,"City, Historical",Female,2,1,30,Bangalore
4450,Riya,riya374@yahoo.com,"City, Historical, Adventure",Male,4,2,19,Pune
4451,Sneha,sneha543@outlook.com,"City, Historical, Adventure",Other,2,0,44,Pune
4452,Tanvi,tanvi838@gmail.com,Historical,Other,2,0,24,Ahmedabad
4453,Kiara,kiara33@yahoo.com,"Beach, City",Male,2,0,65,Ahmedabad
4454,Rohit,rohit644@outlook.com,"Beach, Nature",Other,1,1,37,Delhi
4455,Arjun,arjun331@outlook.com,"Beach, Historical, Nature",Other,1,0,21,Surat
4456,Kiara,kiara195@outlook.com,Beach,Female,3,0,44,Chennai
4457,Riya,riya7@outlook.com,Adventure,Other,4,1,30,Jaipur
4458,Vihaan,vihaan3@rediffmail.com,"Beach, Historical, Nature",Female,1,1,34,Chennai
4459,Pooja,pooja952@hotmail.com,"Nature, Adventure",Other,3,0,47,Mumbai
4460,Sneha,sneha452@gmail.com,"Beach, Nature",Male,2,1,57,Bangalore
4461,Mohan,mohan921@yahoo.com,"Beach, Adventure",Other,4,1,23,Jaipur
4462,Ritika,ritika384@hotmail.com,City,Male,2,1,41,Mumbai
4463,Amit,amit619@gmail.com,Adventure,Other,2,1,54,Chennai
4464,Vivaan,vivaan782@gmail.com,"Nature, Adventure",Other,2,0,55,Delhi
4465,Vikram,vikram622@rediffmail.com,"Beach, Adventure",Male,3,0,55,Chennai
4466,Vikram,vikram295@hotmail.com,"Beach, Historical",Other,3,2,64,Hyderabad
4467,Aditya,aditya395@outlook.com,"Nature, Historical",Female,4,3,39,Surat
4468,Diya,diya954@outlook.com,Historical,Male,3,2,42,Pune
4469,Aarav,aarav591@outlook.com,Beach,Male,4,0,59,Pune
4470,Lakshmi,lakshmi151@yahoo.com,Historical,Male,3,2,44,Mumbai
4471,Krishna,krishna955@hotmail.com,"City, Historical",Male,3,1,19,Delhi
4472,Vivaan,vivaan621@yahoo.com,Nature,Male,3,0,35,Surat
4473,Aarav,aarav835@rediffmail.com,"City, Historical",Other,2,0,30,Bangalore
4474,Shruti,shruti707@hotmail.com,"Historical, Nature",Other,1,2,60,Ahmedabad
4475,Divya,divya477@hotmail.com,Adventure,Male,1,1,47,Bangalore
4476,Vikram,vikram519@yahoo.com,"Beach, Nature",Male,3,0,59,Surat
4477,Kiran,kiran314@hotmail.com,"Beach, Historical",Female,2,1,56,Pune
4478,Vikram,vikram713@rediffmail.com,"Beach, Nature",Other,4,0,40,Delhi
4479,Aadhya,aadhya378@hotmail.com,"City, Nature",Other,4,2,60,Jaipur
4480,Meera,meera749@rediffmail.com,"Nature, Adventure, Beach",Male,2,0,40,Delhi
4481,Lakshmi,lakshmi479@outlook.com,City,Female,3,0,52,Delhi
4482,Mohan,mohan134@gmail.com,Adventure,Other,2,1,36,Jaipur
4483,Pooja,pooja622@yahoo.com,"City, Adventure",Other,5,1,39,Ahmedabad
4484,Nisha,nisha222@rediffmail.com,"City, Nature",Female,2,1,48,Delhi
4485,Ananya,ananya360@yahoo.com,"Nature, Adventure",Male,3,0,42,Hyderabad
4486,Lakshmi,lakshmi656@rediffmail.com,"Beach, Nature",Male,2,0,54,Delhi
4487,Sunita,sunita431@rediffmail.com,"City, Historical, Adventure",Male,2,0,20,Chennai
4488,Arjun,arjun252@rediffmail.com,Adventure,Other,2,0,43,Ahmedabad
4489,Krishna,krishna528@hotmail.com,"City, Adventure",Male,2,2,29,Kolkata
4490,Kavya,kavya55@yahoo.com,"Nature, Adventure, Beach",Other,2,1,49,Hyderabad
4491,Tanvi,tanvi517@gmail.com,"Beach, Nature",Male,3,0,60,Surat
4492,Diya,diya298@outlook.com,"Beach, Nature",Female,2,3,26,Bangalore
4493,Geeta,geeta227@gmail.com,Historical,Other,2,0,18,Chennai
4494,Sunita,sunita667@outlook.com,Historical,Female,4,1,21,Pune
4495,Rahul,rahul989@hotmail.com,Adventure,Other,2,2,23,Jaipur
4496,Nisha,nisha209@gmail.com,"Adventure, City",Other,2,0,38,Chennai
4497,Amit,amit254@rediffmail.com,"City, Historical",Male,3,0,20,Surat
4498,Ishaan,ishaan922@hotmail.com,"Historical, Nature",Male,3,1,64,Chennai
4499,Vikram,vikram606@outlook.com,Historical,Other,2,0,57,Hyderabad
4500,Diya,diya205@rediffmail.com,"Beach, Nature",Female,3,2,47,Mumbai
4501,Anjali,anjali550@outlook.com,"Adventure, Historical",Male,2,1,32,Surat
4502,Sneha,sneha273@gmail.com,"Nature, Adventure",Other,1,0,49,Surat
4503,Tanvi,tanvi267@rediffmail.com,"Beach, Adventure",Female,2,1,25,Mumbai
4504,Reyansh,reyansh872@rediffmail.com,"City, Historical",Other,3,1,44,Surat
4505,Usha,usha657@gmail.com,"Beach, Adventure",Male,4,2,55,Chennai
4506,Suresh,suresh460@outlook.com,"Beach, Adventure",Other,2,1,58,Delhi
4507,Reyansh,reyansh92@outlook.com,Adventure,Male,4,0,41,Kolkata
4508,Vihaan,vihaan659@gmail.com,Nature,Female,4,2,28,Kolkata
4509,Ananya,ananya310@outlook.com,"Adventure, Historical",Female,2,0,29,Delhi
4510,Kiara,kiara350@outlook.com,Beach,Other,3,0,60,Chennai
4511,Sunita,sunita292@gmail.com,Adventure,Male,4,0,36,Chennai
4512,Sneha,sneha395@hotmail.com,"Nature, Adventure",Other,5,2,34,Jaipur
4513,Vihaan,vihaan739@gmail.com,Nature,Male,4,0,54,Ahmedabad
4514,Arjun,arjun53@hotmail.com,"City, Historical, Adventure",Female,1,0,26,Delhi
4515,Priya,priya648@gmail.com,"Historical, Nature",Male,5,0,58,Delhi
4516,Shruti,shruti347@hotmail.com,"City, Historical",Female,3,2,39,Kolkata
4517,Priya,priya681@gmail.com,City,Other,5,0,25,Chennai
4518,Aadhya,aadhya691@yahoo.com,Nature,Female,2,2,26,Ahmedabad
4519,Rohit,rohit963@rediffmail.com,"City, Historical",Female,5,1,38,Ahmedabad
4520,Ayaan,ayaan450@rediffmail.com,"Beach, Nature",Other,2,0,28,Surat
4521,Vihaan,vihaan721@outlook.com,"Historical, Nature",Other,4,1,28,Delhi
4522,Geeta,geeta884@gmail.com,"Beach, Nature",Other,2,1,56,Hyderabad
4523,Neha,neha116@outlook.com,"Beach, Nature",Female,1,0,50,Pune
4524,Kiran,kiran923@rediffmail.com,"City, Historical, Adventure",Male,3,0,28,Kolkata
4525,Rahul,rahul158@gmail.com,"Beach, Nature",Male,4,0,46,Hyderabad
4526,Aditya,aditya156@gmail.com,"Nature, Adventure, Beach",Other,3,1,45,Surat
4527,Neha,neha526@rediffmail.com,Beach,Female,2,0,22,Ahmedabad
4528,Ishaan,ishaan475@yahoo.com,"Nature, Adventure, Beach",Male,2,0,60,Pune
4529,Rekha,rekha975@gmail.com,Nature,Female,5,1,54,Delhi
4530,Rahul,rahul196@yahoo.com,"Beach, Nature",Other,3,2,24,Chennai
4531,Vihaan,vihaan530@outlook.com,"Adventure, City",Male,1,0,52,Bangalore
4532,Riya,riya297@yahoo.com,"Beach, Historical, Nature",Female,5,3,64,Bangalore
4533,Ishaan,ishaan903@outlook.com,Beach,Male,5,0,23,Chennai
4534,Kavya,kavya11@yahoo.com,"Adventure, Historical",Male,5,3,34,Bangalore
4535,Riya,riya550@hotmail.com,Historical,Male,4,0,19,Hyderabad
4536,Krishna,krishna634@yahoo.com,"City, Historical, Adventure",Other,2,1,45,Kolkata
4537,Tanvi,tanvi310@gmail.com,"Beach, Historical, Nature",Other,4,2,49,Bangalore
4538,Arjun,arjun41@hotmail.com,"Adventure, Historical",Male,4,2,21,Mumbai
4539,Riya,riya853@yahoo.com,"Nature, Adventure",Female,4,0,61,Surat
4540,Shruti,shruti990@yahoo.com,"Nature, Historical",Female,4,0,35,Bangalore
4541,Lakshmi,lakshmi355@outlook.com,"City, Historical",Female,3,1,52,Surat
4542,Aadhya,aadhya608@yahoo.com,Adventure,Female,4,3,63,Chennai
4543,Geeta,geeta565@outlook.com,"Historical, Nature",Male,3,0,53,Bangalore
4544,Neha,neha591@yahoo.com,Beach,Other,2,1,28,Jaipur
4545,Mohan,mohan667@hotmail.com,City,Male,2,3,20,Hyderabad
4546,Ananya,ananya667@yahoo.com,"City, Adventure",Female,4,0,51,Surat
4547,Rekha,rekha377@rediffmail.com,"City, Nature",Male,4,1,61,Surat
4548,Geeta,geeta192@gmail.com,"Beach, Adventure",Female,2,1,64,Mumbai
4549,Amit,amit8@hotmail.com,"Beach, Historical",Female,2,0,53,Ahmedabad
4550,Nisha,nisha580@outlook.com,"City, Historical, Adventure",Other,3,2,30,Pune
4551,Divya,divya387@rediffmail.com,Nature,Other,5,0,22,Chennai
4552,Ritika,ritika957@gmail.com,"Adventure, Historical",Other,2,1,34,Ahmedabad
4553,Sneha,sneha758@outlook.com,"Beach, City",Other,2,2,55,Pune
4554,Rohit,rohit104@yahoo.com,"Beach, Adventure",Other,1,0,22,Pune
4555,Meera,meera99@rediffmail.com,Nature,Male,3,0,65,Delhi
4556,Vivaan,vivaan611@hotmail.com,Adventure,Female,2,1,45,Chennai
4557,Kiran,kiran775@outlook.com,"Nature, Adventure, Beach",Male,5,0,19,Hyderabad
4558,Arjun,arjun504@yahoo.com,Adventure,Male,1,0,44,Jaipur
4559,Neha,neha806@hotmail.com,"Nature, Adventure",Other,2,3,61,Bangalore
4560,Aadhya,aadhya649@rediffmail.com,"Beach, Nature",Male,3,0,51,Surat
4561,Sunita,sunita769@yahoo.com,"City, Adventure",Female,3,1,65,Pune
4562,Krishna,krishna978@gmail.com,"City, Historical",Male,2,0,55,Kolkata
4563,Riya,riya776@hotmail.com,"Beach, Adventure",Male,1,1,31,Chennai
4564,Reyansh,reyansh920@gmail.com,"Beach, Historical, Nature",Other,2,3,21,Kolkata
4565,Rohit,rohit801@rediffmail.com,"Beach, City",Other,4,0,52,Delhi
4566,Neha,neha821@gmail.com,"City, Nature",Other,2,1,41,Delhi
4567,Aditya,aditya940@gmail.com,"Adventure, City",Male,3,0,63,Hyderabad
4568,Vivaan,vivaan558@gmail.com,Historical,Male,1,0,45,Delhi
4569,Lakshmi,lakshmi650@rediffmail.com,Adventure,Other,2,2,30,Bangalore
4570,Arjun,arjun289@rediffmail.com,"Nature, Adventure, Beach",Other,2,2,18,Chennai
4571,Krishna,krishna986@gmail.com,"Beach, City",Male,3,1,34,Chennai
4572,Aadhya,aadhya315@outlook.com,"Adventure, City",Male,1,0,20,Mumbai
4573,Meera,meera864@hotmail.com,"Beach, Historical",Male,1,0,30,Delhi
4574,Riya,riya345@outlook.com,"Adventure, Historical",Other,2,0,21,Jaipur
4575,Ishaan,ishaan702@yahoo.com,"City, Nature",Other,5,0,62,Jaipur
4576,Krishna,krishna673@gmail.com,Adventure,Female,4,0,51,Surat
4577,Mohan,mohan964@rediffmail.com,"Beach, Historical, Nature",Female,3,2,47,Jaipur
4578,Lakshmi,lakshmi488@hotmail.com,"City, Adventure",Male,2,0,60,Delhi
4579,Krishna,krishna809@yahoo.com,"Nature, Adventure, Beach",Other,1,3,32,Surat
4580,Divya,divya659@yahoo.com,"Nature, Adventure",Female,3,0,35,Pune
4581,Ayaan,ayaan602@outlook.com,"Adventure, Historical",Female,3,0,50,Delhi
4582,Divya,divya849@yahoo.com,"Beach, City",Male,3,2,19,Jaipur
4583,Geeta,geeta674@hotmail.com,"Nature, Historical",Other,3,0,58,Delhi
4584,Amit,amit898@hotmail.com,"Adventure, Historical",Other,2,0,54,Delhi
4585,Ritika,ritika653@outlook.com,"City, Nature",Other,2,0,41,Hyderabad
4586,Nisha,nisha616@yahoo.com,"City, Nature",Other,2,0,54,Pune
4587,Priya,priya32@hotmail.com,"City, Nature",Other,2,0,47,Mumbai
4588,Krishna,krishna56@hotmail.com,"City, Historical",Female,2,1,35,Bangalore
4589,Vihaan,vihaan704@outlook.com,"City, Adventure",Other,3,1,32,Pune
4590,Sneha,sneha290@gmail.com,Historical,Other,3,1,47,Jaipur
4591,Neha,neha896@rediffmail.com,"Beach, Historical, Nature",Other,5,0,63,Bangalore
4592,Reyansh,reyansh781@gmail.com,"Nature, Adventure",Female,4,1,18,Hyderabad
4593,Vivaan,vivaan788@rediffmail.com,"Nature, Historical",Female,4,0,25,Bangalore
4594,Meera,meera413@gmail.com,Historical,Female,3,1,18,Hyderabad
4595,Reyansh,reyansh966@gmail.com,"Nature, Historical",Other,2,0,51,Kolkata
4596,Priya,priya974@outlook.com,"Adventure, City",Female,1,0,49,Mumbai
4597,Priya,priya577@rediffmail.com,Nature,Female,1,2,25,Ahmedabad
4598,Divya,divya478@gmail.com,"City, Nature",Male,2,0,21,Hyderabad
4599,Meera,meera230@gmail.com,Historical,Male,1,2,60,Kolkata
4600,Anjali,anjali580@rediffmail.com,Adventure,Other,4,1,61,Mumbai
4601,Aadhya,aadhya655@gmail.com,"Beach, City",Male,3,0,47,Jaipur
4602,Usha,usha610@rediffmail.com,"City, Historical, Adventure",Other,1,0,54,Bangalore
4603,Meera,meera479@gmail.com,"Nature, Historical",Other,1,2,61,Chennai
4604,Vihaan,vihaan96@rediffmail.com,Nature,Female,2,0,34,Pune
4605,Vikram,vikram836@outlook.com,"Beach, Nature",Other,4,0,41,Surat
4606,Sai,sai920@hotmail.com,"Nature, Adventure",Male,2,0,47,Hyderabad
4607,Diya,diya747@yahoo.com,"City, Adventure",Female,4,0,19,Pune
4608,Aadhya,aadhya390@yahoo.com,"Adventure, Historical",Male,4,1,31,Delhi
4609,Arjun,arjun842@outlook.com,"Beach, City",Male,3,0,19,Bangalore
4610,Vivaan,vivaan389@gmail.com,Adventure,Male,2,0,55,Chennai
4611,Vihaan,vihaan803@gmail.com,"City, Adventure",Male,2,3,37,Hyderabad
4612,Kavya,kavya663@hotmail.com,Historical,Other,5,0,41,Chennai
4613,Mohan,mohan272@yahoo.com,"Adventure, Historical",Female,1,2,24,Pune
4614,Usha,usha585@rediffmail.com,"Nature, Historical",Female,3,0,62,Delhi
4615,Ritika,ritika282@outlook.com,"Adventure, Historical",Male,2,1,38,Ahmedabad
4616,Ishaan,ishaan412@rediffmail.com,"Adventure, City",Other,3,0,52,Delhi
4617,Sneha,sneha872@rediffmail.com,"City, Historical, Adventure",Other,2,0,30,Bangalore
4618,Diya,diya356@rediffmail.com,"City, Adventure",Other,2,0,21,Chennai
4619,Rohit,rohit897@yahoo.com,City,Other,1,0,49,Pune
4620,Aditya,aditya894@hotmail.com,City,Male,3,2,58,Jaipur
4621,Aadhya,aadhya370@outlook.com,"Nature, Historical",Male,2,0,62,Jaipur
4622,Shruti,shruti501@hotmail.com,"Beach, City",Female,4,0,42,Hyderabad
4623,Geeta,geeta252@gmail.com,"Nature, Historical",Female,2,0,45,Mumbai
4624,Vikram,vikram582@rediffmail.com,City,Male,2,1,26,Jaipur
4625,Suresh,suresh826@outlook.com,"Beach, Adventure",Female,2,0,53,Pune
4626,Meera,meera669@hotmail.com,"Beach, Historical",Other,1,0,34,Mumbai
4627,Divya,divya161@outlook.com,"Beach, City",Female,3,1,20,Delhi
4628,Lakshmi,lakshmi62@rediffmail.com,"Nature, Adventure, Beach",Male,1,1,34,Jaipur
4629,Vivaan,vivaan451@rediffmail.com,"Adventure, City",Female,5,0,24,Jaipur
4630,Meera,meera207@gmail.com,Beach,Male,2,0,59,Chennai
4631,Geeta,geeta305@yahoo.com,"Nature, Adventure, Beach",Other,5,0,35,Bangalore
4632,Divya,divya571@rediffmail.com,"City, Adventure",Male,3,0,23,Jaipur
4633,Geeta,geeta933@outlook.com,"City, Historical, Adventure",Female,3,0,37,Surat
4634,Amit,amit729@rediffmail.com,"City, Adventure",Female,3,2,29,Jaipur
4635,Diya,diya744@gmail.com,Adventure,Other,4,1,60,Bangalore
4636,Pooja,pooja747@gmail.com,City,Male,1,0,61,Hyderabad
4637,Vivaan,vivaan166@yahoo.com,"Nature, Adventure, Beach",Male,2,1,26,Jaipur
4638,Vikram,vikram105@hotmail.com,Nature,Female,3,1,35,Mumbai
4639,Sneha,sneha746@hotmail.com,"Adventure, Historical",Other,2,0,53,Kolkata
4640,Kiara,kiara517@gmail.com,"Beach, Nature",Male,2,2,63,Bangalore
4641,Ritika,ritika736@rediffmail.com,"Historical, Nature",Male,2,1,61,Pune
4642,Geeta,geeta366@yahoo.com,City,Other,5,0,44,Jaipur
4643,Tanvi,tanvi814@outlook.com,"Historical, Nature",Male,3,0,34,Chennai
4644,Kiara,kiara840@hotmail.com,"Beach, Adventure",Other,4,1,51,Chennai
4645,Rekha,rekha429@rediffmail.com,"Historical, Nature",Male,4,0,20,Mumbai
4646,Krishna,krishna389@gmail.com,Adventure,Female,4,0,30,Hyderabad
4647,Anjali,anjali395@rediffmail.com,Beach,Female,2,0,41,Pune
4648,Tanvi,tanvi255@gmail.com,"Beach, Historical",Female,2,1,53,Chennai
4649,Arjun,arjun570@hotmail.com,"City, Nature",Male,3,1,41,Mumbai
4650,Tanvi,tanvi638@yahoo.com,"City, Nature",Female,2,2,32,Delhi
4651,Krishna,krishna627@hotmail.com,"Beach, Adventure",Female,5,1,51,Pune
4652,Vihaan,vihaan916@yahoo.com,Historical,Other,5,0,58,Mumbai
4653,Anjali,anjali153@hotmail.com,"Beach, Historical, Nature",Other,1,1,48,Bangalore
4654,Ananya,ananya29@rediffmail.com,Adventure,Male,4,2,25,Ahmedabad
4655,Geeta,geeta866@outlook.com,"City, Adventure",Male,2,3,62,Pune
4656,Sunita,sunita424@gmail.com,"Adventure, City",Male,2,2,57,Surat
4657,Anjali,anjali739@hotmail.com,"City, Adventure",Male,2,0,57,Mumbai
4658,Diya,diya172@yahoo.com,"Beach, Historical",Other,3,0,45,Mumbai
4659,Rekha,rekha290@gmail.com,Historical,Female,1,3,64,Hyderabad
4660,Ayaan,ayaan970@yahoo.com,"Beach, Historical",Male,2,1,45,Jaipur
4661,Amit,amit529@hotmail.com,"Adventure, Historical",Female,3,0,18,Surat
4662,Rohit,rohit589@gmail.com,"Nature, Historical",Female,1,1,46,Bangalore
4663,Riya,riya401@hotmail.com,"Nature, Adventure, Beach",Female,3,0,29,Ahmedabad
4664,Lakshmi,lakshmi979@outlook.com,"Beach, Nature",Other,5,0,62,Bangalore
4665,Aditya,aditya316@yahoo.com,"Beach, Historical, Nature",Female,4,0,20,Hyderabad
4666,Kiran,kiran150@gmail.com,Adventure,Female,2,0,36,Surat
4667,Diya,diya879@rediffmail.com,"Nature, Historical",Male,2,2,63,Kolkata
4668,Pooja,pooja263@gmail.com,Historical,Other,4,1,62,Kolkata
4669,Sunita,sunita524@outlook.com,"Beach, Historical, Nature",Female,2,1,23,Mumbai
4670,Kiran,kiran662@hotmail.com,Historical,Other,2,0,23,Ahmedabad
4671,Pooja,pooja640@yahoo.com,"City, Historical, Adventure",Female,3,2,31,Jaipur
4672,Tanvi,tanvi54@gmail.com,"Historical, Nature",Female,3,2,25,Kolkata
4673,Sneha,sneha365@rediffmail.com,City,Male,5,0,33,Jaipur
4674,Ritika,ritika15@outlook.com,Historical,Male,2,0,55,Chennai
4675,Vikram,vikram353@gmail.com,City,Female,2,2,29,Kolkata
4676,Geeta,geeta143@gmail.com,"City, Nature",Other,5,1,48,Chennai
4677,Rohit,rohit795@hotmail.com,"Beach, Nature",Male,2,2,29,Delhi
4678,Ishaan,ishaan874@yahoo.com,"Beach, Historical",Male,3,0,60,Ahmedabad
4679,Sunita,sunita358@rediffmail.com,"Beach, Nature",Female,2,1,29,Pune
4680,Vikram,vikram390@gmail.com,"Beach, Historical",Other,3,1,18,Pune
4681,Shruti,shruti831@rediffmail.com,"Beach, Adventure",Female,3,0,31,Mumbai
4682,Diya,diya924@outlook.com,"City, Historical",Male,4,0,59,Chennai
4683,Krishna,krishna603@rediffmail.com,"Adventure, Historical",Female,3,1,57,Surat
4684,Pooja,pooja887@hotmail.com,"Beach, Historical",Other,2,0,20,Mumbai
4685,Shruti,shruti279@hotmail.com,"Beach, Nature",Female,4,0,46,Mumbai
4686,Vihaan,vihaan803@outlook.com,"City, Historical, Adventure",Male,3,1,37,Hyderabad
4687,Diya,diya397@rediffmail.com,Historical,Male,3,1,42,Chennai
4688,Neha,neha933@hotmail.com,Nature,Male,4,2,48,Jaipur
4689,Nisha,nisha853@gmail.com,"Adventure, Historical",Female,5,2,45,Kolkata
4690,Ayaan,ayaan537@yahoo.com,"Nature, Historical",Other,3,0,35,Bangalore
4691,Shruti,shruti519@outlook.com,"City, Nature",Other,1,0,64,Surat
4692,Neha,neha513@hotmail.com,"Historical, Nature",Female,2,0,54,Bangalore
4693,Sai,sai649@yahoo.com,"Adventure, City",Male,3,1,55,Ahmedabad
4694,Kavya,kavya126@outlook.com,"City, Historical, Adventure",Male,1,1,25,Chennai
4695,Krishna,krishna678@gmail.com,"Nature, Historical",Other,2,1,40,Kolkata
4696,Divya,divya946@hotmail.com,"City, Historical",Female,4,1,25,Jaipur
4697,Vikram,vikram400@gmail.com,"Nature, Historical",Female,2,1,32,Surat
4698,Sai,sai914@gmail.com,Beach,Other,4,0,46,Kolkata
4699,Shruti,shruti943@hotmail.com,Beach,Female,4,1,42,Kolkata
4700,Priya,priya493@hotmail.com,"Nature, Adventure",Other,2,0,60,Pune
4701,Krishna,krishna601@hotmail.com,"Nature, Historical",Female,4,2,22,Jaipur
4702,Suresh,suresh64@outlook.com,"City, Historical, Adventure",Other,3,0,26,Surat
4703,Mohan,mohan514@hotmail.com,"Adventure, City",Female,2,1,27,Bangalore
4704,Aarav,aarav442@gmail.com,"Beach, Historical, Nature",Female,3,0,56,Bangalore
4705,Rekha,rekha847@rediffmail.com,Historical,Other,2,1,61,Hyderabad
4706,Aditya,aditya64@hotmail.com,Adventure,Male,2,2,45,Chennai
4707,Geeta,geeta39@yahoo.com,"Historical, Nature",Male,2,0,23,Ahmedabad
4708,Diya,diya581@yahoo.com,"City, Nature",Male,4,0,25,Ahmedabad
4709,Priya,priya685@gmail.com,Beach,Female,2,1,39,Ahmedabad
4710,Shruti,shruti328@outlook.com,"Adventure, City",Other,2,0,43,Delhi
4711,Rohit,rohit77@outlook.com,"Beach, Adventure",Female,3,2,40,Jaipur
4712,Anjali,anjali217@outlook.com,"City, Historical",Female,5,2,30,Ahmedabad
4713,Divya,divya730@gmail.com,"City, Nature",Female,2,0,45,Surat
4714,Lakshmi,lakshmi997@yahoo.com,"Beach, Adventure",Other,3,1,63,Ahmedabad
4715,Lakshmi,lakshmi681@outlook.com,"City, Historical",Female,3,2,38,Kolkata
4716,Aditya,aditya710@gmail.com,"Nature, Adventure, Beach",Other,3,3,65,Kolkata
4717,Krishna,krishna271@hotmail.com,"Nature, Adventure, Beach",Female,3,0,28,Surat
4718,Diya,diya403@rediffmail.com,"Nature, Historical",Male,2,2,25,Jaipur
4719,Geeta,geeta469@yahoo.com,Nature,Female,3,2,21,Delhi
4720,Aarav,aarav135@hotmail.com,"City, Historical",Other,4,1,57,Pune
4721,Krishna,krishna857@gmail.com,"Beach, Adventure",Other,5,0,24,Bangalore
4722,Ayaan,ayaan795@outlook.com,"City, Historical",Other,1,0,40,Kolkata
4723,Kavya,kavya847@outlook.com,"Beach, City",Female,3,0,24,Kolkata
4724,Rohit,rohit436@hotmail.com,"Beach, Adventure",Other,4,1,61,Pune
4725,Aditya,aditya535@yahoo.com,"Nature, Historical",Male,3,0,38,Chennai
4726,Ritika,ritika94@outlook.com,"Beach, Historical",Male,1,0,38,Surat
4727,Anjali,anjali859@outlook.com,"City, Historical",Other,2,0,27,Hyderabad
4728,Anjali,anjali305@yahoo.com,"City, Adventure",Male,2,0,65,Surat
4729,Aadhya,aadhya756@yahoo.com,"Historical, Nature",Other,1,1,54,Surat
4730,Divya,divya26@yahoo.com,"Beach, City",Female,1,2,30,Delhi
4731,Vivaan,vivaan930@rediffmail.com,"Beach, Historical",Female,2,1,29,Chennai
4732,Rohit,rohit720@yahoo.com,"Adventure, City",Female,2,1,49,Kolkata
4733,Amit,amit352@outlook.com,Historical,Female,1,0,40,Jaipur
4734,Kiara,kiara346@outlook.com,"Nature, Historical",Other,5,0,24,Bangalore
4735,Vikram,vikram417@hotmail.com,"Beach, Nature",Female,4,0,31,Surat
4736,Krishna,krishna622@outlook.com,"Historical, Nature",Female,3,2,22,Pune
4737,Vihaan,vihaan957@gmail.com,"Beach, Adventure",Female,4,0,33,Surat
4738,Vihaan,vihaan448@yahoo.com,Adventure,Other,4,1,57,Pune
4739,Neha,neha186@outlook.com,Historical,Female,2,1,54,Delhi
4740,Krishna,krishna618@rediffmail.com,"Nature, Adventure",Male,2,0,56,Delhi
4741,Ishaan,ishaan453@outlook.com,"Nature, Adventure, Beach",Male,3,2,38,Jaipur
4742,Sai,sai972@outlook.com,"Historical, Nature",Male,4,0,61,Bangalore
4743,Ananya,ananya35@hotmail.com,"Adventure, Historical",Other,1,0,35,Hyderabad
4744,Diya,diya404@outlook.com,"Beach, Adventure",Female,2,0,28,Surat
4745,Deepa,deepa603@gmail.com,"Beach, City",Male,2,1,63,Mumbai
4746,Vihaan,vihaan475@yahoo.com,"Historical, Nature",Female,2,1,38,Bangalore
4747,Divya,divya521@gmail.com,City,Female,5,0,48,Delhi
4748,Vihaan,vihaan617@yahoo.com,"Beach, Adventure",Other,4,0,18,Mumbai
4749,Geeta,geeta45@gmail.com,Nature,Male,3,0,50,Kolkata
4750,Tanvi,tanvi955@hotmail.com,"Adventure, Historical",Female,2,1,25,Jaipur
4751,Kavya,kavya567@outlook.com,Historical,Other,1,0,44,Chennai
4752,Kiara,kiara189@outlook.com,Beach,Female,3,3,60,Kolkata
4753,Anjali,anjali292@gmail.com,"Adventure, Historical",Female,3,1,39,Delhi
4754,Divya,divya321@hotmail.com,"Beach, Adventure",Female,5,1,50,Pune
4755,Reyansh,reyansh807@hotmail.com,Beach,Other,3,0,54,Pune
4756,Geeta,geeta419@outlook.com,Nature,Male,1,2,32,Chennai
4757,Pooja,pooja762@outlook.com,"Adventure, City",Male,3,0,35,Ahmedabad
4758,Priya,priya653@yahoo.com,"City, Historical",Male,3,0,26,Pune
4759,Sai,sai750@outlook.com,"Adventure, Historical",Female,2,1,41,Chennai
4760,Divya,divya657@yahoo.com,"City, Nature",Female,2,0,22,Hyderabad
4761,Ishaan,ishaan959@hotmail.com,"Nature, Historical",Male,1,1,48,Mumbai
4762,Ritika,ritika80@yahoo.com,Adventure,Male,2,1,25,Mumbai
4763,Usha,usha798@yahoo.com,"City, Adventure",Other,4,0,60,Chennai
4764,Rekha,rekha157@yahoo.com,"Nature, Adventure, Beach",Other,2,0,61,Hyderabad
4765,Sunita,sunita404@yahoo.com,"Beach, Historical, Nature",Female,1,2,61,Surat
4766,Rohit,rohit203@rediffmail.com,"Nature, Adventure",Other,2,2,60,Hyderabad
4767,Shruti,shruti413@hotmail.com,"Nature, Adventure, Beach",Male,1,3,50,Bangalore
4768,Nisha,nisha311@hotmail.com,Nature,Female,2,0,53,Chennai
4769,Lakshmi,lakshmi952@gmail.com,"City, Historical, Adventure",Other,2,1,50,Bangalore
4770,Amit,amit928@gmail.com,City,Female,2,0,58,Kolkata
4771,Kavya,kavya585@hotmail.com,"Historical, Nature",Female,2,1,27,Chennai
4772,Ishaan,ishaan336@hotmail.com,"Historical, Nature",Female,2,2,63,Kolkata
4773,Ritika,ritika840@rediffmail.com,"Historical, Nature",Female,5,1,35,Jaipur
4774,Ananya,ananya198@yahoo.com,"Beach, City",Other,2,2,45,Kolkata
4775,Kiran,kiran108@gmail.com,"City, Adventure",Male,5,0,64,Kolkata
4776,Sai,sai560@gmail.com,Beach,Other,2,1,53,Kolkata
4777,Anjali,anjali713@rediffmail.com,Adventure,Other,5,0,34,Surat
4778,Priya,priya911@gmail.com,"City, Nature",Other,5,1,61,Surat
4779,Suresh,suresh86@rediffmail.com,Nature,Other,3,0,23,Chennai
4780,Nisha,nisha280@gmail.com,"Beach, Historical, Nature",Other,2,1,24,Ahmedabad
4781,Riya,riya558@gmail.com,"Beach, Nature",Female,3,0,48,Kolkata
4782,Geeta,geeta70@yahoo.com,"Beach, Adventure",Female,5,1,33,Surat
4783,Mohan,mohan827@gmail.com,"City, Historical",Other,4,0,19,Delhi
4784,Vikram,vikram221@gmail.com,City,Female,2,0,27,Chennai
4785,Geeta,geeta102@outlook.com,"Adventure, City",Male,1,0,43,Chennai
4786,Arjun,arjun299@gmail.com,"City, Historical, Adventure",Other,2,0,20,Bangalore
4787,Riya,riya126@rediffmail.com,"Nature, Adventure, Beach",Female,2,0,25,Bangalore
4788,Usha,usha357@rediffmail.com,"Beach, Historical",Male,1,1,49,Pune
4789,Kiran,kiran926@rediffmail.com,"Beach, Historical",Male,3,1,59,Surat
4790,Sai,sai975@hotmail.com,Beach,Female,4,2,29,Hyderabad
4791,Nisha,nisha543@yahoo.com,"Beach, City",Male,4,1,48,Delhi
4792,Suresh,suresh936@gmail.com,"Adventure, Historical",Female,3,0,57,Delhi
4793,Ayaan,ayaan477@gmail.com,"Beach, Historical, Nature",Female,1,0,52,Bangalore
4794,Aditya,aditya865@outlook.com,"Nature, Adventure",Male,3,1,64,Ahmedabad
4795,Aarav,aarav882@rediffmail.com,"Beach, Adventure",Female,3,1,25,Bangalore
4796,Aadhya,aadhya172@gmail.com,Beach,Other,3,0,56,Chennai
4797,Ananya,ananya272@gmail.com,"Beach, Historical, Nature",Male,1,1,40,Bangalore
4798,Pooja,pooja394@yahoo.com,"City, Adventure",Male,3,0,28,Delhi
4799,Kiara,kiara115@gmail.com,Nature,Female,3,1,28,Ahmedabad
4800,Aadhya,aadhya172@hotmail.com,Adventure,Other,1,1,23,Kolkata
4801,Pooja,pooja518@gmail.com,"Beach, Nature",Female,5,0,65,Ahmedabad
4802,Deepa,deepa755@yahoo.com,"Nature, Adventure, Beach",Male,2,0,30,Ahmedabad
4803,Kiran,kiran896@outlook.com,"Historical, Nature",Female,2,1,28,Bangalore
4804,Aditya,aditya630@rediffmail.com,"Nature, Historical",Male,2,2,39,Chennai
4805,Vivaan,vivaan290@gmail.com,"City, Adventure",Male,1,1,22,Mumbai
4806,Rohit,rohit29@hotmail.com,"Adventure, Historical",Female,1,0,38,Bangalore
4807,Mohan,mohan299@hotmail.com,Adventure,Female,1,2,50,Hyderabad
4808,Lakshmi,lakshmi463@rediffmail.com,Adventure,Male,3,1,64,Chennai
4809,Vivaan,vivaan667@hotmail.com,Beach,Female,3,2,39,Ahmedabad
4810,Kiara,kiara330@outlook.com,"Beach, Historical",Male,2,0,28,Jaipur
4811,Rekha,rekha454@yahoo.com,"Adventure, City",Other,2,0,62,Ahmedabad
4812,Riya,riya134@gmail.com,"City, Adventure",Male,1,0,30,Hyderabad
4813,Vivaan,vivaan438@yahoo.com,Beach,Other,1,2,56,Mumbai
4814,Suresh,suresh31@yahoo.com,"Nature, Historical",Male,2,0,61,Jaipur
4815,Sneha,sneha877@hotmail.com,"City, Historical",Other,1,0,43,Hyderabad
4816,Ritika,ritika361@hotmail.com,"City, Historical, Adventure",Female,5,1,30,Delhi
4817,Kavya,kavya916@outlook.com,"Nature, Adventure",Female,3,1,37,Hyderabad
4818,Ritika,ritika702@gmail.com,"City, Nature",Other,5,1,54,Mumbai
4819,Ayaan,ayaan103@outlook.com,"Adventure, Historical",Other,2,2,43,Jaipur
4820,Pooja,pooja427@gmail.com,"City, Historical, Adventure",Female,1,1,65,Mumbai
4821,Reyansh,reyansh496@gmail.com,"City, Historical, Adventure",Male,4,0,37,Pune
4822,Arjun,arjun955@hotmail.com,Historical,Male,1,0,31,Ahmedabad
4823,Aarav,aarav258@outlook.com,"City, Nature",Female,2,2,46,Jaipur
4824,Krishna,krishna331@yahoo.com,"Adventure, City",Male,3,0,55,Bangalore
4825,Ritika,ritika275@rediffmail.com,"City, Historical, Adventure",Other,2,0,63,Ahmedabad
4826,Shruti,shruti179@hotmail.com,"Historical, Nature",Other,3,2,31,Pune
4827,Tanvi,tanvi914@gmail.com,"Historical, Nature",Other,5,0,57,Chennai
4828,Sunita,sunita516@hotmail.com,Nature,Male,3,2,37,Kolkata
4829,Meera,meera547@outlook.com,"Beach, City",Male,3,0,53,Chennai
4830,Rahul,rahul741@hotmail.com,"City, Adventure",Male,3,1,53,Ahmedabad
4831,Deepa,deepa678@hotmail.com,Beach,Male,4,0,33,Pune
4832,Kiara,kiara851@yahoo.com,"Nature, Historical",Male,5,1,21,Delhi
4833,Deepa,deepa435@yahoo.com,"City, Nature",Female,4,0,62,Bangalore
4834,Sai,sai384@hotmail.com,"Beach, Adventure",Female,4,3,29,Kolkata
4835,Aadhya,aadhya411@yahoo.com,City,Other,2,2,30,Pune
4836,Divya,divya33@outlook.com,"Beach, City",Female,2,2,25,Hyderabad
4837,Aadhya,aadhya278@outlook.com,"Adventure, City",Male,1,0,34,Surat
4838,Priya,priya301@rediffmail.com,"Adventure, Historical",Female,3,0,23,Ahmedabad
4839,Ritika,ritika736@outlook.com,"Historical, Nature",Other,4,0,50,Delhi
4840,Suresh,suresh77@yahoo.com,"Nature, Adventure, Beach",Male,1,2,35,Jaipur
4841,Usha,usha178@outlook.com,Beach,Female,2,1,50,Jaipur
4842,Ananya,ananya260@hotmail.com,"Beach, Adventure",Female,2,2,57,Ahmedabad
4843,Shruti,shruti384@rediffmail.com,"Beach, Nature",Female,2,0,47,Pune
4844,Ayaan,ayaan268@outlook.com,"City, Historical",Other,2,0,54,Bangalore
4845,Riya,riya50@outlook.com,Historical,Other,2,0,30,Delhi
4846,Vivaan,vivaan742@rediffmail.com,"City, Historical",Male,2,3,33,Jaipur
4847,Ritika,ritika656@hotmail.com,"Historical, Nature",Female,2,0,58,Delhi
4848,Sneha,sneha648@hotmail.com,"Beach, Historical",Female,2,1,42,Delhi
4849,Vivaan,vivaan387@rediffmail.com,Nature,Male,3,2,56,Delhi
4850,Ishaan,ishaan819@gmail.com,City,Female,3,1,20,Kolkata
4851,Rohit,rohit10@hotmail.com,"City, Historical",Female,2,0,18,Delhi
4852,Reyansh,reyansh923@yahoo.com,"Adventure, Historical",Male,1,3,23,Kolkata
4853,Aditya,aditya2@outlook.com,"Nature, Adventure",Male,5,0,53,Surat
4854,Ritika,ritika426@rediffmail.com,"City, Nature",Other,1,2,21,Ahmedabad
4855,Kiran,kiran910@gmail.com,"Beach, City",Other,3,1,27,Pune
4856,Aditya,aditya871@hotmail.com,"Nature, Adventure, Beach",Female,4,1,58,Jaipur
4857,Neha,neha897@outlook.com,"Historical, Nature",Male,5,1,36,Delhi
4858,Sneha,sneha859@outlook.com,"Adventure, City",Female,2,1,32,Jaipur
4859,Kavya,kavya253@rediffmail.com,Nature,Male,3,0,41,Bangalore
4860,Anjali,anjali722@outlook.com,"Nature, Adventure, Beach",Other,4,0,38,Jaipur
4861,Lakshmi,lakshmi219@hotmail.com,"Nature, Adventure, Beach",Other,2,0,39,Pune
4862,Shruti,shruti490@rediffmail.com,Adventure,Other,4,1,31,Kolkata
4863,Pooja,pooja445@gmail.com,Adventure,Female,3,0,41,Surat
4864,Aadhya,aadhya620@outlook.com,"Beach, Historical, Nature",Male,2,1,32,Surat
4865,Vihaan,vihaan999@yahoo.com,"Adventure, Historical",Female,3,2,51,Pune
4866,Mohan,mohan648@hotmail.com,"Nature, Adventure, Beach",Other,5,0,18,Surat
4867,Deepa,deepa217@outlook.com,"Nature, Historical",Other,2,2,19,Jaipur
4868,Rahul,rahul866@gmail.com,"Historical, Nature",Male,1,1,26,Kolkata
4869,Kavya,kavya680@yahoo.com,Beach,Female,4,0,24,Ahmedabad
4870,Vivaan,vivaan898@yahoo.com,"Beach, City",Female,3,0,40,Surat
4871,Kiara,kiara330@hotmail.com,"City, Adventure",Male,2,2,59,Chennai
4872,Tanvi,tanvi792@hotmail.com,"City, Historical, Adventure",Female,1,0,44,Pune
4873,Rahul,rahul470@yahoo.com,Adventure,Female,3,1,64,Pune
4874,Ishaan,ishaan339@gmail.com,"Historical, Nature",Male,5,2,65,Ahmedabad
4875,Meera,meera430@hotmail.com,"City, Historical, Adventure",Other,1,1,38,Bangalore
4876,Kavya,kavya873@hotmail.com,"City, Historical, Adventure",Other,5,1,54,Kolkata
4877,Rahul,rahul899@yahoo.com,"Beach, Adventure",Other,2,0,55,Surat
4878,Usha,usha55@yahoo.com,"Nature, Adventure",Male,3,0,20,Jaipur
4879,Aarav,aarav61@rediffmail.com,"Beach, City",Male,2,1,26,Hyderabad
4880,Ishaan,ishaan425@rediffmail.com,"Adventure, Historical",Female,4,0,62,Ahmedabad
4881,Rohit,rohit71@yahoo.com,"Nature, Adventure, Beach",Female,2,0,28,Surat
4882,Meera,meera428@gmail.com,"Nature, Historical",Male,3,1,19,Hyderabad
4883,Vihaan,vihaan524@outlook.com,"Adventure, City",Male,2,0,34,Kolkata
4884,Arjun,arjun71@rediffmail.com,"Nature, Adventure, Beach",Female,3,0,27,Ahmedabad
4885,Ananya,ananya667@hotmail.com,"City, Adventure",Other,4,0,31,Ahmedabad
4886,Aditya,aditya294@gmail.com,"Nature, Adventure, Beach",Male,2,2,42,Mumbai
4887,Riya,riya208@yahoo.com,"Nature, Adventure",Other,4,0,23,Ahmedabad
4888,Nisha,nisha256@hotmail.com,Nature,Male,3,1,58,Surat
4889,Diya,diya90@yahoo.com,Adventure,Other,3,1,61,Delhi
4890,Aditya,aditya595@yahoo.com,Nature,Female,3,1,44,Jaipur
4891,Divya,divya802@hotmail.com,Historical,Male,4,0,47,Kolkata
4892,Nisha,nisha366@outlook.com,"Nature, Historical",Female,3,0,34,Ahmedabad
4893,Ayaan,ayaan629@outlook.com,"Beach, City",Male,2,1,25,Delhi
4894,Vihaan,vihaan144@hotmail.com,"Nature, Adventure, Beach",Male,3,0,33,Mumbai
4895,Ritika,ritika634@yahoo.com,"Beach, Adventure",Other,2,1,23,Chennai
4896,Suresh,suresh696@gmail.com,"Nature, Historical",Other,3,0,19,Jaipur
4897,Vivaan,vivaan147@hotmail.com,"Beach, City",Male,2,2,45,Mumbai
4898,Vikram,vikram451@outlook.com,"Beach, Nature",Female,3,0,37,Hyderabad
4899,Neha,neha489@hotmail.com,"Historical, Nature",Male,5,2,44,Hyderabad
4900,Mohan,mohan251@outlook.com,"Adventure, City",Female,3,2,55,Jaipur
4901,Riya,riya56@yahoo.com,"City, Historical, Adventure",Female,1,1,48,Bangalore
4902,Amit,amit172@gmail.com,"Historical, Nature",Male,3,1,41,Ahmedabad
4903,Usha,usha212@hotmail.com,Historical,Male,2,1,52,Hyderabad
4904,Anjali,anjali785@rediffmail.com,"Nature, Adventure, Beach",Male,3,2,63,Surat
4905,Nisha,nisha851@rediffmail.com,"City, Adventure",Male,2,1,57,Surat
4906,Arjun,arjun768@rediffmail.com,"Beach, City",Female,4,0,36,Hyderabad
4907,Lakshmi,lakshmi258@outlook.com,"Adventure, City",Male,4,0,34,Delhi
4908,Suresh,suresh174@outlook.com,"Adventure, City",Other,3,0,41,Pune
4909,Priya,priya506@gmail.com,"City, Historical",Other,3,1,56,Pune
4910,Aditya,aditya128@outlook.com,Beach,Female,5,1,57,Chennai
4911,Lakshmi,lakshmi502@yahoo.com,"Adventure, Historical",Male,3,2,62,Mumbai
4912,Vihaan,vihaan817@outlook.com,"City, Historical",Female,2,1,58,Jaipur
4913,Riya,riya277@hotmail.com,"Nature, Adventure",Other,2,0,32,Hyderabad
4914,Aarav,aarav765@hotmail.com,"City, Historical, Adventure",Other,1,1,23,Kolkata
4915,Sneha,sneha359@hotmail.com,"Adventure, Historical",Male,2,0,29,Ahmedabad
4916,Diya,diya891@yahoo.com,"Beach, Historical, Nature",Female,2,2,39,Delhi
4917,Amit,amit697@gmail.com,Nature,Female,3,1,40,Pune
4918,Divya,divya113@outlook.com,"City, Adventure",Female,3,0,44,Kolkata
4919,Mohan,mohan597@outlook.com,"Nature, Adventure",Other,2,2,33,Kolkata
4920,Priya,priya418@gmail.com,"Adventure, Historical",Other,4,0,62,Kolkata
4921,Ayaan,ayaan885@gmail.com,"City, Nature",Male,3,0,30,Bangalore
4922,Krishna,krishna268@outlook.com,"City, Historical",Other,1,0,43,Delhi
4923,Geeta,geeta132@gmail.com,"Adventure, City",Other,3,2,46,Hyderabad
4924,Mohan,mohan860@hotmail.com,"City, Historical, Adventure",Female,3,1,54,Ahmedabad
4925,Rekha,rekha419@yahoo.com,"City, Historical",Other,2,0,40,Bangalore
4926,Shruti,shruti643@gmail.com,"Beach, City",Other,2,1,29,Bangalore
4927,Amit,amit834@rediffmail.com,"City, Historical",Female,2,0,25,Bangalore
4928,Tanvi,tanvi289@hotmail.com,"City, Historical, Adventure",Other,4,0,42,Chennai
4929,Reyansh,reyansh772@rediffmail.com,"City, Historical",Other,4,2,33,Jaipur
4930,Vivaan,vivaan857@rediffmail.com,"City, Adventure",Other,2,2,18,Kolkata
4931,Ishaan,ishaan178@yahoo.com,"Beach, Historical",Female,2,0,31,Pune
4932,Shruti,shruti466@outlook.com,Beach,Other,3,0,56,Ahmedabad
4933,Nisha,nisha820@gmail.com,"Beach, Historical",Female,4,2,63,Mumbai
4934,Aadhya,aadhya876@yahoo.com,Adventure,Male,1,1,37,Ahmedabad
4935,Ananya,ananya727@hotmail.com,"Nature, Historical",Other,5,0,38,Bangalore
4936,Kiara,kiara806@outlook.com,Nature,Male,1,1,27,Mumbai
4937,Riya,riya855@rediffmail.com,"Beach, Historical",Other,4,2,61,Surat
4938,Rohit,rohit518@hotmail.com,"Adventure, City",Other,1,0,59,Delhi
4939,Reyansh,reyansh97@yahoo.com,City,Male,2,2,19,Chennai
4940,Kiran,kiran435@hotmail.com,Beach,Male,2,1,57,Hyderabad
4941,Tanvi,tanvi180@rediffmail.com,"City, Historical",Other,2,0,38,Surat
4942,Neha,neha287@outlook.com,"Beach, Historical",Male,2,1,57,Mumbai
4943,Ananya,ananya684@rediffmail.com,"Beach, City",Male,4,0,31,Pune
4944,Diya,diya683@gmail.com,"Beach, Adventure",Male,3,1,26,Jaipur
4945,Rohit,rohit425@hotmail.com,"Beach, Nature",Other,3,0,64,Chennai
4946,Vihaan,vihaan379@hotmail.com,City,Female,3,0,22,Bangalore
4947,Kiran,kiran338@yahoo.com,"Nature, Historical",Other,2,1,22,Ahmedabad
4948,Amit,amit164@rediffmail.com,City,Male,3,2,18,Delhi
4949,Rahul,rahul124@outlook.com,"City, Historical, Adventure",Female,2,0,54,Delhi
4950,Riya,riya410@gmail.com,Nature,Female,2,2,26,Ahmedabad
4951,Kavya,kavya982@yahoo.com,Beach,Male,4,1,60,Hyderabad
4952,Sunita,sunita683@gmail.com,"Adventure, City",Other,2,2,55,Hyderabad
4953,Diya,diya688@outlook.com,"Adventure, Historical",Female,2,2,44,Kolkata
4954,Arjun,arjun740@yahoo.com,"Beach, Historical, Nature",Other,4,0,39,Mumbai
4955,Aditya,aditya725@rediffmail.com,"City, Historical",Other,2,0,43,Jaipur
4956,Neha,neha193@yahoo.com,"Beach, Adventure",Other,3,3,41,Surat
4957,Diya,diya393@gmail.com,"Beach, Nature",Other,4,0,58,Jaipur
4958,Vivaan,vivaan426@hotmail.com,"Beach, Nature",Other,4,1,44,Mumbai
4959,Anjali,anjali505@rediffmail.com,"Nature, Adventure",Female,1,1,19,Chennai
4960,Aadhya,aadhya564@rediffmail.com,"Beach, Nature",Male,2,1,54,Surat
4961,Lakshmi,lakshmi406@hotmail.com,Nature,Male,2,2,30,Jaipur
4962,Kiara,kiara303@outlook.com,City,Male,5,0,44,Jaipur
4963,Aarav,aarav472@gmail.com,"City, Historical, Adventure",Other,3,0,60,Pune
4964,Shruti,shruti825@outlook.com,"Beach, Adventure",Other,2,0,38,Hyderabad
4965,Kiran,kiran839@hotmail.com,"Beach, Adventure",Other,2,0,64,Surat
4966,Aarav,aarav605@outlook.com,"Beach, City",Female,4,1,49,Chennai
4967,Vihaan,vihaan774@outlook.com,City,Other,2,0,28,Pune
4968,Aadhya,aadhya97@yahoo.com,"City, Historical, Adventure",Male,2,2,26,Pune
4969,Sneha,sneha508@rediffmail.com,"Nature, Adventure",Other,1,0,21,Hyderabad
4970,Aarav,aarav870@gmail.com,"Nature, Historical",Female,1,0,47,Mumbai
4971,Aditya,aditya27@gmail.com,"City, Historical, Adventure",Other,1,2,20,Jaipur
4972,Aadhya,aadhya532@rediffmail.com,"Adventure, Historical",Female,2,2,63,Chennai
4973,Nisha,nisha746@hotmail.com,"Nature, Historical",Male,4,1,32,Surat
4974,Aditya,aditya568@rediffmail.com,"Beach, City",Male,2,1,38,Surat
4975,Vikram,vikram510@gmail.com,City,Male,1,0,18,Pune
4976,Meera,meera129@rediffmail.com,"Beach, City",Other,4,0,58,Delhi
4977,Reyansh,reyansh89@rediffmail.com,"Nature, Adventure",Male,4,1,65,Mumbai
4978,Sunita,sunita301@yahoo.com,"City, Historical, Adventure",Female,1,0,54,Jaipur
4979,Usha,usha640@rediffmail.com,"Nature, Adventure",Other,3,1,26,Chennai
4980,Mohan,mohan556@hotmail.com,Nature,Female,2,0,58,Kolkata
4981,Kavya,kavya862@rediffmail.com,"City, Historical, Adventure",Female,4,2,30,Hyderabad
4982,Vivaan,vivaan664@yahoo.com,"City, Historical, Adventure",Other,4,0,31,Ahmedabad
4983,Divya,divya294@outlook.com,"Beach, Adventure",Male,3,1,44,Chennai
4984,Kavya,kavya708@rediffmail.com,"Beach, Adventure",Other,3,1,46,Mumbai
4985,Ananya,ananya395@hotmail.com,"City, Nature",Other,2,0,25,Pune
4986,Nisha,nisha573@gmail.com,"Beach, Historical, Nature",Female,1,0,24,Delhi
4987,Tanvi,tanvi522@hotmail.com,"Nature, Adventure",Female,2,0,46,Jaipur
4988,Arjun,arjun608@yahoo.com,"Beach, Historical, Nature",Other,3,1,32,Mumbai
4989,Ishaan,ishaan544@hotmail.com,"Adventure, Historical",Female,2,0,57,Bangalore
4990,Riya,riya696@gmail.com,"Beach, Adventure",Female,1,0,51,Jaipur
4991,Ayaan,ayaan609@yahoo.com,"Beach, City",Other,2,2,42,Pune
4992,Rohit,rohit769@hotmail.com,"City, Historical",Male,5,0,44,Jaipur
4993,Priya,priya715@outlook.com,"Beach, Nature",Other,3,0,46,Pune
4994,Ananya,ananya364@hotmail.com,"Nature, Historical",Female,3,2,51,Ahmedabad
4995,Ishaan,ishaan877@outlook.com,"Adventure, City",Other,2,2,56,Surat
4996,Vihaan,vihaan725@gmail.com,City,Female,5,1,24,Delhi
4997,Rahul,rahul754@hotmail.com,Adventure,Male,4,1,40,Delhi
4998,Rahul,rahul471@hotmail.com,"Nature, Historical",Other,2,3,59,Pune
4999,Vihaan,vihaan677@hotmail.com,"Beach, Historical, Nature",Male,5,1,50,Chennai
5000,Arjun,arjun881@rediffmail.com,"City, Nature",Female,2,1,29,Jaipur
